timestamp,elapsed_s,cycle,phase,actuator_state,trajectory_return,voltage,avg_temperature,position_gripper_joint,velocity_gripper_joint,force_gripper_joint,temperature_gripper_joint,error_gripper_joint,fingertip_gripper_join_left_x,fingertip_gripper_join_left_y,fingertip_gripper_join_left_z,fingertip_gripper_join_right_x,fingertip_gripper_join_right_y,fingertip_gripper_join_right_z
2026-07-30T10:36:06.354,0.141,0,close,ACTUATOR_ACTIVE,TRAJECTORY_RUNNING,24.0,44,10,0,0.52,44,0,0.0,0.0,0.0,0.0,0.0,0.0
2026-07-30T10:36:06.850,0.625,0,close,ACTUATOR_ACTIVE,TRAJECTORY_RUNNING,24.0,44,10,0,1.78,44,0,0.0,0.0,0.0,0.0,0.0,0.0
2026-07-30T10:36:07.363,1.141,0,close,ACTUATOR_ACTIVE,TRAJECTORY_RUNNING,24.0,44,10,1,0.98,44,0,0.0,0.0,0.0,0.0,0.0,0.0
2026-07-30T10:36:07.859,1.641,0,close,ACTUATOR_ACTIVE,TRAJECTORY_RUNNING,24.0,44,10,1,2.31,44,0,0.0,0.0,0.0,0.0,0.0,0.0
2026-07-30T10:36:08.354,2.141,0,close,ACTUATOR_ACTIVE,TRAJECTORY_RUNNING,24.0,44,11,2,1.04,44,0,0.0,0.0,0.0,0.0,0.0,0.0
2026-07-30T10:36:08.850,2.625,0,close,ACTUATOR_ACTIVE,TRAJECTORY_RUNNING,24.0,42,13,3,1.81,42,0,0.0,0.0,0.0,0.0,0.0,0.0
2026-07-30T10:36:09.360,3.141,0,close,ACTUATOR_ACTIVE,TRAJECTORY_RUNNING,24.0,42,15,5,1.03,42,0,0.0,0.0,0.0,0.0,0.0,0.0
2026-07-30T10:36:09.852,3.625,0,close,ACTUATOR_ACTIVE,TRAJECTORY_RUNNING,24.0,42,17,7,0.87,42,0,0.0,0.0,0.0,0.0,0.0,0.0
2026-07-30T10:36:10.363,4.141,0,close,ACTUATOR_ACTIVE,TRAJECTORY_RUNNING,24.0,42,20,8,2.52,42,0,0.0,0.0,0.0,0.0,0.0,0.0
2026-07-30T10:36:10.861,4.641,0,close,ACTUATOR_ACTIVE,TRAJECTORY_RUNNING,24.0,42,24,8,1.69,42,0,0.0,0.0,0.0,0.0,0.0,0.0
2026-07-30T10:36:11.358,5.141,0,close,ACTUATOR_ACTIVE,TRAJECTORY_RUNNING,24.0,42,28,6,1.28,42,0,0.0,0.0,0.0,0.0,0.0,0.0
2026-07-30T10:36:11.853,5.625,0,close,ACTUATOR_ACTIVE,TRAJECTORY_RUNNING,24.0,42,30,0,5.0,42,0,0.0,0.0,0.0,0.0,0.0,0.0
2026-07-30T10:36:12.366,6.141,0,close,ACTUATOR_ACTIVE,TRAJECTORY_RUNNING,24.0,42,30,0,2.42,42,0,0.0,0.0,0.0,0.0,0.0,0.0
2026-07-30T10:36:12.859,6.641,0,close,ACTUATOR_ACTIVE,TRAJECTORY_RUNNING,24.0,42,30,0,1.83,42,0,0.0,0.0,0.0,0.0,0.0,0.0
2026-07-30T10:36:13.356,7.141,0,close,ACTUATOR_ACTIVE,TRAJECTORY_STOPPED,24.0,42,30,0,2.05,42,0,0.0,0.0,0.0,0.0,0.0,0.0
2026-07-30T10:36:13.852,7.625,0,close,ACTUATOR_ACTIVE,TRAJECTORY_STOPPED,24.0,42,30,0,1.96,42,0,0.0,0.0,0.0,0.0,0.0,0.0
2026-07-30T10:36:14.476,8.25,0,open,ACTUATOR_ACTIVE,TRAJECTORY_RUNNING,24.0,42,30,0,0.92,42,0,0.0,0.0,0.0,0.0,0.0,0.0
2026-07-30T10:36:14.988,8.766,0,open,ACTUATOR_ACTIVE,TRAJECTORY_RUNNING,24.0,42,25,-13,-2.19,42,0,0.0,0.0,0.0,0.0,0.0,0.0
2026-07-30T10:36:15.484,9.266,0,open,ACTUATOR_ACTIVE,TRAJECTORY_RUNNING,24.0,42,20,-11,-2.05,42,0,0.0,0.0,0.0,0.0,0.0,0.0
2026-07-30T10:36:15.981,9.766,0,open,ACTUATOR_ACTIVE,TRAJECTORY_RUNNING,24.0,42,14,-10,-1.86,42,0,0.0,0.0,0.0,0.0,0.0,0.0
2026-07-30T10:36:16.474,10.25,0,open,ACTUATOR_ACTIVE,TRAJECTORY_COMPLETE,24.0,43,9,0,1.82,43,0,0.0,0.0,0.0,0.0,0.0,0.0
2026-07-30T10:36:16.981,10.766,0,open,ACTUATOR_ACTIVE,TRAJECTORY_COMPLETE,24.0,43,9,0,0.08,43,0,0.0,0.0,0.0,0.0,0.0,0.0
2026-07-30T10:36:17.478,11.25,0,open,ACTUATOR_ACTIVE,TRAJECTORY_COMPLETE,24.0,43,10,0,0.19,43,0,0.0,0.0,0.0,0.0,0.0,0.0
2026-07-30T10:36:17.988,11.766,0,open,ACTUATOR_ACTIVE,TRAJECTORY_COMPLETE,24.0,43,10,0,0.07,43,0,0.0,0.0,0.0,0.0,0.0,0.0
2026-07-30T10:36:18.484,12.266,0,open,ACTUATOR_ACTIVE,TRAJECTORY_COMPLETE,24.0,43,10,0,0.37,43,0,0.0,0.0,0.0,0.0,0.0,0.0
2026-07-30T10:36:18.981,12.766,0,open,ACTUATOR_ACTIVE,TRAJECTORY_COMPLETE,24.0,43,10,0,1.5,43,0,0.0,0.0,0.0,0.0,0.0,0.0
2026-07-30T10:36:19.477,13.25,0,open,ACTUATOR_ACTIVE,TRAJECTORY_COMPLETE,24.0,43,9,0,0.38,43,0,0.0,0.0,0.0,0.0,0.0,0.0
2026-07-30T10:36:19.987,13.766,0,open,ACTUATOR_ACTIVE,TRAJECTORY_COMPLETE,24.0,43,9,0,-0.15,43,0,0.0,0.0,0.0,0.0,0.0,0.0
2026-07-30T10:36:20.479,14.266,0,open,ACTUATOR_ACTIVE,TRAJECTORY_COMPLETE,24.0,40,10,0,0.14,40,0,0.0,0.0,0.0,0.0,0.0,0.0
2026-07-30T10:36:20.975,14.75,0,open,ACTUATOR_ACTIVE,TRAJECTORY_COMPLETE,24.0,40,10,0,0.32,40,0,0.0,0.0,0.0,0.0,0.0,0.0
2026-07-30T10:36:21.486,15.266,0,open,ACTUATOR_ACTIVE,TRAJECTORY_COMPLETE,24.0,40,9,0,0.4,40,0,0.0,0.0,0.0,0.0,0.0,0.0
2026-07-30T10:36:21.982,15.766,0,open,ACTUATOR_ACTIVE,TRAJECTORY_COMPLETE,24.0,40,10,0,0.01,40,0,0.0,0.0,0.0,0.0,0.0,0.0
2026-07-30T10:36:22.585,16.36,1,close,ACTUATOR_ACTIVE,TRAJECTORY_RUNNING,24.0,40,10,7,1.23,40,0,0.0,0.0,0.0,0.0,0.0,0.0
2026-07-30T10:36:23.091,16.875,1,close,ACTUATOR_ACTIVE,TRAJECTORY_RUNNING,24.0,40,12,4,1.48,40,0,0.0,0.0,0.0,0.0,0.0,0.0
2026-07-30T10:36:23.586,17.36,1,close,ACTUATOR_ACTIVE,TRAJECTORY_RUNNING,24.0,40,14,3,1.48,40,0,0.0,0.0,0.0,0.0,0.0,0.0
2026-07-30T10:36:24.098,17.875,1,close,ACTUATOR_ACTIVE,TRAJECTORY_RUNNING,24.0,40,16,6,0.95,40,0,0.0,0.0,0.0,0.0,0.0,0.0
2026-07-30T10:36:24.597,18.375,1,close,ACTUATOR_ACTIVE,TRAJECTORY_RUNNING,24.0,39,19,6,2.3,39,0,0.0,0.0,0.0,0.0,0.0,0.0
2026-07-30T10:36:25.094,18.875,1,close,ACTUATOR_ACTIVE,TRAJECTORY_RUNNING,24.0,39,23,8,1.0,39,0,0.0,0.0,0.0,0.0,0.0,0.0
2026-07-30T10:36:25.590,19.375,1,close,ACTUATOR_ACTIVE,TRAJECTORY_RUNNING,24.0,39,26,8,1.57,39,0,0.0,0.0,0.0,0.0,0.0,0.0
2026-07-30T10:36:26.084,19.86,1,close,ACTUATOR_ACTIVE,TRAJECTORY_RUNNING,24.0,39,30,4,4.29,39,0,0.0,0.0,0.0,0.0,0.0,0.0
2026-07-30T10:36:26.596,20.375,1,close,ACTUATOR_ACTIVE,TRAJECTORY_RUNNING,24.0,39,30,0,2.57,39,0,0.0,0.0,0.0,0.0,0.0,0.0
2026-07-30T10:36:27.087,20.86,1,close,ACTUATOR_ACTIVE,TRAJECTORY_STOPPED,24.0,39,30,0,2.25,39,0,0.0,0.0,0.0,0.0,0.0,0.0
2026-07-30T10:36:27.598,21.375,1,close,ACTUATOR_ACTIVE,TRAJECTORY_RUNNING,24.0,39,30,1,1.97,39,0,0.0,0.0,0.0,0.0,0.0,0.0
2026-07-30T10:36:28.094,21.875,1,close,ACTUATOR_ACTIVE,TRAJECTORY_RUNNING,24.0,39,30,1,2.02,39,0,0.0,0.0,0.0,0.0,0.0,0.0
2026-07-30T10:36:28.595,22.375,1,close,ACTUATOR_ACTIVE,TRAJECTORY_RUNNING,24.0,41,30,1,1.76,41,0,0.0,0.0,0.0,0.0,0.0,0.0
2026-07-30T10:36:29.094,22.875,1,close,ACTUATOR_ACTIVE,TRAJECTORY_RUNNING,24.0,41,30,1,1.9,41,0,0.0,0.0,0.0,0.0,0.0,0.0
2026-07-30T10:36:29.587,23.36,1,close,ACTUATOR_ACTIVE,TRAJECTORY_RUNNING,24.0,41,30,0,2.62,41,0,0.0,0.0,0.0,0.0,0.0,0.0
2026-07-30T10:36:30.096,23.875,1,close,ACTUATOR_ACTIVE,TRAJECTORY_RUNNING,24.0,41,30,0,2.13,41,0,0.0,0.0,0.0,0.0,0.0,0.0
2026-07-30T10:36:30.704,24.485,1,open,ACTUATOR_ACTIVE,TRAJECTORY_RUNNING,24.0,41,30,0,1.12,41,0,0.0,0.0,0.0,0.0,0.0,0.0
2026-07-30T10:36:31.198,24.985,1,open,ACTUATOR_ACTIVE,TRAJECTORY_RUNNING,24.0,41,30,0,-0.2,41,0,0.0,0.0,0.0,0.0,0.0,0.0
2026-07-30T10:36:31.691,25.469,1,open,ACTUATOR_ACTIVE,TRAJECTORY_RUNNING,24.0,41,29,-1,-0.22,41,0,0.0,0.0,0.0,0.0,0.0,0.0
2026-07-30T10:36:32.205,25.985,1,open,ACTUATOR_ACTIVE,TRAJECTORY_RUNNING,24.0,41,28,-2,-1.63,41,0,0.0,0.0,0.0,0.0,0.0,0.0
2026-07-30T10:36:32.704,26.485,1,open,ACTUATOR_ACTIVE,TRAJECTORY_RUNNING,24.0,43,27,-4,-0.65,43,0,0.0,0.0,0.0,0.0,0.0,0.0
2026-07-30T10:36:33.202,26.985,1,open,ACTUATOR_ACTIVE,TRAJECTORY_RUNNING,24.0,43,24,-6,-1.43,43,0,0.0,0.0,0.0,0.0,0.0,0.0
2026-07-30T10:36:33.696,27.469,1,open,ACTUATOR_ACTIVE,TRAJECTORY_RUNNING,24.0,43,20,-7,-1.53,43,0,0.0,0.0,0.0,0.0,0.0,0.0
2026-07-30T10:36:34.207,27.985,1,open,ACTUATOR_ACTIVE,TRAJECTORY_RUNNING,24.0,43,16,-8,-2.73,43,0,0.0,0.0,0.0,0.0,0.0,0.0
2026-07-30T10:36:34.702,28.485,1,open,ACTUATOR_ACTIVE,TRAJECTORY_RUNNING,24.0,43,11,-9,-1.71,43,0,0.0,0.0,0.0,0.0,0.0,0.0
2026-07-30T10:36:35.189,28.969,1,open,ACTUATOR_ACTIVE,TRAJECTORY_RUNNING,24.0,43,8,0,-2.58,43,0,0.0,0.0,0.0,0.0,0.0,0.0
2026-07-30T10:36:35.701,29.485,1,open,ACTUATOR_ACTIVE,TRAJECTORY_RUNNING,24.0,43,8,0,0.31,43,0,0.0,0.0,0.0,0.0,0.0,0.0
2026-07-30T10:36:36.195,29.969,1,open,ACTUATOR_ACTIVE,TRAJECTORY_RUNNING,24.0,43,9,0,0.95,43,0,0.0,0.0,0.0,0.0,0.0,0.0
2026-07-30T10:36:36.705,30.485,1,open,ACTUATOR_ACTIVE,TRAJECTORY_RUNNING,24.0,43,9,1,1.91,43,0,0.0,0.0,0.0,0.0,0.0,0.0
2026-07-30T10:36:37.201,30.985,1,open,ACTUATOR_ACTIVE,TRAJECTORY_RUNNING,24.0,43,9,0,1.98,43,0,0.0,0.0,0.0,0.0,0.0,0.0
2026-07-30T10:36:37.694,31.469,1,open,ACTUATOR_ACTIVE,TRAJECTORY_RUNNING,24.0,43,9,0,1.76,43,0,0.0,0.0,0.0,0.0,0.0,0.0
2026-07-30T10:36:38.204,31.985,1,open,ACTUATOR_ACTIVE,TRAJECTORY_RUNNING,24.0,43,9,0,1.89,43,0,0.0,0.0,0.0,0.0,0.0,0.0
2026-07-30T10:36:38.808,32.594,2,close,ACTUATOR_ACTIVE,TRAJECTORY_RUNNING,24.0,43,9,6,2.85,43,0,0.0,0.0,0.0,0.0,0.0,0.0
2026-07-30T10:36:39.301,33.078,2,close,ACTUATOR_ACTIVE,TRAJECTORY_RUNNING,24.0,43,12,4,1.94,43,0,0.0,0.0,0.0,0.0,0.0,0.0
2026-07-30T10:36:39.811,33.594,2,close,ACTUATOR_ACTIVE,TRAJECTORY_RUNNING,24.0,43,15,7,1.87,43,0,0.0,0.0,0.0,0.0,0.0,0.0
2026-07-30T10:36:40.303,34.078,2,close,ACTUATOR_ACTIVE,TRAJECTORY_RUNNING,24.0,43,19,6,2.31,43,0,0.0,0.0,0.0,0.0,0.0,0.0
2026-07-30T10:36:40.818,34.594,2,close,ACTUATOR_ACTIVE,TRAJECTORY_RUNNING,24.0,43,23,7,2.31,43,0,0.0,0.0,0.0,0.0,0.0,0.0
2026-07-30T10:36:41.314,35.094,2,close,ACTUATOR_ACTIVE,TRAJECTORY_RUNNING,24.0,43,27,8,1.83,43,0,0.0,0.0,0.0,0.0,0.0,0.0
2026-07-30T10:36:41.805,35.578,2,close,ACTUATOR_ACTIVE,TRAJECTORY_RUNNING,24.0,43,30,1,6.76,43,0,0.0,0.0,0.0,0.0,0.0,0.0
2026-07-30T10:36:42.312,36.094,2,close,ACTUATOR_ACTIVE,TRAJECTORY_RUNNING,24.0,43,30,0,2.23,43,0,0.0,0.0,0.0,0.0,0.0,0.0
2026-07-30T10:36:42.806,36.578,2,close,ACTUATOR_ACTIVE,TRAJECTORY_RUNNING,24.0,43,30,0,1.93,43,0,0.0,0.0,0.0,0.0,0.0,0.0
2026-07-30T10:36:43.314,37.094,2,close,ACTUATOR_ACTIVE,TRAJECTORY_RUNNING,24.0,43,30,0,1.87,43,0,0.0,0.0,0.0,0.0,0.0,0.0
2026-07-30T10:36:43.808,37.594,2,close,ACTUATOR_ACTIVE,TRAJECTORY_RUNNING,24.0,43,30,0,1.96,43,0,0.0,0.0,0.0,0.0,0.0,0.0
2026-07-30T10:36:44.305,38.078,2,close,ACTUATOR_ACTIVE,TRAJECTORY_STOPPED,24.0,43,30,0,2.17,43,0,0.0,0.0,0.0,0.0,0.0,0.0
2026-07-30T10:36:44.817,38.594,2,close,ACTUATOR_ACTIVE,TRAJECTORY_RUNNING,24.0,43,30,0,2.0,43,0,0.0,0.0,0.0,0.0,0.0,0.0
2026-07-30T10:36:45.318,39.094,2,close,ACTUATOR_ACTIVE,TRAJECTORY_RUNNING,24.0,43,30,0,2.04,43,0,0.0,0.0,0.0,0.0,0.0,0.0
2026-07-30T10:36:45.815,39.594,2,close,ACTUATOR_ACTIVE,TRAJECTORY_RUNNING,24.0,43,30,0,1.91,43,0,0.0,0.0,0.0,0.0,0.0,0.0
2026-07-30T10:36:46.316,40.094,2,close,ACTUATOR_ACTIVE,TRAJECTORY_STOPPED,24.0,43,30,-1,1.98,43,0,0.0,0.0,0.0,0.0,0.0,0.0
2026-07-30T10:36:46.928,40.703,2,open,ACTUATOR_ACTIVE,TRAJECTORY_RUNNING,24.0,43,30,0,0.87,43,0,0.0,0.0,0.0,0.0,0.0,0.0
2026-07-30T10:36:47.422,41.203,2,open,ACTUATOR_ACTIVE,TRAJECTORY_RUNNING,24.0,43,25,-11,-0.82,43,0,0.0,0.0,0.0,0.0,0.0,0.0
2026-07-30T10:36:47.920,41.703,2,open,ACTUATOR_ACTIVE,TRAJECTORY_RUNNING,24.0,43,20,-13,-1.57,43,0,0.0,0.0,0.0,0.0,0.0,0.0
2026-07-30T10:36:48.416,42.203,2,open,ACTUATOR_ACTIVE,TRAJECTORY_RUNNING,24.0,43,14,-11,-1.81,43,0,0.0,0.0,0.0,0.0,0.0,0.0
2026-07-30T10:36:48.909,42.688,2,open,ACTUATOR_ACTIVE,TRAJECTORY_COMPLETE,24.0,43,9,0,1.24,43,0,0.0,0.0,0.0,0.0,0.0,0.0
2026-07-30T10:36:49.420,43.203,2,open,ACTUATOR_ACTIVE,TRAJECTORY_COMPLETE,24.0,43,9,0,0.25,43,0,0.0,0.0,0.0,0.0,0.0,0.0
2026-07-30T10:36:49.912,43.688,2,open,ACTUATOR_ACTIVE,TRAJECTORY_COMPLETE,24.0,43,9,0,-0.03,43,0,0.0,0.0,0.0,0.0,0.0,0.0
2026-07-30T10:36:50.422,44.203,2,open,ACTUATOR_ACTIVE,TRAJECTORY_COMPLETE,24.0,43,9,0,-0.13,43,0,0.0,0.0,0.0,0.0,0.0,0.0
2026-07-30T10:36:50.918,44.703,2,open,ACTUATOR_ACTIVE,TRAJECTORY_COMPLETE,24.0,43,10,0,0.29,43,0,0.0,0.0,0.0,0.0,0.0,0.0
2026-07-30T10:36:51.411,45.188,2,open,ACTUATOR_ACTIVE,TRAJECTORY_COMPLETE,24.0,43,9,-1,0.29,43,0,0.0,0.0,0.0,0.0,0.0,0.0
2026-07-30T10:36:51.925,45.703,2,open,ACTUATOR_ACTIVE,TRAJECTORY_COMPLETE,24.0,43,9,0,0.25,43,0,0.0,0.0,0.0,0.0,0.0,0.0
2026-07-30T10:36:52.418,46.203,2,open,ACTUATOR_ACTIVE,TRAJECTORY_COMPLETE,24.0,44,10,0,0.24,44,0,0.0,0.0,0.0,0.0,0.0,0.0
2026-07-30T10:36:52.913,46.688,2,open,ACTUATOR_ACTIVE,TRAJECTORY_COMPLETE,24.0,44,9,0,0.25,44,0,0.0,0.0,0.0,0.0,0.0,0.0
2026-07-30T10:36:53.423,47.203,2,open,ACTUATOR_ACTIVE,TRAJECTORY_COMPLETE,24.0,44,10,0,0.14,44,0,0.0,0.0,0.0,0.0,0.0,0.0
2026-07-30T10:36:53.918,47.703,2,open,ACTUATOR_ACTIVE,TRAJECTORY_COMPLETE,24.0,44,10,-1,0.05,44,0,0.0,0.0,0.0,0.0,0.0,0.0
2026-07-30T10:36:54.409,48.188,2,open,ACTUATOR_ACTIVE,TRAJECTORY_COMPLETE,24.0,44,10,0,-0.0,44,0,0.0,0.0,0.0,0.0,0.0,0.0
2026-07-30T10:36:55.030,48.813,3,close,ACTUATOR_ACTIVE,TRAJECTORY_RUNNING,24.0,44,10,6,2.11,44,0,0.0,0.0,0.0,0.0,0.0,0.0
2026-07-30T10:36:55.532,49.313,3,close,ACTUATOR_ACTIVE,TRAJECTORY_RUNNING,24.0,44,11,3,1.47,44,0,0.0,0.0,0.0,0.0,0.0,0.0
2026-07-30T10:36:56.024,49.797,3,close,ACTUATOR_ACTIVE,TRAJECTORY_RUNNING,24.0,44,13,5,1.71,44,0,0.0,0.0,0.0,0.0,0.0,0.0
2026-07-30T10:36:56.537,50.313,3,close,ACTUATOR_ACTIVE,TRAJECTORY_RUNNING,24.0,45,16,5,1.88,45,0,0.0,0.0,0.0,0.0,0.0,0.0
2026-07-30T10:36:57.033,50.813,3,close,ACTUATOR_ACTIVE,TRAJECTORY_RUNNING,24.0,45,19,7,1.4,45,0,0.0,0.0,0.0,0.0,0.0,0.0
2026-07-30T10:36:57.528,51.313,3,close,ACTUATOR_ACTIVE,TRAJECTORY_RUNNING,24.0,45,22,8,0.99,45,0,0.0,0.0,0.0,0.0,0.0,0.0
2026-07-30T10:36:58.023,51.797,3,close,ACTUATOR_ACTIVE,TRAJECTORY_RUNNING,24.0,45,26,6,1.6,45,0,0.0,0.0,0.0,0.0,0.0,0.0
2026-07-30T10:36:58.536,52.313,3,close,ACTUATOR_ACTIVE,TRAJECTORY_RUNNING,24.0,45,30,4,5.53,45,0,0.0,0.0,0.0,0.0,0.0,0.0
2026-07-30T10:36:59.027,52.813,3,close,ACTUATOR_ACTIVE,TRAJECTORY_RUNNING,24.0,45,30,1,2.59,45,0,0.0,0.0,0.0,0.0,0.0,0.0
2026-07-30T10:36:59.524,53.297,3,close,ACTUATOR_ACTIVE,TRAJECTORY_RUNNING,24.0,45,30,0,2.25,45,0,0.0,0.0,0.0,0.0,0.0,0.0
2026-07-30T10:37:00.036,53.813,3,close,ACTUATOR_ACTIVE,TRAJECTORY_RUNNING,24.0,45,30,0,2.11,45,0,0.0,0.0,0.0,0.0,0.0,0.0
2026-07-30T10:37:00.528,54.313,3,close,ACTUATOR_ACTIVE,TRAJECTORY_RUNNING,24.0,41,30,0,2.03,41,0,0.0,0.0,0.0,0.0,0.0,0.0
2026-07-30T10:37:01.021,54.797,3,close,ACTUATOR_ACTIVE,TRAJECTORY_STOPPED,24.0,41,30,0,1.92,41,0,0.0,0.0,0.0,0.0,0.0,0.0
2026-07-30T10:37:01.530,55.313,3,close,ACTUATOR_ACTIVE,TRAJECTORY_RUNNING,24.0,41,30,0,1.99,41,0,0.0,0.0,0.0,0.0,0.0,0.0
2026-07-30T10:37:02.022,55.797,3,close,ACTUATOR_ACTIVE,TRAJECTORY_RUNNING,24.0,41,30,0,2.09,41,0,0.0,0.0,0.0,0.0,0.0,0.0
2026-07-30T10:37:02.529,56.313,3,close,ACTUATOR_ACTIVE,TRAJECTORY_RUNNING,24.0,41,30,-1,3.26,41,0,0.0,0.0,0.0,0.0,0.0,0.0
2026-07-30T10:37:03.136,56.922,3,open,ACTUATOR_ACTIVE,TRAJECTORY_RUNNING,24.0,41,30,-1,0.59,41,0,0.0,0.0,0.0,0.0,0.0,0.0
2026-07-30T10:37:03.632,57.406,3,open,ACTUATOR_ACTIVE,TRAJECTORY_RUNNING,24.0,41,26,-12,-0.95,41,0,0.0,0.0,0.0,0.0,0.0,0.0
2026-07-30T10:37:04.146,57.922,3,open,ACTUATOR_ACTIVE,TRAJECTORY_RUNNING,24.0,41,20,-11,-1.85,41,0,0.0,0.0,0.0,0.0,0.0,0.0
2026-07-30T10:37:04.644,58.422,3,open,ACTUATOR_ACTIVE,TRAJECTORY_RUNNING,24.0,40,14,-12,-2.87,40,0,0.0,0.0,0.0,0.0,0.0,0.0
2026-07-30T10:37:05.140,58.922,3,open,ACTUATOR_ACTIVE,TRAJECTORY_COMPLETE,24.0,40,9,0,0.66,40,0,0.0,0.0,0.0,0.0,0.0,0.0
2026-07-30T10:37:05.633,59.406,3,open,ACTUATOR_ACTIVE,TRAJECTORY_COMPLETE,24.0,40,10,0,0.19,40,0,0.0,0.0,0.0,0.0,0.0,0.0
2026-07-30T10:37:06.144,59.922,3,open,ACTUATOR_ACTIVE,TRAJECTORY_COMPLETE,24.0,40,10,0,0.24,40,0,0.0,0.0,0.0,0.0,0.0,0.0
2026-07-30T10:37:06.637,60.422,3,open,ACTUATOR_ACTIVE,TRAJECTORY_COMPLETE,24.0,40,9,0,-0.08,40,0,0.0,0.0,0.0,0.0,0.0,0.0
2026-07-30T10:37:07.133,60.906,3,open,ACTUATOR_ACTIVE,TRAJECTORY_COMPLETE,24.0,40,9,0,0.22,40,0,0.0,0.0,0.0,0.0,0.0,0.0
2026-07-30T10:37:07.643,61.422,3,open,ACTUATOR_ACTIVE,TRAJECTORY_COMPLETE,24.0,40,9,0,-0.26,40,0,0.0,0.0,0.0,0.0,0.0,0.0
2026-07-30T10:37:08.138,61.922,3,open,ACTUATOR_ACTIVE,TRAJECTORY_COMPLETE,24.0,40,9,0,-0.56,40,0,0.0,0.0,0.0,0.0,0.0,0.0
2026-07-30T10:37:08.631,62.406,3,open,ACTUATOR_ACTIVE,TRAJECTORY_COMPLETE,24.0,43,9,0,0.61,43,0,0.0,0.0,0.0,0.0,0.0,0.0
2026-07-30T10:37:09.143,62.922,3,open,ACTUATOR_ACTIVE,TRAJECTORY_COMPLETE,24.0,43,9,0,-0.03,43,0,0.0,0.0,0.0,0.0,0.0,0.0
2026-07-30T10:37:09.638,63.422,3,open,ACTUATOR_ACTIVE,TRAJECTORY_COMPLETE,24.0,43,9,1,-0.11,43,0,0.0,0.0,0.0,0.0,0.0,0.0
2026-07-30T10:37:10.135,63.922,3,open,ACTUATOR_ACTIVE,TRAJECTORY_COMPLETE,24.0,43,9,0,0.39,43,0,0.0,0.0,0.0,0.0,0.0,0.0
2026-07-30T10:37:10.627,64.406,3,open,ACTUATOR_ACTIVE,TRAJECTORY_COMPLETE,24.0,43,9,-1,0.27,43,0,0.0,0.0,0.0,0.0,0.0,0.0
2026-07-30T10:37:11.247,65.031,4,close,ACTUATOR_ACTIVE,TRAJECTORY_RUNNING,24.0,43,10,6,2.36,43,0,0.0,0.0,0.0,0.0,0.0,0.0
2026-07-30T10:37:11.744,65.531,4,close,ACTUATOR_ACTIVE,TRAJECTORY_RUNNING,24.0,43,11,1,2.07,43,0,0.0,0.0,0.0,0.0,0.0,0.0
2026-07-30T10:37:12.237,66.016,4,close,ACTUATOR_ACTIVE,TRAJECTORY_RUNNING,24.0,43,13,5,1.91,43,0,0.0,0.0,0.0,0.0,0.0,0.0
2026-07-30T10:37:12.747,66.531,4,close,ACTUATOR_ACTIVE,TRAJECTORY_RUNNING,24.0,45,16,6,2.55,45,0,0.0,0.0,0.0,0.0,0.0,0.0
2026-07-30T10:37:13.245,67.031,4,close,ACTUATOR_ACTIVE,TRAJECTORY_RUNNING,24.0,45,19,7,2.37,45,0,0.0,0.0,0.0,0.0,0.0,0.0
2026-07-30T10:37:13.737,67.516,4,close,ACTUATOR_ACTIVE,TRAJECTORY_RUNNING,24.0,45,22,8,0.63,45,0,0.0,0.0,0.0,0.0,0.0,0.0
2026-07-30T10:37:14.252,68.031,4,close,ACTUATOR_ACTIVE,TRAJECTORY_RUNNING,24.0,45,26,6,1.24,45,0,0.0,0.0,0.0,0.0,0.0,0.0
2026-07-30T10:37:14.753,68.531,4,close,ACTUATOR_ACTIVE,TRAJECTORY_RUNNING,24.0,45,30,5,4.96,45,0,0.0,0.0,0.0,0.0,0.0,0.0
2026-07-30T10:37:15.247,69.031,4,close,ACTUATOR_ACTIVE,TRAJECTORY_RUNNING,24.0,45,30,0,2.44,45,0,0.0,0.0,0.0,0.0,0.0,0.0
2026-07-30T10:37:15.738,69.516,4,close,ACTUATOR_ACTIVE,TRAJECTORY_RUNNING,24.0,45,30,0,2.21,45,0,0.0,0.0,0.0,0.0,0.0,0.0
2026-07-30T10:37:16.250,70.031,4,close,ACTUATOR_ACTIVE,TRAJECTORY_RUNNING,24.0,45,30,1,2.4,45,0,0.0,0.0,0.0,0.0,0.0,0.0
2026-07-30T10:37:16.745,70.531,4,close,ACTUATOR_ACTIVE,TRAJECTORY_STOPPED,24.0,39,30,0,1.77,39,0,0.0,0.0,0.0,0.0,0.0,0.0
2026-07-30T10:37:17.241,71.016,4,close,ACTUATOR_ACTIVE,TRAJECTORY_RUNNING,24.0,39,30,1,1.88,39,0,0.0,0.0,0.0,0.0,0.0,0.0
2026-07-30T10:37:17.757,71.531,4,close,ACTUATOR_ACTIVE,TRAJECTORY_RUNNING,24.0,39,30,1,1.86,39,0,0.0,0.0,0.0,0.0,0.0,0.0
2026-07-30T10:37:18.254,72.031,4,close,ACTUATOR_ACTIVE,TRAJECTORY_RUNNING,24.0,39,30,0,2.18,39,0,0.0,0.0,0.0,0.0,0.0,0.0
2026-07-30T10:37:18.749,72.531,4,close,ACTUATOR_ACTIVE,TRAJECTORY_RUNNING,24.0,39,30,0,1.92,39,0,0.0,0.0,0.0,0.0,0.0,0.0
2026-07-30T10:37:19.345,73.125,4,open,ACTUATOR_ACTIVE,TRAJECTORY_RUNNING,24.0,39,30,0,1.33,39,0,0.0,0.0,0.0,0.0,0.0,0.0
2026-07-30T10:37:19.856,73.641,4,open,ACTUATOR_ACTIVE,TRAJECTORY_RUNNING,24.0,39,30,0,-0.48,39,0,0.0,0.0,0.0,0.0,0.0,0.0
2026-07-30T10:37:20.348,74.125,4,open,ACTUATOR_ACTIVE,TRAJECTORY_RUNNING,24.0,39,29,-2,-1.04,39,0,0.0,0.0,0.0,0.0,0.0,0.0
2026-07-30T10:37:20.863,74.641,4,open,ACTUATOR_ACTIVE,TRAJECTORY_RUNNING,24.0,41,28,-3,-0.79,41,0,0.0,0.0,0.0,0.0,0.0,0.0
2026-07-30T10:37:21.355,75.141,4,open,ACTUATOR_ACTIVE,TRAJECTORY_RUNNING,24.0,41,27,-3,-1.59,41,0,0.0,0.0,0.0,0.0,0.0,0.0
2026-07-30T10:37:21.850,75.625,4,open,ACTUATOR_ACTIVE,TRAJECTORY_RUNNING,24.0,41,24,-6,-1.14,41,0,0.0,0.0,0.0,0.0,0.0,0.0
2026-07-30T10:37:22.364,76.141,4,open,ACTUATOR_ACTIVE,TRAJECTORY_RUNNING,24.0,41,20,-8,-2.05,41,0,0.0,0.0,0.0,0.0,0.0,0.0
2026-07-30T10:37:22.854,76.641,4,open,ACTUATOR_ACTIVE,TRAJECTORY_RUNNING,24.0,41,16,-9,-2.21,41,0,0.0,0.0,0.0,0.0,0.0,0.0
2026-07-30T10:37:23.349,77.125,4,open,ACTUATOR_ACTIVE,TRAJECTORY_RUNNING,24.0,41,11,-7,-3.85,41,0,0.0,0.0,0.0,0.0,0.0,0.0
2026-07-30T10:37:23.863,77.641,4,open,ACTUATOR_ACTIVE,TRAJECTORY_RUNNING,24.0,41,8,0,-1.83,41,0,0.0,0.0,0.0,0.0,0.0,0.0
2026-07-30T10:37:24.354,78.141,4,open,ACTUATOR_ACTIVE,TRAJECTORY_RUNNING,24.0,41,8,0,0.24,41,0,0.0,0.0,0.0,0.0,0.0,0.0
2026-07-30T10:37:24.846,78.625,4,open,ACTUATOR_ACTIVE,TRAJECTORY_RUNNING,24.0,41,9,0,1.19,41,0,0.0,0.0,0.0,0.0,0.0,0.0
2026-07-30T10:37:25.357,79.141,4,open,ACTUATOR_ACTIVE,TRAJECTORY_RUNNING,24.0,41,9,0,1.98,41,0,0.0,0.0,0.0,0.0,0.0,0.0
2026-07-30T10:37:25.850,79.625,4,open,ACTUATOR_ACTIVE,TRAJECTORY_RUNNING,24.0,41,9,-1,1.74,41,0,0.0,0.0,0.0,0.0,0.0,0.0
2026-07-30T10:37:26.362,80.141,4,open,ACTUATOR_ACTIVE,TRAJECTORY_RUNNING,24.0,41,9,0,1.97,41,0,0.0,0.0,0.0,0.0,0.0,0.0
2026-07-30T10:37:26.860,80.641,4,open,ACTUATOR_ACTIVE,TRAJECTORY_RUNNING,24.0,41,9,0,2.0,41,0,0.0,0.0,0.0,0.0,0.0,0.0
2026-07-30T10:37:27.472,81.25,5,close,ACTUATOR_ACTIVE,TRAJECTORY_RUNNING,24.0,41,9,6,1.57,41,0,0.0,0.0,0.0,0.0,0.0,0.0
2026-07-30T10:37:27.967,81.75,5,close,ACTUATOR_ACTIVE,TRAJECTORY_RUNNING,24.0,41,12,4,2.12,41,0,0.0,0.0,0.0,0.0,0.0,0.0
2026-07-30T10:37:28.462,82.25,5,close,ACTUATOR_ACTIVE,TRAJECTORY_RUNNING,24.0,43,15,6,2.43,43,0,0.0,0.0,0.0,0.0,0.0,0.0
2026-07-30T10:37:28.954,82.735,5,close,ACTUATOR_ACTIVE,TRAJECTORY_RUNNING,24.0,43,19,7,1.24,43,0,0.0,0.0,0.0,0.0,0.0,0.0
2026-07-30T10:37:29.466,83.25,5,close,ACTUATOR_ACTIVE,TRAJECTORY_RUNNING,24.0,43,23,7,3.18,43,0,0.0,0.0,0.0,0.0,0.0,0.0
2026-07-30T10:37:29.966,83.75,5,close,ACTUATOR_ACTIVE,TRAJECTORY_RUNNING,24.0,43,27,8,2.18,43,0,0.0,0.0,0.0,0.0,0.0,0.0
2026-07-30T10:37:30.462,84.235,5,close,ACTUATOR_ACTIVE,TRAJECTORY_RUNNING,24.0,43,30,0,6.57,43,0,0.0,0.0,0.0,0.0,0.0,0.0
2026-07-30T10:37:30.974,84.75,5,close,ACTUATOR_ACTIVE,TRAJECTORY_RUNNING,24.0,43,30,0,2.43,43,0,0.0,0.0,0.0,0.0,0.0,0.0
2026-07-30T10:37:31.468,85.25,5,close,ACTUATOR_ACTIVE,TRAJECTORY_RUNNING,24.0,43,30,0,2.22,43,0,0.0,0.0,0.0,0.0,0.0,0.0
2026-07-30T10:37:31.963,85.75,5,close,ACTUATOR_ACTIVE,TRAJECTORY_RUNNING,24.0,43,30,0,2.13,43,0,0.0,0.0,0.0,0.0,0.0,0.0
2026-07-30T10:37:32.457,86.235,5,close,ACTUATOR_ACTIVE,TRAJECTORY_RUNNING,24.0,44,30,0,2.31,44,0,0.0,0.0,0.0,0.0,0.0,0.0
2026-07-30T10:37:32.968,86.75,5,close,ACTUATOR_ACTIVE,TRAJECTORY_RUNNING,24.0,44,30,0,1.96,44,0,0.0,0.0,0.0,0.0,0.0,0.0
2026-07-30T10:37:33.460,87.235,5,close,ACTUATOR_ACTIVE,TRAJECTORY_RUNNING,24.0,44,30,-1,1.95,44,0,0.0,0.0,0.0,0.0,0.0,0.0
2026-07-30T10:37:33.974,87.75,5,close,ACTUATOR_ACTIVE,TRAJECTORY_RUNNING,24.0,44,30,0,2.27,44,0,0.0,0.0,0.0,0.0,0.0,0.0
2026-07-30T10:37:34.465,88.25,5,close,ACTUATOR_ACTIVE,TRAJECTORY_RUNNING,24.0,44,30,0,2.1,44,0,0.0,0.0,0.0,0.0,0.0,0.0
2026-07-30T10:37:34.965,88.75,5,close,ACTUATOR_ACTIVE,TRAJECTORY_STOPPED,24.0,44,30,0,1.92,44,0,0.0,0.0,0.0,0.0,0.0,0.0
2026-07-30T10:37:35.571,89.344,5,open,ACTUATOR_ACTIVE,TRAJECTORY_RUNNING,24.0,44,30,0,1.3,44,0,0.0,0.0,0.0,0.0,0.0,0.0
2026-07-30T10:37:36.081,89.86,5,open,ACTUATOR_ACTIVE,TRAJECTORY_RUNNING,24.0,44,25,-12,-1.77,44,0,0.0,0.0,0.0,0.0,0.0,0.0
2026-07-30T10:37:36.575,90.36,5,open,ACTUATOR_ACTIVE,TRAJECTORY_RUNNING,24.0,45,20,-10,-1.85,45,0,0.0,0.0,0.0,0.0,0.0,0.0
2026-07-30T10:37:37.074,90.86,5,open,ACTUATOR_ACTIVE,TRAJECTORY_RUNNING,24.0,45,14,-12,-2.15,45,0,0.0,0.0,0.0,0.0,0.0,0.0
2026-07-30T10:37:37.567,91.344,5,open,ACTUATOR_ACTIVE,TRAJECTORY_COMPLETE,24.0,45,9,1,0.61,45,0,0.0,0.0,0.0,0.0,0.0,0.0
2026-07-30T10:37:38.083,91.86,5,open,ACTUATOR_ACTIVE,TRAJECTORY_COMPLETE,24.0,45,10,0,0.18,45,0,0.0,0.0,0.0,0.0,0.0,0.0
2026-07-30T10:37:38.576,92.36,5,open,ACTUATOR_ACTIVE,TRAJECTORY_COMPLETE,24.0,45,10,0,-0.1,45,0,0.0,0.0,0.0,0.0,0.0,0.0
2026-07-30T10:37:39.073,92.86,5,open,ACTUATOR_ACTIVE,TRAJECTORY_COMPLETE,24.0,45,10,1,0.03,45,0,0.0,0.0,0.0,0.0,0.0,0.0
2026-07-30T10:37:39.571,93.344,5,open,ACTUATOR_ACTIVE,TRAJECTORY_COMPLETE,24.0,45,10,-1,-0.56,45,0,0.0,0.0,0.0,0.0,0.0,0.0
2026-07-30T10:37:40.082,93.86,5,open,ACTUATOR_ACTIVE,TRAJECTORY_COMPLETE,24.0,45,10,0,-0.04,45,0,0.0,0.0,0.0,0.0,0.0,0.0
2026-07-30T10:37:40.575,94.36,5,open,ACTUATOR_ACTIVE,TRAJECTORY_COMPLETE,24.0,43,10,-1,-0.43,43,0,0.0,0.0,0.0,0.0,0.0,0.0
2026-07-30T10:37:41.073,94.86,5,open,ACTUATOR_ACTIVE,TRAJECTORY_COMPLETE,24.0,43,10,0,0.09,43,0,0.0,0.0,0.0,0.0,0.0,0.0
2026-07-30T10:37:41.572,95.36,5,open,ACTUATOR_ACTIVE,TRAJECTORY_COMPLETE,24.0,43,9,0,0.09,43,0,0.0,0.0,0.0,0.0,0.0,0.0
2026-07-30T10:37:42.071,95.844,5,open,ACTUATOR_ACTIVE,TRAJECTORY_COMPLETE,24.0,43,9,0,1.9,43,0,0.0,0.0,0.0,0.0,0.0,0.0
2026-07-30T10:37:42.565,96.344,5,open,ACTUATOR_ACTIVE,TRAJECTORY_COMPLETE,24.0,43,9,0,-0.09,43,0,0.0,0.0,0.0,0.0,0.0,0.0
2026-07-30T10:37:43.072,96.86,5,open,ACTUATOR_ACTIVE,TRAJECTORY_COMPLETE,24.0,43,9,0,0.0,43,0,0.0,0.0,0.0,0.0,0.0,0.0
2026-07-30T10:37:43.683,97.469,6,close,ACTUATOR_ACTIVE,TRAJECTORY_RUNNING,24.0,43,10,6,1.58,43,0,0.0,0.0,0.0,0.0,0.0,0.0
2026-07-30T10:37:44.178,97.953,6,close,ACTUATOR_ACTIVE,TRAJECTORY_RUNNING,24.0,43,14,8,2.84,43,0,0.0,0.0,0.0,0.0,0.0,0.0
2026-07-30T10:37:44.691,98.469,6,close,ACTUATOR_ACTIVE,TRAJECTORY_RUNNING,24.0,44,19,10,2.84,44,0,0.0,0.0,0.0,0.0,0.0,0.0
2026-07-30T10:37:45.185,98.969,6,close,ACTUATOR_ACTIVE,TRAJECTORY_RUNNING,24.0,44,23,9,1.45,44,0,0.0,0.0,0.0,0.0,0.0,0.0
2026-07-30T10:37:45.681,99.453,6,close,ACTUATOR_ACTIVE,TRAJECTORY_RUNNING,24.0,44,27,9,3.78,44,0,0.0,0.0,0.0,0.0,0.0,0.0
2026-07-30T10:37:46.191,99.969,6,close,ACTUATOR_ACTIVE,TRAJECTORY_RUNNING,24.0,44,31,1,24.08,44,0,0.0,0.0,0.0,0.0,0.0,0.0
2026-07-30T10:37:46.684,100.469,6,close,ACTUATOR_ACTIVE,TRAJECTORY_RUNNING,24.0,44,31,1,29.57,44,0,0.0,0.0,0.0,0.0,0.0,0.0
2026-07-30T10:37:47.182,100.969,6,close,ACTUATOR_ACTIVE,TRAJECTORY_RUNNING,24.0,44,31,0,29.48,44,0,0.0,0.0,0.0,0.0,0.0,0.0
2026-07-30T10:37:47.680,101.453,6,close,ACTUATOR_ACTIVE,TRAJECTORY_RUNNING,24.0,44,31,0,28.63,44,0,0.0,0.0,0.0,0.0,0.0,0.0
2026-07-30T10:37:48.195,101.969,6,close,ACTUATOR_ACTIVE,TRAJECTORY_RUNNING,24.0,44,31,0,29.68,44,0,0.0,0.0,0.0,0.0,0.0,0.0
2026-07-30T10:37:48.690,102.469,6,close,ACTUATOR_ACTIVE,TRAJECTORY_RUNNING,24.0,44,31,0,32.03,44,0,0.0,0.0,0.0,0.0,0.0,0.0
2026-07-30T10:37:49.183,102.969,6,close,ACTUATOR_ACTIVE,TRAJECTORY_RUNNING,24.0,44,31,0,29.52,44,0,0.0,0.0,0.0,0.0,0.0,0.0
2026-07-30T10:37:49.679,103.453,6,close,ACTUATOR_ACTIVE,TRAJECTORY_RUNNING,24.0,44,31,0,30.62,44,0,0.0,0.0,0.0,0.0,0.0,0.0
2026-07-30T10:37:50.189,103.969,6,close,ACTUATOR_ACTIVE,TRAJECTORY_RUNNING,24.0,44,31,0,31.4,44,0,0.0,0.0,0.0,0.0,0.0,0.0
2026-07-30T10:37:50.684,104.469,6,close,ACTUATOR_ACTIVE,TRAJECTORY_RUNNING,24.0,44,31,0,32.08,44,0,0.0,0.0,0.0,0.0,0.0,0.0
2026-07-30T10:37:51.175,104.953,6,close,ACTUATOR_ACTIVE,TRAJECTORY_RUNNING,24.0,44,31,0,32.23,44,0,0.0,0.0,0.0,0.0,0.0,0.0
2026-07-30T10:37:51.797,105.578,6,open,ACTUATOR_ACTIVE,TRAJECTORY_RUNNING,24.0,44,31,-2,5.28,44,0,0.0,0.0,0.0,0.0,0.0,0.0
2026-07-30T10:37:52.292,106.078,6,open,ACTUATOR_ACTIVE,TRAJECTORY_RUNNING,24.0,44,27,-11,-1.22,44,0,0.0,0.0,0.0,0.0,0.0,0.0
2026-07-30T10:37:52.786,106.563,6,open,ACTUATOR_ACTIVE,TRAJECTORY_RUNNING,24.0,43,21,-11,-1.45,43,0,0.0,0.0,0.0,0.0,0.0,0.0
2026-07-30T10:37:53.300,107.078,6,open,ACTUATOR_ACTIVE,TRAJECTORY_RUNNING,24.0,43,15,-12,-2.04,43,0,0.0,0.0,0.0,0.0,0.0,0.0
2026-07-30T10:37:53.794,107.578,6,open,ACTUATOR_ACTIVE,TRAJECTORY_RUNNING,24.0,43,10,-10,-2.65,43,0,0.0,0.0,0.0,0.0,0.0,0.0
2026-07-30T10:37:54.290,108.063,6,open,ACTUATOR_ACTIVE,TRAJECTORY_COMPLETE,24.0,43,10,0,0.45,43,0,0.0,0.0,0.0,0.0,0.0,0.0
2026-07-30T10:37:54.800,108.578,6,open,ACTUATOR_ACTIVE,TRAJECTORY_COMPLETE,24.0,43,9,0,0.01,43,0,0.0,0.0,0.0,0.0,0.0,0.0
2026-07-30T10:37:55.296,109.078,6,open,ACTUATOR_ACTIVE,TRAJECTORY_COMPLETE,24.0,43,9,0,0.14,43,0,0.0,0.0,0.0,0.0,0.0,0.0
2026-07-30T10:37:55.792,109.578,6,open,ACTUATOR_ACTIVE,TRAJECTORY_COMPLETE,24.0,43,9,0,-0.14,43,0,0.0,0.0,0.0,0.0,0.0,0.0
2026-07-30T10:37:56.289,110.063,6,open,ACTUATOR_ACTIVE,TRAJECTORY_COMPLETE,24.0,43,9,0,0.23,43,0,0.0,0.0,0.0,0.0,0.0,0.0
2026-07-30T10:37:56.803,110.578,6,open,ACTUATOR_ACTIVE,TRAJECTORY_COMPLETE,24.0,46,9,0,0.08,46,0,0.0,0.0,0.0,0.0,0.0,0.0
2026-07-30T10:37:57.301,111.078,6,open,ACTUATOR_ACTIVE,TRAJECTORY_COMPLETE,24.0,46,9,0,0.16,46,0,0.0,0.0,0.0,0.0,0.0,0.0
2026-07-30T10:37:57.798,111.578,6,open,ACTUATOR_ACTIVE,TRAJECTORY_COMPLETE,24.0,46,9,0,0.15,46,0,0.0,0.0,0.0,0.0,0.0,0.0
2026-07-30T10:37:58.294,112.078,6,open,ACTUATOR_ACTIVE,TRAJECTORY_COMPLETE,24.0,46,9,0,0.27,46,0,0.0,0.0,0.0,0.0,0.0,0.0
2026-07-30T10:37:58.789,112.563,6,open,ACTUATOR_ACTIVE,TRAJECTORY_COMPLETE,24.0,46,9,0,0.05,46,0,0.0,0.0,0.0,0.0,0.0,0.0
2026-07-30T10:37:59.298,113.078,6,open,ACTUATOR_ACTIVE,TRAJECTORY_COMPLETE,24.0,46,9,0,-0.45,46,0,0.0,0.0,0.0,0.0,0.0,0.0
2026-07-30T10:37:59.905,113.688,7,close,ACTUATOR_ACTIVE,TRAJECTORY_RUNNING,24.0,46,10,6,1.28,46,0,0.0,0.0,0.0,0.0,0.0,0.0
2026-07-30T10:38:00.404,114.188,7,close,ACTUATOR_ACTIVE,TRAJECTORY_RUNNING,24.0,46,12,4,1.62,46,0,0.0,0.0,0.0,0.0,0.0,0.0
2026-07-30T10:38:00.901,114.688,7,close,ACTUATOR_ACTIVE,TRAJECTORY_RUNNING,24.0,41,13,4,0.53,41,0,0.0,0.0,0.0,0.0,0.0,0.0
2026-07-30T10:38:01.398,115.172,7,close,ACTUATOR_ACTIVE,TRAJECTORY_RUNNING,24.0,41,16,4,0.85,41,0,0.0,0.0,0.0,0.0,0.0,0.0
2026-07-30T10:38:01.913,115.688,7,close,ACTUATOR_ACTIVE,TRAJECTORY_RUNNING,24.0,41,19,7,1.46,41,0,0.0,0.0,0.0,0.0,0.0,0.0
2026-07-30T10:38:02.408,116.188,7,close,ACTUATOR_ACTIVE,TRAJECTORY_RUNNING,24.0,41,23,7,2.16,41,0,0.0,0.0,0.0,0.0,0.0,0.0
2026-07-30T10:38:02.901,116.688,7,close,ACTUATOR_ACTIVE,TRAJECTORY_RUNNING,24.0,41,27,7,0.85,41,0,0.0,0.0,0.0,0.0,0.0,0.0
2026-07-30T10:38:03.396,117.172,7,close,ACTUATOR_ACTIVE,TRAJECTORY_RUNNING,24.0,41,30,0,6.31,41,0,0.0,0.0,0.0,0.0,0.0,0.0
2026-07-30T10:38:03.906,117.688,7,close,ACTUATOR_ACTIVE,TRAJECTORY_RUNNING,24.0,41,30,0,2.46,41,0,0.0,0.0,0.0,0.0,0.0,0.0
2026-07-30T10:38:04.403,118.188,7,close,ACTUATOR_ACTIVE,TRAJECTORY_RUNNING,24.0,41,30,0,2.26,41,0,0.0,0.0,0.0,0.0,0.0,0.0
2026-07-30T10:38:04.894,118.672,7,close,ACTUATOR_ACTIVE,TRAJECTORY_RUNNING,24.0,48,30,0,2.09,48,0,0.0,0.0,0.0,0.0,0.0,0.0
2026-07-30T10:38:05.402,119.188,7,close,ACTUATOR_ACTIVE,TRAJECTORY_RUNNING,24.0,48,30,2,2.23,48,0,0.0,0.0,0.0,0.0,0.0,0.0
2026-07-30T10:38:05.894,119.672,7,close,ACTUATOR_ACTIVE,TRAJECTORY_RUNNING,24.0,48,30,1,1.76,48,0,0.0,0.0,0.0,0.0,0.0,0.0
2026-07-30T10:38:06.401,120.188,7,close,ACTUATOR_ACTIVE,TRAJECTORY_RUNNING,24.0,48,30,0,2.02,48,0,0.0,0.0,0.0,0.0,0.0,0.0
2026-07-30T10:38:06.901,120.688,7,close,ACTUATOR_ACTIVE,TRAJECTORY_STOPPED,24.0,48,30,-1,1.87,48,0,0.0,0.0,0.0,0.0,0.0,0.0
2026-07-30T10:38:07.391,121.172,7,close,ACTUATOR_ACTIVE,TRAJECTORY_RUNNING,24.0,48,30,0,1.93,48,0,0.0,0.0,0.0,0.0,0.0,0.0
2026-07-30T10:38:08.006,121.781,7,open,ACTUATOR_ACTIVE,TRAJECTORY_RUNNING,24.0,48,30,0,1.13,48,0,0.0,0.0,0.0,0.0,0.0,0.0
2026-07-30T10:38:08.519,122.297,7,open,ACTUATOR_ACTIVE,TRAJECTORY_RUNNING,24.0,41,25,-11,-2.35,41,0,0.0,0.0,0.0,0.0,0.0,0.0
2026-07-30T10:38:09.019,122.797,7,open,ACTUATOR_ACTIVE,TRAJECTORY_RUNNING,24.0,41,20,-11,-1.38,41,0,0.0,0.0,0.0,0.0,0.0,0.0
2026-07-30T10:38:09.511,123.297,7,open,ACTUATOR_ACTIVE,TRAJECTORY_RUNNING,24.0,41,14,-13,-1.84,41,0,0.0,0.0,0.0,0.0,0.0,0.0
2026-07-30T10:38:10.007,123.781,7,open,ACTUATOR_ACTIVE,TRAJECTORY_COMPLETE,24.0,41,9,1,0.82,41,0,0.0,0.0,0.0,0.0,0.0,0.0
2026-07-30T10:38:10.518,124.297,7,open,ACTUATOR_ACTIVE,TRAJECTORY_COMPLETE,24.0,41,9,0,0.75,41,0,0.0,0.0,0.0,0.0,0.0,0.0
2026-07-30T10:38:11.013,124.797,7,open,ACTUATOR_ACTIVE,TRAJECTORY_COMPLETE,24.0,41,10,0,0.26,41,0,0.0,0.0,0.0,0.0,0.0,0.0
2026-07-30T10:38:11.511,125.297,7,open,ACTUATOR_ACTIVE,TRAJECTORY_COMPLETE,24.0,41,10,0,-0.54,41,0,0.0,0.0,0.0,0.0,0.0,0.0
2026-07-30T10:38:12.009,125.781,7,open,ACTUATOR_ACTIVE,TRAJECTORY_COMPLETE,24.0,41,10,-1,-0.29,41,0,0.0,0.0,0.0,0.0,0.0,0.0
2026-07-30T10:38:12.520,126.297,7,open,ACTUATOR_ACTIVE,TRAJECTORY_COMPLETE,24.0,44,10,-1,0.13,44,0,0.0,0.0,0.0,0.0,0.0,0.0
2026-07-30T10:38:13.016,126.797,7,open,ACTUATOR_ACTIVE,TRAJECTORY_COMPLETE,24.0,44,10,0,0.15,44,0,0.0,0.0,0.0,0.0,0.0,0.0
2026-07-30T10:38:13.512,127.297,7,open,ACTUATOR_ACTIVE,TRAJECTORY_COMPLETE,24.0,44,10,0,-0.21,44,0,0.0,0.0,0.0,0.0,0.0,0.0
2026-07-30T10:38:14.011,127.797,7,open,ACTUATOR_ACTIVE,TRAJECTORY_COMPLETE,24.0,44,10,0,0.08,44,0,0.0,0.0,0.0,0.0,0.0,0.0
2026-07-30T10:38:14.510,128.297,7,open,ACTUATOR_ACTIVE,TRAJECTORY_COMPLETE,24.0,44,10,-1,0.45,44,0,0.0,0.0,0.0,0.0,0.0,0.0
2026-07-30T10:38:15.007,128.781,7,open,ACTUATOR_ACTIVE,TRAJECTORY_COMPLETE,24.0,44,10,0,0.06,44,0,0.0,0.0,0.0,0.0,0.0,0.0
2026-07-30T10:38:15.517,129.297,7,open,ACTUATOR_ACTIVE,TRAJECTORY_COMPLETE,24.0,44,10,0,0.15,44,0,0.0,0.0,0.0,0.0,0.0,0.0
2026-07-30T10:38:16.130,129.906,8,close,ACTUATOR_ACTIVE,TRAJECTORY_RUNNING,24.0,44,10,7,1.42,44,0,0.0,0.0,0.0,0.0,0.0,0.0
2026-07-30T10:38:16.625,130.406,8,close,ACTUATOR_ACTIVE,TRAJECTORY_RUNNING,24.0,43,11,3,1.9,43,0,0.0,0.0,0.0,0.0,0.0,0.0
2026-07-30T10:38:17.125,130.906,8,close,ACTUATOR_ACTIVE,TRAJECTORY_RUNNING,24.0,43,13,4,2.26,43,0,0.0,0.0,0.0,0.0,0.0,0.0
2026-07-30T10:38:17.624,131.406,8,close,ACTUATOR_ACTIVE,TRAJECTORY_RUNNING,24.0,43,16,4,0.97,43,0,0.0,0.0,0.0,0.0,0.0,0.0
2026-07-30T10:38:18.124,131.906,8,close,ACTUATOR_ACTIVE,TRAJECTORY_RUNNING,24.0,43,19,4,1.56,43,0,0.0,0.0,0.0,0.0,0.0,0.0
2026-07-30T10:38:18.620,132.406,8,close,ACTUATOR_ACTIVE,TRAJECTORY_RUNNING,24.0,43,22,8,2.11,43,0,0.0,0.0,0.0,0.0,0.0,0.0
2026-07-30T10:38:19.118,132.891,8,close,ACTUATOR_ACTIVE,TRAJECTORY_RUNNING,24.0,43,26,8,1.63,43,0,0.0,0.0,0.0,0.0,0.0,0.0
2026-07-30T10:38:19.629,133.406,8,close,ACTUATOR_ACTIVE,TRAJECTORY_RUNNING,24.0,43,30,4,5.8,43,0,0.0,0.0,0.0,0.0,0.0,0.0
2026-07-30T10:38:20.126,133.906,8,close,ACTUATOR_ACTIVE,TRAJECTORY_RUNNING,24.0,43,30,0,2.59,43,0,0.0,0.0,0.0,0.0,0.0,0.0
2026-07-30T10:38:20.624,134.406,8,close,ACTUATOR_ACTIVE,TRAJECTORY_RUNNING,24.0,44,30,-1,2.15,44,0,0.0,0.0,0.0,0.0,0.0,0.0
2026-07-30T10:38:21.123,134.906,8,close,ACTUATOR_ACTIVE,TRAJECTORY_RUNNING,24.0,44,30,-1,2.11,44,0,0.0,0.0,0.0,0.0,0.0,0.0
2026-07-30T10:38:21.620,135.406,8,close,ACTUATOR_ACTIVE,TRAJECTORY_RUNNING,24.0,44,30,0,2.0,44,0,0.0,0.0,0.0,0.0,0.0,0.0
2026-07-30T10:38:22.121,135.906,8,close,ACTUATOR_ACTIVE,TRAJECTORY_RUNNING,24.0,44,30,0,1.84,44,0,0.0,0.0,0.0,0.0,0.0,0.0
2026-07-30T10:38:22.615,136.391,8,close,ACTUATOR_ACTIVE,TRAJECTORY_STOPPED,24.0,44,30,0,2.04,44,0,0.0,0.0,0.0,0.0,0.0,0.0
2026-07-30T10:38:23.124,136.906,8,close,ACTUATOR_ACTIVE,TRAJECTORY_STOPPED,24.0,44,30,0,1.98,44,0,0.0,0.0,0.0,0.0,0.0,0.0
2026-07-30T10:38:23.622,137.406,8,close,ACTUATOR_ACTIVE,TRAJECTORY_RUNNING,24.0,44,30,0,1.82,44,0,0.0,0.0,0.0,0.0,0.0,0.0
2026-07-30T10:38:24.232,138.016,8,open,ACTUATOR_ACTIVE,TRAJECTORY_RUNNING,24.0,44,30,0,2.01,44,0,0.0,0.0,0.0,0.0,0.0,0.0
2026-07-30T10:38:24.729,138.516,8,open,ACTUATOR_ACTIVE,TRAJECTORY_RUNNING,24.0,41,30,0,-1.52,41,0,0.0,0.0,0.0,0.0,0.0,0.0
2026-07-30T10:38:25.224,139.0,8,open,ACTUATOR_ACTIVE,TRAJECTORY_RUNNING,24.0,41,29,-1,-1.31,41,0,0.0,0.0,0.0,0.0,0.0,0.0
2026-07-30T10:38:25.741,139.516,8,open,ACTUATOR_ACTIVE,TRAJECTORY_RUNNING,24.0,41,28,-3,-2.12,41,0,0.0,0.0,0.0,0.0,0.0,0.0
2026-07-30T10:38:26.237,140.016,8,open,ACTUATOR_ACTIVE,TRAJECTORY_RUNNING,24.0,41,26,-4,-0.99,41,0,0.0,0.0,0.0,0.0,0.0,0.0
2026-07-30T10:38:26.737,140.516,8,open,ACTUATOR_ACTIVE,TRAJECTORY_RUNNING,24.0,41,23,-6,-2.22,41,0,0.0,0.0,0.0,0.0,0.0,0.0
2026-07-30T10:38:27.232,141.016,8,open,ACTUATOR_ACTIVE,TRAJECTORY_RUNNING,24.0,41,19,-9,-1.2,41,0,0.0,0.0,0.0,0.0,0.0,0.0
2026-07-30T10:38:27.727,141.5,8,open,ACTUATOR_ACTIVE,TRAJECTORY_RUNNING,24.0,41,15,-10,-0.98,41,0,0.0,0.0,0.0,0.0,0.0,0.0
2026-07-30T10:38:28.241,142.016,8,open,ACTUATOR_ACTIVE,TRAJECTORY_RUNNING,24.0,41,10,-9,-2.51,41,0,0.0,0.0,0.0,0.0,0.0,0.0
2026-07-30T10:38:28.736,142.516,8,open,ACTUATOR_ACTIVE,TRAJECTORY_RUNNING,24.0,45,8,0,-1.63,45,0,0.0,0.0,0.0,0.0,0.0,0.0
2026-07-30T10:38:29.230,143.016,8,open,ACTUATOR_ACTIVE,TRAJECTORY_RUNNING,24.0,45,8,0,0.07,45,0,0.0,0.0,0.0,0.0,0.0,0.0
2026-07-30T10:38:29.728,143.5,8,open,ACTUATOR_ACTIVE,TRAJECTORY_RUNNING,24.0,45,9,0,1.22,45,0,0.0,0.0,0.0,0.0,0.0,0.0
2026-07-30T10:38:30.240,144.016,8,open,ACTUATOR_ACTIVE,TRAJECTORY_RUNNING,24.0,45,9,0,1.8,45,0,0.0,0.0,0.0,0.0,0.0,0.0
2026-07-30T10:38:30.735,144.516,8,open,ACTUATOR_ACTIVE,TRAJECTORY_RUNNING,24.0,45,9,0,2.17,45,0,0.0,0.0,0.0,0.0,0.0,0.0
2026-07-30T10:38:31.232,145.016,8,open,ACTUATOR_ACTIVE,TRAJECTORY_RUNNING,24.0,45,9,0,1.89,45,0,0.0,0.0,0.0,0.0,0.0,0.0
2026-07-30T10:38:31.729,145.516,8,open,ACTUATOR_ACTIVE,TRAJECTORY_RUNNING,24.0,45,9,0,1.69,45,0,0.0,0.0,0.0,0.0,0.0,0.0
2026-07-30T10:38:32.336,146.11,9,close,ACTUATOR_ACTIVE,TRAJECTORY_RUNNING,24.0,45,9,6,2.45,45,0,0.0,0.0,0.0,0.0,0.0,0.0
2026-07-30T10:38:32.847,146.625,9,close,ACTUATOR_ACTIVE,TRAJECTORY_RUNNING,24.0,44,12,6,3.25,44,0,0.0,0.0,0.0,0.0,0.0,0.0
2026-07-30T10:38:33.345,147.125,9,close,ACTUATOR_ACTIVE,TRAJECTORY_RUNNING,24.0,44,15,4,2.53,44,0,0.0,0.0,0.0,0.0,0.0,0.0
2026-07-30T10:38:33.847,147.625,9,close,ACTUATOR_ACTIVE,TRAJECTORY_RUNNING,24.0,44,18,5,2.12,44,0,0.0,0.0,0.0,0.0,0.0,0.0
2026-07-30T10:38:34.341,148.125,9,close,ACTUATOR_ACTIVE,TRAJECTORY_RUNNING,24.0,44,22,7,2.16,44,0,0.0,0.0,0.0,0.0,0.0,0.0
2026-07-30T10:38:34.838,148.625,9,close,ACTUATOR_ACTIVE,TRAJECTORY_RUNNING,24.0,44,26,9,1.77,44,0,0.0,0.0,0.0,0.0,0.0,0.0
2026-07-30T10:38:35.332,149.11,9,close,ACTUATOR_ACTIVE,TRAJECTORY_RUNNING,24.0,44,30,5,4.43,44,0,0.0,0.0,0.0,0.0,0.0,0.0
2026-07-30T10:38:35.841,149.625,9,close,ACTUATOR_ACTIVE,TRAJECTORY_RUNNING,24.0,44,30,1,2.47,44,0,0.0,0.0,0.0,0.0,0.0,0.0
2026-07-30T10:38:36.339,150.125,9,close,ACTUATOR_ACTIVE,TRAJECTORY_STOPPED,24.0,44,30,0,2.22,44,0,0.0,0.0,0.0,0.0,0.0,0.0
2026-07-30T10:38:36.830,150.61,9,close,ACTUATOR_ACTIVE,TRAJECTORY_STOPPED,24.0,45,30,1,2.05,45,0,0.0,0.0,0.0,0.0,0.0,0.0
2026-07-30T10:38:37.346,151.125,9,close,ACTUATOR_ACTIVE,TRAJECTORY_RUNNING,24.0,45,30,0,2.17,45,0,0.0,0.0,0.0,0.0,0.0,0.0
2026-07-30T10:38:37.844,151.625,9,close,ACTUATOR_ACTIVE,TRAJECTORY_RUNNING,24.0,45,30,0,1.88,45,0,0.0,0.0,0.0,0.0,0.0,0.0
2026-07-30T10:38:38.339,152.125,9,close,ACTUATOR_ACTIVE,TRAJECTORY_RUNNING,24.0,45,30,0,3.48,45,0,0.0,0.0,0.0,0.0,0.0,0.0
2026-07-30T10:38:38.832,152.61,9,close,ACTUATOR_ACTIVE,TRAJECTORY_RUNNING,24.0,45,30,0,1.9,45,0,0.0,0.0,0.0,0.0,0.0,0.0
2026-07-30T10:38:39.345,153.125,9,close,ACTUATOR_ACTIVE,TRAJECTORY_RUNNING,24.0,45,30,-1,1.82,45,0,0.0,0.0,0.0,0.0,0.0,0.0
2026-07-30T10:38:39.841,153.625,9,close,ACTUATOR_ACTIVE,TRAJECTORY_STOPPED,24.0,45,30,0,1.79,45,0,0.0,0.0,0.0,0.0,0.0,0.0
2026-07-30T10:38:40.454,154.235,9,open,ACTUATOR_ACTIVE,TRAJECTORY_RUNNING,24.0,41,30,0,1.09,41,0,0.0,0.0,0.0,0.0,0.0,0.0
2026-07-30T10:38:40.951,154.735,9,open,ACTUATOR_ACTIVE,TRAJECTORY_RUNNING,24.0,41,30,0,-0.4,41,0,0.0,0.0,0.0,0.0,0.0,0.0
2026-07-30T10:38:41.447,155.235,9,open,ACTUATOR_ACTIVE,TRAJECTORY_RUNNING,24.0,41,29,-1,-0.52,41,0,0.0,0.0,0.0,0.0,0.0,0.0
2026-07-30T10:38:41.944,155.719,9,open,ACTUATOR_ACTIVE,TRAJECTORY_RUNNING,24.0,41,28,-2,-1.11,41,0,0.0,0.0,0.0,0.0,0.0,0.0
2026-07-30T10:38:42.457,156.235,9,open,ACTUATOR_ACTIVE,TRAJECTORY_RUNNING,24.0,41,26,-5,-0.93,41,0,0.0,0.0,0.0,0.0,0.0,0.0
2026-07-30T10:38:42.952,156.735,9,open,ACTUATOR_ACTIVE,TRAJECTORY_RUNNING,24.0,41,23,-7,-1.8,41,0,0.0,0.0,0.0,0.0,0.0,0.0
2026-07-30T10:38:43.451,157.235,9,open,ACTUATOR_ACTIVE,TRAJECTORY_RUNNING,24.0,41,19,-8,-1.39,41,0,0.0,0.0,0.0,0.0,0.0,0.0
2026-07-30T10:38:43.949,157.735,9,open,ACTUATOR_ACTIVE,TRAJECTORY_RUNNING,24.0,41,15,-9,-1.95,41,0,0.0,0.0,0.0,0.0,0.0,0.0
2026-07-30T10:38:44.441,158.219,9,open,ACTUATOR_ACTIVE,TRAJECTORY_RUNNING,24.0,42,10,-7,-2.05,42,0,0.0,0.0,0.0,0.0,0.0,0.0
2026-07-30T10:38:44.950,158.735,9,open,ACTUATOR_ACTIVE,TRAJECTORY_RUNNING,24.0,42,8,0,-1.13,42,0,0.0,0.0,0.0,0.0,0.0,0.0
2026-07-30T10:38:45.445,159.219,9,open,ACTUATOR_ACTIVE,TRAJECTORY_RUNNING,24.0,42,9,0,0.01,42,0,0.0,0.0,0.0,0.0,0.0,0.0
2026-07-30T10:38:45.960,159.735,9,open,ACTUATOR_ACTIVE,TRAJECTORY_RUNNING,24.0,42,9,0,1.43,42,0,0.0,0.0,0.0,0.0,0.0,0.0
2026-07-30T10:38:46.458,160.235,9,open,ACTUATOR_ACTIVE,TRAJECTORY_RUNNING,24.0,42,9,0,1.5,42,0,0.0,0.0,0.0,0.0,0.0,0.0
2026-07-30T10:38:46.955,160.735,9,open,ACTUATOR_ACTIVE,TRAJECTORY_RUNNING,24.0,42,9,0,2.3,42,0,0.0,0.0,0.0,0.0,0.0,0.0
2026-07-30T10:38:47.451,161.235,9,open,ACTUATOR_ACTIVE,TRAJECTORY_RUNNING,24.0,42,9,0,2.08,42,0,0.0,0.0,0.0,0.0,0.0,0.0
2026-07-30T10:38:47.950,161.735,9,open,ACTUATOR_ACTIVE,TRAJECTORY_RUNNING,24.0,42,9,0,2.05,42,0,0.0,0.0,0.0,0.0,0.0,0.0
2026-07-30T10:38:48.557,162.344,10,close,ACTUATOR_ACTIVE,TRAJECTORY_RUNNING,24.0,47,9,6,1.92,47,0,0.0,0.0,0.0,0.0,0.0,0.0
2026-07-30T10:38:49.056,162.844,10,close,ACTUATOR_ACTIVE,TRAJECTORY_RUNNING,24.0,47,14,8,2.46,47,0,0.0,0.0,0.0,0.0,0.0,0.0
2026-07-30T10:38:49.556,163.328,10,close,ACTUATOR_ACTIVE,TRAJECTORY_RUNNING,24.0,47,18,8,1.3,47,0,0.0,0.0,0.0,0.0,0.0,0.0
2026-07-30T10:38:50.070,163.844,10,close,ACTUATOR_ACTIVE,TRAJECTORY_RUNNING,24.0,47,23,8,1.94,47,0,0.0,0.0,0.0,0.0,0.0,0.0
2026-07-30T10:38:50.567,164.344,10,close,ACTUATOR_ACTIVE,TRAJECTORY_RUNNING,24.0,47,27,8,0.44,47,0,0.0,0.0,0.0,0.0,0.0,0.0
2026-07-30T10:38:51.061,164.844,10,close,ACTUATOR_ACTIVE,TRAJECTORY_RUNNING,24.0,47,31,2,19.7,47,0,0.0,0.0,0.0,0.0,0.0,0.0
2026-07-30T10:38:51.559,165.344,10,close,ACTUATOR_ACTIVE,TRAJECTORY_RUNNING,24.0,47,31,0,30.43,47,0,0.0,0.0,0.0,0.0,0.0,0.0
2026-07-30T10:38:52.055,165.828,10,close,ACTUATOR_ACTIVE,TRAJECTORY_RUNNING,24.0,47,31,0,28.57,47,0,0.0,0.0,0.0,0.0,0.0,0.0
2026-07-30T10:38:52.563,166.344,10,close,ACTUATOR_ACTIVE,TRAJECTORY_RUNNING,24.0,44,31,0,29.66,44,0,0.0,0.0,0.0,0.0,0.0,0.0
2026-07-30T10:38:53.061,166.844,10,close,ACTUATOR_ACTIVE,TRAJECTORY_RUNNING,24.0,44,31,0,31.27,44,0,0.0,0.0,0.0,0.0,0.0,0.0
2026-07-30T10:38:53.559,167.344,10,close,ACTUATOR_ACTIVE,TRAJECTORY_RUNNING,24.0,44,31,0,31.05,44,0,0.0,0.0,0.0,0.0,0.0,0.0
2026-07-30T10:38:54.057,167.844,10,close,ACTUATOR_ACTIVE,TRAJECTORY_RUNNING,24.0,44,31,0,30.72,44,0,0.0,0.0,0.0,0.0,0.0,0.0
2026-07-30T10:38:54.553,168.328,10,close,ACTUATOR_ACTIVE,TRAJECTORY_STOPPED,24.0,44,31,1,28.62,44,0,0.0,0.0,0.0,0.0,0.0,0.0
2026-07-30T10:38:55.066,168.844,10,close,ACTUATOR_ACTIVE,TRAJECTORY_RUNNING,24.0,44,31,0,28.1,44,0,0.0,0.0,0.0,0.0,0.0,0.0
2026-07-30T10:38:55.559,169.344,10,close,ACTUATOR_ACTIVE,TRAJECTORY_RUNNING,24.0,44,31,0,31.75,44,0,0.0,0.0,0.0,0.0,0.0,0.0
2026-07-30T10:38:56.057,169.844,10,close,ACTUATOR_ACTIVE,TRAJECTORY_RUNNING,24.0,44,31,0,31.96,44,0,0.0,0.0,0.0,0.0,0.0,0.0
2026-07-30T10:38:56.660,170.438,10,open,ACTUATOR_ACTIVE,TRAJECTORY_RUNNING,24.0,45,31,-1,4.72,45,0,0.0,0.0,0.0,0.0,0.0,0.0
2026-07-30T10:38:57.171,170.953,10,open,ACTUATOR_ACTIVE,TRAJECTORY_RUNNING,24.0,45,27,-11,-0.55,45,0,0.0,0.0,0.0,0.0,0.0,0.0
2026-07-30T10:38:57.666,171.453,10,open,ACTUATOR_ACTIVE,TRAJECTORY_RUNNING,24.0,45,21,-11,-2.81,45,0,0.0,0.0,0.0,0.0,0.0,0.0
2026-07-30T10:38:58.161,171.938,10,open,ACTUATOR_ACTIVE,TRAJECTORY_RUNNING,24.0,45,15,-11,-2.07,45,0,0.0,0.0,0.0,0.0,0.0,0.0
2026-07-30T10:38:58.674,172.453,10,open,ACTUATOR_ACTIVE,TRAJECTORY_RUNNING,24.0,45,10,-10,-3.62,45,0,0.0,0.0,0.0,0.0,0.0,0.0
2026-07-30T10:38:59.165,172.938,10,open,ACTUATOR_ACTIVE,TRAJECTORY_COMPLETE,24.0,45,9,0,0.18,45,0,0.0,0.0,0.0,0.0,0.0,0.0
2026-07-30T10:38:59.674,173.453,10,open,ACTUATOR_ACTIVE,TRAJECTORY_COMPLETE,24.0,45,10,0,0.42,45,0,0.0,0.0,0.0,0.0,0.0,0.0
2026-07-30T10:39:00.172,173.953,10,open,ACTUATOR_ACTIVE,TRAJECTORY_COMPLETE,24.0,45,10,0,0.55,45,0,0.0,0.0,0.0,0.0,0.0,0.0
2026-07-30T10:39:00.668,174.453,10,open,ACTUATOR_ACTIVE,TRAJECTORY_COMPLETE,24.0,47,10,0,-0.03,47,0,0.0,0.0,0.0,0.0,0.0,0.0
2026-07-30T10:39:01.165,174.938,10,open,ACTUATOR_ACTIVE,TRAJECTORY_COMPLETE,24.0,47,10,0,0.55,47,0,0.0,0.0,0.0,0.0,0.0,0.0
2026-07-30T10:39:01.679,175.453,10,open,ACTUATOR_ACTIVE,TRAJECTORY_COMPLETE,24.0,47,10,0,0.09,47,0,0.0,0.0,0.0,0.0,0.0,0.0
2026-07-30T10:39:02.180,175.953,10,open,ACTUATOR_ACTIVE,TRAJECTORY_COMPLETE,24.0,47,10,0,0.09,47,0,0.0,0.0,0.0,0.0,0.0,0.0
2026-07-30T10:39:02.678,176.453,10,open,ACTUATOR_ACTIVE,TRAJECTORY_COMPLETE,24.0,47,10,-1,-0.34,47,0,0.0,0.0,0.0,0.0,0.0,0.0
2026-07-30T10:39:03.177,176.953,10,open,ACTUATOR_ACTIVE,TRAJECTORY_COMPLETE,24.0,47,10,0,-0.02,47,0,0.0,0.0,0.0,0.0,0.0,0.0
2026-07-30T10:39:03.676,177.453,10,open,ACTUATOR_ACTIVE,TRAJECTORY_COMPLETE,24.0,47,10,0,0.07,47,0,0.0,0.0,0.0,0.0,0.0,0.0
2026-07-30T10:39:04.170,177.953,10,open,ACTUATOR_ACTIVE,TRAJECTORY_COMPLETE,24.0,47,10,0,-0.15,47,0,0.0,0.0,0.0,0.0,0.0,0.0
2026-07-30T10:39:04.776,178.563,11,close,ACTUATOR_ACTIVE,TRAJECTORY_RUNNING,24.0,45,10,7,1.87,45,0,0.0,0.0,0.0,0.0,0.0,0.0
2026-07-30T10:39:05.269,179.047,11,close,ACTUATOR_ACTIVE,TRAJECTORY_RUNNING,24.0,45,11,3,1.02,45,0,0.0,0.0,0.0,0.0,0.0,0.0
2026-07-30T10:39:05.781,179.563,11,close,ACTUATOR_ACTIVE,TRAJECTORY_RUNNING,24.0,45,13,3,1.3,45,0,0.0,0.0,0.0,0.0,0.0,0.0
2026-07-30T10:39:06.278,180.063,11,close,ACTUATOR_ACTIVE,TRAJECTORY_RUNNING,24.0,45,15,4,2.29,45,0,0.0,0.0,0.0,0.0,0.0,0.0
2026-07-30T10:39:06.776,180.563,11,close,ACTUATOR_ACTIVE,TRAJECTORY_RUNNING,24.0,45,18,4,1.15,45,0,0.0,0.0,0.0,0.0,0.0,0.0
2026-07-30T10:39:07.270,181.047,11,close,ACTUATOR_ACTIVE,TRAJECTORY_RUNNING,24.0,45,22,7,2.25,45,0,0.0,0.0,0.0,0.0,0.0,0.0
2026-07-30T10:39:07.783,181.563,11,close,ACTUATOR_ACTIVE,TRAJECTORY_RUNNING,24.0,45,25,6,2.95,45,0,0.0,0.0,0.0,0.0,0.0,0.0
2026-07-30T10:39:08.279,182.063,11,close,ACTUATOR_ACTIVE,TRAJECTORY_RUNNING,24.0,45,29,7,2.72,45,0,0.0,0.0,0.0,0.0,0.0,0.0
2026-07-30T10:39:08.777,182.563,11,close,ACTUATOR_ACTIVE,TRAJECTORY_RUNNING,24.0,44,30,0,3.12,44,0,0.0,0.0,0.0,0.0,0.0,0.0
2026-07-30T10:39:09.274,183.047,11,close,ACTUATOR_ACTIVE,TRAJECTORY_RUNNING,24.0,44,30,0,2.21,44,0,0.0,0.0,0.0,0.0,0.0,0.0
2026-07-30T10:39:09.783,183.563,11,close,ACTUATOR_ACTIVE,TRAJECTORY_RUNNING,24.0,44,30,0,2.33,44,0,0.0,0.0,0.0,0.0,0.0,0.0
2026-07-30T10:39:10.280,184.063,11,close,ACTUATOR_ACTIVE,TRAJECTORY_RUNNING,24.0,44,30,0,1.93,44,0,0.0,0.0,0.0,0.0,0.0,0.0
2026-07-30T10:39:10.772,184.547,11,close,ACTUATOR_ACTIVE,TRAJECTORY_RUNNING,24.0,44,30,-1,1.67,44,0,0.0,0.0,0.0,0.0,0.0,0.0
2026-07-30T10:39:11.282,185.063,11,close,ACTUATOR_ACTIVE,TRAJECTORY_STOPPED,24.0,44,30,0,1.79,44,0,0.0,0.0,0.0,0.0,0.0,0.0
2026-07-30T10:39:11.779,185.563,11,close,ACTUATOR_ACTIVE,TRAJECTORY_RUNNING,24.0,44,30,0,1.89,44,0,0.0,0.0,0.0,0.0,0.0,0.0
2026-07-30T10:39:12.277,186.063,11,close,ACTUATOR_ACTIVE,TRAJECTORY_STOPPED,24.0,44,30,0,1.86,44,0,0.0,0.0,0.0,0.0,0.0,0.0
2026-07-30T10:39:12.882,186.656,11,open,ACTUATOR_ACTIVE,TRAJECTORY_RUNNING,24.0,45,30,0,1.0,45,0,0.0,0.0,0.0,0.0,0.0,0.0
2026-07-30T10:39:13.391,187.172,11,open,ACTUATOR_ACTIVE,TRAJECTORY_RUNNING,24.0,45,25,-13,-0.75,45,0,0.0,0.0,0.0,0.0,0.0,0.0
2026-07-30T10:39:13.887,187.672,11,open,ACTUATOR_ACTIVE,TRAJECTORY_RUNNING,24.0,45,20,-11,-1.79,45,0,0.0,0.0,0.0,0.0,0.0,0.0
2026-07-30T10:39:14.382,188.156,11,open,ACTUATOR_ACTIVE,TRAJECTORY_RUNNING,24.0,45,14,-11,-1.94,45,0,0.0,0.0,0.0,0.0,0.0,0.0
2026-07-30T10:39:14.892,188.672,11,open,ACTUATOR_ACTIVE,TRAJECTORY_COMPLETE,24.0,45,9,0,0.74,45,0,0.0,0.0,0.0,0.0,0.0,0.0
2026-07-30T10:39:15.384,189.156,11,open,ACTUATOR_ACTIVE,TRAJECTORY_COMPLETE,24.0,45,9,0,-0.04,45,0,0.0,0.0,0.0,0.0,0.0,0.0
2026-07-30T10:39:15.893,189.672,11,open,ACTUATOR_ACTIVE,TRAJECTORY_COMPLETE,24.0,45,9,0,0.11,45,0,0.0,0.0,0.0,0.0,0.0,0.0
2026-07-30T10:39:16.388,190.172,11,open,ACTUATOR_ACTIVE,TRAJECTORY_COMPLETE,24.0,45,9,0,0.19,45,0,0.0,0.0,0.0,0.0,0.0,0.0
2026-07-30T10:39:16.884,190.656,11,open,ACTUATOR_ACTIVE,TRAJECTORY_COMPLETE,24.0,44,10,0,0.14,44,0,0.0,0.0,0.0,0.0,0.0,0.0
2026-07-30T10:39:17.395,191.172,11,open,ACTUATOR_ACTIVE,TRAJECTORY_COMPLETE,24.0,44,9,0,0.44,44,0,0.0,0.0,0.0,0.0,0.0,0.0
2026-07-30T10:39:17.890,191.672,11,open,ACTUATOR_ACTIVE,TRAJECTORY_COMPLETE,24.0,44,9,0,0.01,44,0,0.0,0.0,0.0,0.0,0.0,0.0
2026-07-30T10:39:18.387,192.172,11,open,ACTUATOR_ACTIVE,TRAJECTORY_COMPLETE,24.0,44,10,0,0.06,44,0,0.0,0.0,0.0,0.0,0.0,0.0
2026-07-30T10:39:18.886,192.672,11,open,ACTUATOR_ACTIVE,TRAJECTORY_COMPLETE,24.0,44,10,-1,0.22,44,0,0.0,0.0,0.0,0.0,0.0,0.0
2026-07-30T10:39:19.388,193.172,11,open,ACTUATOR_ACTIVE,TRAJECTORY_COMPLETE,24.0,44,10,0,1.71,44,0,0.0,0.0,0.0,0.0,0.0,0.0
2026-07-30T10:39:19.887,193.672,11,open,ACTUATOR_ACTIVE,TRAJECTORY_COMPLETE,24.0,44,10,0,0.26,44,0,0.0,0.0,0.0,0.0,0.0,0.0
2026-07-30T10:39:20.381,194.156,11,open,ACTUATOR_ACTIVE,TRAJECTORY_COMPLETE,24.0,44,10,0,0.03,44,0,0.0,0.0,0.0,0.0,0.0,0.0
2026-07-30T10:39:21.002,194.781,12,close,ACTUATOR_ACTIVE,TRAJECTORY_RUNNING,24.0,43,10,7,1.9,43,0,0.0,0.0,0.0,0.0,0.0,0.0
2026-07-30T10:39:21.500,195.281,12,close,ACTUATOR_ACTIVE,TRAJECTORY_RUNNING,24.0,43,11,2,1.86,43,0,0.0,0.0,0.0,0.0,0.0,0.0
2026-07-30T10:39:21.993,195.766,12,close,ACTUATOR_ACTIVE,TRAJECTORY_RUNNING,24.0,43,13,4,1.33,43,0,0.0,0.0,0.0,0.0,0.0,0.0
2026-07-30T10:39:22.506,196.281,12,close,ACTUATOR_ACTIVE,TRAJECTORY_RUNNING,24.0,43,16,5,2.3,43,0,0.0,0.0,0.0,0.0,0.0,0.0
2026-07-30T10:39:23.007,196.781,12,close,ACTUATOR_ACTIVE,TRAJECTORY_RUNNING,24.0,43,19,6,1.2,43,0,0.0,0.0,0.0,0.0,0.0,0.0
2026-07-30T10:39:23.504,197.281,12,close,ACTUATOR_ACTIVE,TRAJECTORY_RUNNING,24.0,43,22,7,2.57,43,0,0.0,0.0,0.0,0.0,0.0,0.0
2026-07-30T10:39:24.001,197.781,12,close,ACTUATOR_ACTIVE,TRAJECTORY_RUNNING,24.0,43,26,8,2.32,43,0,0.0,0.0,0.0,0.0,0.0,0.0
2026-07-30T10:39:24.495,198.281,12,close,ACTUATOR_ACTIVE,TRAJECTORY_RUNNING,24.0,42,30,3,6.2,42,0,0.0,0.0,0.0,0.0,0.0,0.0
2026-07-30T10:39:24.994,198.781,12,close,ACTUATOR_ACTIVE,TRAJECTORY_RUNNING,24.0,42,30,0,2.47,42,0,0.0,0.0,0.0,0.0,0.0,0.0
2026-07-30T10:39:25.488,199.266,12,close,ACTUATOR_ACTIVE,TRAJECTORY_RUNNING,24.0,42,30,0,2.08,42,0,0.0,0.0,0.0,0.0,0.0,0.0
2026-07-30T10:39:26.003,199.781,12,close,ACTUATOR_ACTIVE,TRAJECTORY_RUNNING,24.0,42,30,-1,2.09,42,0,0.0,0.0,0.0,0.0,0.0,0.0
2026-07-30T10:39:26.498,200.281,12,close,ACTUATOR_ACTIVE,TRAJECTORY_RUNNING,24.0,42,30,0,1.78,42,0,0.0,0.0,0.0,0.0,0.0,0.0
2026-07-30T10:39:26.998,200.781,12,close,ACTUATOR_ACTIVE,TRAJECTORY_RUNNING,24.0,42,30,0,2.06,42,0,0.0,0.0,0.0,0.0,0.0,0.0
2026-07-30T10:39:27.491,201.266,12,close,ACTUATOR_ACTIVE,TRAJECTORY_RUNNING,24.0,42,30,-1,1.85,42,0,0.0,0.0,0.0,0.0,0.0,0.0
2026-07-30T10:39:28.003,201.781,12,close,ACTUATOR_ACTIVE,TRAJECTORY_RUNNING,24.0,42,30,0,1.84,42,0,0.0,0.0,0.0,0.0,0.0,0.0
2026-07-30T10:39:28.504,202.281,12,close,ACTUATOR_ACTIVE,TRAJECTORY_RUNNING,24.0,47,30,0,1.81,47,0,0.0,0.0,0.0,0.0,0.0,0.0
2026-07-30T10:39:29.105,202.891,12,open,ACTUATOR_ACTIVE,TRAJECTORY_RUNNING,24.0,47,30,0,0.6,47,0,0.0,0.0,0.0,0.0,0.0,0.0
2026-07-30T10:39:29.601,203.375,12,open,ACTUATOR_ACTIVE,TRAJECTORY_RUNNING,24.0,47,26,-11,-1.37,47,0,0.0,0.0,0.0,0.0,0.0,0.0
2026-07-30T10:39:30.115,203.891,12,open,ACTUATOR_ACTIVE,TRAJECTORY_RUNNING,24.0,47,20,-11,-1.73,47,0,0.0,0.0,0.0,0.0,0.0,0.0
2026-07-30T10:39:30.612,204.391,12,open,ACTUATOR_ACTIVE,TRAJECTORY_RUNNING,24.0,47,14,-13,-2.37,47,0,0.0,0.0,0.0,0.0,0.0,0.0
2026-07-30T10:39:31.108,204.891,12,open,ACTUATOR_ACTIVE,TRAJECTORY_COMPLETE,24.0,47,9,0,0.68,47,0,0.0,0.0,0.0,0.0,0.0,0.0
2026-07-30T10:39:31.602,205.375,12,open,ACTUATOR_ACTIVE,TRAJECTORY_COMPLETE,24.0,47,10,-1,-0.53,47,0,0.0,0.0,0.0,0.0,0.0,0.0
2026-07-30T10:39:32.114,205.891,12,open,ACTUATOR_ACTIVE,TRAJECTORY_COMPLETE,24.0,47,10,0,-1.62,47,0,0.0,0.0,0.0,0.0,0.0,0.0
2026-07-30T10:39:32.610,206.391,12,open,ACTUATOR_ACTIVE,TRAJECTORY_COMPLETE,24.0,41,10,0,0.02,41,0,0.0,0.0,0.0,0.0,0.0,0.0
2026-07-30T10:39:33.107,206.891,12,open,ACTUATOR_ACTIVE,TRAJECTORY_COMPLETE,24.0,41,10,0,0.02,41,0,0.0,0.0,0.0,0.0,0.0,0.0
2026-07-30T10:39:33.602,207.375,12,open,ACTUATOR_ACTIVE,TRAJECTORY_COMPLETE,24.0,41,10,0,0.15,41,0,0.0,0.0,0.0,0.0,0.0,0.0
2026-07-30T10:39:34.113,207.891,12,open,ACTUATOR_ACTIVE,TRAJECTORY_COMPLETE,24.0,41,10,0,0.21,41,0,0.0,0.0,0.0,0.0,0.0,0.0
2026-07-30T10:39:34.607,208.391,12,open,ACTUATOR_ACTIVE,TRAJECTORY_COMPLETE,24.0,41,10,0,-0.09,41,0,0.0,0.0,0.0,0.0,0.0,0.0
2026-07-30T10:39:35.108,208.891,12,open,ACTUATOR_ACTIVE,TRAJECTORY_COMPLETE,24.0,41,10,0,0.06,41,0,0.0,0.0,0.0,0.0,0.0,0.0
2026-07-30T10:39:35.604,209.391,12,open,ACTUATOR_ACTIVE,TRAJECTORY_COMPLETE,24.0,41,10,-1,1.01,41,0,0.0,0.0,0.0,0.0,0.0,0.0
2026-07-30T10:39:36.103,209.891,12,open,ACTUATOR_ACTIVE,TRAJECTORY_COMPLETE,24.0,41,10,0,0.26,41,0,0.0,0.0,0.0,0.0,0.0,0.0
2026-07-30T10:39:36.604,210.391,12,open,ACTUATOR_ACTIVE,TRAJECTORY_COMPLETE,24.0,44,10,0,-0.05,44,0,0.0,0.0,0.0,0.0,0.0,0.0
2026-07-30T10:39:37.215,211.0,13,close,ACTUATOR_ACTIVE,TRAJECTORY_RUNNING,24.0,44,10,7,1.71,44,0,0.0,0.0,0.0,0.0,0.0,0.0
2026-07-30T10:39:37.710,211.485,13,close,ACTUATOR_ACTIVE,TRAJECTORY_RUNNING,24.0,44,12,3,1.38,44,0,0.0,0.0,0.0,0.0,0.0,0.0
2026-07-30T10:39:38.219,212.0,13,close,ACTUATOR_ACTIVE,TRAJECTORY_RUNNING,24.0,44,14,2,0.71,44,0,0.0,0.0,0.0,0.0,0.0,0.0
2026-07-30T10:39:38.720,212.5,13,close,ACTUATOR_ACTIVE,TRAJECTORY_RUNNING,24.0,44,16,4,0.83,44,0,0.0,0.0,0.0,0.0,0.0,0.0
2026-07-30T10:39:39.222,213.0,13,close,ACTUATOR_ACTIVE,TRAJECTORY_RUNNING,24.0,44,19,6,2.39,44,0,0.0,0.0,0.0,0.0,0.0,0.0
2026-07-30T10:39:39.722,213.5,13,close,ACTUATOR_ACTIVE,TRAJECTORY_RUNNING,24.0,44,23,6,2.94,44,0,0.0,0.0,0.0,0.0,0.0,0.0
2026-07-30T10:39:40.220,214.0,13,close,ACTUATOR_ACTIVE,TRAJECTORY_RUNNING,24.0,44,27,7,3.48,44,0,0.0,0.0,0.0,0.0,0.0,0.0
2026-07-30T10:39:40.716,214.5,13,close,ACTUATOR_ACTIVE,TRAJECTORY_RUNNING,24.0,40,30,1,5.98,40,0,0.0,0.0,0.0,0.0,0.0,0.0
2026-07-30T10:39:41.207,214.985,13,close,ACTUATOR_ACTIVE,TRAJECTORY_RUNNING,24.0,40,30,1,2.29,40,0,0.0,0.0,0.0,0.0,0.0,0.0
2026-07-30T10:39:41.717,215.5,13,close,ACTUATOR_ACTIVE,TRAJECTORY_RUNNING,24.0,40,30,0,2.09,40,0,0.0,0.0,0.0,0.0,0.0,0.0
2026-07-30T10:39:42.215,216.0,13,close,ACTUATOR_ACTIVE,TRAJECTORY_RUNNING,24.0,40,30,-1,2.29,40,0,0.0,0.0,0.0,0.0,0.0,0.0
2026-07-30T10:39:42.713,216.5,13,close,ACTUATOR_ACTIVE,TRAJECTORY_RUNNING,24.0,40,30,0,2.02,40,0,0.0,0.0,0.0,0.0,0.0,0.0
2026-07-30T10:39:43.212,216.985,13,close,ACTUATOR_ACTIVE,TRAJECTORY_RUNNING,24.0,40,30,0,1.78,40,0,0.0,0.0,0.0,0.0,0.0,0.0
2026-07-30T10:39:43.726,217.5,13,close,ACTUATOR_ACTIVE,TRAJECTORY_STOPPED,24.0,40,30,0,1.93,40,0,0.0,0.0,0.0,0.0,0.0,0.0
2026-07-30T10:39:44.219,218.0,13,close,ACTUATOR_ACTIVE,TRAJECTORY_RUNNING,24.0,40,30,0,1.97,40,0,0.0,0.0,0.0,0.0,0.0,0.0
2026-07-30T10:39:44.713,218.5,13,close,ACTUATOR_ACTIVE,TRAJECTORY_STOPPED,24.0,45,30,0,2.02,45,0,0.0,0.0,0.0,0.0,0.0,0.0
2026-07-30T10:39:45.323,219.11,13,open,ACTUATOR_ACTIVE,TRAJECTORY_RUNNING,24.0,45,30,0,1.19,45,0,0.0,0.0,0.0,0.0,0.0,0.0
2026-07-30T10:39:45.820,219.594,13,open,ACTUATOR_ACTIVE,TRAJECTORY_RUNNING,24.0,45,25,-11,-2.66,45,0,0.0,0.0,0.0,0.0,0.0,0.0
2026-07-30T10:39:46.329,220.11,13,open,ACTUATOR_ACTIVE,TRAJECTORY_RUNNING,24.0,45,20,-11,-1.79,45,0,0.0,0.0,0.0,0.0,0.0,0.0
2026-07-30T10:39:46.826,220.61,13,open,ACTUATOR_ACTIVE,TRAJECTORY_RUNNING,24.0,45,14,-13,-0.39,45,0,0.0,0.0,0.0,0.0,0.0,0.0
2026-07-30T10:39:47.324,221.11,13,open,ACTUATOR_ACTIVE,TRAJECTORY_COMPLETE,24.0,45,9,0,0.88,45,0,0.0,0.0,0.0,0.0,0.0,0.0
2026-07-30T10:39:47.817,221.594,13,open,ACTUATOR_ACTIVE,TRAJECTORY_COMPLETE,24.0,45,10,0,0.81,45,0,0.0,0.0,0.0,0.0,0.0,0.0
2026-07-30T10:39:48.326,222.11,13,open,ACTUATOR_ACTIVE,TRAJECTORY_COMPLETE,24.0,45,9,0,0.2,45,0,0.0,0.0,0.0,0.0,0.0,0.0
2026-07-30T10:39:48.820,222.594,13,open,ACTUATOR_ACTIVE,TRAJECTORY_COMPLETE,24.0,43,9,0,0.04,43,0,0.0,0.0,0.0,0.0,0.0,0.0
2026-07-30T10:39:49.333,223.11,13,open,ACTUATOR_ACTIVE,TRAJECTORY_COMPLETE,24.0,43,9,0,0.02,43,0,0.0,0.0,0.0,0.0,0.0,0.0
2026-07-30T10:39:49.828,223.61,13,open,ACTUATOR_ACTIVE,TRAJECTORY_COMPLETE,24.0,43,9,0,0.28,43,0,0.0,0.0,0.0,0.0,0.0,0.0
2026-07-30T10:39:50.327,224.11,13,open,ACTUATOR_ACTIVE,TRAJECTORY_COMPLETE,24.0,43,9,0,-1.21,43,0,0.0,0.0,0.0,0.0,0.0,0.0
2026-07-30T10:39:50.825,224.61,13,open,ACTUATOR_ACTIVE,TRAJECTORY_COMPLETE,24.0,43,9,0,-0.01,43,0,0.0,0.0,0.0,0.0,0.0,0.0
2026-07-30T10:39:51.325,225.11,13,open,ACTUATOR_ACTIVE,TRAJECTORY_COMPLETE,24.0,43,9,0,0.15,43,0,0.0,0.0,0.0,0.0,0.0,0.0
2026-07-30T10:39:51.821,225.594,13,open,ACTUATOR_ACTIVE,TRAJECTORY_COMPLETE,24.0,43,9,0,-1.54,43,0,0.0,0.0,0.0,0.0,0.0,0.0
2026-07-30T10:39:52.332,226.11,13,open,ACTUATOR_ACTIVE,TRAJECTORY_COMPLETE,24.0,43,9,-1,0.19,43,0,0.0,0.0,0.0,0.0,0.0,0.0
2026-07-30T10:39:52.827,226.61,13,open,ACTUATOR_ACTIVE,TRAJECTORY_COMPLETE,24.0,41,9,0,-0.03,41,0,0.0,0.0,0.0,0.0,0.0,0.0
2026-07-30T10:39:53.429,227.203,14,close,ACTUATOR_ACTIVE,TRAJECTORY_RUNNING,24.0,41,10,6,1.84,41,0,0.0,0.0,0.0,0.0,0.0,0.0
2026-07-30T10:39:53.941,227.719,14,close,ACTUATOR_ACTIVE,TRAJECTORY_RUNNING,24.0,41,14,10,2.89,41,0,0.0,0.0,0.0,0.0,0.0,0.0
2026-07-30T10:39:54.441,228.219,14,close,ACTUATOR_ACTIVE,TRAJECTORY_RUNNING,24.0,41,19,9,2.06,41,0,0.0,0.0,0.0,0.0,0.0,0.0
2026-07-30T10:39:54.940,228.719,14,close,ACTUATOR_ACTIVE,TRAJECTORY_RUNNING,24.0,41,23,9,1.55,41,0,0.0,0.0,0.0,0.0,0.0,0.0
2026-07-30T10:39:55.433,229.219,14,close,ACTUATOR_ACTIVE,TRAJECTORY_RUNNING,24.0,41,27,9,2.71,41,0,0.0,0.0,0.0,0.0,0.0,0.0
2026-07-30T10:39:55.935,229.719,14,close,ACTUATOR_ACTIVE,TRAJECTORY_RUNNING,24.0,41,31,1,24.17,41,0,0.0,0.0,0.0,0.0,0.0,0.0
2026-07-30T10:39:56.435,230.219,14,close,ACTUATOR_ACTIVE,TRAJECTORY_RUNNING,24.0,44,31,0,32.01,44,0,0.0,0.0,0.0,0.0,0.0,0.0
2026-07-30T10:39:56.928,230.703,14,close,ACTUATOR_ACTIVE,TRAJECTORY_RUNNING,24.0,44,31,0,31.45,44,0,0.0,0.0,0.0,0.0,0.0,0.0
2026-07-30T10:39:57.439,231.219,14,close,ACTUATOR_ACTIVE,TRAJECTORY_RUNNING,24.0,44,31,-1,30.15,44,0,0.0,0.0,0.0,0.0,0.0,0.0
2026-07-30T10:39:57.933,231.719,14,close,ACTUATOR_ACTIVE,TRAJECTORY_RUNNING,24.0,44,31,0,29.41,44,0,0.0,0.0,0.0,0.0,0.0,0.0
2026-07-30T10:39:58.429,232.203,14,close,ACTUATOR_ACTIVE,TRAJECTORY_RUNNING,24.0,44,31,0,28.42,44,0,0.0,0.0,0.0,0.0,0.0,0.0
2026-07-30T10:39:58.936,232.719,14,close,ACTUATOR_ACTIVE,TRAJECTORY_RUNNING,24.0,44,31,0,28.23,44,0,0.0,0.0,0.0,0.0,0.0,0.0
2026-07-30T10:39:59.433,233.219,14,close,ACTUATOR_ACTIVE,TRAJECTORY_RUNNING,24.0,44,31,0,28.21,44,0,0.0,0.0,0.0,0.0,0.0,0.0
2026-07-30T10:39:59.928,233.703,14,close,ACTUATOR_ACTIVE,TRAJECTORY_RUNNING,24.0,44,31,0,32.72,44,0,0.0,0.0,0.0,0.0,0.0,0.0
2026-07-30T10:40:00.435,234.219,14,close,ACTUATOR_ACTIVE,TRAJECTORY_RUNNING,24.0,45,31,0,30.77,45,0,0.0,0.0,0.0,0.0,0.0,0.0
2026-07-30T10:40:00.927,234.703,14,close,ACTUATOR_ACTIVE,TRAJECTORY_RUNNING,24.0,45,31,0,33.29,45,0,0.0,0.0,0.0,0.0,0.0,0.0
2026-07-30T10:40:01.556,235.328,14,open,ACTUATOR_ACTIVE,TRAJECTORY_RUNNING,24.0,45,31,0,5.55,45,0,0.0,0.0,0.0,0.0,0.0,0.0
2026-07-30T10:40:02.053,235.828,14,open,ACTUATOR_ACTIVE,TRAJECTORY_RUNNING,24.0,45,27,-11,-2.04,45,0,0.0,0.0,0.0,0.0,0.0,0.0
2026-07-30T10:40:02.549,236.328,14,open,ACTUATOR_ACTIVE,TRAJECTORY_RUNNING,24.0,45,21,-11,-2.11,45,0,0.0,0.0,0.0,0.0,0.0,0.0
2026-07-30T10:40:03.045,236.828,14,open,ACTUATOR_ACTIVE,TRAJECTORY_RUNNING,24.0,45,15,-11,-0.75,45,0,0.0,0.0,0.0,0.0,0.0,0.0
2026-07-30T10:40:03.543,237.328,14,open,ACTUATOR_ACTIVE,TRAJECTORY_RUNNING,24.0,45,10,-11,-3.31,45,0,0.0,0.0,0.0,0.0,0.0,0.0
2026-07-30T10:40:04.037,237.813,14,open,ACTUATOR_ACTIVE,TRAJECTORY_COMPLETE,24.0,45,9,0,-1.14,45,0,0.0,0.0,0.0,0.0,0.0,0.0
2026-07-30T10:40:04.550,238.328,14,open,ACTUATOR_ACTIVE,TRAJECTORY_COMPLETE,24.0,44,10,0,-0.0,44,0,0.0,0.0,0.0,0.0,0.0,0.0
2026-07-30T10:40:05.049,238.828,14,open,ACTUATOR_ACTIVE,TRAJECTORY_COMPLETE,24.0,44,10,0,-0.22,44,0,0.0,0.0,0.0,0.0,0.0,0.0
2026-07-30T10:40:05.545,239.328,14,open,ACTUATOR_ACTIVE,TRAJECTORY_COMPLETE,24.0,44,9,0,0.24,44,0,0.0,0.0,0.0,0.0,0.0,0.0
2026-07-30T10:40:06.039,239.813,14,open,ACTUATOR_ACTIVE,TRAJECTORY_COMPLETE,24.0,44,9,0,0.08,44,0,0.0,0.0,0.0,0.0,0.0,0.0
2026-07-30T10:40:06.551,240.328,14,open,ACTUATOR_ACTIVE,TRAJECTORY_COMPLETE,24.0,44,9,-1,0.12,44,0,0.0,0.0,0.0,0.0,0.0,0.0
2026-07-30T10:40:07.050,240.828,14,open,ACTUATOR_ACTIVE,TRAJECTORY_COMPLETE,24.0,44,9,1,0.21,44,0,0.0,0.0,0.0,0.0,0.0,0.0
2026-07-30T10:40:07.546,241.328,14,open,ACTUATOR_ACTIVE,TRAJECTORY_COMPLETE,24.0,44,9,0,0.27,44,0,0.0,0.0,0.0,0.0,0.0,0.0
2026-07-30T10:40:08.047,241.828,14,open,ACTUATOR_ACTIVE,TRAJECTORY_COMPLETE,24.0,44,9,0,0.2,44,0,0.0,0.0,0.0,0.0,0.0,0.0
2026-07-30T10:40:08.546,242.328,14,open,ACTUATOR_ACTIVE,TRAJECTORY_COMPLETE,24.0,43,9,0,-0.49,43,0,0.0,0.0,0.0,0.0,0.0,0.0
2026-07-30T10:40:09.042,242.828,14,open,ACTUATOR_ACTIVE,TRAJECTORY_COMPLETE,24.0,43,9,0,-0.25,43,0,0.0,0.0,0.0,0.0,0.0,0.0
2026-07-30T10:40:09.648,243.422,15,close,ACTUATOR_ACTIVE,TRAJECTORY_RUNNING,24.0,43,10,6,1.99,43,0,0.0,0.0,0.0,0.0,0.0,0.0
2026-07-30T10:40:10.162,243.938,15,close,ACTUATOR_ACTIVE,TRAJECTORY_RUNNING,24.0,43,12,4,1.54,43,0,0.0,0.0,0.0,0.0,0.0,0.0
2026-07-30T10:40:10.657,244.438,15,close,ACTUATOR_ACTIVE,TRAJECTORY_RUNNING,24.0,43,14,3,0.65,43,0,0.0,0.0,0.0,0.0,0.0,0.0
2026-07-30T10:40:11.151,244.938,15,close,ACTUATOR_ACTIVE,TRAJECTORY_RUNNING,24.0,43,16,5,0.42,43,0,0.0,0.0,0.0,0.0,0.0,0.0
2026-07-30T10:40:11.645,245.422,15,close,ACTUATOR_ACTIVE,TRAJECTORY_RUNNING,24.0,43,19,8,2.21,43,0,0.0,0.0,0.0,0.0,0.0,0.0
2026-07-30T10:40:12.153,245.938,15,close,ACTUATOR_ACTIVE,TRAJECTORY_RUNNING,24.0,43,23,7,2.49,43,0,0.0,0.0,0.0,0.0,0.0,0.0
2026-07-30T10:40:12.650,246.438,15,close,ACTUATOR_ACTIVE,TRAJECTORY_RUNNING,24.0,44,27,8,2.05,44,0,0.0,0.0,0.0,0.0,0.0,0.0
2026-07-30T10:40:13.147,246.922,15,close,ACTUATOR_ACTIVE,TRAJECTORY_RUNNING,24.0,44,30,0,6.28,44,0,0.0,0.0,0.0,0.0,0.0,0.0
2026-07-30T10:40:13.656,247.438,15,close,ACTUATOR_ACTIVE,TRAJECTORY_RUNNING,24.0,44,30,1,2.41,44,0,0.0,0.0,0.0,0.0,0.0,0.0
2026-07-30T10:40:14.147,247.922,15,close,ACTUATOR_ACTIVE,TRAJECTORY_RUNNING,24.0,44,30,0,2.39,44,0,0.0,0.0,0.0,0.0,0.0,0.0
2026-07-30T10:40:14.662,248.438,15,close,ACTUATOR_ACTIVE,TRAJECTORY_STOPPED,24.0,44,30,0,2.92,44,0,0.0,0.0,0.0,0.0,0.0,0.0
2026-07-30T10:40:15.157,248.938,15,close,ACTUATOR_ACTIVE,TRAJECTORY_STOPPED,24.0,44,30,0,2.17,44,0,0.0,0.0,0.0,0.0,0.0,0.0
2026-07-30T10:40:15.651,249.438,15,close,ACTUATOR_ACTIVE,TRAJECTORY_RUNNING,24.0,44,30,-1,1.86,44,0,0.0,0.0,0.0,0.0,0.0,0.0
2026-07-30T10:40:16.151,249.938,15,close,ACTUATOR_ACTIVE,TRAJECTORY_RUNNING,24.0,44,30,0,1.83,44,0,0.0,0.0,0.0,0.0,0.0,0.0
2026-07-30T10:40:16.651,250.438,15,close,ACTUATOR_ACTIVE,TRAJECTORY_RUNNING,24.0,42,30,0,2.12,42,0,0.0,0.0,0.0,0.0,0.0,0.0
2026-07-30T10:40:17.148,250.922,15,close,ACTUATOR_ACTIVE,TRAJECTORY_RUNNING,24.0,42,30,-1,1.83,42,0,0.0,0.0,0.0,0.0,0.0,0.0
2026-07-30T10:40:17.774,251.547,15,open,ACTUATOR_ACTIVE,TRAJECTORY_RUNNING,24.0,42,30,0,0.81,42,0,0.0,0.0,0.0,0.0,0.0,0.0
2026-07-30T10:40:18.284,252.063,15,open,ACTUATOR_ACTIVE,TRAJECTORY_RUNNING,24.0,42,25,-13,-0.75,42,0,0.0,0.0,0.0,0.0,0.0,0.0
2026-07-30T10:40:18.778,252.563,15,open,ACTUATOR_ACTIVE,TRAJECTORY_RUNNING,24.0,42,20,-11,-0.31,42,0,0.0,0.0,0.0,0.0,0.0,0.0
2026-07-30T10:40:19.271,253.047,15,open,ACTUATOR_ACTIVE,TRAJECTORY_RUNNING,24.0,42,14,-11,-1.98,42,0,0.0,0.0,0.0,0.0,0.0,0.0
2026-07-30T10:40:19.781,253.563,15,open,ACTUATOR_ACTIVE,TRAJECTORY_COMPLETE,24.0,42,9,1,1.19,42,0,0.0,0.0,0.0,0.0,0.0,0.0
2026-07-30T10:40:20.277,254.063,15,open,ACTUATOR_ACTIVE,TRAJECTORY_COMPLETE,24.0,42,9,0,0.24,42,0,0.0,0.0,0.0,0.0,0.0,0.0
2026-07-30T10:40:20.772,254.547,15,open,ACTUATOR_ACTIVE,TRAJECTORY_COMPLETE,24.0,46,9,0,0.2,46,0,0.0,0.0,0.0,0.0,0.0,0.0
2026-07-30T10:40:21.285,255.063,15,open,ACTUATOR_ACTIVE,TRAJECTORY_COMPLETE,24.0,46,9,0,0.26,46,0,0.0,0.0,0.0,0.0,0.0,0.0
2026-07-30T10:40:21.781,255.563,15,open,ACTUATOR_ACTIVE,TRAJECTORY_COMPLETE,24.0,46,9,0,0.31,46,0,0.0,0.0,0.0,0.0,0.0,0.0
2026-07-30T10:40:22.278,256.063,15,open,ACTUATOR_ACTIVE,TRAJECTORY_COMPLETE,24.0,46,9,0,0.11,46,0,0.0,0.0,0.0,0.0,0.0,0.0
2026-07-30T10:40:22.774,256.547,15,open,ACTUATOR_ACTIVE,TRAJECTORY_COMPLETE,24.0,46,9,0,0.21,46,0,0.0,0.0,0.0,0.0,0.0,0.0
2026-07-30T10:40:23.286,257.063,15,open,ACTUATOR_ACTIVE,TRAJECTORY_COMPLETE,24.0,46,9,0,-0.07,46,0,0.0,0.0,0.0,0.0,0.0,0.0
2026-07-30T10:40:23.776,257.563,15,open,ACTUATOR_ACTIVE,TRAJECTORY_COMPLETE,24.0,46,9,0,-0.46,46,0,0.0,0.0,0.0,0.0,0.0,0.0
2026-07-30T10:40:24.264,258.047,15,open,ACTUATOR_ACTIVE,TRAJECTORY_COMPLETE,24.0,46,10,0,0.77,46,0,0.0,0.0,0.0,0.0,0.0,0.0
2026-07-30T10:40:24.775,258.563,15,open,ACTUATOR_ACTIVE,TRAJECTORY_COMPLETE,24.0,48,9,0,-0.14,48,0,0.0,0.0,0.0,0.0,0.0,0.0
2026-07-30T10:40:25.271,259.047,15,open,ACTUATOR_ACTIVE,TRAJECTORY_COMPLETE,24.0,48,9,0,0.08,48,0,0.0,0.0,0.0,0.0,0.0,0.0
2026-07-30T10:40:25.893,259.672,16,close,ACTUATOR_ACTIVE,TRAJECTORY_RUNNING,24.0,48,10,6,2.09,48,0,0.0,0.0,0.0,0.0,0.0,0.0
2026-07-30T10:40:26.390,260.172,16,close,ACTUATOR_ACTIVE,TRAJECTORY_RUNNING,24.0,48,14,10,2.38,48,0,0.0,0.0,0.0,0.0,0.0,0.0
2026-07-30T10:40:26.885,260.672,16,close,ACTUATOR_ACTIVE,TRAJECTORY_RUNNING,24.0,48,18,9,0.92,48,0,0.0,0.0,0.0,0.0,0.0,0.0
2026-07-30T10:40:27.380,261.156,16,close,ACTUATOR_ACTIVE,TRAJECTORY_RUNNING,24.0,48,23,9,2.25,48,0,0.0,0.0,0.0,0.0,0.0,0.0
2026-07-30T10:40:27.890,261.672,16,close,ACTUATOR_ACTIVE,TRAJECTORY_RUNNING,24.0,48,27,9,3.84,48,0,0.0,0.0,0.0,0.0,0.0,0.0
2026-07-30T10:40:28.383,262.156,16,close,ACTUATOR_ACTIVE,TRAJECTORY_RUNNING,24.0,48,31,2,20.62,48,0,0.0,0.0,0.0,0.0,0.0,0.0
2026-07-30T10:40:28.888,262.672,16,close,ACTUATOR_ACTIVE,TRAJECTORY_RUNNING,24.0,43,31,0,29.15,43,0,0.0,0.0,0.0,0.0,0.0,0.0
2026-07-30T10:40:29.384,263.156,16,close,ACTUATOR_ACTIVE,TRAJECTORY_RUNNING,24.0,43,31,0,28.24,43,0,0.0,0.0,0.0,0.0,0.0,0.0
2026-07-30T10:40:29.897,263.672,16,close,ACTUATOR_ACTIVE,TRAJECTORY_RUNNING,24.0,43,31,0,31.9,43,0,0.0,0.0,0.0,0.0,0.0,0.0
2026-07-30T10:40:30.395,264.172,16,close,ACTUATOR_ACTIVE,TRAJECTORY_RUNNING,24.0,43,31,0,30.2,43,0,0.0,0.0,0.0,0.0,0.0,0.0
2026-07-30T10:40:30.895,264.672,16,close,ACTUATOR_ACTIVE,TRAJECTORY_RUNNING,24.0,43,31,0,26.91,43,0,0.0,0.0,0.0,0.0,0.0,0.0
2026-07-30T10:40:31.390,265.172,16,close,ACTUATOR_ACTIVE,TRAJECTORY_RUNNING,24.0,43,31,0,31.96,43,0,0.0,0.0,0.0,0.0,0.0,0.0
2026-07-30T10:40:31.884,265.656,16,close,ACTUATOR_ACTIVE,TRAJECTORY_RUNNING,24.0,43,31,0,28.06,43,0,0.0,0.0,0.0,0.0,0.0,0.0
2026-07-30T10:40:32.390,266.172,16,close,ACTUATOR_ACTIVE,TRAJECTORY_RUNNING,24.0,43,31,1,29.7,43,0,0.0,0.0,0.0,0.0,0.0,0.0
2026-07-30T10:40:32.888,266.672,16,close,ACTUATOR_ACTIVE,TRAJECTORY_RUNNING,24.0,44,31,0,31.49,44,0,0.0,0.0,0.0,0.0,0.0,0.0
2026-07-30T10:40:33.388,267.172,16,close,ACTUATOR_ACTIVE,TRAJECTORY_RUNNING,24.0,44,31,0,29.92,44,0,0.0,0.0,0.0,0.0,0.0,0.0
2026-07-30T10:40:33.995,267.781,16,open,ACTUATOR_ACTIVE,TRAJECTORY_RUNNING,24.0,44,31,-1,5.0,44,0,0.0,0.0,0.0,0.0,0.0,0.0
2026-07-30T10:40:34.489,268.266,16,open,ACTUATOR_ACTIVE,TRAJECTORY_RUNNING,24.0,44,30,-1,0.64,44,0,0.0,0.0,0.0,0.0,0.0,0.0
2026-07-30T10:40:34.997,268.781,16,open,ACTUATOR_ACTIVE,TRAJECTORY_RUNNING,24.0,44,29,-2,-0.36,44,0,0.0,0.0,0.0,0.0,0.0,0.0
2026-07-30T10:40:35.492,269.266,16,open,ACTUATOR_ACTIVE,TRAJECTORY_RUNNING,24.0,44,28,-2,-0.55,44,0,0.0,0.0,0.0,0.0,0.0,0.0
2026-07-30T10:40:35.999,269.781,16,open,ACTUATOR_ACTIVE,TRAJECTORY_RUNNING,24.0,44,26,-5,-0.68,44,0,0.0,0.0,0.0,0.0,0.0,0.0
2026-07-30T10:40:36.492,270.266,16,open,ACTUATOR_ACTIVE,TRAJECTORY_RUNNING,24.0,43,23,-6,-2.11,43,0,0.0,0.0,0.0,0.0,0.0,0.0
2026-07-30T10:40:37.003,270.781,16,open,ACTUATOR_ACTIVE,TRAJECTORY_RUNNING,24.0,43,19,-8,-1.91,43,0,0.0,0.0,0.0,0.0,0.0,0.0
2026-07-30T10:40:37.499,271.281,16,open,ACTUATOR_ACTIVE,TRAJECTORY_RUNNING,24.0,43,15,-9,-1.49,43,0,0.0,0.0,0.0,0.0,0.0,0.0
2026-07-30T10:40:37.993,271.766,16,open,ACTUATOR_ACTIVE,TRAJECTORY_RUNNING,24.0,43,11,-8,-1.08,43,0,0.0,0.0,0.0,0.0,0.0,0.0
2026-07-30T10:40:38.502,272.281,16,open,ACTUATOR_ACTIVE,TRAJECTORY_RUNNING,24.0,43,8,0,-1.83,43,0,0.0,0.0,0.0,0.0,0.0,0.0
2026-07-30T10:40:38.997,272.781,16,open,ACTUATOR_ACTIVE,TRAJECTORY_RUNNING,24.0,43,8,0,0.08,43,0,0.0,0.0,0.0,0.0,0.0,0.0
2026-07-30T10:40:39.489,273.266,16,open,ACTUATOR_ACTIVE,TRAJECTORY_RUNNING,24.0,43,9,0,1.35,43,0,0.0,0.0,0.0,0.0,0.0,0.0
2026-07-30T10:40:39.999,273.781,16,open,ACTUATOR_ACTIVE,TRAJECTORY_RUNNING,24.0,43,9,0,1.35,43,0,0.0,0.0,0.0,0.0,0.0,0.0
2026-07-30T10:40:40.492,274.266,16,open,ACTUATOR_ACTIVE,TRAJECTORY_RUNNING,24.0,44,9,0,1.82,44,0,0.0,0.0,0.0,0.0,0.0,0.0
2026-07-30T10:40:41.005,274.781,16,open,ACTUATOR_ACTIVE,TRAJECTORY_RUNNING,24.0,44,9,0,2.48,44,0,0.0,0.0,0.0,0.0,0.0,0.0
2026-07-30T10:40:41.499,275.281,16,open,ACTUATOR_ACTIVE,TRAJECTORY_RUNNING,24.0,44,9,0,1.93,44,0,0.0,0.0,0.0,0.0,0.0,0.0
2026-07-30T10:40:42.103,275.891,17,close,ACTUATOR_ACTIVE,TRAJECTORY_RUNNING,24.0,44,9,6,1.61,44,0,0.0,0.0,0.0,0.0,0.0,0.0
2026-07-30T10:40:42.591,276.375,17,close,ACTUATOR_ACTIVE,TRAJECTORY_RUNNING,24.0,44,13,8,3.0,44,0,0.0,0.0,0.0,0.0,0.0,0.0
2026-07-30T10:40:43.099,276.875,17,close,ACTUATOR_ACTIVE,TRAJECTORY_RUNNING,24.0,44,18,9,2.64,44,0,0.0,0.0,0.0,0.0,0.0,0.0
2026-07-30T10:40:43.609,277.391,17,close,ACTUATOR_ACTIVE,TRAJECTORY_RUNNING,24.0,44,23,9,1.82,44,0,0.0,0.0,0.0,0.0,0.0,0.0
2026-07-30T10:40:44.108,277.891,17,close,ACTUATOR_ACTIVE,TRAJECTORY_RUNNING,24.0,44,27,9,2.83,44,0,0.0,0.0,0.0,0.0,0.0,0.0
2026-07-30T10:40:44.605,278.391,17,close,ACTUATOR_ACTIVE,TRAJECTORY_RUNNING,24.0,47,31,3,20.39,47,0,0.0,0.0,0.0,0.0,0.0,0.0
2026-07-30T10:40:45.099,278.875,17,close,ACTUATOR_ACTIVE,TRAJECTORY_RUNNING,24.0,47,31,0,29.71,47,0,0.0,0.0,0.0,0.0,0.0,0.0
2026-07-30T10:40:45.610,279.391,17,close,ACTUATOR_ACTIVE,TRAJECTORY_RUNNING,24.0,47,31,0,34.58,47,0,0.0,0.0,0.0,0.0,0.0,0.0
2026-07-30T10:40:46.105,279.891,17,close,ACTUATOR_ACTIVE,TRAJECTORY_RUNNING,24.0,47,31,0,29.94,47,0,0.0,0.0,0.0,0.0,0.0,0.0
2026-07-30T10:40:46.601,280.375,17,close,ACTUATOR_ACTIVE,TRAJECTORY_RUNNING,24.0,47,31,0,32.1,47,0,0.0,0.0,0.0,0.0,0.0,0.0
2026-07-30T10:40:47.116,280.891,17,close,ACTUATOR_ACTIVE,TRAJECTORY_RUNNING,24.0,47,31,0,28.54,47,0,0.0,0.0,0.0,0.0,0.0,0.0
2026-07-30T10:40:47.614,281.391,17,close,ACTUATOR_ACTIVE,TRAJECTORY_RUNNING,24.0,47,31,0,31.34,47,0,0.0,0.0,0.0,0.0,0.0,0.0
2026-07-30T10:40:48.110,281.891,17,close,ACTUATOR_ACTIVE,TRAJECTORY_RUNNING,24.0,47,31,0,28.64,47,0,0.0,0.0,0.0,0.0,0.0,0.0
2026-07-30T10:40:48.604,282.391,17,close,ACTUATOR_ACTIVE,TRAJECTORY_RUNNING,24.0,43,31,0,28.72,43,0,0.0,0.0,0.0,0.0,0.0,0.0
2026-07-30T10:40:49.101,282.875,17,close,ACTUATOR_ACTIVE,TRAJECTORY_RUNNING,24.0,43,31,0,29.18,43,0,0.0,0.0,0.0,0.0,0.0,0.0
2026-07-30T10:40:49.617,283.391,17,close,ACTUATOR_ACTIVE,TRAJECTORY_RUNNING,24.0,43,31,0,32.23,43,0,0.0,0.0,0.0,0.0,0.0,0.0
2026-07-30T10:40:50.222,284.0,17,open,ACTUATOR_ACTIVE,TRAJECTORY_RUNNING,24.0,43,31,-2,4.11,43,0,0.0,0.0,0.0,0.0,0.0,0.0
2026-07-30T10:40:50.716,284.5,17,open,ACTUATOR_ACTIVE,TRAJECTORY_RUNNING,24.0,43,27,-11,-1.99,43,0,0.0,0.0,0.0,0.0,0.0,0.0
2026-07-30T10:40:51.213,285.0,17,open,ACTUATOR_ACTIVE,TRAJECTORY_RUNNING,24.0,43,21,-12,-1.56,43,0,0.0,0.0,0.0,0.0,0.0,0.0
2026-07-30T10:40:51.707,285.485,17,open,ACTUATOR_ACTIVE,TRAJECTORY_RUNNING,24.0,43,16,-11,-3.39,43,0,0.0,0.0,0.0,0.0,0.0,0.0
2026-07-30T10:40:52.216,286.0,17,open,ACTUATOR_ACTIVE,TRAJECTORY_RUNNING,24.0,43,10,-11,-2.4,43,0,0.0,0.0,0.0,0.0,0.0,0.0
2026-07-30T10:40:52.715,286.5,17,open,ACTUATOR_ACTIVE,TRAJECTORY_COMPLETE,24.0,44,10,1,0.3,44,0,0.0,0.0,0.0,0.0,0.0,0.0
2026-07-30T10:40:53.209,286.985,17,open,ACTUATOR_ACTIVE,TRAJECTORY_COMPLETE,24.0,44,10,0,0.16,44,0,0.0,0.0,0.0,0.0,0.0,0.0
2026-07-30T10:40:53.721,287.5,17,open,ACTUATOR_ACTIVE,TRAJECTORY_COMPLETE,24.0,44,9,0,-1.07,44,0,0.0,0.0,0.0,0.0,0.0,0.0
2026-07-30T10:40:54.218,288.0,17,open,ACTUATOR_ACTIVE,TRAJECTORY_COMPLETE,24.0,44,9,0,-0.04,44,0,0.0,0.0,0.0,0.0,0.0,0.0
2026-07-30T10:40:54.714,288.5,17,open,ACTUATOR_ACTIVE,TRAJECTORY_COMPLETE,24.0,44,9,0,0.21,44,0,0.0,0.0,0.0,0.0,0.0,0.0
2026-07-30T10:40:55.213,289.0,17,open,ACTUATOR_ACTIVE,TRAJECTORY_COMPLETE,24.0,44,9,0,0.16,44,0,0.0,0.0,0.0,0.0,0.0,0.0
2026-07-30T10:40:55.712,289.485,17,open,ACTUATOR_ACTIVE,TRAJECTORY_COMPLETE,24.0,44,9,0,-0.22,44,0,0.0,0.0,0.0,0.0,0.0,0.0
2026-07-30T10:40:56.223,290.0,17,open,ACTUATOR_ACTIVE,TRAJECTORY_COMPLETE,24.0,44,9,0,0.14,44,0,0.0,0.0,0.0,0.0,0.0,0.0
2026-07-30T10:40:56.720,290.5,17,open,ACTUATOR_ACTIVE,TRAJECTORY_COMPLETE,24.0,46,9,0,0.19,46,0,0.0,0.0,0.0,0.0,0.0,0.0
2026-07-30T10:40:57.215,291.0,17,open,ACTUATOR_ACTIVE,TRAJECTORY_COMPLETE,24.0,46,10,0,0.52,46,0,0.0,0.0,0.0,0.0,0.0,0.0
2026-07-30T10:40:57.708,291.485,17,open,ACTUATOR_ACTIVE,TRAJECTORY_COMPLETE,24.0,46,10,1,0.42,46,0,0.0,0.0,0.0,0.0,0.0,0.0
2026-07-30T10:40:58.330,292.11,18,close,ACTUATOR_ACTIVE,TRAJECTORY_RUNNING,24.0,46,10,6,0.46,46,0,0.0,0.0,0.0,0.0,0.0,0.0
2026-07-30T10:40:58.827,292.61,18,close,ACTUATOR_ACTIVE,TRAJECTORY_RUNNING,24.0,46,12,3,2.47,46,0,0.0,0.0,0.0,0.0,0.0,0.0
2026-07-30T10:40:59.324,293.11,18,close,ACTUATOR_ACTIVE,TRAJECTORY_RUNNING,24.0,46,13,4,1.12,46,0,0.0,0.0,0.0,0.0,0.0,0.0
2026-07-30T10:40:59.821,293.594,18,close,ACTUATOR_ACTIVE,TRAJECTORY_RUNNING,24.0,46,16,4,1.23,46,0,0.0,0.0,0.0,0.0,0.0,0.0
2026-07-30T10:41:00.332,294.11,18,close,ACTUATOR_ACTIVE,TRAJECTORY_RUNNING,24.0,46,19,7,0.63,46,0,0.0,0.0,0.0,0.0,0.0,0.0
2026-07-30T10:41:00.824,294.61,18,close,ACTUATOR_ACTIVE,TRAJECTORY_RUNNING,24.0,45,23,8,1.23,45,0,0.0,0.0,0.0,0.0,0.0,0.0
2026-07-30T10:41:01.322,295.11,18,close,ACTUATOR_ACTIVE,TRAJECTORY_RUNNING,24.0,45,27,8,1.18,45,0,0.0,0.0,0.0,0.0,0.0,0.0
2026-07-30T10:41:01.816,295.594,18,close,ACTUATOR_ACTIVE,TRAJECTORY_RUNNING,24.0,45,30,0,6.5,45,0,0.0,0.0,0.0,0.0,0.0,0.0
2026-07-30T10:41:02.329,296.11,18,close,ACTUATOR_ACTIVE,TRAJECTORY_RUNNING,24.0,45,30,0,2.22,45,0,0.0,0.0,0.0,0.0,0.0,0.0
2026-07-30T10:41:02.823,296.61,18,close,ACTUATOR_ACTIVE,TRAJECTORY_RUNNING,24.0,45,30,-1,2.18,45,0,0.0,0.0,0.0,0.0,0.0,0.0
2026-07-30T10:41:03.314,297.094,18,close,ACTUATOR_ACTIVE,TRAJECTORY_RUNNING,24.0,45,30,0,2.36,45,0,0.0,0.0,0.0,0.0,0.0,0.0
2026-07-30T10:41:03.822,297.61,18,close,ACTUATOR_ACTIVE,TRAJECTORY_RUNNING,24.0,45,30,1,1.83,45,0,0.0,0.0,0.0,0.0,0.0,0.0
2026-07-30T10:41:04.313,298.094,18,close,ACTUATOR_ACTIVE,TRAJECTORY_RUNNING,24.0,45,30,-1,1.74,45,0,0.0,0.0,0.0,0.0,0.0,0.0
2026-07-30T10:41:04.822,298.61,18,close,ACTUATOR_ACTIVE,TRAJECTORY_STOPPED,24.0,38,30,0,2.17,38,0,0.0,0.0,0.0,0.0,0.0,0.0
2026-07-30T10:41:05.319,299.094,18,close,ACTUATOR_ACTIVE,TRAJECTORY_RUNNING,24.0,38,30,0,2.08,38,0,0.0,0.0,0.0,0.0,0.0,0.0
2026-07-30T10:41:05.829,299.61,18,close,ACTUATOR_ACTIVE,TRAJECTORY_RUNNING,24.0,38,30,0,1.74,38,0,0.0,0.0,0.0,0.0,0.0,0.0
2026-07-30T10:41:06.434,300.219,18,open,ACTUATOR_ACTIVE,TRAJECTORY_RUNNING,24.0,38,30,0,0.69,38,0,0.0,0.0,0.0,0.0,0.0,0.0
2026-07-30T10:41:06.926,300.703,18,open,ACTUATOR_ACTIVE,TRAJECTORY_RUNNING,24.0,38,25,-11,-2.22,38,0,0.0,0.0,0.0,0.0,0.0,0.0
2026-07-30T10:41:07.434,301.219,18,open,ACTUATOR_ACTIVE,TRAJECTORY_RUNNING,24.0,38,20,-10,-1.0,38,0,0.0,0.0,0.0,0.0,0.0,0.0
2026-07-30T10:41:07.930,301.703,18,open,ACTUATOR_ACTIVE,TRAJECTORY_RUNNING,24.0,38,14,-10,-2.38,38,0,0.0,0.0,0.0,0.0,0.0,0.0
2026-07-30T10:41:08.438,302.219,18,open,ACTUATOR_ACTIVE,TRAJECTORY_COMPLETE,24.0,44,9,0,0.78,44,0,0.0,0.0,0.0,0.0,0.0,0.0
2026-07-30T10:41:08.937,302.719,18,open,ACTUATOR_ACTIVE,TRAJECTORY_COMPLETE,24.0,44,10,0,0.33,44,0,0.0,0.0,0.0,0.0,0.0,0.0
2026-07-30T10:41:09.431,303.219,18,open,ACTUATOR_ACTIVE,TRAJECTORY_COMPLETE,24.0,44,9,0,0.56,44,0,0.0,0.0,0.0,0.0,0.0,0.0
2026-07-30T10:41:09.926,303.703,18,open,ACTUATOR_ACTIVE,TRAJECTORY_COMPLETE,24.0,44,9,0,-0.51,44,0,0.0,0.0,0.0,0.0,0.0,0.0
2026-07-30T10:41:10.437,304.219,18,open,ACTUATOR_ACTIVE,TRAJECTORY_COMPLETE,24.0,44,9,0,-0.05,44,0,0.0,0.0,0.0,0.0,0.0,0.0
2026-07-30T10:41:10.935,304.719,18,open,ACTUATOR_ACTIVE,TRAJECTORY_COMPLETE,24.0,44,9,0,0.19,44,0,0.0,0.0,0.0,0.0,0.0,0.0
2026-07-30T10:41:11.435,305.219,18,open,ACTUATOR_ACTIVE,TRAJECTORY_COMPLETE,24.0,44,9,-1,0.27,44,0,0.0,0.0,0.0,0.0,0.0,0.0
2026-07-30T10:41:11.933,305.719,18,open,ACTUATOR_ACTIVE,TRAJECTORY_COMPLETE,24.0,44,9,0,-0.13,44,0,0.0,0.0,0.0,0.0,0.0,0.0
2026-07-30T10:41:12.427,306.203,18,open,ACTUATOR_ACTIVE,TRAJECTORY_COMPLETE,24.0,46,9,-1,-0.53,46,0,0.0,0.0,0.0,0.0,0.0,0.0
2026-07-30T10:41:12.934,306.719,18,open,ACTUATOR_ACTIVE,TRAJECTORY_COMPLETE,24.0,46,10,1,0.59,46,0,0.0,0.0,0.0,0.0,0.0,0.0
2026-07-30T10:41:13.427,307.203,18,open,ACTUATOR_ACTIVE,TRAJECTORY_COMPLETE,24.0,46,9,1,0.31,46,0,0.0,0.0,0.0,0.0,0.0,0.0
2026-07-30T10:41:13.937,307.719,18,open,ACTUATOR_ACTIVE,TRAJECTORY_COMPLETE,24.0,46,10,0,0.46,46,0,0.0,0.0,0.0,0.0,0.0,0.0
2026-07-30T10:41:14.546,308.328,19,close,ACTUATOR_ACTIVE,TRAJECTORY_RUNNING,24.0,46,10,6,0.82,46,0,0.0,0.0,0.0,0.0,0.0,0.0
2026-07-30T10:41:15.043,308.828,19,close,ACTUATOR_ACTIVE,TRAJECTORY_RUNNING,24.0,46,12,4,2.3,46,0,0.0,0.0,0.0,0.0,0.0,0.0
2026-07-30T10:41:15.542,309.328,19,close,ACTUATOR_ACTIVE,TRAJECTORY_RUNNING,24.0,46,13,3,0.73,46,0,0.0,0.0,0.0,0.0,0.0,0.0
2026-07-30T10:41:16.032,309.813,19,close,ACTUATOR_ACTIVE,TRAJECTORY_RUNNING,24.0,46,16,6,1.91,46,0,0.0,0.0,0.0,0.0,0.0,0.0
2026-07-30T10:41:16.542,310.328,19,close,ACTUATOR_ACTIVE,TRAJECTORY_RUNNING,24.0,45,19,7,1.92,45,0,0.0,0.0,0.0,0.0,0.0,0.0
2026-07-30T10:41:17.038,310.813,19,close,ACTUATOR_ACTIVE,TRAJECTORY_RUNNING,24.0,45,23,8,1.27,45,0,0.0,0.0,0.0,0.0,0.0,0.0
2026-07-30T10:41:17.551,311.328,19,close,ACTUATOR_ACTIVE,TRAJECTORY_RUNNING,24.0,45,27,8,3.07,45,0,0.0,0.0,0.0,0.0,0.0,0.0
2026-07-30T10:41:18.048,311.828,19,close,ACTUATOR_ACTIVE,TRAJECTORY_RUNNING,24.0,45,30,0,5.58,45,0,0.0,0.0,0.0,0.0,0.0,0.0
2026-07-30T10:41:18.546,312.328,19,close,ACTUATOR_ACTIVE,TRAJECTORY_RUNNING,24.0,45,30,0,2.55,45,0,0.0,0.0,0.0,0.0,0.0,0.0
2026-07-30T10:41:19.039,312.813,19,close,ACTUATOR_ACTIVE,TRAJECTORY_RUNNING,24.0,45,30,0,2.08,45,0,0.0,0.0,0.0,0.0,0.0,0.0
2026-07-30T10:41:19.555,313.328,19,close,ACTUATOR_ACTIVE,TRAJECTORY_RUNNING,24.0,45,30,1,2.03,45,0,0.0,0.0,0.0,0.0,0.0,0.0
2026-07-30T10:41:20.049,313.828,19,close,ACTUATOR_ACTIVE,TRAJECTORY_STOPPED,24.0,45,30,0,2.2,45,0,0.0,0.0,0.0,0.0,0.0,0.0
2026-07-30T10:41:20.547,314.328,19,close,ACTUATOR_ACTIVE,TRAJECTORY_RUNNING,24.0,43,30,0,1.66,43,0,0.0,0.0,0.0,0.0,0.0,0.0
2026-07-30T10:41:21.046,314.828,19,close,ACTUATOR_ACTIVE,TRAJECTORY_RUNNING,24.0,43,30,0,1.89,43,0,0.0,0.0,0.0,0.0,0.0,0.0
2026-07-30T10:41:21.542,315.328,19,close,ACTUATOR_ACTIVE,TRAJECTORY_STOPPED,24.0,43,30,-1,1.85,43,0,0.0,0.0,0.0,0.0,0.0,0.0
2026-07-30T10:41:22.042,315.828,19,close,ACTUATOR_ACTIVE,TRAJECTORY_RUNNING,24.0,43,30,0,2.14,43,0,0.0,0.0,0.0,0.0,0.0,0.0
2026-07-30T10:41:22.651,316.438,19,open,ACTUATOR_ACTIVE,TRAJECTORY_RUNNING,24.0,43,30,0,1.14,43,0,0.0,0.0,0.0,0.0,0.0,0.0
2026-07-30T10:41:23.148,316.922,19,open,ACTUATOR_ACTIVE,TRAJECTORY_RUNNING,24.0,43,25,-11,-1.47,43,0,0.0,0.0,0.0,0.0,0.0,0.0
2026-07-30T10:41:23.662,317.438,19,open,ACTUATOR_ACTIVE,TRAJECTORY_RUNNING,24.0,43,20,-11,-0.96,43,0,0.0,0.0,0.0,0.0,0.0,0.0
2026-07-30T10:41:24.159,317.938,19,open,ACTUATOR_ACTIVE,TRAJECTORY_RUNNING,24.0,43,14,-12,-2.04,43,0,0.0,0.0,0.0,0.0,0.0,0.0
2026-07-30T10:41:24.652,318.438,19,open,ACTUATOR_ACTIVE,TRAJECTORY_COMPLETE,24.0,47,9,3,0.91,47,0,0.0,0.0,0.0,0.0,0.0,0.0
2026-07-30T10:41:25.146,318.922,19,open,ACTUATOR_ACTIVE,TRAJECTORY_COMPLETE,24.0,47,9,0,-0.2,47,0,0.0,0.0,0.0,0.0,0.0,0.0
2026-07-30T10:41:25.659,319.438,19,open,ACTUATOR_ACTIVE,TRAJECTORY_COMPLETE,24.0,47,9,0,0.31,47,0,0.0,0.0,0.0,0.0,0.0,0.0
2026-07-30T10:41:26.155,319.938,19,open,ACTUATOR_ACTIVE,TRAJECTORY_COMPLETE,24.0,47,10,0,0.05,47,0,0.0,0.0,0.0,0.0,0.0,0.0
2026-07-30T10:41:26.645,320.422,19,open,ACTUATOR_ACTIVE,TRAJECTORY_COMPLETE,24.0,47,10,1,0.43,47,0,0.0,0.0,0.0,0.0,0.0,0.0
2026-07-30T10:41:27.160,320.938,19,open,ACTUATOR_ACTIVE,TRAJECTORY_COMPLETE,24.0,47,10,0,0.36,47,0,0.0,0.0,0.0,0.0,0.0,0.0
2026-07-30T10:41:27.655,321.438,19,open,ACTUATOR_ACTIVE,TRAJECTORY_COMPLETE,24.0,47,10,0,0.12,47,0,0.0,0.0,0.0,0.0,0.0,0.0
2026-07-30T10:41:28.148,321.922,19,open,ACTUATOR_ACTIVE,TRAJECTORY_COMPLETE,24.0,47,10,0,-0.16,47,0,0.0,0.0,0.0,0.0,0.0,0.0
2026-07-30T10:41:28.659,322.438,19,open,ACTUATOR_ACTIVE,TRAJECTORY_COMPLETE,24.0,44,10,-1,0.36,44,0,0.0,0.0,0.0,0.0,0.0,0.0
2026-07-30T10:41:29.158,322.938,19,open,ACTUATOR_ACTIVE,TRAJECTORY_COMPLETE,24.0,44,10,0,-0.15,44,0,0.0,0.0,0.0,0.0,0.0,0.0
2026-07-30T10:41:29.657,323.438,19,open,ACTUATOR_ACTIVE,TRAJECTORY_COMPLETE,24.0,44,10,1,-1.12,44,0,0.0,0.0,0.0,0.0,0.0,0.0
2026-07-30T10:41:30.149,323.922,19,open,ACTUATOR_ACTIVE,TRAJECTORY_COMPLETE,24.0,44,10,0,0.28,44,0,0.0,0.0,0.0,0.0,0.0,0.0
2026-07-30T10:41:30.764,324.547,20,close,ACTUATOR_ACTIVE,TRAJECTORY_RUNNING,24.0,44,10,6,2.39,44,0,0.0,0.0,0.0,0.0,0.0,0.0
2026-07-30T10:41:31.260,325.047,20,close,ACTUATOR_ACTIVE,TRAJECTORY_RUNNING,24.0,44,11,3,1.6,44,0,0.0,0.0,0.0,0.0,0.0,0.0
2026-07-30T10:41:31.750,325.531,20,close,ACTUATOR_ACTIVE,TRAJECTORY_RUNNING,24.0,44,13,4,1.74,44,0,0.0,0.0,0.0,0.0,0.0,0.0
2026-07-30T10:41:32.261,326.047,20,close,ACTUATOR_ACTIVE,TRAJECTORY_RUNNING,24.0,44,15,5,2.0,44,0,0.0,0.0,0.0,0.0,0.0,0.0
2026-07-30T10:41:32.759,326.531,20,close,ACTUATOR_ACTIVE,TRAJECTORY_RUNNING,24.0,47,18,7,1.91,47,0,0.0,0.0,0.0,0.0,0.0,0.0
2026-07-30T10:41:33.272,327.047,20,close,ACTUATOR_ACTIVE,TRAJECTORY_RUNNING,24.0,47,22,7,0.87,47,0,0.0,0.0,0.0,0.0,0.0,0.0
2026-07-30T10:41:33.764,327.547,20,close,ACTUATOR_ACTIVE,TRAJECTORY_RUNNING,24.0,47,26,8,1.67,47,0,0.0,0.0,0.0,0.0,0.0,0.0
2026-07-30T10:41:34.263,328.047,20,close,ACTUATOR_ACTIVE,TRAJECTORY_RUNNING,24.0,47,29,6,2.06,47,0,0.0,0.0,0.0,0.0,0.0,0.0
2026-07-30T10:41:34.761,328.547,20,close,ACTUATOR_ACTIVE,TRAJECTORY_RUNNING,24.0,47,30,0,2.67,47,0,0.0,0.0,0.0,0.0,0.0,0.0
2026-07-30T10:41:35.261,329.047,20,close,ACTUATOR_ACTIVE,TRAJECTORY_STOPPED,24.0,47,30,0,2.07,47,0,0.0,0.0,0.0,0.0,0.0,0.0
2026-07-30T10:41:35.755,329.531,20,close,ACTUATOR_ACTIVE,TRAJECTORY_RUNNING,24.0,47,30,0,1.91,47,0,0.0,0.0,0.0,0.0,0.0,0.0
2026-07-30T10:41:36.265,330.047,20,close,ACTUATOR_ACTIVE,TRAJECTORY_RUNNING,24.0,47,30,0,1.84,47,0,0.0,0.0,0.0,0.0,0.0,0.0
2026-07-30T10:41:36.757,330.531,20,close,ACTUATOR_ACTIVE,TRAJECTORY_RUNNING,24.0,44,30,0,2.01,44,0,0.0,0.0,0.0,0.0,0.0,0.0
2026-07-30T10:41:37.270,331.047,20,close,ACTUATOR_ACTIVE,TRAJECTORY_RUNNING,24.0,44,30,-1,2.06,44,0,0.0,0.0,0.0,0.0,0.0,0.0
2026-07-30T10:41:37.763,331.547,20,close,ACTUATOR_ACTIVE,TRAJECTORY_RUNNING,24.0,44,30,0,1.71,44,0,0.0,0.0,0.0,0.0,0.0,0.0
2026-07-30T10:41:38.257,332.031,20,close,ACTUATOR_ACTIVE,TRAJECTORY_RUNNING,24.0,44,30,0,1.87,44,0,0.0,0.0,0.0,0.0,0.0,0.0
2026-07-30T10:41:38.883,332.656,20,open,ACTUATOR_ACTIVE,TRAJECTORY_RUNNING,24.0,44,30,0,0.79,44,0,0.0,0.0,0.0,0.0,0.0,0.0
2026-07-30T10:41:39.393,333.172,20,open,ACTUATOR_ACTIVE,TRAJECTORY_RUNNING,24.0,44,25,-11,-2.42,44,0,0.0,0.0,0.0,0.0,0.0,0.0
2026-07-30T10:41:39.892,333.672,20,open,ACTUATOR_ACTIVE,TRAJECTORY_RUNNING,24.0,44,20,-11,-1.98,44,0,0.0,0.0,0.0,0.0,0.0,0.0
2026-07-30T10:41:40.387,334.172,20,open,ACTUATOR_ACTIVE,TRAJECTORY_RUNNING,24.0,44,14,-12,-2.0,44,0,0.0,0.0,0.0,0.0,0.0,0.0
2026-07-30T10:41:40.881,334.656,20,open,ACTUATOR_ACTIVE,TRAJECTORY_COMPLETE,24.0,46,9,2,0.87,46,0,0.0,0.0,0.0,0.0,0.0,0.0
2026-07-30T10:41:41.389,335.172,20,open,ACTUATOR_ACTIVE,TRAJECTORY_COMPLETE,24.0,46,10,0,0.72,46,0,0.0,0.0,0.0,0.0,0.0,0.0
2026-07-30T10:41:41.884,335.656,20,open,ACTUATOR_ACTIVE,TRAJECTORY_COMPLETE,24.0,46,10,0,0.19,46,0,0.0,0.0,0.0,0.0,0.0,0.0
2026-07-30T10:41:42.397,336.172,20,open,ACTUATOR_ACTIVE,TRAJECTORY_COMPLETE,24.0,46,9,0,-0.16,46,0,0.0,0.0,0.0,0.0,0.0,0.0
2026-07-30T10:41:42.895,336.672,20,open,ACTUATOR_ACTIVE,TRAJECTORY_COMPLETE,24.0,46,9,0,-1.57,46,0,0.0,0.0,0.0,0.0,0.0,0.0
2026-07-30T10:41:43.391,337.172,20,open,ACTUATOR_ACTIVE,TRAJECTORY_COMPLETE,24.0,46,9,0,0.07,46,0,0.0,0.0,0.0,0.0,0.0,0.0
2026-07-30T10:41:43.882,337.656,20,open,ACTUATOR_ACTIVE,TRAJECTORY_COMPLETE,24.0,46,9,0,0.49,46,0,0.0,0.0,0.0,0.0,0.0,0.0
2026-07-30T10:41:44.393,338.172,20,open,ACTUATOR_ACTIVE,TRAJECTORY_COMPLETE,24.0,46,9,0,-0.61,46,0,0.0,0.0,0.0,0.0,0.0,0.0
2026-07-30T10:41:44.891,338.672,20,open,ACTUATOR_ACTIVE,TRAJECTORY_COMPLETE,24.0,46,9,0,-0.15,46,0,0.0,0.0,0.0,0.0,0.0,0.0
2026-07-30T10:41:45.385,339.172,20,open,ACTUATOR_ACTIVE,TRAJECTORY_COMPLETE,24.0,46,9,0,-0.49,46,0,0.0,0.0,0.0,0.0,0.0,0.0
2026-07-30T10:41:45.884,339.656,20,open,ACTUATOR_ACTIVE,TRAJECTORY_COMPLETE,24.0,46,9,0,0.22,46,0,0.0,0.0,0.0,0.0,0.0,0.0
2026-07-30T10:41:46.391,340.172,20,open,ACTUATOR_ACTIVE,TRAJECTORY_COMPLETE,24.0,46,9,0,-0.15,46,0,0.0,0.0,0.0,0.0,0.0,0.0
2026-07-30T10:41:46.994,340.781,21,close,ACTUATOR_ACTIVE,TRAJECTORY_RUNNING,24.0,46,10,7,1.56,46,0,0.0,0.0,0.0,0.0,0.0,0.0
2026-07-30T10:41:47.489,341.266,21,close,ACTUATOR_ACTIVE,TRAJECTORY_RUNNING,24.0,46,11,3,2.3,46,0,0.0,0.0,0.0,0.0,0.0,0.0
2026-07-30T10:41:48.004,341.781,21,close,ACTUATOR_ACTIVE,TRAJECTORY_RUNNING,24.0,46,13,5,1.08,46,0,0.0,0.0,0.0,0.0,0.0,0.0
2026-07-30T10:41:48.497,342.281,21,close,ACTUATOR_ACTIVE,TRAJECTORY_RUNNING,24.0,41,16,6,2.07,41,0,0.0,0.0,0.0,0.0,0.0,0.0
2026-07-30T10:41:48.990,342.766,21,close,ACTUATOR_ACTIVE,TRAJECTORY_RUNNING,24.0,41,19,6,0.57,41,0,0.0,0.0,0.0,0.0,0.0,0.0
2026-07-30T10:41:49.498,343.281,21,close,ACTUATOR_ACTIVE,TRAJECTORY_RUNNING,24.0,41,23,8,0.78,41,0,0.0,0.0,0.0,0.0,0.0,0.0
2026-07-30T10:41:49.991,343.766,21,close,ACTUATOR_ACTIVE,TRAJECTORY_RUNNING,24.0,41,26,7,3.1,41,0,0.0,0.0,0.0,0.0,0.0,0.0
2026-07-30T10:41:50.504,344.281,21,close,ACTUATOR_ACTIVE,TRAJECTORY_RUNNING,24.0,41,30,0,6.25,41,0,0.0,0.0,0.0,0.0,0.0,0.0
2026-07-30T10:41:51.002,344.781,21,close,ACTUATOR_ACTIVE,TRAJECTORY_RUNNING,24.0,41,30,2,2.77,41,0,0.0,0.0,0.0,0.0,0.0,0.0
2026-07-30T10:41:51.496,345.281,21,close,ACTUATOR_ACTIVE,TRAJECTORY_RUNNING,24.0,41,30,0,3.07,41,0,0.0,0.0,0.0,0.0,0.0,0.0
2026-07-30T10:41:51.985,345.766,21,close,ACTUATOR_ACTIVE,TRAJECTORY_RUNNING,24.0,41,30,0,1.42,41,0,0.0,0.0,0.0,0.0,0.0,0.0
2026-07-30T10:41:52.501,346.281,21,close,ACTUATOR_ACTIVE,TRAJECTORY_RUNNING,24.0,44,30,0,2.12,44,0,0.0,0.0,0.0,0.0,0.0,0.0
2026-07-30T10:41:52.995,346.781,21,close,ACTUATOR_ACTIVE,TRAJECTORY_RUNNING,24.0,44,30,0,2.02,44,0,0.0,0.0,0.0,0.0,0.0,0.0
2026-07-30T10:41:53.487,347.266,21,close,ACTUATOR_ACTIVE,TRAJECTORY_STOPPED,24.0,44,30,0,1.75,44,0,0.0,0.0,0.0,0.0,0.0,0.0
2026-07-30T10:41:53.998,347.781,21,close,ACTUATOR_ACTIVE,TRAJECTORY_RUNNING,24.0,44,30,0,1.92,44,0,0.0,0.0,0.0,0.0,0.0,0.0
2026-07-30T10:41:54.494,348.281,21,close,ACTUATOR_ACTIVE,TRAJECTORY_RUNNING,24.0,44,30,-1,2.12,44,0,0.0,0.0,0.0,0.0,0.0,0.0
2026-07-30T10:41:55.098,348.875,21,open,ACTUATOR_ACTIVE,TRAJECTORY_RUNNING,24.0,44,30,0,0.77,44,0,0.0,0.0,0.0,0.0,0.0,0.0
2026-07-30T10:41:55.609,349.391,21,open,ACTUATOR_ACTIVE,TRAJECTORY_RUNNING,24.0,44,25,-11,-1.21,44,0,0.0,0.0,0.0,0.0,0.0,0.0
2026-07-30T10:41:56.107,349.891,21,open,ACTUATOR_ACTIVE,TRAJECTORY_RUNNING,24.0,44,20,-11,-1.95,44,0,0.0,0.0,0.0,0.0,0.0,0.0
2026-07-30T10:41:56.602,350.375,21,open,ACTUATOR_ACTIVE,TRAJECTORY_RUNNING,24.0,43,14,-12,-2.17,43,0,0.0,0.0,0.0,0.0,0.0,0.0
2026-07-30T10:41:57.115,350.891,21,open,ACTUATOR_ACTIVE,TRAJECTORY_COMPLETE,24.0,43,9,1,1.17,43,0,0.0,0.0,0.0,0.0,0.0,0.0
2026-07-30T10:41:57.609,351.391,21,open,ACTUATOR_ACTIVE,TRAJECTORY_COMPLETE,24.0,43,10,0,0.37,43,0,0.0,0.0,0.0,0.0,0.0,0.0
2026-07-30T10:41:58.108,351.891,21,open,ACTUATOR_ACTIVE,TRAJECTORY_COMPLETE,24.0,43,9,0,0.26,43,0,0.0,0.0,0.0,0.0,0.0,0.0
2026-07-30T10:41:58.600,352.375,21,open,ACTUATOR_ACTIVE,TRAJECTORY_COMPLETE,24.0,43,9,-1,-0.47,43,0,0.0,0.0,0.0,0.0,0.0,0.0
2026-07-30T10:41:59.117,352.891,21,open,ACTUATOR_ACTIVE,TRAJECTORY_COMPLETE,24.0,43,9,0,0.29,43,0,0.0,0.0,0.0,0.0,0.0,0.0
2026-07-30T10:41:59.616,353.391,21,open,ACTUATOR_ACTIVE,TRAJECTORY_COMPLETE,24.0,43,9,0,-0.31,43,0,0.0,0.0,0.0,0.0,0.0,0.0
2026-07-30T10:42:00.115,353.891,21,open,ACTUATOR_ACTIVE,TRAJECTORY_COMPLETE,24.0,43,9,0,-0.02,43,0,0.0,0.0,0.0,0.0,0.0,0.0
2026-07-30T10:42:00.610,354.391,21,open,ACTUATOR_ACTIVE,TRAJECTORY_COMPLETE,24.0,47,9,-1,-0.33,47,0,0.0,0.0,0.0,0.0,0.0,0.0
2026-07-30T10:42:01.109,354.891,21,open,ACTUATOR_ACTIVE,TRAJECTORY_COMPLETE,24.0,47,9,0,-0.05,47,0,0.0,0.0,0.0,0.0,0.0,0.0
2026-07-30T10:42:01.607,355.391,21,open,ACTUATOR_ACTIVE,TRAJECTORY_COMPLETE,24.0,47,9,0,0.14,47,0,0.0,0.0,0.0,0.0,0.0,0.0
2026-07-30T10:42:02.100,355.875,21,open,ACTUATOR_ACTIVE,TRAJECTORY_COMPLETE,24.0,47,9,0,0.33,47,0,0.0,0.0,0.0,0.0,0.0,0.0
2026-07-30T10:42:02.609,356.391,21,open,ACTUATOR_ACTIVE,TRAJECTORY_COMPLETE,24.0,47,10,0,0.42,47,0,0.0,0.0,0.0,0.0,0.0,0.0
2026-07-30T10:42:03.210,356.985,22,close,ACTUATOR_ACTIVE,TRAJECTORY_RUNNING,24.0,47,10,7,2.38,47,0,0.0,0.0,0.0,0.0,0.0,0.0
2026-07-30T10:42:03.723,357.5,22,close,ACTUATOR_ACTIVE,TRAJECTORY_RUNNING,24.0,47,11,3,2.18,47,0,0.0,0.0,0.0,0.0,0.0,0.0
2026-07-30T10:42:04.221,358.0,22,close,ACTUATOR_ACTIVE,TRAJECTORY_RUNNING,24.0,47,13,4,1.93,47,0,0.0,0.0,0.0,0.0,0.0,0.0
2026-07-30T10:42:04.717,358.5,22,close,ACTUATOR_ACTIVE,TRAJECTORY_RUNNING,24.0,42,16,4,1.65,42,0,0.0,0.0,0.0,0.0,0.0,0.0
2026-07-30T10:42:05.213,359.0,22,close,ACTUATOR_ACTIVE,TRAJECTORY_RUNNING,24.0,42,19,7,2.65,42,0,0.0,0.0,0.0,0.0,0.0,0.0
2026-07-30T10:42:05.708,359.485,22,close,ACTUATOR_ACTIVE,TRAJECTORY_RUNNING,24.0,42,22,8,1.54,42,0,0.0,0.0,0.0,0.0,0.0,0.0
2026-07-30T10:42:06.218,360.0,22,close,ACTUATOR_ACTIVE,TRAJECTORY_RUNNING,24.0,42,26,8,2.0,42,0,0.0,0.0,0.0,0.0,0.0,0.0
2026-07-30T10:42:06.716,360.5,22,close,ACTUATOR_ACTIVE,TRAJECTORY_RUNNING,24.0,42,30,2,5.46,42,0,0.0,0.0,0.0,0.0,0.0,0.0
2026-07-30T10:42:07.214,361.0,22,close,ACTUATOR_ACTIVE,TRAJECTORY_RUNNING,24.0,42,30,-1,2.48,42,0,0.0,0.0,0.0,0.0,0.0,0.0
2026-07-30T10:42:07.714,361.5,22,close,ACTUATOR_ACTIVE,TRAJECTORY_STOPPED,24.0,42,30,0,2.17,42,0,0.0,0.0,0.0,0.0,0.0,0.0
2026-07-30T10:42:08.215,362.0,22,close,ACTUATOR_ACTIVE,TRAJECTORY_RUNNING,24.0,42,30,0,2.81,42,0,0.0,0.0,0.0,0.0,0.0,0.0
2026-07-30T10:42:08.711,362.485,22,close,ACTUATOR_ACTIVE,TRAJECTORY_RUNNING,24.0,40,30,0,1.63,40,0,0.0,0.0,0.0,0.0,0.0,0.0
2026-07-30T10:42:09.222,363.0,22,close,ACTUATOR_ACTIVE,TRAJECTORY_RUNNING,24.0,40,30,-1,2.22,40,0,0.0,0.0,0.0,0.0,0.0,0.0
2026-07-30T10:42:09.718,363.5,22,close,ACTUATOR_ACTIVE,TRAJECTORY_RUNNING,24.0,40,30,0,1.99,40,0,0.0,0.0,0.0,0.0,0.0,0.0
2026-07-30T10:42:10.215,364.0,22,close,ACTUATOR_ACTIVE,TRAJECTORY_STOPPED,24.0,40,30,0,1.78,40,0,0.0,0.0,0.0,0.0,0.0,0.0
2026-07-30T10:42:10.709,364.485,22,close,ACTUATOR_ACTIVE,TRAJECTORY_RUNNING,24.0,40,30,0,1.82,40,0,0.0,0.0,0.0,0.0,0.0,0.0
2026-07-30T10:42:11.331,365.11,22,open,ACTUATOR_ACTIVE,TRAJECTORY_RUNNING,24.0,40,30,1,0.75,40,0,0.0,0.0,0.0,0.0,0.0,0.0
2026-07-30T10:42:11.826,365.61,22,open,ACTUATOR_ACTIVE,TRAJECTORY_RUNNING,24.0,40,30,-1,-0.5,40,0,0.0,0.0,0.0,0.0,0.0,0.0
2026-07-30T10:42:12.327,366.11,22,open,ACTUATOR_ACTIVE,TRAJECTORY_RUNNING,24.0,40,29,-1,-1.15,40,0,0.0,0.0,0.0,0.0,0.0,0.0
2026-07-30T10:42:12.822,366.61,22,open,ACTUATOR_ACTIVE,TRAJECTORY_RUNNING,24.0,41,28,-3,-0.84,41,0,0.0,0.0,0.0,0.0,0.0,0.0
2026-07-30T10:42:13.319,367.094,22,open,ACTUATOR_ACTIVE,TRAJECTORY_RUNNING,24.0,41,26,-4,-0.73,41,0,0.0,0.0,0.0,0.0,0.0,0.0
2026-07-30T10:42:13.827,367.61,22,open,ACTUATOR_ACTIVE,TRAJECTORY_RUNNING,24.0,41,23,-6,-0.66,41,0,0.0,0.0,0.0,0.0,0.0,0.0
2026-07-30T10:42:14.325,368.11,22,open,ACTUATOR_ACTIVE,TRAJECTORY_RUNNING,24.0,41,19,-8,-1.0,41,0,0.0,0.0,0.0,0.0,0.0,0.0
2026-07-30T10:42:14.820,368.594,22,open,ACTUATOR_ACTIVE,TRAJECTORY_RUNNING,24.0,41,15,-9,-1.38,41,0,0.0,0.0,0.0,0.0,0.0,0.0
2026-07-30T10:42:15.330,369.11,22,open,ACTUATOR_ACTIVE,TRAJECTORY_RUNNING,24.0,41,10,-10,-2.65,41,0,0.0,0.0,0.0,0.0,0.0,0.0
2026-07-30T10:42:15.820,369.594,22,open,ACTUATOR_ACTIVE,TRAJECTORY_RUNNING,24.0,41,8,0,-0.8,41,0,0.0,0.0,0.0,0.0,0.0,0.0
2026-07-30T10:42:16.330,370.11,22,open,ACTUATOR_ACTIVE,TRAJECTORY_RUNNING,24.0,41,8,0,0.34,41,0,0.0,0.0,0.0,0.0,0.0,0.0
2026-07-30T10:42:16.825,370.61,22,open,ACTUATOR_ACTIVE,TRAJECTORY_RUNNING,24.0,43,9,0,1.13,43,0,0.0,0.0,0.0,0.0,0.0,0.0
2026-07-30T10:42:17.317,371.094,22,open,ACTUATOR_ACTIVE,TRAJECTORY_RUNNING,24.0,43,9,0,2.26,43,0,0.0,0.0,0.0,0.0,0.0,0.0
2026-07-30T10:42:17.831,371.61,22,open,ACTUATOR_ACTIVE,TRAJECTORY_RUNNING,24.0,43,9,0,1.98,43,0,0.0,0.0,0.0,0.0,0.0,0.0
2026-07-30T10:42:18.325,372.11,22,open,ACTUATOR_ACTIVE,TRAJECTORY_RUNNING,24.0,43,9,0,1.9,43,0,0.0,0.0,0.0,0.0,0.0,0.0
2026-07-30T10:42:18.824,372.61,22,open,ACTUATOR_ACTIVE,TRAJECTORY_RUNNING,24.0,43,9,1,1.8,43,0,0.0,0.0,0.0,0.0,0.0,0.0
2026-07-30T10:42:19.431,373.203,23,close,ACTUATOR_ACTIVE,TRAJECTORY_RUNNING,24.0,43,9,7,0.94,43,0,0.0,0.0,0.0,0.0,0.0,0.0
2026-07-30T10:42:19.942,373.719,23,close,ACTUATOR_ACTIVE,TRAJECTORY_RUNNING,24.0,43,12,5,2.53,43,0,0.0,0.0,0.0,0.0,0.0,0.0
2026-07-30T10:42:20.434,374.219,23,close,ACTUATOR_ACTIVE,TRAJECTORY_RUNNING,24.0,43,15,7,1.13,43,0,0.0,0.0,0.0,0.0,0.0,0.0
2026-07-30T10:42:20.931,374.719,23,close,ACTUATOR_ACTIVE,TRAJECTORY_RUNNING,24.0,43,18,8,1.88,43,0,0.0,0.0,0.0,0.0,0.0,0.0
2026-07-30T10:42:21.427,375.203,23,close,ACTUATOR_ACTIVE,TRAJECTORY_RUNNING,24.0,43,22,8,2.0,43,0,0.0,0.0,0.0,0.0,0.0,0.0
2026-07-30T10:42:21.940,375.719,23,close,ACTUATOR_ACTIVE,TRAJECTORY_RUNNING,24.0,43,26,6,1.74,43,0,0.0,0.0,0.0,0.0,0.0,0.0
2026-07-30T10:42:22.436,376.219,23,close,ACTUATOR_ACTIVE,TRAJECTORY_RUNNING,24.0,43,29,4,3.09,43,0,0.0,0.0,0.0,0.0,0.0,0.0
2026-07-30T10:42:22.933,376.719,23,close,ACTUATOR_ACTIVE,TRAJECTORY_RUNNING,24.0,43,30,0,2.55,43,0,0.0,0.0,0.0,0.0,0.0,0.0
2026-07-30T10:42:23.428,377.203,23,close,ACTUATOR_ACTIVE,TRAJECTORY_RUNNING,24.0,43,30,0,2.14,43,0,0.0,0.0,0.0,0.0,0.0,0.0
2026-07-30T10:42:23.941,377.719,23,close,ACTUATOR_ACTIVE,TRAJECTORY_RUNNING,24.0,43,30,0,2.1,43,0,0.0,0.0,0.0,0.0,0.0,0.0
2026-07-30T10:42:24.439,378.219,23,close,ACTUATOR_ACTIVE,TRAJECTORY_STOPPED,24.0,45,30,0,1.84,45,0,0.0,0.0,0.0,0.0,0.0,0.0
2026-07-30T10:42:24.936,378.719,23,close,ACTUATOR_ACTIVE,TRAJECTORY_RUNNING,24.0,45,30,0,2.52,45,0,0.0,0.0,0.0,0.0,0.0,0.0
2026-07-30T10:42:25.434,379.219,23,close,ACTUATOR_ACTIVE,TRAJECTORY_RUNNING,24.0,45,30,0,2.55,45,0,0.0,0.0,0.0,0.0,0.0,0.0
2026-07-30T10:42:25.925,379.703,23,close,ACTUATOR_ACTIVE,TRAJECTORY_RUNNING,24.0,45,30,0,1.59,45,0,0.0,0.0,0.0,0.0,0.0,0.0
2026-07-30T10:42:26.434,380.219,23,close,ACTUATOR_ACTIVE,TRAJECTORY_RUNNING,24.0,45,30,-1,1.76,45,0,0.0,0.0,0.0,0.0,0.0,0.0
2026-07-30T10:42:26.931,380.719,23,close,ACTUATOR_ACTIVE,TRAJECTORY_RUNNING,24.0,45,30,0,1.87,45,0,0.0,0.0,0.0,0.0,0.0,0.0
2026-07-30T10:42:27.538,381.313,23,open,ACTUATOR_ACTIVE,TRAJECTORY_RUNNING,24.0,45,30,0,0.89,45,0,0.0,0.0,0.0,0.0,0.0,0.0
2026-07-30T10:42:28.043,381.828,23,open,ACTUATOR_ACTIVE,TRAJECTORY_RUNNING,24.0,45,25,-12,-2.29,45,0,0.0,0.0,0.0,0.0,0.0,0.0
2026-07-30T10:42:28.539,382.313,23,open,ACTUATOR_ACTIVE,TRAJECTORY_RUNNING,24.0,42,20,-12,-0.92,42,0,0.0,0.0,0.0,0.0,0.0,0.0
2026-07-30T10:42:29.051,382.828,23,open,ACTUATOR_ACTIVE,TRAJECTORY_RUNNING,24.0,42,14,-11,-2.25,42,0,0.0,0.0,0.0,0.0,0.0,0.0
2026-07-30T10:42:29.547,383.328,23,open,ACTUATOR_ACTIVE,TRAJECTORY_COMPLETE,24.0,42,9,0,0.69,42,0,0.0,0.0,0.0,0.0,0.0,0.0
2026-07-30T10:42:30.045,383.828,23,open,ACTUATOR_ACTIVE,TRAJECTORY_COMPLETE,24.0,42,10,0,0.56,42,0,0.0,0.0,0.0,0.0,0.0,0.0
2026-07-30T10:42:30.538,384.313,23,open,ACTUATOR_ACTIVE,TRAJECTORY_COMPLETE,24.0,42,10,1,1.35,42,0,0.0,0.0,0.0,0.0,0.0,0.0
2026-07-30T10:42:31.051,384.828,23,open,ACTUATOR_ACTIVE,TRAJECTORY_COMPLETE,24.0,42,10,-1,0.12,42,0,0.0,0.0,0.0,0.0,0.0,0.0
2026-07-30T10:42:31.541,385.328,23,open,ACTUATOR_ACTIVE,TRAJECTORY_COMPLETE,24.0,42,10,0,0.55,42,0,0.0,0.0,0.0,0.0,0.0,0.0
2026-07-30T10:42:32.041,385.828,23,open,ACTUATOR_ACTIVE,TRAJECTORY_COMPLETE,24.0,42,10,0,0.57,42,0,0.0,0.0,0.0,0.0,0.0,0.0
2026-07-30T10:42:32.532,386.313,23,open,ACTUATOR_ACTIVE,TRAJECTORY_COMPLETE,24.0,40,9,0,0.53,40,0,0.0,0.0,0.0,0.0,0.0,0.0
2026-07-30T10:42:33.033,386.813,23,open,ACTUATOR_ACTIVE,TRAJECTORY_COMPLETE,24.0,40,9,0,-0.43,40,0,0.0,0.0,0.0,0.0,0.0,0.0
2026-07-30T10:42:33.541,387.328,23,open,ACTUATOR_ACTIVE,TRAJECTORY_COMPLETE,24.0,40,10,0,-0.04,40,0,0.0,0.0,0.0,0.0,0.0,0.0
2026-07-30T10:42:34.037,387.813,23,open,ACTUATOR_ACTIVE,TRAJECTORY_COMPLETE,24.0,40,10,0,-0.04,40,0,0.0,0.0,0.0,0.0,0.0,0.0
2026-07-30T10:42:34.551,388.328,23,open,ACTUATOR_ACTIVE,TRAJECTORY_COMPLETE,24.0,40,10,0,-0.09,40,0,0.0,0.0,0.0,0.0,0.0,0.0
2026-07-30T10:42:35.047,388.828,23,open,ACTUATOR_ACTIVE,TRAJECTORY_COMPLETE,24.0,40,10,0,-0.31,40,0,0.0,0.0,0.0,0.0,0.0,0.0
2026-07-30T10:42:35.650,389.422,24,close,ACTUATOR_ACTIVE,TRAJECTORY_RUNNING,24.0,40,10,5,2.08,40,0,0.0,0.0,0.0,0.0,0.0,0.0
2026-07-30T10:42:36.154,389.938,24,close,ACTUATOR_ACTIVE,TRAJECTORY_RUNNING,24.0,40,11,2,1.62,40,0,0.0,0.0,0.0,0.0,0.0,0.0
2026-07-30T10:42:36.644,390.422,24,close,ACTUATOR_ACTIVE,TRAJECTORY_RUNNING,24.0,43,13,3,1.41,43,0,0.0,0.0,0.0,0.0,0.0,0.0
2026-07-30T10:42:37.158,390.938,24,close,ACTUATOR_ACTIVE,TRAJECTORY_RUNNING,24.0,43,15,6,1.03,43,0,0.0,0.0,0.0,0.0,0.0,0.0
2026-07-30T10:42:37.653,391.438,24,close,ACTUATOR_ACTIVE,TRAJECTORY_RUNNING,24.0,43,18,8,0.76,43,0,0.0,0.0,0.0,0.0,0.0,0.0
2026-07-30T10:42:38.148,391.922,24,close,ACTUATOR_ACTIVE,TRAJECTORY_RUNNING,24.0,43,22,7,2.51,43,0,0.0,0.0,0.0,0.0,0.0,0.0
2026-07-30T10:42:38.658,392.438,24,close,ACTUATOR_ACTIVE,TRAJECTORY_RUNNING,24.0,43,26,9,2.63,43,0,0.0,0.0,0.0,0.0,0.0,0.0
2026-07-30T10:42:39.153,392.938,24,close,ACTUATOR_ACTIVE,TRAJECTORY_RUNNING,24.0,43,30,4,4.7,43,0,0.0,0.0,0.0,0.0,0.0,0.0
2026-07-30T10:42:39.646,393.422,24,close,ACTUATOR_ACTIVE,TRAJECTORY_RUNNING,24.0,43,30,0,2.66,43,0,0.0,0.0,0.0,0.0,0.0,0.0
2026-07-30T10:42:40.159,393.938,24,close,ACTUATOR_ACTIVE,TRAJECTORY_RUNNING,24.0,43,30,0,2.05,43,0,0.0,0.0,0.0,0.0,0.0,0.0
2026-07-30T10:42:40.655,394.438,24,close,ACTUATOR_ACTIVE,TRAJECTORY_RUNNING,24.0,43,30,0,2.34,43,0,0.0,0.0,0.0,0.0,0.0,0.0
2026-07-30T10:42:41.148,394.922,24,close,ACTUATOR_ACTIVE,TRAJECTORY_RUNNING,24.0,43,30,0,1.89,43,0,0.0,0.0,0.0,0.0,0.0,0.0
2026-07-30T10:42:41.651,395.438,24,close,ACTUATOR_ACTIVE,TRAJECTORY_RUNNING,24.0,43,30,0,2.07,43,0,0.0,0.0,0.0,0.0,0.0,0.0
2026-07-30T10:42:42.148,395.922,24,close,ACTUATOR_ACTIVE,TRAJECTORY_RUNNING,24.0,43,30,0,1.84,43,0,0.0,0.0,0.0,0.0,0.0,0.0
2026-07-30T10:42:42.662,396.438,24,close,ACTUATOR_ACTIVE,TRAJECTORY_RUNNING,24.0,43,30,1,2.08,43,0,0.0,0.0,0.0,0.0,0.0,0.0
2026-07-30T10:42:43.159,396.938,24,close,ACTUATOR_ACTIVE,TRAJECTORY_RUNNING,24.0,43,30,0,2.01,43,0,0.0,0.0,0.0,0.0,0.0,0.0
2026-07-30T10:42:43.762,397.547,24,open,ACTUATOR_ACTIVE,TRAJECTORY_RUNNING,24.0,43,30,0,1.26,43,0,0.0,0.0,0.0,0.0,0.0,0.0
2026-07-30T10:42:44.253,398.031,24,open,ACTUATOR_ACTIVE,TRAJECTORY_RUNNING,24.0,43,26,-11,-1.53,43,0,0.0,0.0,0.0,0.0,0.0,0.0
2026-07-30T10:42:44.758,398.531,24,open,ACTUATOR_ACTIVE,TRAJECTORY_RUNNING,24.0,45,20,-11,-0.7,45,0,0.0,0.0,0.0,0.0,0.0,0.0
2026-07-30T10:42:45.273,399.047,24,open,ACTUATOR_ACTIVE,TRAJECTORY_RUNNING,24.0,45,14,-11,-1.9,45,0,0.0,0.0,0.0,0.0,0.0,0.0
2026-07-30T10:42:45.767,399.547,24,open,ACTUATOR_ACTIVE,TRAJECTORY_COMPLETE,24.0,45,9,0,0.37,45,0,0.0,0.0,0.0,0.0,0.0,0.0
2026-07-30T10:42:46.262,400.047,24,open,ACTUATOR_ACTIVE,TRAJECTORY_COMPLETE,24.0,45,10,0,0.39,45,0,0.0,0.0,0.0,0.0,0.0,0.0
2026-07-30T10:42:46.747,400.531,24,open,ACTUATOR_ACTIVE,TRAJECTORY_COMPLETE,24.0,45,9,-1,0.32,45,0,0.0,0.0,0.0,0.0,0.0,0.0
2026-07-30T10:42:47.256,401.031,24,open,ACTUATOR_ACTIVE,TRAJECTORY_COMPLETE,24.0,45,10,0,0.41,45,0,0.0,0.0,0.0,0.0,0.0,0.0
2026-07-30T10:42:47.768,401.547,24,open,ACTUATOR_ACTIVE,TRAJECTORY_COMPLETE,24.0,45,10,0,-0.39,45,0,0.0,0.0,0.0,0.0,0.0,0.0
2026-07-30T10:42:48.266,402.047,24,open,ACTUATOR_ACTIVE,TRAJECTORY_COMPLETE,24.0,45,10,-1,0.75,45,0,0.0,0.0,0.0,0.0,0.0,0.0
2026-07-30T10:42:48.760,402.547,24,open,ACTUATOR_ACTIVE,TRAJECTORY_COMPLETE,24.0,43,10,-1,-0.15,43,0,0.0,0.0,0.0,0.0,0.0,0.0
2026-07-30T10:42:49.252,403.031,24,open,ACTUATOR_ACTIVE,TRAJECTORY_COMPLETE,24.0,43,10,0,0.17,43,0,0.0,0.0,0.0,0.0,0.0,0.0
2026-07-30T10:42:49.763,403.547,24,open,ACTUATOR_ACTIVE,TRAJECTORY_COMPLETE,24.0,43,10,0,-0.41,43,0,0.0,0.0,0.0,0.0,0.0,0.0
2026-07-30T10:42:50.254,404.031,24,open,ACTUATOR_ACTIVE,TRAJECTORY_COMPLETE,24.0,43,10,0,-0.03,43,0,0.0,0.0,0.0,0.0,0.0,0.0
2026-07-30T10:42:50.767,404.547,24,open,ACTUATOR_ACTIVE,TRAJECTORY_COMPLETE,24.0,43,10,1,0.03,43,0,0.0,0.0,0.0,0.0,0.0,0.0
2026-07-30T10:42:51.263,405.047,24,open,ACTUATOR_ACTIVE,TRAJECTORY_COMPLETE,24.0,43,10,1,0.13,43,0,0.0,0.0,0.0,0.0,0.0,0.0
2026-07-30T10:42:51.871,405.656,25,close,ACTUATOR_ACTIVE,TRAJECTORY_RUNNING,24.0,43,10,6,1.23,43,0,0.0,0.0,0.0,0.0,0.0,0.0
2026-07-30T10:42:52.369,406.156,25,close,ACTUATOR_ACTIVE,TRAJECTORY_RUNNING,24.0,43,14,9,2.67,43,0,0.0,0.0,0.0,0.0,0.0,0.0
2026-07-30T10:42:52.865,406.641,25,close,ACTUATOR_ACTIVE,TRAJECTORY_RUNNING,24.0,40,19,9,1.56,40,0,0.0,0.0,0.0,0.0,0.0,0.0
2026-07-30T10:42:53.379,407.156,25,close,ACTUATOR_ACTIVE,TRAJECTORY_RUNNING,24.0,40,23,8,2.59,40,0,0.0,0.0,0.0,0.0,0.0,0.0
2026-07-30T10:42:53.873,407.656,25,close,ACTUATOR_ACTIVE,TRAJECTORY_RUNNING,24.0,40,28,10,2.42,40,0,0.0,0.0,0.0,0.0,0.0,0.0
2026-07-30T10:42:54.366,408.141,25,close,ACTUATOR_ACTIVE,TRAJECTORY_RUNNING,24.0,40,31,2,23.65,40,0,0.0,0.0,0.0,0.0,0.0,0.0
2026-07-30T10:42:54.877,408.656,25,close,ACTUATOR_ACTIVE,TRAJECTORY_RUNNING,24.0,40,31,0,29.27,40,0,0.0,0.0,0.0,0.0,0.0,0.0
2026-07-30T10:42:55.376,409.156,25,close,ACTUATOR_ACTIVE,TRAJECTORY_RUNNING,24.0,40,31,0,31.43,40,0,0.0,0.0,0.0,0.0,0.0,0.0
2026-07-30T10:42:55.870,409.656,25,close,ACTUATOR_ACTIVE,TRAJECTORY_RUNNING,24.0,40,31,0,28.74,40,0,0.0,0.0,0.0,0.0,0.0,0.0
2026-07-30T10:42:56.367,410.141,25,close,ACTUATOR_ACTIVE,TRAJECTORY_RUNNING,24.0,40,31,0,30.75,40,0,0.0,0.0,0.0,0.0,0.0,0.0
2026-07-30T10:42:56.882,410.656,25,close,ACTUATOR_ACTIVE,TRAJECTORY_RUNNING,24.0,45,31,0,29.84,45,0,0.0,0.0,0.0,0.0,0.0,0.0
2026-07-30T10:42:57.377,411.156,25,close,ACTUATOR_ACTIVE,TRAJECTORY_RUNNING,24.0,45,31,1,30.87,45,0,0.0,0.0,0.0,0.0,0.0,0.0
2026-07-30T10:42:57.875,411.656,25,close,ACTUATOR_ACTIVE,TRAJECTORY_RUNNING,24.0,45,31,0,29.77,45,0,0.0,0.0,0.0,0.0,0.0,0.0
2026-07-30T10:42:58.369,412.156,25,close,ACTUATOR_ACTIVE,TRAJECTORY_RUNNING,24.0,45,31,0,26.82,45,0,0.0,0.0,0.0,0.0,0.0,0.0
2026-07-30T10:42:58.869,412.656,25,close,ACTUATOR_ACTIVE,TRAJECTORY_RUNNING,24.0,45,31,0,32.0,45,0,0.0,0.0,0.0,0.0,0.0,0.0
2026-07-30T10:42:59.362,413.141,25,close,ACTUATOR_ACTIVE,TRAJECTORY_RUNNING,24.0,45,31,0,31.65,45,0,0.0,0.0,0.0,0.0,0.0,0.0
2026-07-30T10:42:59.986,413.766,25,open,ACTUATOR_ACTIVE,TRAJECTORY_RUNNING,24.0,45,31,0,4.77,45,0,0.0,0.0,0.0,0.0,0.0,0.0
2026-07-30T10:43:00.486,414.266,25,open,ACTUATOR_ACTIVE,TRAJECTORY_RUNNING,24.0,45,27,-11,-1.47,45,0,0.0,0.0,0.0,0.0,0.0,0.0
2026-07-30T10:43:00.984,414.766,25,open,ACTUATOR_ACTIVE,TRAJECTORY_RUNNING,24.0,45,21,-12,-2.37,45,0,0.0,0.0,0.0,0.0,0.0,0.0
2026-07-30T10:43:01.481,415.266,25,open,ACTUATOR_ACTIVE,TRAJECTORY_RUNNING,24.0,45,16,-10,-1.97,45,0,0.0,0.0,0.0,0.0,0.0,0.0
2026-07-30T10:43:01.978,415.766,25,open,ACTUATOR_ACTIVE,TRAJECTORY_RUNNING,24.0,45,10,-10,-2.68,45,0,0.0,0.0,0.0,0.0,0.0,0.0
2026-07-30T10:43:02.474,416.25,25,open,ACTUATOR_ACTIVE,TRAJECTORY_COMPLETE,24.0,45,10,0,0.21,45,0,0.0,0.0,0.0,0.0,0.0,0.0
2026-07-30T10:43:02.985,416.766,25,open,ACTUATOR_ACTIVE,TRAJECTORY_COMPLETE,24.0,45,10,0,0.44,45,0,0.0,0.0,0.0,0.0,0.0,0.0
2026-07-30T10:43:03.478,417.266,25,open,ACTUATOR_ACTIVE,TRAJECTORY_COMPLETE,24.0,45,9,0,0.1,45,0,0.0,0.0,0.0,0.0,0.0,0.0
2026-07-30T10:43:03.975,417.75,25,open,ACTUATOR_ACTIVE,TRAJECTORY_COMPLETE,24.0,45,9,0,1.34,45,0,0.0,0.0,0.0,0.0,0.0,0.0
2026-07-30T10:43:04.490,418.266,25,open,ACTUATOR_ACTIVE,TRAJECTORY_COMPLETE,24.0,44,9,0,-0.12,44,0,0.0,0.0,0.0,0.0,0.0,0.0
2026-07-30T10:43:04.986,418.766,25,open,ACTUATOR_ACTIVE,TRAJECTORY_COMPLETE,24.0,44,9,0,-0.08,44,0,0.0,0.0,0.0,0.0,0.0,0.0
2026-07-30T10:43:05.480,419.266,25,open,ACTUATOR_ACTIVE,TRAJECTORY_COMPLETE,24.0,44,9,0,-0.33,44,0,0.0,0.0,0.0,0.0,0.0,0.0
2026-07-30T10:43:05.979,419.766,25,open,ACTUATOR_ACTIVE,TRAJECTORY_COMPLETE,24.0,44,9,0,0.18,44,0,0.0,0.0,0.0,0.0,0.0,0.0
2026-07-30T10:43:06.474,420.25,25,open,ACTUATOR_ACTIVE,TRAJECTORY_COMPLETE,24.0,44,9,0,0.07,44,0,0.0,0.0,0.0,0.0,0.0,0.0
2026-07-30T10:43:06.989,420.766,25,open,ACTUATOR_ACTIVE,TRAJECTORY_COMPLETE,24.0,44,9,0,-0.08,44,0,0.0,0.0,0.0,0.0,0.0,0.0
2026-07-30T10:43:07.487,421.266,25,open,ACTUATOR_ACTIVE,TRAJECTORY_COMPLETE,24.0,44,9,0,0.14,44,0,0.0,0.0,0.0,0.0,0.0,0.0
2026-07-30T10:43:08.095,421.875,26,close,ACTUATOR_ACTIVE,TRAJECTORY_RUNNING,24.0,44,10,5,2.05,44,0,0.0,0.0,0.0,0.0,0.0,0.0
2026-07-30T10:43:08.594,422.375,26,close,ACTUATOR_ACTIVE,TRAJECTORY_RUNNING,24.0,46,14,8,2.27,46,0,0.0,0.0,0.0,0.0,0.0,0.0
2026-07-30T10:43:09.090,422.875,26,close,ACTUATOR_ACTIVE,TRAJECTORY_RUNNING,24.0,46,18,9,1.04,46,0,0.0,0.0,0.0,0.0,0.0,0.0
2026-07-30T10:43:09.588,423.375,26,close,ACTUATOR_ACTIVE,TRAJECTORY_RUNNING,24.0,46,23,9,2.55,46,0,0.0,0.0,0.0,0.0,0.0,0.0
2026-07-30T10:43:10.088,423.875,26,close,ACTUATOR_ACTIVE,TRAJECTORY_RUNNING,24.0,46,27,9,1.57,46,0,0.0,0.0,0.0,0.0,0.0,0.0
2026-07-30T10:43:10.585,424.36,26,close,ACTUATOR_ACTIVE,TRAJECTORY_RUNNING,24.0,46,31,2,23.17,46,0,0.0,0.0,0.0,0.0,0.0,0.0
2026-07-30T10:43:11.098,424.875,26,close,ACTUATOR_ACTIVE,TRAJECTORY_RUNNING,24.0,46,31,1,31.34,46,0,0.0,0.0,0.0,0.0,0.0,0.0
2026-07-30T10:43:11.593,425.375,26,close,ACTUATOR_ACTIVE,TRAJECTORY_RUNNING,24.0,46,31,1,30.7,46,0,0.0,0.0,0.0,0.0,0.0,0.0
2026-07-30T10:43:12.089,425.875,26,close,ACTUATOR_ACTIVE,TRAJECTORY_RUNNING,24.0,46,31,0,30.98,46,0,0.0,0.0,0.0,0.0,0.0,0.0
2026-07-30T10:43:12.585,426.36,26,close,ACTUATOR_ACTIVE,TRAJECTORY_RUNNING,24.0,49,31,0,32.01,49,0,0.0,0.0,0.0,0.0,0.0,0.0
2026-07-30T10:43:13.098,426.875,26,close,ACTUATOR_ACTIVE,TRAJECTORY_RUNNING,24.0,49,31,0,30.47,49,0,0.0,0.0,0.0,0.0,0.0,0.0
2026-07-30T10:43:13.598,427.375,26,close,ACTUATOR_ACTIVE,TRAJECTORY_RUNNING,24.0,49,31,0,31.57,49,0,0.0,0.0,0.0,0.0,0.0,0.0
2026-07-30T10:43:14.098,427.875,26,close,ACTUATOR_ACTIVE,TRAJECTORY_RUNNING,24.0,49,31,0,30.75,49,0,0.0,0.0,0.0,0.0,0.0,0.0
2026-07-30T10:43:14.598,428.375,26,close,ACTUATOR_ACTIVE,TRAJECTORY_RUNNING,24.0,49,31,0,27.02,49,0,0.0,0.0,0.0,0.0,0.0,0.0
2026-07-30T10:43:15.092,428.875,26,close,ACTUATOR_ACTIVE,TRAJECTORY_RUNNING,24.0,49,31,0,29.62,49,0,0.0,0.0,0.0,0.0,0.0,0.0
2026-07-30T10:43:15.590,429.375,26,close,ACTUATOR_ACTIVE,TRAJECTORY_RUNNING,24.0,49,31,0,29.57,49,0,0.0,0.0,0.0,0.0,0.0,0.0
2026-07-30T10:43:16.203,429.985,26,open,ACTUATOR_ACTIVE,TRAJECTORY_RUNNING,24.0,49,31,-1,5.34,49,0,0.0,0.0,0.0,0.0,0.0,0.0
2026-07-30T10:43:16.698,430.485,26,open,ACTUATOR_ACTIVE,TRAJECTORY_RUNNING,24.0,43,27,-11,-1.23,43,0,0.0,0.0,0.0,0.0,0.0,0.0
2026-07-30T10:43:17.194,430.969,26,open,ACTUATOR_ACTIVE,TRAJECTORY_RUNNING,24.0,43,21,-13,-0.94,43,0,0.0,0.0,0.0,0.0,0.0,0.0
2026-07-30T10:43:17.707,431.485,26,open,ACTUATOR_ACTIVE,TRAJECTORY_RUNNING,24.0,43,15,-11,-1.27,43,0,0.0,0.0,0.0,0.0,0.0,0.0
2026-07-30T10:43:18.200,431.985,26,open,ACTUATOR_ACTIVE,TRAJECTORY_RUNNING,24.0,43,10,-12,-1.85,43,0,0.0,0.0,0.0,0.0,0.0,0.0
2026-07-30T10:43:18.692,432.469,26,open,ACTUATOR_ACTIVE,TRAJECTORY_COMPLETE,24.0,43,10,-1,0.16,43,0,0.0,0.0,0.0,0.0,0.0,0.0
2026-07-30T10:43:19.205,432.985,26,open,ACTUATOR_ACTIVE,TRAJECTORY_COMPLETE,24.0,43,9,-1,0.15,43,0,0.0,0.0,0.0,0.0,0.0,0.0
2026-07-30T10:43:19.701,433.485,26,open,ACTUATOR_ACTIVE,TRAJECTORY_COMPLETE,24.0,43,10,0,-0.0,43,0,0.0,0.0,0.0,0.0,0.0,0.0
2026-07-30T10:43:20.197,433.985,26,open,ACTUATOR_ACTIVE,TRAJECTORY_COMPLETE,24.0,43,10,1,0.05,43,0,0.0,0.0,0.0,0.0,0.0,0.0
2026-07-30T10:43:20.697,434.485,26,open,ACTUATOR_ACTIVE,TRAJECTORY_COMPLETE,24.0,45,10,0,0.16,45,0,0.0,0.0,0.0,0.0,0.0,0.0
2026-07-30T10:43:21.194,434.969,26,open,ACTUATOR_ACTIVE,TRAJECTORY_COMPLETE,24.0,45,10,0,-0.05,45,0,0.0,0.0,0.0,0.0,0.0,0.0
2026-07-30T10:43:21.711,435.485,26,open,ACTUATOR_ACTIVE,TRAJECTORY_COMPLETE,24.0,45,10,1,0.12,45,0,0.0,0.0,0.0,0.0,0.0,0.0
2026-07-30T10:43:22.206,435.985,26,open,ACTUATOR_ACTIVE,TRAJECTORY_COMPLETE,24.0,45,10,0,0.13,45,0,0.0,0.0,0.0,0.0,0.0,0.0
2026-07-30T10:43:22.699,436.485,26,open,ACTUATOR_ACTIVE,TRAJECTORY_COMPLETE,24.0,45,10,0,-0.07,45,0,0.0,0.0,0.0,0.0,0.0,0.0
2026-07-30T10:43:23.190,436.969,26,open,ACTUATOR_ACTIVE,TRAJECTORY_COMPLETE,24.0,45,10,0,-0.24,45,0,0.0,0.0,0.0,0.0,0.0,0.0
2026-07-30T10:43:23.700,437.485,26,open,ACTUATOR_ACTIVE,TRAJECTORY_COMPLETE,24.0,45,10,0,0.22,45,0,0.0,0.0,0.0,0.0,0.0,0.0
2026-07-30T10:43:24.309,438.094,27,close,ACTUATOR_ACTIVE,TRAJECTORY_RUNNING,24.0,45,10,7,1.61,45,0,0.0,0.0,0.0,0.0,0.0,0.0
2026-07-30T10:43:24.804,438.578,27,close,ACTUATOR_ACTIVE,TRAJECTORY_RUNNING,24.0,43,12,4,2.11,43,0,0.0,0.0,0.0,0.0,0.0,0.0
2026-07-30T10:43:25.320,439.094,27,close,ACTUATOR_ACTIVE,TRAJECTORY_RUNNING,24.0,43,13,5,1.32,43,0,0.0,0.0,0.0,0.0,0.0,0.0
2026-07-30T10:43:25.819,439.594,27,close,ACTUATOR_ACTIVE,TRAJECTORY_RUNNING,24.0,43,16,6,2.07,43,0,0.0,0.0,0.0,0.0,0.0,0.0
2026-07-30T10:43:26.313,440.094,27,close,ACTUATOR_ACTIVE,TRAJECTORY_RUNNING,24.0,43,19,6,1.44,43,0,0.0,0.0,0.0,0.0,0.0,0.0
2026-07-30T10:43:26.810,440.594,27,close,ACTUATOR_ACTIVE,TRAJECTORY_RUNNING,24.0,43,23,8,1.77,43,0,0.0,0.0,0.0,0.0,0.0,0.0
2026-07-30T10:43:27.310,441.094,27,close,ACTUATOR_ACTIVE,TRAJECTORY_RUNNING,24.0,43,26,7,1.61,43,0,0.0,0.0,0.0,0.0,0.0,0.0
2026-07-30T10:43:27.802,441.578,27,close,ACTUATOR_ACTIVE,TRAJECTORY_RUNNING,24.0,43,30,1,6.1,43,0,0.0,0.0,0.0,0.0,0.0,0.0
2026-07-30T10:43:28.311,442.094,27,close,ACTUATOR_ACTIVE,TRAJECTORY_RUNNING,24.0,43,30,0,2.43,43,0,0.0,0.0,0.0,0.0,0.0,0.0
2026-07-30T10:43:28.811,442.594,27,close,ACTUATOR_ACTIVE,TRAJECTORY_STOPPED,24.0,43,30,0,2.03,43,0,0.0,0.0,0.0,0.0,0.0,0.0
2026-07-30T10:43:29.309,443.094,27,close,ACTUATOR_ACTIVE,TRAJECTORY_RUNNING,24.0,43,30,0,1.93,43,0,0.0,0.0,0.0,0.0,0.0,0.0
2026-07-30T10:43:29.807,443.594,27,close,ACTUATOR_ACTIVE,TRAJECTORY_STOPPED,24.0,43,30,0,1.81,43,0,0.0,0.0,0.0,0.0,0.0,0.0
2026-07-30T10:43:30.307,444.094,27,close,ACTUATOR_ACTIVE,TRAJECTORY_RUNNING,24.0,43,30,0,2.14,43,0,0.0,0.0,0.0,0.0,0.0,0.0
2026-07-30T10:43:30.800,444.578,27,close,ACTUATOR_ACTIVE,TRAJECTORY_RUNNING,24.0,43,30,1,1.83,43,0,0.0,0.0,0.0,0.0,0.0,0.0
2026-07-30T10:43:31.313,445.094,27,close,ACTUATOR_ACTIVE,TRAJECTORY_RUNNING,24.0,43,30,0,1.89,43,0,0.0,0.0,0.0,0.0,0.0,0.0
2026-07-30T10:43:31.807,445.594,27,close,ACTUATOR_ACTIVE,TRAJECTORY_RUNNING,24.0,43,30,0,1.96,43,0,0.0,0.0,0.0,0.0,0.0,0.0
2026-07-30T10:43:32.415,446.188,27,open,ACTUATOR_ACTIVE,TRAJECTORY_RUNNING,24.0,46,30,0,0.64,46,0,0.0,0.0,0.0,0.0,0.0,0.0
2026-07-30T10:43:32.929,446.703,27,open,ACTUATOR_ACTIVE,TRAJECTORY_RUNNING,24.0,46,25,-11,-1.53,46,0,0.0,0.0,0.0,0.0,0.0,0.0
2026-07-30T10:43:33.429,447.203,27,open,ACTUATOR_ACTIVE,TRAJECTORY_RUNNING,24.0,46,20,-12,0.19,46,0,0.0,0.0,0.0,0.0,0.0,0.0
2026-07-30T10:43:33.928,447.703,27,open,ACTUATOR_ACTIVE,TRAJECTORY_RUNNING,24.0,46,14,-11,-1.95,46,0,0.0,0.0,0.0,0.0,0.0,0.0
2026-07-30T10:43:34.419,448.203,27,open,ACTUATOR_ACTIVE,TRAJECTORY_COMPLETE,24.0,46,9,2,0.93,46,0,0.0,0.0,0.0,0.0,0.0,0.0
2026-07-30T10:43:34.911,448.688,27,open,ACTUATOR_ACTIVE,TRAJECTORY_COMPLETE,24.0,46,10,0,0.42,46,0,0.0,0.0,0.0,0.0,0.0,0.0
2026-07-30T10:43:35.424,449.203,27,open,ACTUATOR_ACTIVE,TRAJECTORY_COMPLETE,24.0,46,10,0,0.15,46,0,0.0,0.0,0.0,0.0,0.0,0.0
2026-07-30T10:43:35.924,449.703,27,open,ACTUATOR_ACTIVE,TRAJECTORY_COMPLETE,24.0,46,9,0,0.43,46,0,0.0,0.0,0.0,0.0,0.0,0.0
2026-07-30T10:43:36.418,450.203,27,open,ACTUATOR_ACTIVE,TRAJECTORY_COMPLETE,24.0,46,10,0,-0.06,46,0,0.0,0.0,0.0,0.0,0.0,0.0
2026-07-30T10:43:36.912,450.688,27,open,ACTUATOR_ACTIVE,TRAJECTORY_COMPLETE,24.0,46,10,0,-0.85,46,0,0.0,0.0,0.0,0.0,0.0,0.0
2026-07-30T10:43:37.424,451.203,27,open,ACTUATOR_ACTIVE,TRAJECTORY_COMPLETE,24.0,46,10,0,0.41,46,0,0.0,0.0,0.0,0.0,0.0,0.0
2026-07-30T10:43:37.917,451.703,27,open,ACTUATOR_ACTIVE,TRAJECTORY_COMPLETE,24.0,46,10,0,-0.06,46,0,0.0,0.0,0.0,0.0,0.0,0.0
2026-07-30T10:43:38.416,452.203,27,open,ACTUATOR_ACTIVE,TRAJECTORY_COMPLETE,24.0,46,10,0,-0.06,46,0,0.0,0.0,0.0,0.0,0.0,0.0
2026-07-30T10:43:38.913,452.688,27,open,ACTUATOR_ACTIVE,TRAJECTORY_COMPLETE,24.0,46,10,0,0.05,46,0,0.0,0.0,0.0,0.0,0.0,0.0
2026-07-30T10:43:39.423,453.203,27,open,ACTUATOR_ACTIVE,TRAJECTORY_COMPLETE,24.0,46,10,-1,-0.45,46,0,0.0,0.0,0.0,0.0,0.0,0.0
2026-07-30T10:43:39.914,453.688,27,open,ACTUATOR_ACTIVE,TRAJECTORY_COMPLETE,24.0,46,10,0,-0.12,46,0,0.0,0.0,0.0,0.0,0.0,0.0
2026-07-30T10:43:40.539,454.313,28,close,ACTUATOR_ACTIVE,TRAJECTORY_RUNNING,24.0,46,10,6,1.95,46,0,0.0,0.0,0.0,0.0,0.0,0.0
2026-07-30T10:43:41.046,454.828,28,close,ACTUATOR_ACTIVE,TRAJECTORY_RUNNING,24.0,46,12,4,1.98,46,0,0.0,0.0,0.0,0.0,0.0,0.0
2026-07-30T10:43:41.543,455.328,28,close,ACTUATOR_ACTIVE,TRAJECTORY_RUNNING,24.0,46,13,5,1.47,46,0,0.0,0.0,0.0,0.0,0.0,0.0
2026-07-30T10:43:42.040,455.813,28,close,ACTUATOR_ACTIVE,TRAJECTORY_RUNNING,24.0,46,16,5,1.91,46,0,0.0,0.0,0.0,0.0,0.0,0.0
2026-07-30T10:43:42.551,456.328,28,close,ACTUATOR_ACTIVE,TRAJECTORY_RUNNING,24.0,46,19,8,3.09,46,0,0.0,0.0,0.0,0.0,0.0,0.0
2026-07-30T10:43:43.044,456.828,28,close,ACTUATOR_ACTIVE,TRAJECTORY_RUNNING,24.0,46,23,8,1.05,46,0,0.0,0.0,0.0,0.0,0.0,0.0
2026-07-30T10:43:43.534,457.313,28,close,ACTUATOR_ACTIVE,TRAJECTORY_RUNNING,24.0,46,27,8,2.18,46,0,0.0,0.0,0.0,0.0,0.0,0.0
2026-07-30T10:43:44.042,457.828,28,close,ACTUATOR_ACTIVE,TRAJECTORY_RUNNING,24.0,46,30,1,7.7,46,0,0.0,0.0,0.0,0.0,0.0,0.0
2026-07-30T10:43:44.539,458.313,28,close,ACTUATOR_ACTIVE,TRAJECTORY_RUNNING,24.0,44,30,-1,2.11,44,0,0.0,0.0,0.0,0.0,0.0,0.0
2026-07-30T10:43:45.049,458.828,28,close,ACTUATOR_ACTIVE,TRAJECTORY_RUNNING,24.0,44,30,0,2.25,44,0,0.0,0.0,0.0,0.0,0.0,0.0
2026-07-30T10:43:45.547,459.328,28,close,ACTUATOR_ACTIVE,TRAJECTORY_RUNNING,24.0,44,30,2,1.78,44,0,0.0,0.0,0.0,0.0,0.0,0.0
2026-07-30T10:43:46.040,459.813,28,close,ACTUATOR_ACTIVE,TRAJECTORY_RUNNING,24.0,44,30,1,1.81,44,0,0.0,0.0,0.0,0.0,0.0,0.0
2026-07-30T10:43:46.553,460.328,28,close,ACTUATOR_ACTIVE,TRAJECTORY_RUNNING,24.0,44,30,0,2.25,44,0,0.0,0.0,0.0,0.0,0.0,0.0
2026-07-30T10:43:47.051,460.828,28,close,ACTUATOR_ACTIVE,TRAJECTORY_STOPPED,24.0,44,30,0,1.95,44,0,0.0,0.0,0.0,0.0,0.0,0.0
2026-07-30T10:43:47.546,461.328,28,close,ACTUATOR_ACTIVE,TRAJECTORY_RUNNING,24.0,44,30,0,1.86,44,0,0.0,0.0,0.0,0.0,0.0,0.0
2026-07-30T10:43:48.044,461.828,28,close,ACTUATOR_ACTIVE,TRAJECTORY_RUNNING,24.0,44,30,-1,2.14,44,0,0.0,0.0,0.0,0.0,0.0,0.0
2026-07-30T10:43:48.657,462.438,28,open,ACTUATOR_ACTIVE,TRAJECTORY_RUNNING,24.0,40,30,-1,1.2,40,0,0.0,0.0,0.0,0.0,0.0,0.0
2026-07-30T10:43:49.153,462.938,28,open,ACTUATOR_ACTIVE,TRAJECTORY_RUNNING,24.0,40,25,-11,-0.88,40,0,0.0,0.0,0.0,0.0,0.0,0.0
2026-07-30T10:43:49.650,463.438,28,open,ACTUATOR_ACTIVE,TRAJECTORY_RUNNING,24.0,40,20,-10,-3.24,40,0,0.0,0.0,0.0,0.0,0.0,0.0
2026-07-30T10:43:50.148,463.922,28,open,ACTUATOR_ACTIVE,TRAJECTORY_RUNNING,24.0,40,14,-11,-2.16,40,0,0.0,0.0,0.0,0.0,0.0,0.0
2026-07-30T10:43:50.656,464.438,28,open,ACTUATOR_ACTIVE,TRAJECTORY_COMPLETE,24.0,40,9,2,0.61,40,0,0.0,0.0,0.0,0.0,0.0,0.0
2026-07-30T10:43:51.154,464.938,28,open,ACTUATOR_ACTIVE,TRAJECTORY_COMPLETE,24.0,40,10,0,0.52,40,0,0.0,0.0,0.0,0.0,0.0,0.0
2026-07-30T10:43:51.646,465.422,28,open,ACTUATOR_ACTIVE,TRAJECTORY_COMPLETE,24.0,40,10,0,0.54,40,0,0.0,0.0,0.0,0.0,0.0,0.0
2026-07-30T10:43:52.160,465.938,28,open,ACTUATOR_ACTIVE,TRAJECTORY_COMPLETE,24.0,40,9,0,0.33,40,0,0.0,0.0,0.0,0.0,0.0,0.0
2026-07-30T10:43:52.652,466.438,28,open,ACTUATOR_ACTIVE,TRAJECTORY_COMPLETE,24.0,44,10,0,0.41,44,0,0.0,0.0,0.0,0.0,0.0,0.0
2026-07-30T10:43:53.149,466.922,28,open,ACTUATOR_ACTIVE,TRAJECTORY_COMPLETE,24.0,44,10,-1,0.18,44,0,0.0,0.0,0.0,0.0,0.0,0.0
2026-07-30T10:43:53.660,467.438,28,open,ACTUATOR_ACTIVE,TRAJECTORY_COMPLETE,24.0,44,10,0,0.17,44,0,0.0,0.0,0.0,0.0,0.0,0.0
2026-07-30T10:43:54.155,467.938,28,open,ACTUATOR_ACTIVE,TRAJECTORY_COMPLETE,24.0,44,10,0,-0.4,44,0,0.0,0.0,0.0,0.0,0.0,0.0
2026-07-30T10:43:54.649,468.422,28,open,ACTUATOR_ACTIVE,TRAJECTORY_COMPLETE,24.0,44,10,0,0.13,44,0,0.0,0.0,0.0,0.0,0.0,0.0
2026-07-30T10:43:55.155,468.938,28,open,ACTUATOR_ACTIVE,TRAJECTORY_COMPLETE,24.0,44,10,0,0.01,44,0,0.0,0.0,0.0,0.0,0.0,0.0
2026-07-30T10:43:55.653,469.438,28,open,ACTUATOR_ACTIVE,TRAJECTORY_COMPLETE,24.0,44,10,1,-0.16,44,0,0.0,0.0,0.0,0.0,0.0,0.0
2026-07-30T10:43:56.150,469.922,28,open,ACTUATOR_ACTIVE,TRAJECTORY_COMPLETE,24.0,44,10,-1,0.36,44,0,0.0,0.0,0.0,0.0,0.0,0.0
2026-07-30T10:43:56.773,470.547,29,close,ACTUATOR_ACTIVE,TRAJECTORY_RUNNING,24.0,44,10,6,1.89,44,0,0.0,0.0,0.0,0.0,0.0,0.0
2026-07-30T10:43:57.287,471.063,29,close,ACTUATOR_ACTIVE,TRAJECTORY_RUNNING,24.0,44,12,3,2.09,44,0,0.0,0.0,0.0,0.0,0.0,0.0
2026-07-30T10:43:57.781,471.563,29,close,ACTUATOR_ACTIVE,TRAJECTORY_RUNNING,24.0,44,13,5,1.43,44,0,0.0,0.0,0.0,0.0,0.0,0.0
2026-07-30T10:43:58.276,472.063,29,close,ACTUATOR_ACTIVE,TRAJECTORY_RUNNING,24.0,44,16,4,1.62,44,0,0.0,0.0,0.0,0.0,0.0,0.0
2026-07-30T10:43:58.772,472.547,29,close,ACTUATOR_ACTIVE,TRAJECTORY_RUNNING,24.0,44,19,7,1.07,44,0,0.0,0.0,0.0,0.0,0.0,0.0
2026-07-30T10:43:59.280,473.063,29,close,ACTUATOR_ACTIVE,TRAJECTORY_RUNNING,24.0,44,23,8,1.7,44,0,0.0,0.0,0.0,0.0,0.0,0.0
2026-07-30T10:43:59.778,473.563,29,close,ACTUATOR_ACTIVE,TRAJECTORY_RUNNING,24.0,44,27,7,2.79,44,0,0.0,0.0,0.0,0.0,0.0,0.0
2026-07-30T10:44:00.274,474.047,29,close,ACTUATOR_ACTIVE,TRAJECTORY_RUNNING,24.0,44,30,1,6.11,44,0,0.0,0.0,0.0,0.0,0.0,0.0
2026-07-30T10:44:00.787,474.563,29,close,ACTUATOR_ACTIVE,TRAJECTORY_RUNNING,24.0,43,30,0,2.23,43,0,0.0,0.0,0.0,0.0,0.0,0.0
2026-07-30T10:44:01.283,475.063,29,close,ACTUATOR_ACTIVE,TRAJECTORY_RUNNING,24.0,43,30,0,1.95,43,0,0.0,0.0,0.0,0.0,0.0,0.0
2026-07-30T10:44:01.772,475.547,29,close,ACTUATOR_ACTIVE,TRAJECTORY_RUNNING,24.0,43,30,-1,2.06,43,0,0.0,0.0,0.0,0.0,0.0,0.0
2026-07-30T10:44:02.284,476.063,29,close,ACTUATOR_ACTIVE,TRAJECTORY_RUNNING,24.0,43,30,0,2.13,43,0,0.0,0.0,0.0,0.0,0.0,0.0
2026-07-30T10:44:02.780,476.563,29,close,ACTUATOR_ACTIVE,TRAJECTORY_STOPPED,24.0,43,30,1,1.65,43,0,0.0,0.0,0.0,0.0,0.0,0.0
2026-07-30T10:44:03.275,477.063,29,close,ACTUATOR_ACTIVE,TRAJECTORY_STOPPED,24.0,43,30,0,1.78,43,0,0.0,0.0,0.0,0.0,0.0,0.0
2026-07-30T10:44:03.769,477.547,29,close,ACTUATOR_ACTIVE,TRAJECTORY_STOPPED,24.0,43,30,0,1.97,43,0,0.0,0.0,0.0,0.0,0.0,0.0
2026-07-30T10:44:04.280,478.063,29,close,ACTUATOR_ACTIVE,TRAJECTORY_RUNNING,24.0,43,30,1,2.08,43,0,0.0,0.0,0.0,0.0,0.0,0.0
2026-07-30T10:44:04.884,478.656,29,open,ACTUATOR_ACTIVE,TRAJECTORY_RUNNING,24.0,45,30,1,0.97,45,0,0.0,0.0,0.0,0.0,0.0,0.0
2026-07-30T10:44:05.398,479.172,29,open,ACTUATOR_ACTIVE,TRAJECTORY_RUNNING,24.0,45,25,-11,-2.07,45,0,0.0,0.0,0.0,0.0,0.0,0.0
2026-07-30T10:44:05.894,479.672,29,open,ACTUATOR_ACTIVE,TRAJECTORY_RUNNING,24.0,45,20,-11,-0.81,45,0,0.0,0.0,0.0,0.0,0.0,0.0
2026-07-30T10:44:06.392,480.172,29,open,ACTUATOR_ACTIVE,TRAJECTORY_RUNNING,24.0,45,14,-12,-2.55,45,0,0.0,0.0,0.0,0.0,0.0,0.0
2026-07-30T10:44:06.889,480.672,29,open,ACTUATOR_ACTIVE,TRAJECTORY_COMPLETE,24.0,45,9,1,0.7,45,0,0.0,0.0,0.0,0.0,0.0,0.0
2026-07-30T10:44:07.387,481.172,29,open,ACTUATOR_ACTIVE,TRAJECTORY_COMPLETE,24.0,45,9,0,0.31,45,0,0.0,0.0,0.0,0.0,0.0,0.0
2026-07-30T10:44:07.879,481.656,29,open,ACTUATOR_ACTIVE,TRAJECTORY_COMPLETE,24.0,45,9,0,0.3,45,0,0.0,0.0,0.0,0.0,0.0,0.0
2026-07-30T10:44:08.388,482.172,29,open,ACTUATOR_ACTIVE,TRAJECTORY_COMPLETE,24.0,45,10,0,0.11,45,0,0.0,0.0,0.0,0.0,0.0,0.0
2026-07-30T10:44:08.886,482.672,29,open,ACTUATOR_ACTIVE,TRAJECTORY_COMPLETE,24.0,41,10,0,0.3,41,0,0.0,0.0,0.0,0.0,0.0,0.0
2026-07-30T10:44:09.383,483.156,29,open,ACTUATOR_ACTIVE,TRAJECTORY_COMPLETE,24.0,41,10,0,0.24,41,0,0.0,0.0,0.0,0.0,0.0,0.0
2026-07-30T10:44:09.894,483.672,29,open,ACTUATOR_ACTIVE,TRAJECTORY_COMPLETE,24.0,41,10,0,0.57,41,0,0.0,0.0,0.0,0.0,0.0,0.0
2026-07-30T10:44:10.388,484.172,29,open,ACTUATOR_ACTIVE,TRAJECTORY_COMPLETE,24.0,41,10,0,-0.52,41,0,0.0,0.0,0.0,0.0,0.0,0.0
2026-07-30T10:44:10.887,484.672,29,open,ACTUATOR_ACTIVE,TRAJECTORY_COMPLETE,24.0,41,10,0,0.06,41,0,0.0,0.0,0.0,0.0,0.0,0.0
2026-07-30T10:44:11.381,485.156,29,open,ACTUATOR_ACTIVE,TRAJECTORY_COMPLETE,24.0,41,10,0,-0.05,41,0,0.0,0.0,0.0,0.0,0.0,0.0
2026-07-30T10:44:11.890,485.672,29,open,ACTUATOR_ACTIVE,TRAJECTORY_COMPLETE,24.0,41,10,0,-0.3,41,0,0.0,0.0,0.0,0.0,0.0,0.0
2026-07-30T10:44:12.389,486.172,29,open,ACTUATOR_ACTIVE,TRAJECTORY_COMPLETE,24.0,41,10,1,-0.4,41,0,0.0,0.0,0.0,0.0,0.0,0.0
2026-07-30T10:44:12.993,486.766,30,close,ACTUATOR_ACTIVE,TRAJECTORY_RUNNING,24.0,43,10,5,3.16,43,0,0.0,0.0,0.0,0.0,0.0,0.0
2026-07-30T10:44:13.504,487.281,30,close,ACTUATOR_ACTIVE,TRAJECTORY_RUNNING,24.0,43,11,2,1.61,43,0,0.0,0.0,0.0,0.0,0.0,0.0
2026-07-30T10:44:14.005,487.781,30,close,ACTUATOR_ACTIVE,TRAJECTORY_RUNNING,24.0,43,13,2,1.64,43,0,0.0,0.0,0.0,0.0,0.0,0.0
2026-07-30T10:44:14.501,488.281,30,close,ACTUATOR_ACTIVE,TRAJECTORY_RUNNING,24.0,43,15,6,1.95,43,0,0.0,0.0,0.0,0.0,0.0,0.0
2026-07-30T10:44:14.994,488.781,30,close,ACTUATOR_ACTIVE,TRAJECTORY_RUNNING,24.0,43,18,8,0.95,43,0,0.0,0.0,0.0,0.0,0.0,0.0
2026-07-30T10:44:15.488,489.266,30,close,ACTUATOR_ACTIVE,TRAJECTORY_RUNNING,24.0,43,22,6,3.04,43,0,0.0,0.0,0.0,0.0,0.0,0.0
2026-07-30T10:44:16.000,489.781,30,close,ACTUATOR_ACTIVE,TRAJECTORY_RUNNING,24.0,43,26,8,1.16,43,0,0.0,0.0,0.0,0.0,0.0,0.0
2026-07-30T10:44:16.498,490.281,30,close,ACTUATOR_ACTIVE,TRAJECTORY_RUNNING,24.0,42,30,4,4.94,42,0,0.0,0.0,0.0,0.0,0.0,0.0
2026-07-30T10:44:16.998,490.781,30,close,ACTUATOR_ACTIVE,TRAJECTORY_RUNNING,24.0,42,30,0,2.63,42,0,0.0,0.0,0.0,0.0,0.0,0.0
2026-07-30T10:44:17.490,491.266,30,close,ACTUATOR_ACTIVE,TRAJECTORY_RUNNING,24.0,42,30,-1,2.12,42,0,0.0,0.0,0.0,0.0,0.0,0.0
2026-07-30T10:44:18.000,491.781,30,close,ACTUATOR_ACTIVE,TRAJECTORY_STOPPED,24.0,42,30,0,2.3,42,0,0.0,0.0,0.0,0.0,0.0,0.0
2026-07-30T10:44:18.497,492.281,30,close,ACTUATOR_ACTIVE,TRAJECTORY_RUNNING,24.0,42,30,0,1.92,42,0,0.0,0.0,0.0,0.0,0.0,0.0
2026-07-30T10:44:18.993,492.766,30,close,ACTUATOR_ACTIVE,TRAJECTORY_RUNNING,24.0,42,30,0,2.18,42,0,0.0,0.0,0.0,0.0,0.0,0.0
2026-07-30T10:44:19.502,493.281,30,close,ACTUATOR_ACTIVE,TRAJECTORY_RUNNING,24.0,42,30,0,1.97,42,0,0.0,0.0,0.0,0.0,0.0,0.0
2026-07-30T10:44:19.997,493.781,30,close,ACTUATOR_ACTIVE,TRAJECTORY_STOPPED,24.0,42,30,0,2.04,42,0,0.0,0.0,0.0,0.0,0.0,0.0
2026-07-30T10:44:20.494,494.281,30,close,ACTUATOR_ACTIVE,TRAJECTORY_RUNNING,24.0,43,30,1,2.03,43,0,0.0,0.0,0.0,0.0,0.0,0.0
2026-07-30T10:44:21.096,494.875,30,open,ACTUATOR_ACTIVE,TRAJECTORY_RUNNING,24.0,43,30,0,1.5,43,0,0.0,0.0,0.0,0.0,0.0,0.0
2026-07-30T10:44:21.607,495.391,30,open,ACTUATOR_ACTIVE,TRAJECTORY_RUNNING,24.0,43,30,0,-0.82,43,0,0.0,0.0,0.0,0.0,0.0,0.0
2026-07-30T10:44:22.101,495.875,30,open,ACTUATOR_ACTIVE,TRAJECTORY_RUNNING,24.0,43,29,-2,-0.54,43,0,0.0,0.0,0.0,0.0,0.0,0.0
2026-07-30T10:44:22.615,496.391,30,open,ACTUATOR_ACTIVE,TRAJECTORY_RUNNING,24.0,43,28,-3,-0.98,43,0,0.0,0.0,0.0,0.0,0.0,0.0
2026-07-30T10:44:23.112,496.891,30,open,ACTUATOR_ACTIVE,TRAJECTORY_RUNNING,24.0,43,26,-5,-0.51,43,0,0.0,0.0,0.0,0.0,0.0,0.0
2026-07-30T10:44:23.605,497.391,30,open,ACTUATOR_ACTIVE,TRAJECTORY_RUNNING,24.0,43,23,-6,-0.89,43,0,0.0,0.0,0.0,0.0,0.0,0.0
2026-07-30T10:44:24.103,497.891,30,open,ACTUATOR_ACTIVE,TRAJECTORY_RUNNING,24.0,43,19,-9,-2.53,43,0,0.0,0.0,0.0,0.0,0.0,0.0
2026-07-30T10:44:24.600,498.375,30,open,ACTUATOR_ACTIVE,TRAJECTORY_RUNNING,24.0,43,15,-10,-1.93,43,0,0.0,0.0,0.0,0.0,0.0,0.0
2026-07-30T10:44:25.114,498.891,30,open,ACTUATOR_ACTIVE,TRAJECTORY_RUNNING,24.0,43,10,-9,-1.85,43,0,0.0,0.0,0.0,0.0,0.0,0.0
2026-07-30T10:44:25.610,499.391,30,open,ACTUATOR_ACTIVE,TRAJECTORY_RUNNING,24.0,43,8,0,-1.01,43,0,0.0,0.0,0.0,0.0,0.0,0.0
2026-07-30T10:44:26.105,499.891,30,open,ACTUATOR_ACTIVE,TRAJECTORY_RUNNING,24.0,43,8,0,-0.23,43,0,0.0,0.0,0.0,0.0,0.0,0.0
2026-07-30T10:44:26.603,500.375,30,open,ACTUATOR_ACTIVE,TRAJECTORY_RUNNING,24.0,43,9,0,1.1,43,0,0.0,0.0,0.0,0.0,0.0,0.0
2026-07-30T10:44:27.114,500.891,30,open,ACTUATOR_ACTIVE,TRAJECTORY_RUNNING,24.0,43,9,0,2.01,43,0,0.0,0.0,0.0,0.0,0.0,0.0
2026-07-30T10:44:27.611,501.391,30,open,ACTUATOR_ACTIVE,TRAJECTORY_RUNNING,24.0,43,9,0,1.83,43,0,0.0,0.0,0.0,0.0,0.0,0.0
2026-07-30T10:44:28.111,501.891,30,open,ACTUATOR_ACTIVE,TRAJECTORY_STOPPED,24.0,43,9,0,1.8,43,0,0.0,0.0,0.0,0.0,0.0,0.0
2026-07-30T10:44:28.610,502.391,30,open,ACTUATOR_ACTIVE,TRAJECTORY_RUNNING,24.0,44,9,0,1.69,44,0,0.0,0.0,0.0,0.0,0.0,0.0
2026-07-30T10:44:29.217,503.0,31,close,ACTUATOR_ACTIVE,TRAJECTORY_RUNNING,24.0,44,9,6,2.99,44,0,0.0,0.0,0.0,0.0,0.0,0.0
2026-07-30T10:44:29.708,503.485,31,close,ACTUATOR_ACTIVE,TRAJECTORY_RUNNING,24.0,44,12,5,2.67,44,0,0.0,0.0,0.0,0.0,0.0,0.0
2026-07-30T10:44:30.219,504.0,31,close,ACTUATOR_ACTIVE,TRAJECTORY_RUNNING,24.0,44,15,6,1.96,44,0,0.0,0.0,0.0,0.0,0.0,0.0
2026-07-30T10:44:30.716,504.5,31,close,ACTUATOR_ACTIVE,TRAJECTORY_RUNNING,24.0,44,19,8,1.15,44,0,0.0,0.0,0.0,0.0,0.0,0.0
2026-07-30T10:44:31.212,505.0,31,close,ACTUATOR_ACTIVE,TRAJECTORY_RUNNING,24.0,44,23,8,0.84,44,0,0.0,0.0,0.0,0.0,0.0,0.0
2026-07-30T10:44:31.708,505.485,31,close,ACTUATOR_ACTIVE,TRAJECTORY_RUNNING,24.0,44,27,7,3.12,44,0,0.0,0.0,0.0,0.0,0.0,0.0
2026-07-30T10:44:32.219,506.0,31,close,ACTUATOR_ACTIVE,TRAJECTORY_RUNNING,24.0,44,30,0,6.61,44,0,0.0,0.0,0.0,0.0,0.0,0.0
2026-07-30T10:44:32.712,506.485,31,close,ACTUATOR_ACTIVE,TRAJECTORY_RUNNING,24.0,44,30,1,2.45,44,0,0.0,0.0,0.0,0.0,0.0,0.0
2026-07-30T10:44:33.218,507.0,31,close,ACTUATOR_ACTIVE,TRAJECTORY_RUNNING,24.0,44,30,0,2.08,44,0,0.0,0.0,0.0,0.0,0.0,0.0
2026-07-30T10:44:33.718,507.5,31,close,ACTUATOR_ACTIVE,TRAJECTORY_RUNNING,24.0,44,30,0,1.95,44,0,0.0,0.0,0.0,0.0,0.0,0.0
2026-07-30T10:44:34.208,507.985,31,close,ACTUATOR_ACTIVE,TRAJECTORY_STOPPED,24.0,44,30,-1,1.95,44,0,0.0,0.0,0.0,0.0,0.0,0.0
2026-07-30T10:44:34.719,508.5,31,close,ACTUATOR_ACTIVE,TRAJECTORY_RUNNING,24.0,44,30,0,2.27,44,0,0.0,0.0,0.0,0.0,0.0,0.0
2026-07-30T10:44:35.214,509.0,31,close,ACTUATOR_ACTIVE,TRAJECTORY_RUNNING,24.0,44,30,0,1.71,44,0,0.0,0.0,0.0,0.0,0.0,0.0
2026-07-30T10:44:35.714,509.5,31,close,ACTUATOR_ACTIVE,TRAJECTORY_RUNNING,24.0,44,30,0,1.66,44,0,0.0,0.0,0.0,0.0,0.0,0.0
2026-07-30T10:44:36.209,509.985,31,close,ACTUATOR_ACTIVE,TRAJECTORY_STOPPED,24.0,44,30,0,1.95,44,0,0.0,0.0,0.0,0.0,0.0,0.0
2026-07-30T10:44:36.720,510.5,31,close,ACTUATOR_ACTIVE,TRAJECTORY_STOPPED,24.0,42,30,-1,1.87,42,0,0.0,0.0,0.0,0.0,0.0,0.0
2026-07-30T10:44:37.328,511.11,31,open,ACTUATOR_ACTIVE,TRAJECTORY_RUNNING,24.0,42,30,-1,1.12,42,0,0.0,0.0,0.0,0.0,0.0,0.0
2026-07-30T10:44:37.823,511.61,31,open,ACTUATOR_ACTIVE,TRAJECTORY_RUNNING,24.0,42,25,-11,-2.45,42,0,0.0,0.0,0.0,0.0,0.0,0.0
2026-07-30T10:44:38.319,512.094,31,open,ACTUATOR_ACTIVE,TRAJECTORY_RUNNING,24.0,42,20,-12,-1.21,42,0,0.0,0.0,0.0,0.0,0.0,0.0
2026-07-30T10:44:38.829,512.61,31,open,ACTUATOR_ACTIVE,TRAJECTORY_RUNNING,24.0,42,14,-10,-1.97,42,0,0.0,0.0,0.0,0.0,0.0,0.0
2026-07-30T10:44:39.322,513.11,31,open,ACTUATOR_ACTIVE,TRAJECTORY_COMPLETE,24.0,42,9,1,0.46,42,0,0.0,0.0,0.0,0.0,0.0,0.0
2026-07-30T10:44:39.816,513.594,31,open,ACTUATOR_ACTIVE,TRAJECTORY_COMPLETE,24.0,42,10,0,0.38,42,0,0.0,0.0,0.0,0.0,0.0,0.0
2026-07-30T10:44:40.326,514.11,31,open,ACTUATOR_ACTIVE,TRAJECTORY_COMPLETE,24.0,42,9,0,-0.54,42,0,0.0,0.0,0.0,0.0,0.0,0.0
2026-07-30T10:44:40.818,514.594,31,open,ACTUATOR_ACTIVE,TRAJECTORY_COMPLETE,24.0,49,9,0,0.13,49,0,0.0,0.0,0.0,0.0,0.0,0.0
2026-07-30T10:44:41.328,515.11,31,open,ACTUATOR_ACTIVE,TRAJECTORY_COMPLETE,24.0,49,10,0,0.4,49,0,0.0,0.0,0.0,0.0,0.0,0.0
2026-07-30T10:44:41.819,515.594,31,open,ACTUATOR_ACTIVE,TRAJECTORY_COMPLETE,24.0,49,10,0,0.37,49,0,0.0,0.0,0.0,0.0,0.0,0.0
2026-07-30T10:44:42.326,516.11,31,open,ACTUATOR_ACTIVE,TRAJECTORY_COMPLETE,24.0,49,10,-1,0.54,49,0,0.0,0.0,0.0,0.0,0.0,0.0
2026-07-30T10:44:42.823,516.61,31,open,ACTUATOR_ACTIVE,TRAJECTORY_COMPLETE,24.0,49,10,0,-0.21,49,0,0.0,0.0,0.0,0.0,0.0,0.0
2026-07-30T10:44:43.315,517.094,31,open,ACTUATOR_ACTIVE,TRAJECTORY_COMPLETE,24.0,49,10,0,0.07,49,0,0.0,0.0,0.0,0.0,0.0,0.0
2026-07-30T10:44:43.822,517.61,31,open,ACTUATOR_ACTIVE,TRAJECTORY_COMPLETE,24.0,49,10,0,0.18,49,0,0.0,0.0,0.0,0.0,0.0,0.0
2026-07-30T10:44:44.318,518.094,31,open,ACTUATOR_ACTIVE,TRAJECTORY_COMPLETE,24.0,49,10,0,0.31,49,0,0.0,0.0,0.0,0.0,0.0,0.0
2026-07-30T10:44:44.828,518.61,31,open,ACTUATOR_ACTIVE,TRAJECTORY_COMPLETE,24.0,44,10,0,0.01,44,0,0.0,0.0,0.0,0.0,0.0,0.0
2026-07-30T10:44:45.433,519.219,32,close,ACTUATOR_ACTIVE,TRAJECTORY_RUNNING,24.0,44,10,6,0.55,44,0,0.0,0.0,0.0,0.0,0.0,0.0
2026-07-30T10:44:45.925,519.703,32,close,ACTUATOR_ACTIVE,TRAJECTORY_RUNNING,24.0,44,12,3,1.82,44,0,0.0,0.0,0.0,0.0,0.0,0.0
2026-07-30T10:44:46.439,520.219,32,close,ACTUATOR_ACTIVE,TRAJECTORY_RUNNING,24.0,44,14,3,1.47,44,0,0.0,0.0,0.0,0.0,0.0,0.0
2026-07-30T10:44:46.934,520.719,32,close,ACTUATOR_ACTIVE,TRAJECTORY_RUNNING,24.0,44,16,5,1.25,44,0,0.0,0.0,0.0,0.0,0.0,0.0
2026-07-30T10:44:47.434,521.219,32,close,ACTUATOR_ACTIVE,TRAJECTORY_RUNNING,24.0,44,19,8,1.18,44,0,0.0,0.0,0.0,0.0,0.0,0.0
2026-07-30T10:44:47.926,521.703,32,close,ACTUATOR_ACTIVE,TRAJECTORY_RUNNING,24.0,44,23,8,1.87,44,0,0.0,0.0,0.0,0.0,0.0,0.0
2026-07-30T10:44:48.437,522.219,32,close,ACTUATOR_ACTIVE,TRAJECTORY_RUNNING,24.0,43,27,8,0.75,43,0,0.0,0.0,0.0,0.0,0.0,0.0
2026-07-30T10:44:48.928,522.703,32,close,ACTUATOR_ACTIVE,TRAJECTORY_RUNNING,24.0,43,30,1,6.21,43,0,0.0,0.0,0.0,0.0,0.0,0.0
2026-07-30T10:44:49.436,523.219,32,close,ACTUATOR_ACTIVE,TRAJECTORY_RUNNING,24.0,43,30,0,2.55,43,0,0.0,0.0,0.0,0.0,0.0,0.0
2026-07-30T10:44:49.930,523.703,32,close,ACTUATOR_ACTIVE,TRAJECTORY_RUNNING,24.0,43,30,-1,3.34,43,0,0.0,0.0,0.0,0.0,0.0,0.0
2026-07-30T10:44:50.441,524.219,32,close,ACTUATOR_ACTIVE,TRAJECTORY_RUNNING,24.0,43,30,1,2.25,43,0,0.0,0.0,0.0,0.0,0.0,0.0
2026-07-30T10:44:50.932,524.719,32,close,ACTUATOR_ACTIVE,TRAJECTORY_RUNNING,24.0,43,30,2,2.16,43,0,0.0,0.0,0.0,0.0,0.0,0.0
2026-07-30T10:44:51.429,525.203,32,close,ACTUATOR_ACTIVE,TRAJECTORY_RUNNING,24.0,43,30,0,1.97,43,0,0.0,0.0,0.0,0.0,0.0,0.0
2026-07-30T10:44:51.942,525.719,32,close,ACTUATOR_ACTIVE,TRAJECTORY_RUNNING,24.0,43,30,0,2.27,43,0,0.0,0.0,0.0,0.0,0.0,0.0
2026-07-30T10:44:52.440,526.219,32,close,ACTUATOR_ACTIVE,TRAJECTORY_RUNNING,24.0,41,30,0,1.87,41,0,0.0,0.0,0.0,0.0,0.0,0.0
2026-07-30T10:44:52.934,526.719,32,close,ACTUATOR_ACTIVE,TRAJECTORY_RUNNING,24.0,41,30,1,1.69,41,0,0.0,0.0,0.0,0.0,0.0,0.0
2026-07-30T10:44:53.546,527.328,32,open,ACTUATOR_ACTIVE,TRAJECTORY_RUNNING,24.0,41,30,-1,1.49,41,0,0.0,0.0,0.0,0.0,0.0,0.0
2026-07-30T10:44:54.043,527.828,32,open,ACTUATOR_ACTIVE,TRAJECTORY_RUNNING,24.0,41,25,-11,-0.83,41,0,0.0,0.0,0.0,0.0,0.0,0.0
2026-07-30T10:44:54.539,528.313,32,open,ACTUATOR_ACTIVE,TRAJECTORY_RUNNING,24.0,41,20,-12,-0.26,41,0,0.0,0.0,0.0,0.0,0.0,0.0
2026-07-30T10:44:55.053,528.828,32,open,ACTUATOR_ACTIVE,TRAJECTORY_RUNNING,24.0,41,14,-11,-2.14,41,0,0.0,0.0,0.0,0.0,0.0,0.0
2026-07-30T10:44:55.553,529.328,32,open,ACTUATOR_ACTIVE,TRAJECTORY_COMPLETE,24.0,41,9,0,0.58,41,0,0.0,0.0,0.0,0.0,0.0,0.0
2026-07-30T10:44:56.049,529.828,32,open,ACTUATOR_ACTIVE,TRAJECTORY_COMPLETE,24.0,41,9,0,0.94,41,0,0.0,0.0,0.0,0.0,0.0,0.0
2026-07-30T10:44:56.550,530.328,32,open,ACTUATOR_ACTIVE,TRAJECTORY_COMPLETE,24.0,44,9,0,0.17,44,0,0.0,0.0,0.0,0.0,0.0,0.0
2026-07-30T10:44:57.044,530.828,32,open,ACTUATOR_ACTIVE,TRAJECTORY_COMPLETE,24.0,44,9,0,-0.02,44,0,0.0,0.0,0.0,0.0,0.0,0.0
2026-07-30T10:44:57.539,531.313,32,open,ACTUATOR_ACTIVE,TRAJECTORY_COMPLETE,24.0,44,9,0,0.84,44,0,0.0,0.0,0.0,0.0,0.0,0.0
2026-07-30T10:44:58.049,531.828,32,open,ACTUATOR_ACTIVE,TRAJECTORY_COMPLETE,24.0,44,10,0,0.06,44,0,0.0,0.0,0.0,0.0,0.0,0.0
2026-07-30T10:44:58.546,532.328,32,open,ACTUATOR_ACTIVE,TRAJECTORY_COMPLETE,24.0,44,10,0,1.26,44,0,0.0,0.0,0.0,0.0,0.0,0.0
2026-07-30T10:44:59.043,532.828,32,open,ACTUATOR_ACTIVE,TRAJECTORY_COMPLETE,24.0,44,10,0,0.3,44,0,0.0,0.0,0.0,0.0,0.0,0.0
2026-07-30T10:44:59.539,533.313,32,open,ACTUATOR_ACTIVE,TRAJECTORY_COMPLETE,24.0,44,10,0,0.19,44,0,0.0,0.0,0.0,0.0,0.0,0.0
2026-07-30T10:45:00.044,533.828,32,open,ACTUATOR_ACTIVE,TRAJECTORY_COMPLETE,24.0,44,10,0,0.35,44,0,0.0,0.0,0.0,0.0,0.0,0.0
2026-07-30T10:45:00.543,534.328,32,open,ACTUATOR_ACTIVE,TRAJECTORY_COMPLETE,24.0,44,10,0,0.07,44,0,0.0,0.0,0.0,0.0,0.0,0.0
2026-07-30T10:45:01.037,534.813,32,open,ACTUATOR_ACTIVE,TRAJECTORY_COMPLETE,24.0,44,10,0,-0.35,44,0,0.0,0.0,0.0,0.0,0.0,0.0
2026-07-30T10:45:01.661,535.438,33,close,ACTUATOR_ACTIVE,TRAJECTORY_RUNNING,24.0,44,10,6,1.17,44,0,0.0,0.0,0.0,0.0,0.0,0.0
2026-07-30T10:45:02.151,535.938,33,close,ACTUATOR_ACTIVE,TRAJECTORY_RUNNING,24.0,44,12,4,1.07,44,0,0.0,0.0,0.0,0.0,0.0,0.0
2026-07-30T10:45:02.645,536.422,33,close,ACTUATOR_ACTIVE,TRAJECTORY_RUNNING,24.0,44,14,6,2.24,44,0,0.0,0.0,0.0,0.0,0.0,0.0
2026-07-30T10:45:03.154,536.938,33,close,ACTUATOR_ACTIVE,TRAJECTORY_RUNNING,24.0,44,16,7,1.32,44,0,0.0,0.0,0.0,0.0,0.0,0.0
2026-07-30T10:45:03.650,537.438,33,close,ACTUATOR_ACTIVE,TRAJECTORY_RUNNING,24.0,44,20,8,1.62,44,0,0.0,0.0,0.0,0.0,0.0,0.0
2026-07-30T10:45:04.144,537.922,33,close,ACTUATOR_ACTIVE,TRAJECTORY_RUNNING,24.0,44,23,9,2.36,44,0,0.0,0.0,0.0,0.0,0.0,0.0
2026-07-30T10:45:04.655,538.438,33,close,ACTUATOR_ACTIVE,TRAJECTORY_RUNNING,24.0,40,27,6,2.38,40,0,0.0,0.0,0.0,0.0,0.0,0.0
2026-07-30T10:45:05.149,538.922,33,close,ACTUATOR_ACTIVE,TRAJECTORY_RUNNING,24.0,40,30,0,5.32,40,0,0.0,0.0,0.0,0.0,0.0,0.0
2026-07-30T10:45:05.657,539.438,33,close,ACTUATOR_ACTIVE,TRAJECTORY_RUNNING,24.0,40,30,-1,2.28,40,0,0.0,0.0,0.0,0.0,0.0,0.0
2026-07-30T10:45:06.157,539.938,33,close,ACTUATOR_ACTIVE,TRAJECTORY_RUNNING,24.0,40,30,0,2.0,40,0,0.0,0.0,0.0,0.0,0.0,0.0
2026-07-30T10:45:06.652,540.438,33,close,ACTUATOR_ACTIVE,TRAJECTORY_RUNNING,24.0,40,30,0,2.2,40,0,0.0,0.0,0.0,0.0,0.0,0.0
2026-07-30T10:45:07.147,540.922,33,close,ACTUATOR_ACTIVE,TRAJECTORY_RUNNING,24.0,40,30,-1,1.74,40,0,0.0,0.0,0.0,0.0,0.0,0.0
2026-07-30T10:45:07.661,541.438,33,close,ACTUATOR_ACTIVE,TRAJECTORY_STOPPED,24.0,40,30,-1,1.97,40,0,0.0,0.0,0.0,0.0,0.0,0.0
2026-07-30T10:45:08.159,541.938,33,close,ACTUATOR_ACTIVE,TRAJECTORY_RUNNING,24.0,40,30,-1,1.95,40,0,0.0,0.0,0.0,0.0,0.0,0.0
2026-07-30T10:45:08.654,542.438,33,close,ACTUATOR_ACTIVE,TRAJECTORY_RUNNING,24.0,39,30,0,1.98,39,0,0.0,0.0,0.0,0.0,0.0,0.0
2026-07-30T10:45:09.148,542.922,33,close,ACTUATOR_ACTIVE,TRAJECTORY_RUNNING,24.0,39,30,1,2.2,39,0,0.0,0.0,0.0,0.0,0.0,0.0
2026-07-30T10:45:09.764,543.547,33,open,ACTUATOR_ACTIVE,TRAJECTORY_STOPPED,24.0,39,30,0,1.28,39,0,0.0,0.0,0.0,0.0,0.0,0.0
2026-07-30T10:45:10.259,544.031,33,open,ACTUATOR_ACTIVE,TRAJECTORY_RUNNING,24.0,39,30,0,-0.43,39,0,0.0,0.0,0.0,0.0,0.0,0.0
2026-07-30T10:45:10.773,544.547,33,open,ACTUATOR_ACTIVE,TRAJECTORY_RUNNING,24.0,39,29,-2,0.1,39,0,0.0,0.0,0.0,0.0,0.0,0.0
2026-07-30T10:45:11.267,545.047,33,open,ACTUATOR_ACTIVE,TRAJECTORY_RUNNING,24.0,39,28,-3,-0.24,39,0,0.0,0.0,0.0,0.0,0.0,0.0
2026-07-30T10:45:11.764,545.547,33,open,ACTUATOR_ACTIVE,TRAJECTORY_RUNNING,24.0,39,26,-4,-1.4,39,0,0.0,0.0,0.0,0.0,0.0,0.0
2026-07-30T10:45:12.259,546.031,33,open,ACTUATOR_ACTIVE,TRAJECTORY_RUNNING,24.0,39,23,-8,-1.65,39,0,0.0,0.0,0.0,0.0,0.0,0.0
2026-07-30T10:45:12.773,546.547,33,open,ACTUATOR_ACTIVE,TRAJECTORY_RUNNING,24.0,44,19,-8,-0.99,44,0,0.0,0.0,0.0,0.0,0.0,0.0
2026-07-30T10:45:13.272,547.047,33,open,ACTUATOR_ACTIVE,TRAJECTORY_RUNNING,24.0,44,14,-9,-1.06,44,0,0.0,0.0,0.0,0.0,0.0,0.0
2026-07-30T10:45:13.771,547.547,33,open,ACTUATOR_ACTIVE,TRAJECTORY_RUNNING,24.0,44,10,-8,-2.83,44,0,0.0,0.0,0.0,0.0,0.0,0.0
2026-07-30T10:45:14.263,548.047,33,open,ACTUATOR_ACTIVE,TRAJECTORY_RUNNING,24.0,44,9,0,-0.84,44,0,0.0,0.0,0.0,0.0,0.0,0.0
2026-07-30T10:45:14.759,548.531,33,open,ACTUATOR_ACTIVE,TRAJECTORY_RUNNING,24.0,44,9,0,0.3,44,0,0.0,0.0,0.0,0.0,0.0,0.0
2026-07-30T10:45:15.271,549.047,33,open,ACTUATOR_ACTIVE,TRAJECTORY_RUNNING,24.0,44,9,0,1.36,44,0,0.0,0.0,0.0,0.0,0.0,0.0
2026-07-30T10:45:15.769,549.547,33,open,ACTUATOR_ACTIVE,TRAJECTORY_RUNNING,24.0,44,9,0,1.68,44,0,0.0,0.0,0.0,0.0,0.0,0.0
2026-07-30T10:45:16.263,550.047,33,open,ACTUATOR_ACTIVE,TRAJECTORY_RUNNING,24.0,44,9,0,2.25,44,0,0.0,0.0,0.0,0.0,0.0,0.0
2026-07-30T10:45:16.754,550.531,33,open,ACTUATOR_ACTIVE,TRAJECTORY_RUNNING,24.0,36,9,0,2.12,36,0,0.0,0.0,0.0,0.0,0.0,0.0
2026-07-30T10:45:17.265,551.047,33,open,ACTUATOR_ACTIVE,TRAJECTORY_STOPPED,24.0,36,9,0,1.99,36,0,0.0,0.0,0.0,0.0,0.0,0.0
2026-07-30T10:45:17.872,551.656,34,close,ACTUATOR_ACTIVE,TRAJECTORY_RUNNING,24.0,36,9,7,2.38,36,0,0.0,0.0,0.0,0.0,0.0,0.0
2026-07-30T10:45:18.371,552.156,34,close,ACTUATOR_ACTIVE,TRAJECTORY_RUNNING,24.0,36,12,6,1.76,36,0,0.0,0.0,0.0,0.0,0.0,0.0
2026-07-30T10:45:18.864,552.641,34,close,ACTUATOR_ACTIVE,TRAJECTORY_RUNNING,24.0,36,16,8,0.82,36,0,0.0,0.0,0.0,0.0,0.0,0.0
2026-07-30T10:45:19.369,553.156,34,close,ACTUATOR_ACTIVE,TRAJECTORY_RUNNING,24.0,36,19,8,0.2,36,0,0.0,0.0,0.0,0.0,0.0,0.0
2026-07-30T10:45:19.861,553.641,34,close,ACTUATOR_ACTIVE,TRAJECTORY_RUNNING,24.0,36,23,10,1.25,36,0,0.0,0.0,0.0,0.0,0.0,0.0
2026-07-30T10:45:20.374,554.156,34,close,ACTUATOR_ACTIVE,TRAJECTORY_RUNNING,24.0,36,27,9,1.67,36,0,0.0,0.0,0.0,0.0,0.0,0.0
2026-07-30T10:45:20.873,554.656,34,close,ACTUATOR_ACTIVE,TRAJECTORY_RUNNING,24.0,42,30,1,4.98,42,0,0.0,0.0,0.0,0.0,0.0,0.0
2026-07-30T10:45:21.370,555.156,34,close,ACTUATOR_ACTIVE,TRAJECTORY_RUNNING,24.0,42,30,-1,2.44,42,0,0.0,0.0,0.0,0.0,0.0,0.0
2026-07-30T10:45:21.862,555.641,34,close,ACTUATOR_ACTIVE,TRAJECTORY_RUNNING,24.0,42,30,0,2.19,42,0,0.0,0.0,0.0,0.0,0.0,0.0
2026-07-30T10:45:22.378,556.156,34,close,ACTUATOR_ACTIVE,TRAJECTORY_RUNNING,24.0,42,30,0,2.04,42,0,0.0,0.0,0.0,0.0,0.0,0.0
2026-07-30T10:45:22.869,556.656,34,close,ACTUATOR_ACTIVE,TRAJECTORY_STOPPED,24.0,42,30,0,1.89,42,0,0.0,0.0,0.0,0.0,0.0,0.0
2026-07-30T10:45:23.367,557.141,34,close,ACTUATOR_ACTIVE,TRAJECTORY_STOPPED,24.0,42,30,0,2.21,42,0,0.0,0.0,0.0,0.0,0.0,0.0
2026-07-30T10:45:23.876,557.656,34,close,ACTUATOR_ACTIVE,TRAJECTORY_STOPPED,24.0,42,30,0,2.03,42,0,0.0,0.0,0.0,0.0,0.0,0.0
2026-07-30T10:45:24.371,558.156,34,close,ACTUATOR_ACTIVE,TRAJECTORY_RUNNING,24.0,42,30,1,2.06,42,0,0.0,0.0,0.0,0.0,0.0,0.0
2026-07-30T10:45:24.870,558.656,34,close,ACTUATOR_ACTIVE,TRAJECTORY_RUNNING,24.0,44,30,0,2.31,44,0,0.0,0.0,0.0,0.0,0.0,0.0
2026-07-30T10:45:25.366,559.141,34,close,ACTUATOR_ACTIVE,TRAJECTORY_STOPPED,24.0,44,30,0,2.14,44,0,0.0,0.0,0.0,0.0,0.0,0.0
2026-07-30T10:45:25.989,559.766,34,open,ACTUATOR_ACTIVE,TRAJECTORY_RUNNING,24.0,44,30,0,1.53,44,0,0.0,0.0,0.0,0.0,0.0,0.0
2026-07-30T10:45:26.504,560.281,34,open,ACTUATOR_ACTIVE,TRAJECTORY_RUNNING,24.0,44,30,0,-1.04,44,0,0.0,0.0,0.0,0.0,0.0,0.0
2026-07-30T10:45:27.003,560.781,34,open,ACTUATOR_ACTIVE,TRAJECTORY_RUNNING,24.0,44,29,-2,0.97,44,0,0.0,0.0,0.0,0.0,0.0,0.0
2026-07-30T10:45:27.505,561.281,34,open,ACTUATOR_ACTIVE,TRAJECTORY_RUNNING,24.0,44,28,-2,-0.27,44,0,0.0,0.0,0.0,0.0,0.0,0.0
2026-07-30T10:45:28.007,561.781,34,open,ACTUATOR_ACTIVE,TRAJECTORY_RUNNING,24.0,44,26,-4,-0.36,44,0,0.0,0.0,0.0,0.0,0.0,0.0
2026-07-30T10:45:28.503,562.281,34,open,ACTUATOR_ACTIVE,TRAJECTORY_RUNNING,24.0,45,23,-8,-2.72,45,0,0.0,0.0,0.0,0.0,0.0,0.0
2026-07-30T10:45:29.004,562.781,34,open,ACTUATOR_ACTIVE,TRAJECTORY_RUNNING,24.0,45,19,-9,-1.41,45,0,0.0,0.0,0.0,0.0,0.0,0.0
2026-07-30T10:45:29.501,563.281,34,open,ACTUATOR_ACTIVE,TRAJECTORY_RUNNING,24.0,45,14,-9,-1.71,45,0,0.0,0.0,0.0,0.0,0.0,0.0
2026-07-30T10:45:29.997,563.781,34,open,ACTUATOR_ACTIVE,TRAJECTORY_RUNNING,24.0,45,10,-8,-1.97,45,0,0.0,0.0,0.0,0.0,0.0,0.0
2026-07-30T10:45:30.495,564.281,34,open,ACTUATOR_ACTIVE,TRAJECTORY_RUNNING,24.0,45,8,0,-0.8,45,0,0.0,0.0,0.0,0.0,0.0,0.0
2026-07-30T10:45:30.991,564.766,34,open,ACTUATOR_ACTIVE,TRAJECTORY_RUNNING,24.0,45,8,-1,0.38,45,0,0.0,0.0,0.0,0.0,0.0,0.0
2026-07-30T10:45:31.498,565.281,34,open,ACTUATOR_ACTIVE,TRAJECTORY_RUNNING,24.0,45,9,0,1.61,45,0,0.0,0.0,0.0,0.0,0.0,0.0
2026-07-30T10:45:31.996,565.781,34,open,ACTUATOR_ACTIVE,TRAJECTORY_STOPPED,24.0,45,9,0,1.75,45,0,0.0,0.0,0.0,0.0,0.0,0.0
2026-07-30T10:45:32.495,566.281,34,open,ACTUATOR_ACTIVE,TRAJECTORY_RUNNING,24.0,45,9,0,1.82,45,0,0.0,0.0,0.0,0.0,0.0,0.0
2026-07-30T10:45:32.988,566.766,34,open,ACTUATOR_ACTIVE,TRAJECTORY_RUNNING,24.0,45,9,1,1.71,45,0,0.0,0.0,0.0,0.0,0.0,0.0
2026-07-30T10:45:33.498,567.281,34,open,ACTUATOR_ACTIVE,TRAJECTORY_RUNNING,24.0,45,9,0,2.19,45,0,0.0,0.0,0.0,0.0,0.0,0.0
2026-07-30T10:45:34.109,567.891,35,close,ACTUATOR_ACTIVE,TRAJECTORY_RUNNING,24.0,45,9,7,1.7,45,0,0.0,0.0,0.0,0.0,0.0,0.0
2026-07-30T10:45:34.610,568.391,35,close,ACTUATOR_ACTIVE,TRAJECTORY_RUNNING,24.0,45,14,7,2.04,45,0,0.0,0.0,0.0,0.0,0.0,0.0
2026-07-30T10:45:35.106,568.891,35,close,ACTUATOR_ACTIVE,TRAJECTORY_RUNNING,24.0,45,18,9,1.62,45,0,0.0,0.0,0.0,0.0,0.0,0.0
2026-07-30T10:45:35.601,569.375,35,close,ACTUATOR_ACTIVE,TRAJECTORY_RUNNING,24.0,45,22,10,2.49,45,0,0.0,0.0,0.0,0.0,0.0,0.0
2026-07-30T10:45:36.113,569.891,35,close,ACTUATOR_ACTIVE,TRAJECTORY_RUNNING,24.0,45,27,9,2.9,45,0,0.0,0.0,0.0,0.0,0.0,0.0
2026-07-30T10:45:36.608,570.391,35,close,ACTUATOR_ACTIVE,TRAJECTORY_RUNNING,24.0,46,31,4,20.41,46,0,0.0,0.0,0.0,0.0,0.0,0.0
2026-07-30T10:45:37.107,570.891,35,close,ACTUATOR_ACTIVE,TRAJECTORY_RUNNING,24.0,46,31,0,29.53,46,0,0.0,0.0,0.0,0.0,0.0,0.0
2026-07-30T10:45:37.602,571.375,35,close,ACTUATOR_ACTIVE,TRAJECTORY_RUNNING,24.0,46,31,-1,31.96,46,0,0.0,0.0,0.0,0.0,0.0,0.0
2026-07-30T10:45:38.117,571.891,35,close,ACTUATOR_ACTIVE,TRAJECTORY_RUNNING,24.0,46,31,0,29.06,46,0,0.0,0.0,0.0,0.0,0.0,0.0
2026-07-30T10:45:38.613,572.391,35,close,ACTUATOR_ACTIVE,TRAJECTORY_RUNNING,24.0,46,31,0,26.96,46,0,0.0,0.0,0.0,0.0,0.0,0.0
2026-07-30T10:45:39.108,572.891,35,close,ACTUATOR_ACTIVE,TRAJECTORY_RUNNING,24.0,46,31,0,32.06,46,0,0.0,0.0,0.0,0.0,0.0,0.0
2026-07-30T10:45:39.604,573.391,35,close,ACTUATOR_ACTIVE,TRAJECTORY_RUNNING,24.0,46,31,0,29.84,46,0,0.0,0.0,0.0,0.0,0.0,0.0
2026-07-30T10:45:40.098,573.875,35,close,ACTUATOR_ACTIVE,TRAJECTORY_RUNNING,24.0,46,31,0,30.38,46,0,0.0,0.0,0.0,0.0,0.0,0.0
2026-07-30T10:45:40.608,574.391,35,close,ACTUATOR_ACTIVE,TRAJECTORY_RUNNING,24.0,43,31,0,30.48,43,0,0.0,0.0,0.0,0.0,0.0,0.0
2026-07-30T10:45:41.107,574.891,35,close,ACTUATOR_ACTIVE,TRAJECTORY_RUNNING,24.0,43,31,0,30.94,43,0,0.0,0.0,0.0,0.0,0.0,0.0
2026-07-30T10:45:41.599,575.375,35,close,ACTUATOR_ACTIVE,TRAJECTORY_RUNNING,24.0,43,31,0,30.75,43,0,0.0,0.0,0.0,0.0,0.0,0.0
2026-07-30T10:45:42.221,576.0,35,open,ACTUATOR_ACTIVE,TRAJECTORY_RUNNING,24.0,43,31,-1,5.32,43,0,0.0,0.0,0.0,0.0,0.0,0.0
2026-07-30T10:45:42.713,576.5,35,open,ACTUATOR_ACTIVE,TRAJECTORY_RUNNING,24.0,43,27,-12,-1.25,43,0,0.0,0.0,0.0,0.0,0.0,0.0
2026-07-30T10:45:43.210,576.985,35,open,ACTUATOR_ACTIVE,TRAJECTORY_RUNNING,24.0,43,21,-12,-1.82,43,0,0.0,0.0,0.0,0.0,0.0,0.0
2026-07-30T10:45:43.723,577.5,35,open,ACTUATOR_ACTIVE,TRAJECTORY_RUNNING,24.0,43,15,-12,-2.54,43,0,0.0,0.0,0.0,0.0,0.0,0.0
2026-07-30T10:45:44.214,578.0,35,open,ACTUATOR_ACTIVE,TRAJECTORY_RUNNING,24.0,43,10,-9,-2.33,43,0,0.0,0.0,0.0,0.0,0.0,0.0
2026-07-30T10:45:44.708,578.485,35,open,ACTUATOR_ACTIVE,TRAJECTORY_COMPLETE,24.0,46,10,0,0.56,46,0,0.0,0.0,0.0,0.0,0.0,0.0
2026-07-30T10:45:45.213,579.0,35,open,ACTUATOR_ACTIVE,TRAJECTORY_COMPLETE,24.0,46,10,0,0.82,46,0,0.0,0.0,0.0,0.0,0.0,0.0
2026-07-30T10:45:45.714,579.5,35,open,ACTUATOR_ACTIVE,TRAJECTORY_COMPLETE,24.0,46,10,1,0.69,46,0,0.0,0.0,0.0,0.0,0.0,0.0
2026-07-30T10:45:46.211,579.985,35,open,ACTUATOR_ACTIVE,TRAJECTORY_COMPLETE,24.0,46,9,1,0.75,46,0,0.0,0.0,0.0,0.0,0.0,0.0
2026-07-30T10:45:46.723,580.5,35,open,ACTUATOR_ACTIVE,TRAJECTORY_COMPLETE,24.0,46,9,0,-0.92,46,0,0.0,0.0,0.0,0.0,0.0,0.0
2026-07-30T10:45:47.219,581.0,35,open,ACTUATOR_ACTIVE,TRAJECTORY_COMPLETE,24.0,46,10,0,0.35,46,0,0.0,0.0,0.0,0.0,0.0,0.0
2026-07-30T10:45:47.711,581.485,35,open,ACTUATOR_ACTIVE,TRAJECTORY_COMPLETE,24.0,46,9,0,0.22,46,0,0.0,0.0,0.0,0.0,0.0,0.0
2026-07-30T10:45:48.219,582.0,35,open,ACTUATOR_ACTIVE,TRAJECTORY_COMPLETE,24.0,46,9,1,-0.18,46,0,0.0,0.0,0.0,0.0,0.0,0.0
2026-07-30T10:45:48.714,582.5,35,open,ACTUATOR_ACTIVE,TRAJECTORY_COMPLETE,24.0,44,9,0,0.43,44,0,0.0,0.0,0.0,0.0,0.0,0.0
2026-07-30T10:45:49.207,582.985,35,open,ACTUATOR_ACTIVE,TRAJECTORY_COMPLETE,24.0,44,9,0,0.02,44,0,0.0,0.0,0.0,0.0,0.0,0.0
2026-07-30T10:45:49.717,583.5,35,open,ACTUATOR_ACTIVE,TRAJECTORY_COMPLETE,24.0,44,9,0,0.26,44,0,0.0,0.0,0.0,0.0,0.0,0.0
2026-07-30T10:45:50.324,584.11,36,close,ACTUATOR_ACTIVE,TRAJECTORY_RUNNING,24.0,44,10,6,1.03,44,0,0.0,0.0,0.0,0.0,0.0,0.0
2026-07-30T10:45:50.817,584.594,36,close,ACTUATOR_ACTIVE,TRAJECTORY_RUNNING,24.0,44,14,9,3.38,44,0,0.0,0.0,0.0,0.0,0.0,0.0
2026-07-30T10:45:51.326,585.11,36,close,ACTUATOR_ACTIVE,TRAJECTORY_RUNNING,24.0,44,19,9,2.85,44,0,0.0,0.0,0.0,0.0,0.0,0.0
2026-07-30T10:45:51.821,585.594,36,close,ACTUATOR_ACTIVE,TRAJECTORY_RUNNING,24.0,44,23,9,2.04,44,0,0.0,0.0,0.0,0.0,0.0,0.0
2026-07-30T10:45:52.334,586.11,36,close,ACTUATOR_ACTIVE,TRAJECTORY_RUNNING,24.0,44,28,8,1.43,44,0,0.0,0.0,0.0,0.0,0.0,0.0
2026-07-30T10:45:52.832,586.61,36,close,ACTUATOR_ACTIVE,TRAJECTORY_RUNNING,24.0,41,31,1,22.27,41,0,0.0,0.0,0.0,0.0,0.0,0.0
2026-07-30T10:45:53.322,587.11,36,close,ACTUATOR_ACTIVE,TRAJECTORY_RUNNING,24.0,41,31,0,28.44,41,0,0.0,0.0,0.0,0.0,0.0,0.0
2026-07-30T10:45:53.817,587.594,36,close,ACTUATOR_ACTIVE,TRAJECTORY_RUNNING,24.0,41,31,0,28.27,41,0,0.0,0.0,0.0,0.0,0.0,0.0
2026-07-30T10:45:54.329,588.11,36,close,ACTUATOR_ACTIVE,TRAJECTORY_RUNNING,24.0,41,31,-1,28.92,41,0,0.0,0.0,0.0,0.0,0.0,0.0
2026-07-30T10:45:54.825,588.61,36,close,ACTUATOR_ACTIVE,TRAJECTORY_RUNNING,24.0,41,31,0,30.84,41,0,0.0,0.0,0.0,0.0,0.0,0.0
2026-07-30T10:45:55.318,589.094,36,close,ACTUATOR_ACTIVE,TRAJECTORY_RUNNING,24.0,41,31,0,29.65,41,0,0.0,0.0,0.0,0.0,0.0,0.0
2026-07-30T10:45:55.832,589.61,36,close,ACTUATOR_ACTIVE,TRAJECTORY_RUNNING,24.0,41,31,0,29.95,41,0,0.0,0.0,0.0,0.0,0.0,0.0
2026-07-30T10:45:56.330,590.11,36,close,ACTUATOR_ACTIVE,TRAJECTORY_RUNNING,24.0,41,31,0,28.06,41,0,0.0,0.0,0.0,0.0,0.0,0.0
2026-07-30T10:45:56.823,590.61,36,close,ACTUATOR_ACTIVE,TRAJECTORY_RUNNING,24.0,48,31,0,31.05,48,0,0.0,0.0,0.0,0.0,0.0,0.0
2026-07-30T10:45:57.319,591.094,36,close,ACTUATOR_ACTIVE,TRAJECTORY_RUNNING,24.0,48,31,0,31.85,48,0,0.0,0.0,0.0,0.0,0.0,0.0
2026-07-30T10:45:57.834,591.61,36,close,ACTUATOR_ACTIVE,TRAJECTORY_RUNNING,24.0,48,31,0,28.95,48,0,0.0,0.0,0.0,0.0,0.0,0.0
2026-07-30T10:45:58.445,592.219,36,open,ACTUATOR_ACTIVE,TRAJECTORY_RUNNING,24.0,48,31,0,4.57,48,0,0.0,0.0,0.0,0.0,0.0,0.0
2026-07-30T10:45:58.940,592.719,36,open,ACTUATOR_ACTIVE,TRAJECTORY_RUNNING,24.0,48,27,-11,-1.2,48,0,0.0,0.0,0.0,0.0,0.0,0.0
2026-07-30T10:45:59.437,593.219,36,open,ACTUATOR_ACTIVE,TRAJECTORY_RUNNING,24.0,48,21,-12,-2.67,48,0,0.0,0.0,0.0,0.0,0.0,0.0
2026-07-30T10:45:59.932,593.719,36,open,ACTUATOR_ACTIVE,TRAJECTORY_RUNNING,24.0,48,16,-12,-1.38,48,0,0.0,0.0,0.0,0.0,0.0,0.0
2026-07-30T10:46:00.431,594.219,36,open,ACTUATOR_ACTIVE,TRAJECTORY_RUNNING,24.0,41,10,-10,-1.86,41,0,0.0,0.0,0.0,0.0,0.0,0.0
2026-07-30T10:46:00.929,594.703,36,open,ACTUATOR_ACTIVE,TRAJECTORY_COMPLETE,24.0,41,10,0,-0.19,41,0,0.0,0.0,0.0,0.0,0.0,0.0
2026-07-30T10:46:01.442,595.219,36,open,ACTUATOR_ACTIVE,TRAJECTORY_COMPLETE,24.0,41,9,0,0.22,41,0,0.0,0.0,0.0,0.0,0.0,0.0
2026-07-30T10:46:01.942,595.719,36,open,ACTUATOR_ACTIVE,TRAJECTORY_COMPLETE,24.0,41,9,0,-0.16,41,0,0.0,0.0,0.0,0.0,0.0,0.0
2026-07-30T10:46:02.436,596.219,36,open,ACTUATOR_ACTIVE,TRAJECTORY_COMPLETE,24.0,41,10,0,-0.54,41,0,0.0,0.0,0.0,0.0,0.0,0.0
2026-07-30T10:46:02.929,596.703,36,open,ACTUATOR_ACTIVE,TRAJECTORY_COMPLETE,24.0,41,10,0,-0.19,41,0,0.0,0.0,0.0,0.0,0.0,0.0
2026-07-30T10:46:03.442,597.219,36,open,ACTUATOR_ACTIVE,TRAJECTORY_COMPLETE,24.0,41,10,0,0.15,41,0,0.0,0.0,0.0,0.0,0.0,0.0
2026-07-30T10:46:03.939,597.719,36,open,ACTUATOR_ACTIVE,TRAJECTORY_COMPLETE,24.0,41,10,1,0.09,41,0,0.0,0.0,0.0,0.0,0.0,0.0
2026-07-30T10:46:04.431,598.203,36,open,ACTUATOR_ACTIVE,TRAJECTORY_COMPLETE,24.0,44,10,0,0.39,44,0,0.0,0.0,0.0,0.0,0.0,0.0
2026-07-30T10:46:04.943,598.719,36,open,ACTUATOR_ACTIVE,TRAJECTORY_COMPLETE,24.0,44,10,0,0.1,44,0,0.0,0.0,0.0,0.0,0.0,0.0
2026-07-30T10:46:05.440,599.219,36,open,ACTUATOR_ACTIVE,TRAJECTORY_COMPLETE,24.0,44,10,0,0.15,44,0,0.0,0.0,0.0,0.0,0.0,0.0
2026-07-30T10:46:05.935,599.719,36,open,ACTUATOR_ACTIVE,TRAJECTORY_COMPLETE,24.0,44,10,0,1.42,44,0,0.0,0.0,0.0,0.0,0.0,0.0
2026-07-30T10:46:06.540,600.313,37,close,ACTUATOR_ACTIVE,TRAJECTORY_RUNNING,24.0,44,10,6,2.58,44,0,0.0,0.0,0.0,0.0,0.0,0.0
2026-07-30T10:46:07.054,600.828,37,close,ACTUATOR_ACTIVE,TRAJECTORY_RUNNING,24.0,44,11,3,1.44,44,0,0.0,0.0,0.0,0.0,0.0,0.0
2026-07-30T10:46:07.554,601.328,37,close,ACTUATOR_ACTIVE,TRAJECTORY_RUNNING,24.0,44,13,2,2.37,44,0,0.0,0.0,0.0,0.0,0.0,0.0
2026-07-30T10:46:08.054,601.828,37,close,ACTUATOR_ACTIVE,TRAJECTORY_RUNNING,24.0,44,15,5,2.04,44,0,0.0,0.0,0.0,0.0,0.0,0.0
2026-07-30T10:46:08.552,602.328,37,close,ACTUATOR_ACTIVE,TRAJECTORY_RUNNING,24.0,44,18,8,0.83,44,0,0.0,0.0,0.0,0.0,0.0,0.0
2026-07-30T10:46:09.047,602.828,37,close,ACTUATOR_ACTIVE,TRAJECTORY_RUNNING,24.0,44,22,7,3.07,44,0,0.0,0.0,0.0,0.0,0.0,0.0
2026-07-30T10:46:09.543,603.328,37,close,ACTUATOR_ACTIVE,TRAJECTORY_RUNNING,24.0,44,26,9,1.7,44,0,0.0,0.0,0.0,0.0,0.0,0.0
2026-07-30T10:46:10.041,603.828,37,close,ACTUATOR_ACTIVE,TRAJECTORY_RUNNING,24.0,44,30,5,5.01,44,0,0.0,0.0,0.0,0.0,0.0,0.0
2026-07-30T10:46:10.541,604.328,37,close,ACTUATOR_ACTIVE,TRAJECTORY_RUNNING,24.0,44,30,-1,2.9,44,0,0.0,0.0,0.0,0.0,0.0,0.0
2026-07-30T10:46:11.039,604.813,37,close,ACTUATOR_ACTIVE,TRAJECTORY_RUNNING,24.0,44,30,0,1.97,44,0,0.0,0.0,0.0,0.0,0.0,0.0
2026-07-30T10:46:11.554,605.328,37,close,ACTUATOR_ACTIVE,TRAJECTORY_RUNNING,24.0,44,30,0,1.87,44,0,0.0,0.0,0.0,0.0,0.0,0.0
2026-07-30T10:46:12.048,605.828,37,close,ACTUATOR_ACTIVE,TRAJECTORY_STOPPED,24.0,44,30,0,2.08,44,0,0.0,0.0,0.0,0.0,0.0,0.0
2026-07-30T10:46:12.546,606.328,37,close,ACTUATOR_ACTIVE,TRAJECTORY_RUNNING,24.0,48,30,-1,1.61,48,0,0.0,0.0,0.0,0.0,0.0,0.0
2026-07-30T10:46:13.042,606.828,37,close,ACTUATOR_ACTIVE,TRAJECTORY_RUNNING,24.0,48,30,1,1.7,48,0,0.0,0.0,0.0,0.0,0.0,0.0
2026-07-30T10:46:13.540,607.328,37,close,ACTUATOR_ACTIVE,TRAJECTORY_RUNNING,24.0,48,30,0,2.24,48,0,0.0,0.0,0.0,0.0,0.0,0.0
2026-07-30T10:46:14.035,607.813,37,close,ACTUATOR_ACTIVE,TRAJECTORY_RUNNING,24.0,48,30,0,1.94,48,0,0.0,0.0,0.0,0.0,0.0,0.0
2026-07-30T10:46:14.660,608.438,37,open,ACTUATOR_ACTIVE,TRAJECTORY_RUNNING,24.0,48,30,0,1.02,48,0,0.0,0.0,0.0,0.0,0.0,0.0
2026-07-30T10:46:15.155,608.938,37,open,ACTUATOR_ACTIVE,TRAJECTORY_RUNNING,24.0,48,30,0,-0.7,48,0,0.0,0.0,0.0,0.0,0.0,0.0
2026-07-30T10:46:15.656,609.438,37,open,ACTUATOR_ACTIVE,TRAJECTORY_RUNNING,24.0,48,29,-2,-0.75,48,0,0.0,0.0,0.0,0.0,0.0,0.0
2026-07-30T10:46:16.153,609.938,37,open,ACTUATOR_ACTIVE,TRAJECTORY_RUNNING,24.0,48,28,-2,-0.55,48,0,0.0,0.0,0.0,0.0,0.0,0.0
2026-07-30T10:46:16.650,610.438,37,open,ACTUATOR_ACTIVE,TRAJECTORY_RUNNING,24.0,45,26,-6,-1.54,45,0,0.0,0.0,0.0,0.0,0.0,0.0
2026-07-30T10:46:17.143,610.922,37,open,ACTUATOR_ACTIVE,TRAJECTORY_RUNNING,24.0,45,23,-7,-1.65,45,0,0.0,0.0,0.0,0.0,0.0,0.0
2026-07-30T10:46:17.653,611.438,37,open,ACTUATOR_ACTIVE,TRAJECTORY_RUNNING,24.0,45,19,-9,-2.05,45,0,0.0,0.0,0.0,0.0,0.0,0.0
2026-07-30T10:46:18.146,611.922,37,open,ACTUATOR_ACTIVE,TRAJECTORY_RUNNING,24.0,45,15,-10,-1.77,45,0,0.0,0.0,0.0,0.0,0.0,0.0
2026-07-30T10:46:18.659,612.438,37,open,ACTUATOR_ACTIVE,TRAJECTORY_RUNNING,24.0,45,10,-8,-2.11,45,0,0.0,0.0,0.0,0.0,0.0,0.0
2026-07-30T10:46:19.157,612.938,37,open,ACTUATOR_ACTIVE,TRAJECTORY_RUNNING,24.0,45,8,0,-1.49,45,0,0.0,0.0,0.0,0.0,0.0,0.0
2026-07-30T10:46:19.656,613.438,37,open,ACTUATOR_ACTIVE,TRAJECTORY_RUNNING,24.0,45,8,0,0.3,45,0,0.0,0.0,0.0,0.0,0.0,0.0
2026-07-30T10:46:20.151,613.938,37,open,ACTUATOR_ACTIVE,TRAJECTORY_RUNNING,24.0,45,9,0,1.36,45,0,0.0,0.0,0.0,0.0,0.0,0.0
2026-07-30T10:46:20.647,614.422,37,open,ACTUATOR_ACTIVE,TRAJECTORY_RUNNING,24.0,45,9,-1,2.04,45,0,0.0,0.0,0.0,0.0,0.0,0.0
2026-07-30T10:46:21.158,614.938,37,open,ACTUATOR_ACTIVE,TRAJECTORY_RUNNING,24.0,45,9,0,2.11,45,0,0.0,0.0,0.0,0.0,0.0,0.0
2026-07-30T10:46:21.645,615.422,37,open,ACTUATOR_ACTIVE,TRAJECTORY_RUNNING,24.0,45,9,0,2.2,45,0,0.0,0.0,0.0,0.0,0.0,0.0
2026-07-30T10:46:22.160,615.938,37,open,ACTUATOR_ACTIVE,TRAJECTORY_RUNNING,24.0,45,9,0,1.53,45,0,0.0,0.0,0.0,0.0,0.0,0.0
2026-07-30T10:46:22.763,616.547,38,close,ACTUATOR_ACTIVE,TRAJECTORY_RUNNING,24.0,45,9,5,1.89,45,0,0.0,0.0,0.0,0.0,0.0,0.0
2026-07-30T10:46:23.262,617.047,38,close,ACTUATOR_ACTIVE,TRAJECTORY_RUNNING,24.0,45,12,5,1.01,45,0,0.0,0.0,0.0,0.0,0.0,0.0
2026-07-30T10:46:23.762,617.547,38,close,ACTUATOR_ACTIVE,TRAJECTORY_RUNNING,24.0,45,15,5,1.85,45,0,0.0,0.0,0.0,0.0,0.0,0.0
2026-07-30T10:46:24.263,618.047,38,close,ACTUATOR_ACTIVE,TRAJECTORY_RUNNING,24.0,45,19,7,1.05,45,0,0.0,0.0,0.0,0.0,0.0,0.0
2026-07-30T10:46:24.763,618.547,38,close,ACTUATOR_ACTIVE,TRAJECTORY_RUNNING,24.0,49,23,8,2.41,49,0,0.0,0.0,0.0,0.0,0.0,0.0
2026-07-30T10:46:25.260,619.047,38,close,ACTUATOR_ACTIVE,TRAJECTORY_RUNNING,24.0,49,27,8,3.2,49,0,0.0,0.0,0.0,0.0,0.0,0.0
2026-07-30T10:46:25.753,619.531,38,close,ACTUATOR_ACTIVE,TRAJECTORY_RUNNING,24.0,49,30,0,5.76,49,0,0.0,0.0,0.0,0.0,0.0,0.0
2026-07-30T10:46:26.265,620.047,38,close,ACTUATOR_ACTIVE,TRAJECTORY_RUNNING,24.0,49,30,0,2.57,49,0,0.0,0.0,0.0,0.0,0.0,0.0
2026-07-30T10:46:26.756,620.531,38,close,ACTUATOR_ACTIVE,TRAJECTORY_STOPPED,24.0,49,30,-2,2.4,49,0,0.0,0.0,0.0,0.0,0.0,0.0
2026-07-30T10:46:27.272,621.047,38,close,ACTUATOR_ACTIVE,TRAJECTORY_RUNNING,24.0,49,30,0,3.1,49,0,0.0,0.0,0.0,0.0,0.0,0.0
2026-07-30T10:46:27.772,621.547,38,close,ACTUATOR_ACTIVE,TRAJECTORY_RUNNING,24.0,49,30,1,1.8,49,0,0.0,0.0,0.0,0.0,0.0,0.0
2026-07-30T10:46:28.268,622.047,38,close,ACTUATOR_ACTIVE,TRAJECTORY_RUNNING,24.0,49,30,0,2.28,49,0,0.0,0.0,0.0,0.0,0.0,0.0
2026-07-30T10:46:28.768,622.547,38,close,ACTUATOR_ACTIVE,TRAJECTORY_STOPPED,24.0,43,30,0,1.84,43,0,0.0,0.0,0.0,0.0,0.0,0.0
2026-07-30T10:46:29.265,623.047,38,close,ACTUATOR_ACTIVE,TRAJECTORY_RUNNING,24.0,43,30,0,1.71,43,0,0.0,0.0,0.0,0.0,0.0,0.0
2026-07-30T10:46:29.764,623.547,38,close,ACTUATOR_ACTIVE,TRAJECTORY_RUNNING,24.0,43,30,0,2.16,43,0,0.0,0.0,0.0,0.0,0.0,0.0
2026-07-30T10:46:30.261,624.047,38,close,ACTUATOR_ACTIVE,TRAJECTORY_STOPPED,24.0,43,30,0,1.95,43,0,0.0,0.0,0.0,0.0,0.0,0.0
2026-07-30T10:46:30.874,624.656,38,open,ACTUATOR_ACTIVE,TRAJECTORY_RUNNING,24.0,43,30,-1,0.51,43,0,0.0,0.0,0.0,0.0,0.0,0.0
2026-07-30T10:46:31.375,625.156,38,open,ACTUATOR_ACTIVE,TRAJECTORY_RUNNING,24.0,43,25,-11,-1.55,43,0,0.0,0.0,0.0,0.0,0.0,0.0
2026-07-30T10:46:31.877,625.656,38,open,ACTUATOR_ACTIVE,TRAJECTORY_RUNNING,24.0,43,20,-11,-2.09,43,0,0.0,0.0,0.0,0.0,0.0,0.0
2026-07-30T10:46:32.372,626.156,38,open,ACTUATOR_ACTIVE,TRAJECTORY_RUNNING,24.0,43,14,-11,-2.84,43,0,0.0,0.0,0.0,0.0,0.0,0.0
2026-07-30T10:46:32.866,626.641,38,open,ACTUATOR_ACTIVE,TRAJECTORY_COMPLETE,24.0,45,9,0,0.58,45,0,0.0,0.0,0.0,0.0,0.0,0.0
2026-07-30T10:46:33.380,627.156,38,open,ACTUATOR_ACTIVE,TRAJECTORY_COMPLETE,24.0,45,10,1,0.53,45,0,0.0,0.0,0.0,0.0,0.0,0.0
2026-07-30T10:46:33.878,627.656,38,open,ACTUATOR_ACTIVE,TRAJECTORY_COMPLETE,24.0,45,9,0,0.32,45,0,0.0,0.0,0.0,0.0,0.0,0.0
2026-07-30T10:46:34.378,628.156,38,open,ACTUATOR_ACTIVE,TRAJECTORY_COMPLETE,24.0,45,10,0,0.4,45,0,0.0,0.0,0.0,0.0,0.0,0.0
2026-07-30T10:46:34.871,628.656,38,open,ACTUATOR_ACTIVE,TRAJECTORY_COMPLETE,24.0,45,9,0,0.25,45,0,0.0,0.0,0.0,0.0,0.0,0.0
2026-07-30T10:46:35.366,629.141,38,open,ACTUATOR_ACTIVE,TRAJECTORY_COMPLETE,24.0,45,9,1,0.21,45,0,0.0,0.0,0.0,0.0,0.0,0.0
2026-07-30T10:46:35.878,629.656,38,open,ACTUATOR_ACTIVE,TRAJECTORY_COMPLETE,24.0,45,10,0,0.38,45,0,0.0,0.0,0.0,0.0,0.0,0.0
2026-07-30T10:46:36.376,630.156,38,open,ACTUATOR_ACTIVE,TRAJECTORY_COMPLETE,24.0,45,10,0,0.36,45,0,0.0,0.0,0.0,0.0,0.0,0.0
2026-07-30T10:46:36.875,630.656,38,open,ACTUATOR_ACTIVE,TRAJECTORY_COMPLETE,24.0,45,9,0,0.53,45,0,0.0,0.0,0.0,0.0,0.0,0.0
2026-07-30T10:46:37.376,631.156,38,open,ACTUATOR_ACTIVE,TRAJECTORY_COMPLETE,24.0,45,9,0,0.1,45,0,0.0,0.0,0.0,0.0,0.0,0.0
2026-07-30T10:46:37.874,631.656,38,open,ACTUATOR_ACTIVE,TRAJECTORY_COMPLETE,24.0,45,10,0,-0.2,45,0,0.0,0.0,0.0,0.0,0.0,0.0
2026-07-30T10:46:38.366,632.141,38,open,ACTUATOR_ACTIVE,TRAJECTORY_COMPLETE,24.0,45,10,0,0.3,45,0,0.0,0.0,0.0,0.0,0.0,0.0
2026-07-30T10:46:38.995,632.781,39,close,ACTUATOR_ACTIVE,TRAJECTORY_RUNNING,24.0,45,10,7,1.23,45,0,0.0,0.0,0.0,0.0,0.0,0.0
2026-07-30T10:46:39.489,633.266,39,close,ACTUATOR_ACTIVE,TRAJECTORY_RUNNING,24.0,45,11,2,1.48,45,0,0.0,0.0,0.0,0.0,0.0,0.0
2026-07-30T10:46:40.001,633.781,39,close,ACTUATOR_ACTIVE,TRAJECTORY_RUNNING,24.0,45,13,3,1.92,45,0,0.0,0.0,0.0,0.0,0.0,0.0
2026-07-30T10:46:40.493,634.266,39,close,ACTUATOR_ACTIVE,TRAJECTORY_RUNNING,24.0,49,16,6,1.6,49,0,0.0,0.0,0.0,0.0,0.0,0.0
2026-07-30T10:46:41.009,634.781,39,close,ACTUATOR_ACTIVE,TRAJECTORY_RUNNING,24.0,49,19,6,0.57,49,0,0.0,0.0,0.0,0.0,0.0,0.0
2026-07-30T10:46:41.501,635.281,39,close,ACTUATOR_ACTIVE,TRAJECTORY_RUNNING,24.0,49,23,7,1.96,49,0,0.0,0.0,0.0,0.0,0.0,0.0
2026-07-30T10:46:41.999,635.781,39,close,ACTUATOR_ACTIVE,TRAJECTORY_RUNNING,24.0,49,27,7,2.73,49,0,0.0,0.0,0.0,0.0,0.0,0.0
2026-07-30T10:46:42.496,636.281,39,close,ACTUATOR_ACTIVE,TRAJECTORY_RUNNING,24.0,49,30,2,6.88,49,0,0.0,0.0,0.0,0.0,0.0,0.0
2026-07-30T10:46:42.993,636.766,39,close,ACTUATOR_ACTIVE,TRAJECTORY_RUNNING,24.0,49,30,0,2.11,49,0,0.0,0.0,0.0,0.0,0.0,0.0
2026-07-30T10:46:43.505,637.281,39,close,ACTUATOR_ACTIVE,TRAJECTORY_RUNNING,24.0,49,30,0,2.07,49,0,0.0,0.0,0.0,0.0,0.0,0.0
2026-07-30T10:46:44.002,637.781,39,close,ACTUATOR_ACTIVE,TRAJECTORY_STOPPED,24.0,49,30,-1,2.12,49,0,0.0,0.0,0.0,0.0,0.0,0.0
2026-07-30T10:46:44.503,638.281,39,close,ACTUATOR_ACTIVE,TRAJECTORY_STOPPED,24.0,43,30,0,2.0,43,0,0.0,0.0,0.0,0.0,0.0,0.0
2026-07-30T10:46:45.002,638.781,39,close,ACTUATOR_ACTIVE,TRAJECTORY_RUNNING,24.0,43,30,1,2.04,43,0,0.0,0.0,0.0,0.0,0.0,0.0
2026-07-30T10:46:45.499,639.281,39,close,ACTUATOR_ACTIVE,TRAJECTORY_RUNNING,24.0,43,30,0,2.0,43,0,0.0,0.0,0.0,0.0,0.0,0.0
2026-07-30T10:46:45.994,639.781,39,close,ACTUATOR_ACTIVE,TRAJECTORY_RUNNING,24.0,43,30,0,2.12,43,0,0.0,0.0,0.0,0.0,0.0,0.0
2026-07-30T10:46:46.494,640.281,39,close,ACTUATOR_ACTIVE,TRAJECTORY_RUNNING,24.0,43,30,0,2.19,43,0,0.0,0.0,0.0,0.0,0.0,0.0
2026-07-30T10:46:47.100,640.875,39,open,ACTUATOR_ACTIVE,TRAJECTORY_RUNNING,24.0,43,30,0,1.28,43,0,0.0,0.0,0.0,0.0,0.0,0.0
2026-07-30T10:46:47.610,641.391,39,open,ACTUATOR_ACTIVE,TRAJECTORY_RUNNING,24.0,43,30,0,-0.95,43,0,0.0,0.0,0.0,0.0,0.0,0.0
2026-07-30T10:46:48.101,641.875,39,open,ACTUATOR_ACTIVE,TRAJECTORY_RUNNING,24.0,43,29,-1,-0.26,43,0,0.0,0.0,0.0,0.0,0.0,0.0
2026-07-30T10:46:48.618,642.391,39,open,ACTUATOR_ACTIVE,TRAJECTORY_RUNNING,24.0,45,28,-3,-0.52,45,0,0.0,0.0,0.0,0.0,0.0,0.0
2026-07-30T10:46:49.117,642.891,39,open,ACTUATOR_ACTIVE,TRAJECTORY_RUNNING,24.0,45,26,-4,-0.93,45,0,0.0,0.0,0.0,0.0,0.0,0.0
2026-07-30T10:46:49.615,643.391,39,open,ACTUATOR_ACTIVE,TRAJECTORY_RUNNING,24.0,45,23,-9,-1.75,45,0,0.0,0.0,0.0,0.0,0.0,0.0
2026-07-30T10:46:50.114,643.891,39,open,ACTUATOR_ACTIVE,TRAJECTORY_RUNNING,24.0,45,19,-8,-1.44,45,0,0.0,0.0,0.0,0.0,0.0,0.0
2026-07-30T10:46:50.607,644.391,39,open,ACTUATOR_ACTIVE,TRAJECTORY_RUNNING,24.0,45,14,-8,-1.96,45,0,0.0,0.0,0.0,0.0,0.0,0.0
2026-07-30T10:46:51.101,644.875,39,open,ACTUATOR_ACTIVE,TRAJECTORY_RUNNING,24.0,45,10,-9,-2.89,45,0,0.0,0.0,0.0,0.0,0.0,0.0
2026-07-30T10:46:51.612,645.391,39,open,ACTUATOR_ACTIVE,TRAJECTORY_RUNNING,24.0,45,8,0,-1.58,45,0,0.0,0.0,0.0,0.0,0.0,0.0
2026-07-30T10:46:52.112,645.891,39,open,ACTUATOR_ACTIVE,TRAJECTORY_RUNNING,24.0,45,8,0,0.21,45,0,0.0,0.0,0.0,0.0,0.0,0.0
2026-07-30T10:46:52.610,646.391,39,open,ACTUATOR_ACTIVE,TRAJECTORY_RUNNING,24.0,46,9,0,1.39,46,0,0.0,0.0,0.0,0.0,0.0,0.0
2026-07-30T10:46:53.107,646.891,39,open,ACTUATOR_ACTIVE,TRAJECTORY_RUNNING,24.0,46,9,0,1.69,46,0,0.0,0.0,0.0,0.0,0.0,0.0
2026-07-30T10:46:53.600,647.375,39,open,ACTUATOR_ACTIVE,TRAJECTORY_RUNNING,24.0,46,9,0,2.08,46,0,0.0,0.0,0.0,0.0,0.0,0.0
2026-07-30T10:46:54.110,647.891,39,open,ACTUATOR_ACTIVE,TRAJECTORY_RUNNING,24.0,46,9,0,1.94,46,0,0.0,0.0,0.0,0.0,0.0,0.0
2026-07-30T10:46:54.606,648.391,39,open,ACTUATOR_ACTIVE,TRAJECTORY_RUNNING,24.0,46,9,-1,1.74,46,0,0.0,0.0,0.0,0.0,0.0,0.0
2026-07-30T10:46:55.213,649.0,40,close,ACTUATOR_ACTIVE,TRAJECTORY_RUNNING,24.0,46,9,6,0.83,46,0,0.0,0.0,0.0,0.0,0.0,0.0
2026-07-30T10:46:55.711,649.485,40,close,ACTUATOR_ACTIVE,TRAJECTORY_RUNNING,24.0,46,12,6,1.33,46,0,0.0,0.0,0.0,0.0,0.0,0.0
2026-07-30T10:46:56.221,650.0,40,close,ACTUATOR_ACTIVE,TRAJECTORY_RUNNING,24.0,46,15,7,1.42,46,0,0.0,0.0,0.0,0.0,0.0,0.0
2026-07-30T10:46:56.720,650.5,40,close,ACTUATOR_ACTIVE,TRAJECTORY_RUNNING,24.0,42,19,7,1.68,42,0,0.0,0.0,0.0,0.0,0.0,0.0
2026-07-30T10:46:57.218,651.0,40,close,ACTUATOR_ACTIVE,TRAJECTORY_RUNNING,24.0,42,22,9,2.2,42,0,0.0,0.0,0.0,0.0,0.0,0.0
2026-07-30T10:46:57.715,651.5,40,close,ACTUATOR_ACTIVE,TRAJECTORY_RUNNING,24.0,42,27,8,2.52,42,0,0.0,0.0,0.0,0.0,0.0,0.0
2026-07-30T10:46:58.212,651.985,40,close,ACTUATOR_ACTIVE,TRAJECTORY_RUNNING,24.0,42,30,2,6.29,42,0,0.0,0.0,0.0,0.0,0.0,0.0
2026-07-30T10:46:58.722,652.5,40,close,ACTUATOR_ACTIVE,TRAJECTORY_RUNNING,24.0,42,30,0,2.64,42,0,0.0,0.0,0.0,0.0,0.0,0.0
2026-07-30T10:46:59.214,653.0,40,close,ACTUATOR_ACTIVE,TRAJECTORY_RUNNING,24.0,42,30,-1,2.12,42,0,0.0,0.0,0.0,0.0,0.0,0.0
2026-07-30T10:46:59.712,653.485,40,close,ACTUATOR_ACTIVE,TRAJECTORY_STOPPED,24.0,42,30,0,1.98,42,0,0.0,0.0,0.0,0.0,0.0,0.0
2026-07-30T10:47:00.225,654.0,40,close,ACTUATOR_ACTIVE,TRAJECTORY_STOPPED,24.0,42,30,1,1.94,42,0,0.0,0.0,0.0,0.0,0.0,0.0
2026-07-30T10:47:00.725,654.5,40,close,ACTUATOR_ACTIVE,TRAJECTORY_RUNNING,24.0,41,30,1,1.97,41,0,0.0,0.0,0.0,0.0,0.0,0.0
2026-07-30T10:47:01.224,655.0,40,close,ACTUATOR_ACTIVE,TRAJECTORY_STOPPED,24.0,41,30,0,2.11,41,0,0.0,0.0,0.0,0.0,0.0,0.0
2026-07-30T10:47:01.722,655.5,40,close,ACTUATOR_ACTIVE,TRAJECTORY_RUNNING,24.0,41,30,1,1.94,41,0,0.0,0.0,0.0,0.0,0.0,0.0
2026-07-30T10:47:02.214,656.0,40,close,ACTUATOR_ACTIVE,TRAJECTORY_RUNNING,24.0,41,30,1,1.78,41,0,0.0,0.0,0.0,0.0,0.0,0.0
2026-07-30T10:47:02.712,656.485,40,close,ACTUATOR_ACTIVE,TRAJECTORY_RUNNING,24.0,41,30,-1,2.13,41,0,0.0,0.0,0.0,0.0,0.0,0.0
2026-07-30T10:47:03.336,657.11,40,open,ACTUATOR_ACTIVE,TRAJECTORY_RUNNING,24.0,41,30,0,0.84,41,0,0.0,0.0,0.0,0.0,0.0,0.0
2026-07-30T10:47:03.851,657.625,40,open,ACTUATOR_ACTIVE,TRAJECTORY_RUNNING,24.0,41,25,-12,-0.6,41,0,0.0,0.0,0.0,0.0,0.0,0.0
2026-07-30T10:47:04.350,658.125,40,open,ACTUATOR_ACTIVE,TRAJECTORY_RUNNING,24.0,41,20,-11,-1.38,41,0,0.0,0.0,0.0,0.0,0.0,0.0
2026-07-30T10:47:04.846,658.625,40,open,ACTUATOR_ACTIVE,TRAJECTORY_RUNNING,24.0,43,14,-11,-2.43,43,0,0.0,0.0,0.0,0.0,0.0,0.0
2026-07-30T10:47:05.343,659.125,40,open,ACTUATOR_ACTIVE,TRAJECTORY_COMPLETE,24.0,43,9,1,0.22,43,0,0.0,0.0,0.0,0.0,0.0,0.0
2026-07-30T10:47:05.843,659.625,40,open,ACTUATOR_ACTIVE,TRAJECTORY_COMPLETE,24.0,43,10,0,0.08,43,0,0.0,0.0,0.0,0.0,0.0,0.0
2026-07-30T10:47:06.334,660.11,40,open,ACTUATOR_ACTIVE,TRAJECTORY_COMPLETE,24.0,43,10,1,0.18,43,0,0.0,0.0,0.0,0.0,0.0,0.0
2026-07-30T10:47:06.847,660.625,40,open,ACTUATOR_ACTIVE,TRAJECTORY_COMPLETE,24.0,43,10,0,-1.05,43,0,0.0,0.0,0.0,0.0,0.0,0.0
2026-07-30T10:47:07.338,661.125,40,open,ACTUATOR_ACTIVE,TRAJECTORY_COMPLETE,24.0,43,9,0,0.13,43,0,0.0,0.0,0.0,0.0,0.0,0.0
2026-07-30T10:47:07.835,661.61,40,open,ACTUATOR_ACTIVE,TRAJECTORY_COMPLETE,24.0,43,9,0,-0.93,43,0,0.0,0.0,0.0,0.0,0.0,0.0
2026-07-30T10:47:08.343,662.125,40,open,ACTUATOR_ACTIVE,TRAJECTORY_COMPLETE,24.0,43,9,0,0.19,43,0,0.0,0.0,0.0,0.0,0.0,0.0
2026-07-30T10:47:08.841,662.625,40,open,ACTUATOR_ACTIVE,TRAJECTORY_COMPLETE,24.0,44,9,0,0.04,44,0,0.0,0.0,0.0,0.0,0.0,0.0
2026-07-30T10:47:09.334,663.11,40,open,ACTUATOR_ACTIVE,TRAJECTORY_COMPLETE,24.0,44,9,0,0.35,44,0,0.0,0.0,0.0,0.0,0.0,0.0
2026-07-30T10:47:09.847,663.625,40,open,ACTUATOR_ACTIVE,TRAJECTORY_COMPLETE,24.0,44,9,1,0.74,44,0,0.0,0.0,0.0,0.0,0.0,0.0
2026-07-30T10:47:10.341,664.125,40,open,ACTUATOR_ACTIVE,TRAJECTORY_COMPLETE,24.0,44,9,0,0.31,44,0,0.0,0.0,0.0,0.0,0.0,0.0
2026-07-30T10:47:10.831,664.61,40,open,ACTUATOR_ACTIVE,TRAJECTORY_COMPLETE,24.0,44,9,0,-0.08,44,0,0.0,0.0,0.0,0.0,0.0,0.0
2026-07-30T10:47:11.456,665.235,41,close,ACTUATOR_ACTIVE,TRAJECTORY_RUNNING,24.0,44,10,6,1.1,44,0,0.0,0.0,0.0,0.0,0.0,0.0
2026-07-30T10:47:11.949,665.735,41,close,ACTUATOR_ACTIVE,TRAJECTORY_RUNNING,24.0,44,11,1,1.84,44,0,0.0,0.0,0.0,0.0,0.0,0.0
2026-07-30T10:47:12.446,666.219,41,close,ACTUATOR_ACTIVE,TRAJECTORY_RUNNING,24.0,41,13,4,1.7,41,0,0.0,0.0,0.0,0.0,0.0,0.0
2026-07-30T10:47:12.955,666.735,41,close,ACTUATOR_ACTIVE,TRAJECTORY_RUNNING,24.0,41,16,6,2.17,41,0,0.0,0.0,0.0,0.0,0.0,0.0
2026-07-30T10:47:13.450,667.235,41,close,ACTUATOR_ACTIVE,TRAJECTORY_RUNNING,24.0,41,19,6,1.72,41,0,0.0,0.0,0.0,0.0,0.0,0.0
2026-07-30T10:47:13.945,667.719,41,close,ACTUATOR_ACTIVE,TRAJECTORY_RUNNING,24.0,41,23,8,1.27,41,0,0.0,0.0,0.0,0.0,0.0,0.0
2026-07-30T10:47:14.457,668.235,41,close,ACTUATOR_ACTIVE,TRAJECTORY_RUNNING,24.0,41,27,8,2.73,41,0,0.0,0.0,0.0,0.0,0.0,0.0
2026-07-30T10:47:14.959,668.735,41,close,ACTUATOR_ACTIVE,TRAJECTORY_RUNNING,24.0,41,30,1,6.11,41,0,0.0,0.0,0.0,0.0,0.0,0.0
2026-07-30T10:47:15.453,669.235,41,close,ACTUATOR_ACTIVE,TRAJECTORY_RUNNING,24.0,41,30,0,2.6,41,0,0.0,0.0,0.0,0.0,0.0,0.0
2026-07-30T10:47:15.952,669.735,41,close,ACTUATOR_ACTIVE,TRAJECTORY_RUNNING,24.0,41,30,1,2.36,41,0,0.0,0.0,0.0,0.0,0.0,0.0
2026-07-30T10:47:16.450,670.235,41,close,ACTUATOR_ACTIVE,TRAJECTORY_RUNNING,24.0,44,30,1,1.62,44,0,0.0,0.0,0.0,0.0,0.0,0.0
2026-07-30T10:47:16.943,670.719,41,close,ACTUATOR_ACTIVE,TRAJECTORY_RUNNING,24.0,44,30,0,1.93,44,0,0.0,0.0,0.0,0.0,0.0,0.0
2026-07-30T10:47:17.454,671.235,41,close,ACTUATOR_ACTIVE,TRAJECTORY_RUNNING,24.0,44,30,0,2.0,44,0,0.0,0.0,0.0,0.0,0.0,0.0
2026-07-30T10:47:17.945,671.719,41,close,ACTUATOR_ACTIVE,TRAJECTORY_RUNNING,24.0,44,30,0,2.05,44,0,0.0,0.0,0.0,0.0,0.0,0.0
2026-07-30T10:47:18.456,672.235,41,close,ACTUATOR_ACTIVE,TRAJECTORY_RUNNING,24.0,44,30,-1,1.99,44,0,0.0,0.0,0.0,0.0,0.0,0.0
2026-07-30T10:47:18.955,672.735,41,close,ACTUATOR_ACTIVE,TRAJECTORY_RUNNING,24.0,44,30,-1,2.29,44,0,0.0,0.0,0.0,0.0,0.0,0.0
2026-07-30T10:47:19.558,673.344,41,open,ACTUATOR_ACTIVE,TRAJECTORY_RUNNING,24.0,44,30,-2,1.06,44,0,0.0,0.0,0.0,0.0,0.0,0.0
2026-07-30T10:47:20.056,673.828,41,open,ACTUATOR_ACTIVE,TRAJECTORY_RUNNING,24.0,44,30,0,-0.71,44,0,0.0,0.0,0.0,0.0,0.0,0.0
2026-07-30T10:47:20.566,674.344,41,open,ACTUATOR_ACTIVE,TRAJECTORY_RUNNING,24.0,43,29,-1,0.25,43,0,0.0,0.0,0.0,0.0,0.0,0.0
2026-07-30T10:47:21.062,674.844,41,open,ACTUATOR_ACTIVE,TRAJECTORY_RUNNING,24.0,43,28,-3,-0.54,43,0,0.0,0.0,0.0,0.0,0.0,0.0
2026-07-30T10:47:21.557,675.344,41,open,ACTUATOR_ACTIVE,TRAJECTORY_RUNNING,24.0,43,26,-5,-1.42,43,0,0.0,0.0,0.0,0.0,0.0,0.0
2026-07-30T10:47:22.054,675.828,41,open,ACTUATOR_ACTIVE,TRAJECTORY_RUNNING,24.0,43,23,-6,-0.61,43,0,0.0,0.0,0.0,0.0,0.0,0.0
2026-07-30T10:47:22.567,676.344,41,open,ACTUATOR_ACTIVE,TRAJECTORY_RUNNING,24.0,43,18,-8,-2.18,43,0,0.0,0.0,0.0,0.0,0.0,0.0
2026-07-30T10:47:23.059,676.844,41,open,ACTUATOR_ACTIVE,TRAJECTORY_RUNNING,24.0,43,14,-9,-2.12,43,0,0.0,0.0,0.0,0.0,0.0,0.0
2026-07-30T10:47:23.557,677.344,41,open,ACTUATOR_ACTIVE,TRAJECTORY_COMPLETE,24.0,43,10,-7,-1.77,43,0,0.0,0.0,0.0,0.0,0.0,0.0
2026-07-30T10:47:24.055,677.828,41,open,ACTUATOR_ACTIVE,TRAJECTORY_RUNNING,24.0,43,8,1,-1.0,43,0,0.0,0.0,0.0,0.0,0.0,0.0
2026-07-30T10:47:24.567,678.344,41,open,ACTUATOR_ACTIVE,TRAJECTORY_RUNNING,24.0,43,8,0,0.21,43,0,0.0,0.0,0.0,0.0,0.0,0.0
2026-07-30T10:47:25.067,678.844,41,open,ACTUATOR_ACTIVE,TRAJECTORY_RUNNING,24.0,43,9,0,1.15,43,0,0.0,0.0,0.0,0.0,0.0,0.0
2026-07-30T10:47:25.558,679.344,41,open,ACTUATOR_ACTIVE,TRAJECTORY_RUNNING,24.0,43,9,-1,2.0,43,0,0.0,0.0,0.0,0.0,0.0,0.0
2026-07-30T10:47:26.059,679.844,41,open,ACTUATOR_ACTIVE,TRAJECTORY_RUNNING,24.0,43,9,0,1.72,43,0,0.0,0.0,0.0,0.0,0.0,0.0
2026-07-30T10:47:26.557,680.344,41,open,ACTUATOR_ACTIVE,TRAJECTORY_RUNNING,24.0,43,9,0,3.11,43,0,0.0,0.0,0.0,0.0,0.0,0.0
2026-07-30T10:47:27.052,680.828,41,open,ACTUATOR_ACTIVE,TRAJECTORY_RUNNING,24.0,43,9,0,1.81,43,0,0.0,0.0,0.0,0.0,0.0,0.0
2026-07-30T10:47:27.679,681.453,42,close,ACTUATOR_ACTIVE,TRAJECTORY_RUNNING,24.0,43,9,7,1.5,43,0,0.0,0.0,0.0,0.0,0.0,0.0
2026-07-30T10:47:28.176,681.953,42,close,ACTUATOR_ACTIVE,TRAJECTORY_RUNNING,24.0,43,12,4,2.51,43,0,0.0,0.0,0.0,0.0,0.0,0.0
2026-07-30T10:47:28.677,682.453,42,close,ACTUATOR_ACTIVE,TRAJECTORY_RUNNING,24.0,41,15,6,2.48,41,0,0.0,0.0,0.0,0.0,0.0,0.0
2026-07-30T10:47:29.173,682.953,42,close,ACTUATOR_ACTIVE,TRAJECTORY_RUNNING,24.0,41,18,8,2.8,41,0,0.0,0.0,0.0,0.0,0.0,0.0
2026-07-30T10:47:29.673,683.453,42,close,ACTUATOR_ACTIVE,TRAJECTORY_RUNNING,24.0,41,22,7,0.94,41,0,0.0,0.0,0.0,0.0,0.0,0.0
2026-07-30T10:47:30.170,683.953,42,close,ACTUATOR_ACTIVE,TRAJECTORY_RUNNING,24.0,41,26,9,0.71,41,0,0.0,0.0,0.0,0.0,0.0,0.0
2026-07-30T10:47:30.669,684.453,42,close,ACTUATOR_ACTIVE,TRAJECTORY_RUNNING,24.0,41,30,0,6.22,41,0,0.0,0.0,0.0,0.0,0.0,0.0
2026-07-30T10:47:31.164,684.938,42,close,ACTUATOR_ACTIVE,TRAJECTORY_RUNNING,24.0,41,30,0,2.57,41,0,0.0,0.0,0.0,0.0,0.0,0.0
2026-07-30T10:47:31.677,685.453,42,close,ACTUATOR_ACTIVE,TRAJECTORY_RUNNING,24.0,41,30,-1,2.13,41,0,0.0,0.0,0.0,0.0,0.0,0.0
2026-07-30T10:47:32.177,685.953,42,close,ACTUATOR_ACTIVE,TRAJECTORY_RUNNING,24.0,41,30,0,2.06,41,0,0.0,0.0,0.0,0.0,0.0,0.0
2026-07-30T10:47:32.672,686.453,42,close,ACTUATOR_ACTIVE,TRAJECTORY_RUNNING,24.0,40,30,0,2.15,40,0,0.0,0.0,0.0,0.0,0.0,0.0
2026-07-30T10:47:33.166,686.953,42,close,ACTUATOR_ACTIVE,TRAJECTORY_RUNNING,24.0,40,30,0,1.95,40,0,0.0,0.0,0.0,0.0,0.0,0.0
2026-07-30T10:47:33.662,687.438,42,close,ACTUATOR_ACTIVE,TRAJECTORY_RUNNING,24.0,40,30,0,1.97,40,0,0.0,0.0,0.0,0.0,0.0,0.0
2026-07-30T10:47:34.177,687.953,42,close,ACTUATOR_ACTIVE,TRAJECTORY_RUNNING,24.0,40,30,-1,2.06,40,0,0.0,0.0,0.0,0.0,0.0,0.0
2026-07-30T10:47:34.678,688.453,42,close,ACTUATOR_ACTIVE,TRAJECTORY_RUNNING,24.0,40,30,0,2.01,40,0,0.0,0.0,0.0,0.0,0.0,0.0
2026-07-30T10:47:35.174,688.953,42,close,ACTUATOR_ACTIVE,TRAJECTORY_RUNNING,24.0,40,30,0,2.1,40,0,0.0,0.0,0.0,0.0,0.0,0.0
2026-07-30T10:47:35.779,689.563,42,open,ACTUATOR_ACTIVE,TRAJECTORY_RUNNING,24.0,40,30,0,1.06,40,0,0.0,0.0,0.0,0.0,0.0,0.0
2026-07-30T10:47:36.273,690.047,42,open,ACTUATOR_ACTIVE,TRAJECTORY_RUNNING,24.0,40,30,0,-1.21,40,0,0.0,0.0,0.0,0.0,0.0,0.0
2026-07-30T10:47:36.783,690.563,42,open,ACTUATOR_ACTIVE,TRAJECTORY_RUNNING,24.0,43,29,-2,-0.84,43,0,0.0,0.0,0.0,0.0,0.0,0.0
2026-07-30T10:47:37.281,691.063,42,open,ACTUATOR_ACTIVE,TRAJECTORY_RUNNING,24.0,43,28,-2,-0.98,43,0,0.0,0.0,0.0,0.0,0.0,0.0
2026-07-30T10:47:37.775,691.563,42,open,ACTUATOR_ACTIVE,TRAJECTORY_RUNNING,24.0,43,26,-4,-1.39,43,0,0.0,0.0,0.0,0.0,0.0,0.0
2026-07-30T10:47:38.269,692.047,42,open,ACTUATOR_ACTIVE,TRAJECTORY_RUNNING,24.0,43,23,-7,-1.4,43,0,0.0,0.0,0.0,0.0,0.0,0.0
2026-07-30T10:47:38.780,692.563,42,open,ACTUATOR_ACTIVE,TRAJECTORY_RUNNING,24.0,43,19,-9,-0.73,43,0,0.0,0.0,0.0,0.0,0.0,0.0
2026-07-30T10:47:39.276,693.063,42,open,ACTUATOR_ACTIVE,TRAJECTORY_RUNNING,24.0,43,14,-9,-1.55,43,0,0.0,0.0,0.0,0.0,0.0,0.0
2026-07-30T10:47:39.772,693.547,42,open,ACTUATOR_ACTIVE,TRAJECTORY_RUNNING,24.0,43,10,-8,-1.64,43,0,0.0,0.0,0.0,0.0,0.0,0.0
2026-07-30T10:47:40.283,694.063,42,open,ACTUATOR_ACTIVE,TRAJECTORY_RUNNING,24.0,43,8,0,-2.9,43,0,0.0,0.0,0.0,0.0,0.0,0.0
2026-07-30T10:47:40.777,694.563,42,open,ACTUATOR_ACTIVE,TRAJECTORY_RUNNING,24.0,40,8,0,0.26,40,0,0.0,0.0,0.0,0.0,0.0,0.0
2026-07-30T10:47:41.269,695.047,42,open,ACTUATOR_ACTIVE,TRAJECTORY_RUNNING,24.0,40,9,0,1.16,40,0,0.0,0.0,0.0,0.0,0.0,0.0
2026-07-30T10:47:41.778,695.563,42,open,ACTUATOR_ACTIVE,TRAJECTORY_RUNNING,24.0,40,9,0,1.89,40,0,0.0,0.0,0.0,0.0,0.0,0.0
2026-07-30T10:47:42.273,696.047,42,open,ACTUATOR_ACTIVE,TRAJECTORY_RUNNING,24.0,40,9,1,1.69,40,0,0.0,0.0,0.0,0.0,0.0,0.0
2026-07-30T10:47:42.785,696.563,42,open,ACTUATOR_ACTIVE,TRAJECTORY_RUNNING,24.0,40,9,0,1.92,40,0,0.0,0.0,0.0,0.0,0.0,0.0
2026-07-30T10:47:43.281,697.063,42,open,ACTUATOR_ACTIVE,TRAJECTORY_STOPPED,24.0,40,9,0,1.84,40,0,0.0,0.0,0.0,0.0,0.0,0.0
2026-07-30T10:47:43.888,697.672,43,close,ACTUATOR_ACTIVE,TRAJECTORY_RUNNING,24.0,40,9,8,2.99,40,0,0.0,0.0,0.0,0.0,0.0,0.0
2026-07-30T10:47:44.382,698.156,43,close,ACTUATOR_ACTIVE,TRAJECTORY_RUNNING,24.0,40,12,3,1.73,40,0,0.0,0.0,0.0,0.0,0.0,0.0
2026-07-30T10:47:44.896,698.672,43,close,ACTUATOR_ACTIVE,TRAJECTORY_RUNNING,24.0,41,16,6,1.19,41,0,0.0,0.0,0.0,0.0,0.0,0.0
2026-07-30T10:47:45.393,699.172,43,close,ACTUATOR_ACTIVE,TRAJECTORY_RUNNING,24.0,41,19,8,1.51,41,0,0.0,0.0,0.0,0.0,0.0,0.0
2026-07-30T10:47:45.891,699.672,43,close,ACTUATOR_ACTIVE,TRAJECTORY_RUNNING,24.0,41,23,7,3.76,41,0,0.0,0.0,0.0,0.0,0.0,0.0
2026-07-30T10:47:46.390,700.172,43,close,ACTUATOR_ACTIVE,TRAJECTORY_RUNNING,24.0,41,27,9,0.5,41,0,0.0,0.0,0.0,0.0,0.0,0.0
2026-07-30T10:47:46.890,700.672,43,close,ACTUATOR_ACTIVE,TRAJECTORY_RUNNING,24.0,41,30,0,6.01,41,0,0.0,0.0,0.0,0.0,0.0,0.0
2026-07-30T10:47:47.385,701.172,43,close,ACTUATOR_ACTIVE,TRAJECTORY_RUNNING,24.0,41,30,1,2.09,41,0,0.0,0.0,0.0,0.0,0.0,0.0
2026-07-30T10:47:47.882,701.656,43,close,ACTUATOR_ACTIVE,TRAJECTORY_RUNNING,24.0,41,30,-1,2.09,41,0,0.0,0.0,0.0,0.0,0.0,0.0
2026-07-30T10:47:48.396,702.172,43,close,ACTUATOR_ACTIVE,TRAJECTORY_RUNNING,24.0,41,30,0,2.25,45,0,0.0,0.0,0.0,0.0,0.0,0.0
2026-07-30T10:47:48.891,702.672,43,close,ACTUATOR_ACTIVE,TRAJECTORY_STOPPED,24.0,45,30,0,1.93,45,0,0.0,0.0,0.0,0.0,0.0,0.0
2026-07-30T10:47:49.385,703.172,43,close,ACTUATOR_ACTIVE,TRAJECTORY_RUNNING,24.0,45,30,0,2.12,45,0,0.0,0.0,0.0,0.0,0.0,0.0
2026-07-30T10:47:49.877,703.656,43,close,ACTUATOR_ACTIVE,TRAJECTORY_RUNNING,24.0,45,30,-1,2.03,45,0,0.0,0.0,0.0,0.0,0.0,0.0
2026-07-30T10:47:50.389,704.172,43,close,ACTUATOR_ACTIVE,TRAJECTORY_RUNNING,24.0,45,30,0,2.0,45,0,0.0,0.0,0.0,0.0,0.0,0.0
2026-07-30T10:47:50.887,704.672,43,close,ACTUATOR_ACTIVE,TRAJECTORY_STOPPED,24.0,45,30,2,2.05,45,0,0.0,0.0,0.0,0.0,0.0,0.0
2026-07-30T10:47:51.386,705.172,43,close,ACTUATOR_ACTIVE,TRAJECTORY_RUNNING,24.0,45,30,0,2.21,45,0,0.0,0.0,0.0,0.0,0.0,0.0
2026-07-30T10:47:51.994,705.781,43,open,ACTUATOR_ACTIVE,TRAJECTORY_RUNNING,24.0,45,30,0,1.72,45,0,0.0,0.0,0.0,0.0,0.0,0.0
2026-07-30T10:47:52.491,706.266,43,open,ACTUATOR_ACTIVE,TRAJECTORY_RUNNING,24.0,43,30,0,-0.69,43,0,0.0,0.0,0.0,0.0,0.0,0.0
2026-07-30T10:47:53.005,706.781,43,open,ACTUATOR_ACTIVE,TRAJECTORY_RUNNING,24.0,43,29,-1,-0.58,43,0,0.0,0.0,0.0,0.0,0.0,0.0
2026-07-30T10:47:53.502,707.281,43,open,ACTUATOR_ACTIVE,TRAJECTORY_RUNNING,24.0,43,28,-2,-1.08,43,0,0.0,0.0,0.0,0.0,0.0,0.0
2026-07-30T10:47:53.997,707.781,43,open,ACTUATOR_ACTIVE,TRAJECTORY_RUNNING,24.0,43,26,-5,-1.38,43,0,0.0,0.0,0.0,0.0,0.0,0.0
2026-07-30T10:47:54.496,708.281,43,open,ACTUATOR_ACTIVE,TRAJECTORY_RUNNING,24.0,43,23,-6,-1.26,43,0,0.0,0.0,0.0,0.0,0.0,0.0
2026-07-30T10:47:54.994,708.781,43,open,ACTUATOR_ACTIVE,TRAJECTORY_RUNNING,24.0,43,19,-10,-1.75,43,0,0.0,0.0,0.0,0.0,0.0,0.0
2026-07-30T10:47:55.492,709.266,43,open,ACTUATOR_ACTIVE,TRAJECTORY_RUNNING,24.0,43,15,-10,-1.96,43,0,0.0,0.0,0.0,0.0,0.0,0.0
2026-07-30T10:47:56.002,709.781,43,open,ACTUATOR_ACTIVE,TRAJECTORY_RUNNING,24.0,43,10,-7,-2.18,43,0,0.0,0.0,0.0,0.0,0.0,0.0
2026-07-30T10:47:56.498,710.281,43,open,ACTUATOR_ACTIVE,TRAJECTORY_RUNNING,24.0,41,8,0,-0.98,41,0,0.0,0.0,0.0,0.0,0.0,0.0
2026-07-30T10:47:56.997,710.781,43,open,ACTUATOR_ACTIVE,TRAJECTORY_RUNNING,24.0,41,8,0,0.1,41,0,0.0,0.0,0.0,0.0,0.0,0.0
2026-07-30T10:47:57.494,711.281,43,open,ACTUATOR_ACTIVE,TRAJECTORY_RUNNING,24.0,41,9,0,1.07,41,0,0.0,0.0,0.0,0.0,0.0,0.0
2026-07-30T10:47:57.988,711.766,43,open,ACTUATOR_ACTIVE,TRAJECTORY_RUNNING,24.0,41,9,0,1.57,41,0,0.0,0.0,0.0,0.0,0.0,0.0
2026-07-30T10:47:58.501,712.281,43,open,ACTUATOR_ACTIVE,TRAJECTORY_STOPPED,24.0,41,9,0,1.97,41,0,0.0,0.0,0.0,0.0,0.0,0.0
2026-07-30T10:47:58.999,712.781,43,open,ACTUATOR_ACTIVE,TRAJECTORY_RUNNING,24.0,41,9,0,2.06,41,0,0.0,0.0,0.0,0.0,0.0,0.0
2026-07-30T10:47:59.498,713.281,43,open,ACTUATOR_ACTIVE,TRAJECTORY_RUNNING,24.0,41,9,0,1.93,41,0,0.0,0.0,0.0,0.0,0.0,0.0
2026-07-30T10:48:00.109,713.891,44,close,ACTUATOR_ACTIVE,TRAJECTORY_RUNNING,24.0,41,9,6,1.43,41,0,0.0,0.0,0.0,0.0,0.0,0.0
2026-07-30T10:48:00.609,714.391,44,close,ACTUATOR_ACTIVE,TRAJECTORY_RUNNING,24.0,43,12,4,2.53,43,0,0.0,0.0,0.0,0.0,0.0,0.0
2026-07-30T10:48:01.104,714.891,44,close,ACTUATOR_ACTIVE,TRAJECTORY_RUNNING,24.0,43,15,8,2.39,43,0,0.0,0.0,0.0,0.0,0.0,0.0
2026-07-30T10:48:01.602,715.375,44,close,ACTUATOR_ACTIVE,TRAJECTORY_RUNNING,24.0,43,19,7,2.15,43,0,0.0,0.0,0.0,0.0,0.0,0.0
2026-07-30T10:48:02.112,715.891,44,close,ACTUATOR_ACTIVE,TRAJECTORY_RUNNING,24.0,43,23,8,2.86,43,0,0.0,0.0,0.0,0.0,0.0,0.0
2026-07-30T10:48:02.605,716.391,44,close,ACTUATOR_ACTIVE,TRAJECTORY_RUNNING,24.0,43,27,6,1.76,43,0,0.0,0.0,0.0,0.0,0.0,0.0
2026-07-30T10:48:03.104,716.891,44,close,ACTUATOR_ACTIVE,TRAJECTORY_RUNNING,24.0,43,30,0,5.54,43,0,0.0,0.0,0.0,0.0,0.0,0.0
2026-07-30T10:48:03.601,717.375,44,close,ACTUATOR_ACTIVE,TRAJECTORY_RUNNING,24.0,43,30,0,2.22,43,0,0.0,0.0,0.0,0.0,0.0,0.0
2026-07-30T10:48:04.114,717.891,44,close,ACTUATOR_ACTIVE,TRAJECTORY_RUNNING,24.0,43,30,0,2.19,43,0,0.0,0.0,0.0,0.0,0.0,0.0
2026-07-30T10:48:04.611,718.391,44,close,ACTUATOR_ACTIVE,TRAJECTORY_RUNNING,24.0,39,30,0,1.81,39,0,0.0,0.0,0.0,0.0,0.0,0.0
2026-07-30T10:48:05.113,718.891,44,close,ACTUATOR_ACTIVE,TRAJECTORY_RUNNING,24.0,39,30,0,1.93,39,0,0.0,0.0,0.0,0.0,0.0,0.0
2026-07-30T10:48:05.608,719.391,44,close,ACTUATOR_ACTIVE,TRAJECTORY_STOPPED,24.0,39,30,0,1.98,39,0,0.0,0.0,0.0,0.0,0.0,0.0
2026-07-30T10:48:06.105,719.891,44,close,ACTUATOR_ACTIVE,TRAJECTORY_RUNNING,24.0,39,30,-1,2.11,39,0,0.0,0.0,0.0,0.0,0.0,0.0
2026-07-30T10:48:06.604,720.391,44,close,ACTUATOR_ACTIVE,TRAJECTORY_STOPPED,24.0,39,30,0,1.91,39,0,0.0,0.0,0.0,0.0,0.0,0.0
2026-07-30T10:48:07.107,720.891,44,close,ACTUATOR_ACTIVE,TRAJECTORY_RUNNING,24.0,39,30,2,2.16,39,0,0.0,0.0,0.0,0.0,0.0,0.0
2026-07-30T10:48:07.602,721.375,44,close,ACTUATOR_ACTIVE,TRAJECTORY_RUNNING,24.0,39,30,-1,2.07,39,0,0.0,0.0,0.0,0.0,0.0,0.0
2026-07-30T10:48:08.222,722.0,44,open,ACTUATOR_ACTIVE,TRAJECTORY_RUNNING,24.0,39,30,0,1.35,39,0,0.0,0.0,0.0,0.0,0.0,0.0
2026-07-30T10:48:08.730,722.516,44,open,ACTUATOR_ACTIVE,TRAJECTORY_RUNNING,24.0,46,25,-12,-2.17,46,0,0.0,0.0,0.0,0.0,0.0,0.0
2026-07-30T10:48:09.228,723.016,44,open,ACTUATOR_ACTIVE,TRAJECTORY_RUNNING,24.0,46,20,-11,-1.16,46,0,0.0,0.0,0.0,0.0,0.0,0.0
2026-07-30T10:48:09.725,723.5,44,open,ACTUATOR_ACTIVE,TRAJECTORY_RUNNING,24.0,46,14,-11,-2.67,46,0,0.0,0.0,0.0,0.0,0.0,0.0
2026-07-30T10:48:10.239,724.016,44,open,ACTUATOR_ACTIVE,TRAJECTORY_COMPLETE,24.0,46,9,0,0.78,46,0,0.0,0.0,0.0,0.0,0.0,0.0
2026-07-30T10:48:10.740,724.516,44,open,ACTUATOR_ACTIVE,TRAJECTORY_COMPLETE,24.0,46,10,0,0.54,46,0,0.0,0.0,0.0,0.0,0.0,0.0
2026-07-30T10:48:11.240,725.016,44,open,ACTUATOR_ACTIVE,TRAJECTORY_COMPLETE,24.0,46,9,0,0.27,46,0,0.0,0.0,0.0,0.0,0.0,0.0
2026-07-30T10:48:11.739,725.516,44,open,ACTUATOR_ACTIVE,TRAJECTORY_COMPLETE,24.0,46,9,0,0.06,46,0,0.0,0.0,0.0,0.0,0.0,0.0
2026-07-30T10:48:12.231,726.016,44,open,ACTUATOR_ACTIVE,TRAJECTORY_COMPLETE,24.0,46,9,0,0.08,46,0,0.0,0.0,0.0,0.0,0.0,0.0
2026-07-30T10:48:12.727,726.5,44,open,ACTUATOR_ACTIVE,TRAJECTORY_COMPLETE,24.0,43,9,0,0.43,43,0,0.0,0.0,0.0,0.0,0.0,0.0
2026-07-30T10:48:13.238,727.016,44,open,ACTUATOR_ACTIVE,TRAJECTORY_COMPLETE,24.0,43,9,-1,0.52,43,0,0.0,0.0,0.0,0.0,0.0,0.0
2026-07-30T10:48:13.736,727.516,44,open,ACTUATOR_ACTIVE,TRAJECTORY_COMPLETE,24.0,43,9,0,-0.17,43,0,0.0,0.0,0.0,0.0,0.0,0.0
2026-07-30T10:48:14.238,728.016,44,open,ACTUATOR_ACTIVE,TRAJECTORY_COMPLETE,24.0,43,9,0,0.04,43,0,0.0,0.0,0.0,0.0,0.0,0.0
2026-07-30T10:48:14.734,728.516,44,open,ACTUATOR_ACTIVE,TRAJECTORY_COMPLETE,24.0,43,9,0,-0.18,43,0,0.0,0.0,0.0,0.0,0.0,0.0
2026-07-30T10:48:15.232,729.016,44,open,ACTUATOR_ACTIVE,TRAJECTORY_COMPLETE,24.0,43,9,0,-0.2,43,0,0.0,0.0,0.0,0.0,0.0,0.0
2026-07-30T10:48:15.727,729.5,44,open,ACTUATOR_ACTIVE,TRAJECTORY_COMPLETE,24.0,43,9,0,-1.37,43,0,0.0,0.0,0.0,0.0,0.0,0.0
2026-07-30T10:48:16.350,730.125,45,close,ACTUATOR_ACTIVE,TRAJECTORY_RUNNING,24.0,43,10,6,2.16,43,0,0.0,0.0,0.0,0.0,0.0,0.0
2026-07-30T10:48:16.847,730.625,45,close,ACTUATOR_ACTIVE,TRAJECTORY_RUNNING,24.0,42,14,10,1.96,42,0,0.0,0.0,0.0,0.0,0.0,0.0
2026-07-30T10:48:17.345,731.125,45,close,ACTUATOR_ACTIVE,TRAJECTORY_RUNNING,24.0,42,18,9,0.79,42,0,0.0,0.0,0.0,0.0,0.0,0.0
2026-07-30T10:48:17.842,731.625,45,close,ACTUATOR_ACTIVE,TRAJECTORY_RUNNING,24.0,42,23,10,2.57,42,0,0.0,0.0,0.0,0.0,0.0,0.0
2026-07-30T10:48:18.344,732.125,45,close,ACTUATOR_ACTIVE,TRAJECTORY_RUNNING,24.0,42,27,9,2.53,42,0,0.0,0.0,0.0,0.0,0.0,0.0
2026-07-30T10:48:18.841,732.625,45,close,ACTUATOR_ACTIVE,TRAJECTORY_RUNNING,24.0,42,31,1,24.22,42,0,0.0,0.0,0.0,0.0,0.0,0.0
2026-07-30T10:48:19.340,733.125,45,close,ACTUATOR_ACTIVE,TRAJECTORY_RUNNING,24.0,42,31,0,30.87,42,0,0.0,0.0,0.0,0.0,0.0,0.0
2026-07-30T10:48:19.838,733.625,45,close,ACTUATOR_ACTIVE,TRAJECTORY_RUNNING,24.0,42,31,0,26.17,42,0,0.0,0.0,0.0,0.0,0.0,0.0
2026-07-30T10:48:20.336,734.11,45,close,ACTUATOR_ACTIVE,TRAJECTORY_RUNNING,24.0,42,31,0,31.94,42,0,0.0,0.0,0.0,0.0,0.0,0.0
2026-07-30T10:48:20.846,734.625,45,close,ACTUATOR_ACTIVE,TRAJECTORY_RUNNING,24.0,42,31,0,30.03,42,0,0.0,0.0,0.0,0.0,0.0,0.0
2026-07-30T10:48:21.342,735.125,45,close,ACTUATOR_ACTIVE,TRAJECTORY_RUNNING,24.0,42,31,0,28.2,42,0,0.0,0.0,0.0,0.0,0.0,0.0
2026-07-30T10:48:21.839,735.625,45,close,ACTUATOR_ACTIVE,TRAJECTORY_RUNNING,24.0,42,31,0,28.62,42,0,0.0,0.0,0.0,0.0,0.0,0.0
2026-07-30T10:48:22.339,736.125,45,close,ACTUATOR_ACTIVE,TRAJECTORY_RUNNING,24.0,42,31,0,30.04,42,0,0.0,0.0,0.0,0.0,0.0,0.0
2026-07-30T10:48:22.833,736.61,45,close,ACTUATOR_ACTIVE,TRAJECTORY_RUNNING,24.0,42,31,-1,25.38,42,0,0.0,0.0,0.0,0.0,0.0,0.0
2026-07-30T10:48:23.348,737.125,45,close,ACTUATOR_ACTIVE,TRAJECTORY_RUNNING,24.0,42,31,0,30.83,42,0,0.0,0.0,0.0,0.0,0.0,0.0
2026-07-30T10:48:23.841,737.625,45,close,ACTUATOR_ACTIVE,TRAJECTORY_RUNNING,24.0,42,31,0,31.0,42,0,0.0,0.0,0.0,0.0,0.0,0.0
2026-07-30T10:48:24.445,738.219,45,open,ACTUATOR_ACTIVE,TRAJECTORY_RUNNING,24.0,40,31,-1,4.2,40,0,0.0,0.0,0.0,0.0,0.0,0.0
2026-07-30T10:48:24.954,738.735,45,open,ACTUATOR_ACTIVE,TRAJECTORY_RUNNING,24.0,40,27,-10,-1.94,40,0,0.0,0.0,0.0,0.0,0.0,0.0
2026-07-30T10:48:25.446,739.219,45,open,ACTUATOR_ACTIVE,TRAJECTORY_RUNNING,24.0,40,21,-10,-2.59,40,0,0.0,0.0,0.0,0.0,0.0,0.0
2026-07-30T10:48:25.957,739.735,45,open,ACTUATOR_ACTIVE,TRAJECTORY_RUNNING,24.0,40,15,-14,-2.06,40,0,0.0,0.0,0.0,0.0,0.0,0.0
2026-07-30T10:48:26.451,740.235,45,open,ACTUATOR_ACTIVE,TRAJECTORY_RUNNING,24.0,40,10,-10,-2.91,40,0,0.0,0.0,0.0,0.0,0.0,0.0
2026-07-30T10:48:26.947,740.719,45,open,ACTUATOR_ACTIVE,TRAJECTORY_COMPLETE,24.0,40,10,0,0.55,40,0,0.0,0.0,0.0,0.0,0.0,0.0
2026-07-30T10:48:27.454,741.235,45,open,ACTUATOR_ACTIVE,TRAJECTORY_COMPLETE,24.0,40,10,1,1.64,40,0,0.0,0.0,0.0,0.0,0.0,0.0
2026-07-30T10:48:27.954,741.735,45,open,ACTUATOR_ACTIVE,TRAJECTORY_COMPLETE,24.0,40,10,0,-0.49,40,0,0.0,0.0,0.0,0.0,0.0,0.0
2026-07-30T10:48:28.447,742.235,45,open,ACTUATOR_ACTIVE,TRAJECTORY_COMPLETE,24.0,44,9,0,-0.2,44,0,0.0,0.0,0.0,0.0,0.0,0.0
2026-07-30T10:48:28.940,742.719,45,open,ACTUATOR_ACTIVE,TRAJECTORY_COMPLETE,24.0,44,9,0,-0.64,44,0,0.0,0.0,0.0,0.0,0.0,0.0
2026-07-30T10:48:29.451,743.235,45,open,ACTUATOR_ACTIVE,TRAJECTORY_COMPLETE,24.0,44,9,-1,0.17,44,0,0.0,0.0,0.0,0.0,0.0,0.0
2026-07-30T10:48:29.945,743.719,45,open,ACTUATOR_ACTIVE,TRAJECTORY_COMPLETE,24.0,44,10,0,0.35,44,0,0.0,0.0,0.0,0.0,0.0,0.0
2026-07-30T10:48:30.462,744.235,45,open,ACTUATOR_ACTIVE,TRAJECTORY_COMPLETE,24.0,44,9,0,0.44,44,0,0.0,0.0,0.0,0.0,0.0,0.0
2026-07-30T10:48:30.950,744.735,45,open,ACTUATOR_ACTIVE,TRAJECTORY_COMPLETE,24.0,44,9,0,0.11,44,0,0.0,0.0,0.0,0.0,0.0,0.0
2026-07-30T10:48:31.444,745.219,45,open,ACTUATOR_ACTIVE,TRAJECTORY_COMPLETE,24.0,44,10,0,0.29,44,0,0.0,0.0,0.0,0.0,0.0,0.0
2026-07-30T10:48:31.953,745.735,45,open,ACTUATOR_ACTIVE,TRAJECTORY_COMPLETE,24.0,44,10,-1,0.53,44,0,0.0,0.0,0.0,0.0,0.0,0.0
2026-07-30T10:48:32.556,746.344,46,close,ACTUATOR_ACTIVE,TRAJECTORY_RUNNING,24.0,43,10,6,0.78,43,0,0.0,0.0,0.0,0.0,0.0,0.0
2026-07-30T10:48:33.052,746.828,46,close,ACTUATOR_ACTIVE,TRAJECTORY_RUNNING,24.0,43,12,3,1.63,43,0,0.0,0.0,0.0,0.0,0.0,0.0
2026-07-30T10:48:33.562,747.344,46,close,ACTUATOR_ACTIVE,TRAJECTORY_RUNNING,24.0,43,13,3,0.73,43,0,0.0,0.0,0.0,0.0,0.0,0.0
2026-07-30T10:48:34.058,747.844,46,close,ACTUATOR_ACTIVE,TRAJECTORY_RUNNING,24.0,43,16,6,0.71,43,0,0.0,0.0,0.0,0.0,0.0,0.0
2026-07-30T10:48:34.554,748.328,46,close,ACTUATOR_ACTIVE,TRAJECTORY_RUNNING,24.0,43,19,7,1.75,43,0,0.0,0.0,0.0,0.0,0.0,0.0
2026-07-30T10:48:35.066,748.844,46,close,ACTUATOR_ACTIVE,TRAJECTORY_RUNNING,24.0,43,23,8,2.51,43,0,0.0,0.0,0.0,0.0,0.0,0.0
2026-07-30T10:48:35.564,749.344,46,close,ACTUATOR_ACTIVE,TRAJECTORY_RUNNING,24.0,43,27,7,2.76,43,0,0.0,0.0,0.0,0.0,0.0,0.0
2026-07-30T10:48:36.057,749.844,46,close,ACTUATOR_ACTIVE,TRAJECTORY_RUNNING,24.0,43,30,-1,6.76,43,0,0.0,0.0,0.0,0.0,0.0,0.0
2026-07-30T10:48:36.551,750.328,46,close,ACTUATOR_ACTIVE,TRAJECTORY_RUNNING,24.0,45,30,0,2.91,45,0,0.0,0.0,0.0,0.0,0.0,0.0
2026-07-30T10:48:37.066,750.844,46,close,ACTUATOR_ACTIVE,TRAJECTORY_RUNNING,24.0,45,30,0,1.86,45,0,0.0,0.0,0.0,0.0,0.0,0.0
2026-07-30T10:48:37.560,751.344,46,close,ACTUATOR_ACTIVE,TRAJECTORY_RUNNING,24.0,45,30,0,2.15,45,0,0.0,0.0,0.0,0.0,0.0,0.0
2026-07-30T10:48:38.060,751.844,46,close,ACTUATOR_ACTIVE,TRAJECTORY_RUNNING,24.0,45,30,0,1.68,45,0,0.0,0.0,0.0,0.0,0.0,0.0
2026-07-30T10:48:38.554,752.328,46,close,ACTUATOR_ACTIVE,TRAJECTORY_RUNNING,24.0,45,30,1,2.22,45,0,0.0,0.0,0.0,0.0,0.0,0.0
2026-07-30T10:48:39.067,752.844,46,close,ACTUATOR_ACTIVE,TRAJECTORY_RUNNING,24.0,45,30,0,1.9,45,0,0.0,0.0,0.0,0.0,0.0,0.0
2026-07-30T10:48:39.558,753.344,46,close,ACTUATOR_ACTIVE,TRAJECTORY_RUNNING,24.0,45,30,-1,3.03,45,0,0.0,0.0,0.0,0.0,0.0,0.0
2026-07-30T10:48:40.053,753.828,46,close,ACTUATOR_ACTIVE,TRAJECTORY_RUNNING,24.0,45,30,-1,2.0,45,0,0.0,0.0,0.0,0.0,0.0,0.0
2026-07-30T10:48:40.677,754.453,46,open,ACTUATOR_ACTIVE,TRAJECTORY_RUNNING,24.0,41,30,0,1.0,41,0,0.0,0.0,0.0,0.0,0.0,0.0
2026-07-30T10:48:41.184,754.969,46,open,ACTUATOR_ACTIVE,TRAJECTORY_RUNNING,24.0,41,30,0,-0.81,41,0,0.0,0.0,0.0,0.0,0.0,0.0
2026-07-30T10:48:41.676,755.453,46,open,ACTUATOR_ACTIVE,TRAJECTORY_RUNNING,24.0,41,29,-2,-1.18,41,0,0.0,0.0,0.0,0.0,0.0,0.0
2026-07-30T10:48:42.188,755.969,46,open,ACTUATOR_ACTIVE,TRAJECTORY_RUNNING,24.0,41,28,-3,-0.57,41,0,0.0,0.0,0.0,0.0,0.0,0.0
2026-07-30T10:48:42.680,756.453,46,open,ACTUATOR_ACTIVE,TRAJECTORY_RUNNING,24.0,41,26,-4,-0.41,41,0,0.0,0.0,0.0,0.0,0.0,0.0
2026-07-30T10:48:43.187,756.969,46,open,ACTUATOR_ACTIVE,TRAJECTORY_RUNNING,24.0,41,23,-9,-0.97,41,0,0.0,0.0,0.0,0.0,0.0,0.0
2026-07-30T10:48:43.681,757.453,46,open,ACTUATOR_ACTIVE,TRAJECTORY_RUNNING,24.0,41,19,-9,-0.9,41,0,0.0,0.0,0.0,0.0,0.0,0.0
2026-07-30T10:48:44.193,757.969,46,open,ACTUATOR_ACTIVE,TRAJECTORY_RUNNING,24.0,41,14,-8,-2.52,41,0,0.0,0.0,0.0,0.0,0.0,0.0
2026-07-30T10:48:44.692,758.469,46,open,ACTUATOR_ACTIVE,TRAJECTORY_RUNNING,24.0,43,10,-8,-3.39,43,0,0.0,0.0,0.0,0.0,0.0,0.0
2026-07-30T10:48:45.188,758.969,46,open,ACTUATOR_ACTIVE,TRAJECTORY_RUNNING,24.0,43,8,0,-1.4,43,0,0.0,0.0,0.0,0.0,0.0,0.0
2026-07-30T10:48:45.684,759.469,46,open,ACTUATOR_ACTIVE,TRAJECTORY_RUNNING,24.0,43,8,1,0.38,43,0,0.0,0.0,0.0,0.0,0.0,0.0
2026-07-30T10:48:46.181,759.953,46,open,ACTUATOR_ACTIVE,TRAJECTORY_RUNNING,24.0,43,9,0,1.42,43,0,0.0,0.0,0.0,0.0,0.0,0.0
2026-07-30T10:48:46.696,760.469,46,open,ACTUATOR_ACTIVE,TRAJECTORY_RUNNING,24.0,43,9,0,1.68,43,0,0.0,0.0,0.0,0.0,0.0,0.0
2026-07-30T10:48:47.192,760.969,46,open,ACTUATOR_ACTIVE,TRAJECTORY_RUNNING,24.0,43,9,0,1.87,43,0,0.0,0.0,0.0,0.0,0.0,0.0
2026-07-30T10:48:47.692,761.469,46,open,ACTUATOR_ACTIVE,TRAJECTORY_RUNNING,24.0,43,9,0,1.91,43,0,0.0,0.0,0.0,0.0,0.0,0.0
2026-07-30T10:48:48.190,761.969,46,open,ACTUATOR_ACTIVE,TRAJECTORY_RUNNING,24.0,43,9,0,1.87,43,0,0.0,0.0,0.0,0.0,0.0,0.0
2026-07-30T10:48:48.795,762.578,47,close,ACTUATOR_ACTIVE,TRAJECTORY_RUNNING,24.0,46,10,7,1.68,46,0,0.0,0.0,0.0,0.0,0.0,0.0
2026-07-30T10:48:49.292,763.078,47,close,ACTUATOR_ACTIVE,TRAJECTORY_RUNNING,24.0,46,13,7,1.03,46,0,0.0,0.0,0.0,0.0,0.0,0.0
2026-07-30T10:48:49.793,763.578,47,close,ACTUATOR_ACTIVE,TRAJECTORY_RUNNING,24.0,46,16,5,1.7,46,0,0.0,0.0,0.0,0.0,0.0,0.0
2026-07-30T10:48:50.291,764.078,47,close,ACTUATOR_ACTIVE,TRAJECTORY_RUNNING,24.0,46,20,8,2.59,46,0,0.0,0.0,0.0,0.0,0.0,0.0
2026-07-30T10:48:50.785,764.563,47,close,ACTUATOR_ACTIVE,TRAJECTORY_RUNNING,24.0,46,24,8,2.88,46,0,0.0,0.0,0.0,0.0,0.0,0.0
2026-07-30T10:48:51.294,765.078,47,close,ACTUATOR_ACTIVE,TRAJECTORY_RUNNING,24.0,46,28,7,3.26,46,0,0.0,0.0,0.0,0.0,0.0,0.0
2026-07-30T10:48:51.788,765.563,47,close,ACTUATOR_ACTIVE,TRAJECTORY_RUNNING,24.0,46,30,0,3.48,46,0,0.0,0.0,0.0,0.0,0.0,0.0
2026-07-30T10:48:52.301,766.078,47,close,ACTUATOR_ACTIVE,TRAJECTORY_RUNNING,24.0,46,30,0,2.1,46,0,0.0,0.0,0.0,0.0,0.0,0.0
2026-07-30T10:48:52.797,766.578,47,close,ACTUATOR_ACTIVE,TRAJECTORY_RUNNING,24.0,43,30,-1,1.81,43,0,0.0,0.0,0.0,0.0,0.0,0.0
2026-07-30T10:48:53.294,767.078,47,close,ACTUATOR_ACTIVE,TRAJECTORY_RUNNING,24.0,43,30,0,1.46,43,0,0.0,0.0,0.0,0.0,0.0,0.0
2026-07-30T10:48:53.789,767.563,47,close,ACTUATOR_ACTIVE,TRAJECTORY_RUNNING,24.0,43,30,0,3.04,43,0,0.0,0.0,0.0,0.0,0.0,0.0
2026-07-30T10:48:54.299,768.078,47,close,ACTUATOR_ACTIVE,TRAJECTORY_RUNNING,24.0,43,30,1,2.65,43,0,0.0,0.0,0.0,0.0,0.0,0.0
2026-07-30T10:48:54.798,768.578,47,close,ACTUATOR_ACTIVE,TRAJECTORY_STOPPED,24.0,43,30,1,1.9,43,0,0.0,0.0,0.0,0.0,0.0,0.0
2026-07-30T10:48:55.297,769.078,47,close,ACTUATOR_ACTIVE,TRAJECTORY_RUNNING,24.0,43,30,0,1.87,43,0,0.0,0.0,0.0,0.0,0.0,0.0
2026-07-30T10:48:55.793,769.578,47,close,ACTUATOR_ACTIVE,TRAJECTORY_RUNNING,24.0,43,30,-1,1.8,43,0,0.0,0.0,0.0,0.0,0.0,0.0
2026-07-30T10:48:56.288,770.063,47,close,ACTUATOR_ACTIVE,TRAJECTORY_RUNNING,24.0,43,30,0,2.21,43,0,0.0,0.0,0.0,0.0,0.0,0.0
2026-07-30T10:48:56.911,770.688,47,open,ACTUATOR_ACTIVE,TRAJECTORY_RUNNING,24.0,43,30,0,1.15,43,0,0.0,0.0,0.0,0.0,0.0,0.0
2026-07-30T10:48:57.425,771.203,47,open,ACTUATOR_ACTIVE,TRAJECTORY_RUNNING,24.0,43,25,-12,-0.7,43,0,0.0,0.0,0.0,0.0,0.0,0.0
2026-07-30T10:48:57.920,771.703,47,open,ACTUATOR_ACTIVE,TRAJECTORY_RUNNING,24.0,43,20,-11,0.4,43,0,0.0,0.0,0.0,0.0,0.0,0.0
2026-07-30T10:48:58.416,772.203,47,open,ACTUATOR_ACTIVE,TRAJECTORY_RUNNING,24.0,43,14,-12,-3.01,43,0,0.0,0.0,0.0,0.0,0.0,0.0
2026-07-30T10:48:58.916,772.703,47,open,ACTUATOR_ACTIVE,TRAJECTORY_COMPLETE,24.0,43,9,0,1.16,43,0,0.0,0.0,0.0,0.0,0.0,0.0
2026-07-30T10:48:59.411,773.188,47,open,ACTUATOR_ACTIVE,TRAJECTORY_COMPLETE,24.0,43,10,0,0.61,43,0,0.0,0.0,0.0,0.0,0.0,0.0
2026-07-30T10:48:59.921,773.703,47,open,ACTUATOR_ACTIVE,TRAJECTORY_COMPLETE,24.0,43,10,-1,0.22,43,0,0.0,0.0,0.0,0.0,0.0,0.0
2026-07-30T10:49:00.417,774.203,47,open,ACTUATOR_ACTIVE,TRAJECTORY_COMPLETE,24.0,46,9,0,0.37,46,0,0.0,0.0,0.0,0.0,0.0,0.0
2026-07-30T10:49:00.909,774.688,47,open,ACTUATOR_ACTIVE,TRAJECTORY_COMPLETE,24.0,46,10,-1,0.18,46,0,0.0,0.0,0.0,0.0,0.0,0.0
2026-07-30T10:49:01.423,775.203,47,open,ACTUATOR_ACTIVE,TRAJECTORY_COMPLETE,24.0,46,10,0,0.46,46,0,0.0,0.0,0.0,0.0,0.0,0.0
2026-07-30T10:49:01.922,775.703,47,open,ACTUATOR_ACTIVE,TRAJECTORY_COMPLETE,24.0,46,10,0,0.06,46,0,0.0,0.0,0.0,0.0,0.0,0.0
2026-07-30T10:49:02.417,776.203,47,open,ACTUATOR_ACTIVE,TRAJECTORY_COMPLETE,24.0,46,10,0,0.31,46,0,0.0,0.0,0.0,0.0,0.0,0.0
2026-07-30T10:49:02.916,776.703,47,open,ACTUATOR_ACTIVE,TRAJECTORY_COMPLETE,24.0,46,10,0,0.25,46,0,0.0,0.0,0.0,0.0,0.0,0.0
2026-07-30T10:49:03.417,777.203,47,open,ACTUATOR_ACTIVE,TRAJECTORY_COMPLETE,24.0,46,10,0,0.29,46,0,0.0,0.0,0.0,0.0,0.0,0.0
2026-07-30T10:49:03.912,777.688,47,open,ACTUATOR_ACTIVE,TRAJECTORY_COMPLETE,24.0,46,10,0,0.28,46,0,0.0,0.0,0.0,0.0,0.0,0.0
2026-07-30T10:49:04.424,778.203,47,open,ACTUATOR_ACTIVE,TRAJECTORY_COMPLETE,24.0,43,10,0,0.33,43,0,0.0,0.0,0.0,0.0,0.0,0.0
2026-07-30T10:49:05.032,778.813,48,close,ACTUATOR_ACTIVE,TRAJECTORY_RUNNING,24.0,43,10,6,1.73,43,0,0.0,0.0,0.0,0.0,0.0,0.0
2026-07-30T10:49:05.524,779.297,48,close,ACTUATOR_ACTIVE,TRAJECTORY_RUNNING,24.0,43,12,2,2.13,43,0,0.0,0.0,0.0,0.0,0.0,0.0
2026-07-30T10:49:06.037,779.813,48,close,ACTUATOR_ACTIVE,TRAJECTORY_RUNNING,24.0,43,14,4,0.53,43,0,0.0,0.0,0.0,0.0,0.0,0.0
2026-07-30T10:49:06.530,780.313,48,close,ACTUATOR_ACTIVE,TRAJECTORY_RUNNING,24.0,43,16,4,2.11,43,0,0.0,0.0,0.0,0.0,0.0,0.0
2026-07-30T10:49:07.024,780.797,48,close,ACTUATOR_ACTIVE,TRAJECTORY_RUNNING,24.0,43,19,7,0.45,43,0,0.0,0.0,0.0,0.0,0.0,0.0
2026-07-30T10:49:07.535,781.313,48,close,ACTUATOR_ACTIVE,TRAJECTORY_RUNNING,24.0,43,23,7,1.97,43,0,0.0,0.0,0.0,0.0,0.0,0.0
2026-07-30T10:49:08.024,781.797,48,close,ACTUATOR_ACTIVE,TRAJECTORY_RUNNING,24.0,43,27,8,2.55,43,0,0.0,0.0,0.0,0.0,0.0,0.0
2026-07-30T10:49:08.539,782.313,48,close,ACTUATOR_ACTIVE,TRAJECTORY_RUNNING,24.0,43,30,0,5.86,43,0,0.0,0.0,0.0,0.0,0.0,0.0
2026-07-30T10:49:09.036,782.813,48,close,ACTUATOR_ACTIVE,TRAJECTORY_RUNNING,24.0,43,30,1,2.36,43,0,0.0,0.0,0.0,0.0,0.0,0.0
2026-07-30T10:49:09.532,783.313,48,close,ACTUATOR_ACTIVE,TRAJECTORY_STOPPED,24.0,43,30,-1,2.23,43,0,0.0,0.0,0.0,0.0,0.0,0.0
2026-07-30T10:49:10.023,783.797,48,close,ACTUATOR_ACTIVE,TRAJECTORY_RUNNING,24.0,43,30,1,1.92,43,0,0.0,0.0,0.0,0.0,0.0,0.0
2026-07-30T10:49:10.531,784.313,48,close,ACTUATOR_ACTIVE,TRAJECTORY_RUNNING,24.0,43,30,0,1.83,43,0,0.0,0.0,0.0,0.0,0.0,0.0
2026-07-30T10:49:11.030,784.813,48,close,ACTUATOR_ACTIVE,TRAJECTORY_RUNNING,24.0,43,30,1,1.89,43,0,0.0,0.0,0.0,0.0,0.0,0.0
2026-07-30T10:49:11.522,785.297,48,close,ACTUATOR_ACTIVE,TRAJECTORY_RUNNING,24.0,43,30,-1,2.08,43,0,0.0,0.0,0.0,0.0,0.0,0.0
2026-07-30T10:49:12.036,785.813,48,close,ACTUATOR_ACTIVE,TRAJECTORY_RUNNING,24.0,43,30,-1,1.93,43,0,0.0,0.0,0.0,0.0,0.0,0.0
2026-07-30T10:49:12.529,786.313,48,close,ACTUATOR_ACTIVE,TRAJECTORY_RUNNING,24.0,44,30,0,2.05,44,0,0.0,0.0,0.0,0.0,0.0,0.0
2026-07-30T10:49:13.133,786.906,48,open,ACTUATOR_ACTIVE,TRAJECTORY_RUNNING,24.0,44,30,0,0.93,44,0,0.0,0.0,0.0,0.0,0.0,0.0
2026-07-30T10:49:13.644,787.422,48,open,ACTUATOR_ACTIVE,TRAJECTORY_RUNNING,24.0,44,25,-12,-2.23,44,0,0.0,0.0,0.0,0.0,0.0,0.0
2026-07-30T10:49:14.139,787.922,48,open,ACTUATOR_ACTIVE,TRAJECTORY_RUNNING,24.0,44,20,-11,-1.52,44,0,0.0,0.0,0.0,0.0,0.0,0.0
2026-07-30T10:49:14.637,788.422,48,open,ACTUATOR_ACTIVE,TRAJECTORY_RUNNING,24.0,44,14,-11,-1.36,44,0,0.0,0.0,0.0,0.0,0.0,0.0
2026-07-30T10:49:15.134,788.906,48,open,ACTUATOR_ACTIVE,TRAJECTORY_COMPLETE,24.0,44,9,0,0.66,44,0,0.0,0.0,0.0,0.0,0.0,0.0
2026-07-30T10:49:15.649,789.422,48,open,ACTUATOR_ACTIVE,TRAJECTORY_COMPLETE,24.0,44,9,0,0.32,44,0,0.0,0.0,0.0,0.0,0.0,0.0
2026-07-30T10:49:16.143,789.922,48,open,ACTUATOR_ACTIVE,TRAJECTORY_COMPLETE,24.0,44,9,0,-0.15,44,0,0.0,0.0,0.0,0.0,0.0,0.0
2026-07-30T10:49:16.636,790.422,48,open,ACTUATOR_ACTIVE,TRAJECTORY_COMPLETE,24.0,46,9,0,-0.01,46,0,0.0,0.0,0.0,0.0,0.0,0.0
2026-07-30T10:49:17.136,790.922,48,open,ACTUATOR_ACTIVE,TRAJECTORY_COMPLETE,24.0,46,9,0,0.04,46,0,0.0,0.0,0.0,0.0,0.0,0.0
2026-07-30T10:49:17.629,791.406,48,open,ACTUATOR_ACTIVE,TRAJECTORY_COMPLETE,24.0,46,10,0,0.57,46,0,0.0,0.0,0.0,0.0,0.0,0.0
2026-07-30T10:49:18.139,791.922,48,open,ACTUATOR_ACTIVE,TRAJECTORY_COMPLETE,24.0,46,10,0,0.22,46,0,0.0,0.0,0.0,0.0,0.0,0.0
2026-07-30T10:49:18.637,792.422,48,open,ACTUATOR_ACTIVE,TRAJECTORY_COMPLETE,24.0,46,10,0,-0.13,46,0,0.0,0.0,0.0,0.0,0.0,0.0
2026-07-30T10:49:19.130,792.906,48,open,ACTUATOR_ACTIVE,TRAJECTORY_COMPLETE,24.0,46,10,0,0.03,46,0,0.0,0.0,0.0,0.0,0.0,0.0
2026-07-30T10:49:19.640,793.422,48,open,ACTUATOR_ACTIVE,TRAJECTORY_COMPLETE,24.0,46,10,0,-0.0,46,0,0.0,0.0,0.0,0.0,0.0,0.0
2026-07-30T10:49:20.136,793.922,48,open,ACTUATOR_ACTIVE,TRAJECTORY_COMPLETE,24.0,46,10,0,0.21,46,0,0.0,0.0,0.0,0.0,0.0,0.0
2026-07-30T10:49:20.636,794.422,48,open,ACTUATOR_ACTIVE,TRAJECTORY_COMPLETE,24.0,46,10,0,0.28,46,0,0.0,0.0,0.0,0.0,0.0,0.0
2026-07-30T10:49:21.242,795.016,49,close,ACTUATOR_ACTIVE,TRAJECTORY_RUNNING,24.0,46,10,7,1.48,46,0,0.0,0.0,0.0,0.0,0.0,0.0
2026-07-30T10:49:21.753,795.531,49,close,ACTUATOR_ACTIVE,TRAJECTORY_RUNNING,24.0,46,12,2,1.8,46,0,0.0,0.0,0.0,0.0,0.0,0.0
2026-07-30T10:49:22.252,796.031,49,close,ACTUATOR_ACTIVE,TRAJECTORY_RUNNING,24.0,46,13,5,1.11,46,0,0.0,0.0,0.0,0.0,0.0,0.0
2026-07-30T10:49:22.752,796.531,49,close,ACTUATOR_ACTIVE,TRAJECTORY_RUNNING,24.0,46,16,6,2.22,46,0,0.0,0.0,0.0,0.0,0.0,0.0
2026-07-30T10:49:23.252,797.031,49,close,ACTUATOR_ACTIVE,TRAJECTORY_RUNNING,24.0,46,19,6,1.71,46,0,0.0,0.0,0.0,0.0,0.0,0.0
2026-07-30T10:49:23.749,797.531,49,close,ACTUATOR_ACTIVE,TRAJECTORY_RUNNING,24.0,46,23,7,1.29,46,0,0.0,0.0,0.0,0.0,0.0,0.0
2026-07-30T10:49:24.249,798.031,49,close,ACTUATOR_ACTIVE,TRAJECTORY_RUNNING,24.0,46,27,7,2.46,46,0,0.0,0.0,0.0,0.0,0.0,0.0
2026-07-30T10:49:24.745,798.531,49,close,ACTUATOR_ACTIVE,TRAJECTORY_RUNNING,24.0,39,30,2,7.39,39,0,0.0,0.0,0.0,0.0,0.0,0.0
2026-07-30T10:49:25.248,799.031,49,close,ACTUATOR_ACTIVE,TRAJECTORY_RUNNING,24.0,39,30,-1,2.33,39,0,0.0,0.0,0.0,0.0,0.0,0.0
2026-07-30T10:49:25.740,799.516,49,close,ACTUATOR_ACTIVE,TRAJECTORY_RUNNING,24.0,39,30,0,2.34,39,0,0.0,0.0,0.0,0.0,0.0,0.0
2026-07-30T10:49:26.253,800.031,49,close,ACTUATOR_ACTIVE,TRAJECTORY_RUNNING,24.0,39,30,0,2.14,39,0,0.0,0.0,0.0,0.0,0.0,0.0
2026-07-30T10:49:26.744,800.531,49,close,ACTUATOR_ACTIVE,TRAJECTORY_RUNNING,24.0,39,30,-1,2.6,39,0,0.0,0.0,0.0,0.0,0.0,0.0
2026-07-30T10:49:27.242,801.016,49,close,ACTUATOR_ACTIVE,TRAJECTORY_RUNNING,24.0,39,30,0,1.97,39,0,0.0,0.0,0.0,0.0,0.0,0.0
2026-07-30T10:49:27.755,801.531,49,close,ACTUATOR_ACTIVE,TRAJECTORY_STOPPED,24.0,39,30,1,1.83,39,0,0.0,0.0,0.0,0.0,0.0,0.0
2026-07-30T10:49:28.248,802.031,49,close,ACTUATOR_ACTIVE,TRAJECTORY_RUNNING,24.0,39,30,0,2.02,39,0,0.0,0.0,0.0,0.0,0.0,0.0
2026-07-30T10:49:28.739,802.516,49,close,ACTUATOR_ACTIVE,TRAJECTORY_RUNNING,24.0,43,30,-1,1.95,43,0,0.0,0.0,0.0,0.0,0.0,0.0
2026-07-30T10:49:29.360,803.141,49,open,ACTUATOR_ACTIVE,TRAJECTORY_RUNNING,24.0,43,30,-1,1.3,43,0,0.0,0.0,0.0,0.0,0.0,0.0
2026-07-30T10:49:29.857,803.641,49,open,ACTUATOR_ACTIVE,TRAJECTORY_RUNNING,24.0,43,30,0,-0.37,43,0,0.0,0.0,0.0,0.0,0.0,0.0
2026-07-30T10:49:30.354,804.141,49,open,ACTUATOR_ACTIVE,TRAJECTORY_RUNNING,24.0,43,29,-2,-0.54,43,0,0.0,0.0,0.0,0.0,0.0,0.0
2026-07-30T10:49:30.851,804.625,49,open,ACTUATOR_ACTIVE,TRAJECTORY_RUNNING,24.0,43,28,-3,-0.42,43,0,0.0,0.0,0.0,0.0,0.0,0.0
2026-07-30T10:49:31.360,805.141,49,open,ACTUATOR_ACTIVE,TRAJECTORY_RUNNING,24.0,43,26,-4,-1.16,43,0,0.0,0.0,0.0,0.0,0.0,0.0
2026-07-30T10:49:31.857,805.641,49,open,ACTUATOR_ACTIVE,TRAJECTORY_RUNNING,24.0,43,23,-7,-2.1,43,0,0.0,0.0,0.0,0.0,0.0,0.0
2026-07-30T10:49:32.356,806.141,49,open,ACTUATOR_ACTIVE,TRAJECTORY_RUNNING,24.0,43,19,-8,-1.4,43,0,0.0,0.0,0.0,0.0,0.0,0.0
2026-07-30T10:49:32.852,806.625,49,open,ACTUATOR_ACTIVE,TRAJECTORY_RUNNING,24.0,43,14,-8,-1.23,43,0,0.0,0.0,0.0,0.0,0.0,0.0
2026-07-30T10:49:33.366,807.141,49,open,ACTUATOR_ACTIVE,TRAJECTORY_RUNNING,24.0,43,10,-8,-2.47,43,0,0.0,0.0,0.0,0.0,0.0,0.0
2026-07-30T10:49:33.866,807.641,49,open,ACTUATOR_ACTIVE,TRAJECTORY_RUNNING,24.0,43,8,0,-1.04,43,0,0.0,0.0,0.0,0.0,0.0,0.0
2026-07-30T10:49:34.360,808.141,49,open,ACTUATOR_ACTIVE,TRAJECTORY_RUNNING,24.0,43,8,0,0.2,43,0,0.0,0.0,0.0,0.0,0.0,0.0
2026-07-30T10:49:34.858,808.641,49,open,ACTUATOR_ACTIVE,TRAJECTORY_RUNNING,24.0,43,9,0,1.52,43,0,0.0,0.0,0.0,0.0,0.0,0.0
2026-07-30T10:49:35.356,809.141,49,open,ACTUATOR_ACTIVE,TRAJECTORY_RUNNING,24.0,43,9,0,1.85,43,0,0.0,0.0,0.0,0.0,0.0,0.0
2026-07-30T10:49:35.853,809.625,49,open,ACTUATOR_ACTIVE,TRAJECTORY_RUNNING,24.0,43,9,0,1.77,43,0,0.0,0.0,0.0,0.0,0.0,0.0
2026-07-30T10:49:36.364,810.141,49,open,ACTUATOR_ACTIVE,TRAJECTORY_RUNNING,24.0,43,9,0,2.18,43,0,0.0,0.0,0.0,0.0,0.0,0.0
2026-07-30T10:49:36.856,810.641,49,open,ACTUATOR_ACTIVE,TRAJECTORY_RUNNING,24.0,41,9,0,1.65,41,0,0.0,0.0,0.0,0.0,0.0,0.0
2026-07-30T10:49:37.463,811.25,50,close,ACTUATOR_ACTIVE,TRAJECTORY_RUNNING,24.0,41,9,7,2.5,41,0,0.0,0.0,0.0,0.0,0.0,0.0
2026-07-30T10:49:37.960,811.735,50,close,ACTUATOR_ACTIVE,TRAJECTORY_RUNNING,24.0,41,14,10,2.09,41,0,0.0,0.0,0.0,0.0,0.0,0.0
2026-07-30T10:49:38.475,812.25,50,close,ACTUATOR_ACTIVE,TRAJECTORY_RUNNING,24.0,41,18,10,2.78,41,0,0.0,0.0,0.0,0.0,0.0,0.0
2026-07-30T10:49:38.973,812.75,50,close,ACTUATOR_ACTIVE,TRAJECTORY_RUNNING,24.0,41,23,8,1.82,41,0,0.0,0.0,0.0,0.0,0.0,0.0
2026-07-30T10:49:39.470,813.25,50,close,ACTUATOR_ACTIVE,TRAJECTORY_RUNNING,24.0,41,27,10,1.5,41,0,0.0,0.0,0.0,0.0,0.0,0.0
2026-07-30T10:49:39.965,813.75,50,close,ACTUATOR_ACTIVE,TRAJECTORY_RUNNING,24.0,41,31,2,21.02,41,0,0.0,0.0,0.0,0.0,0.0,0.0
2026-07-30T10:49:40.461,814.235,50,close,ACTUATOR_ACTIVE,TRAJECTORY_RUNNING,24.0,43,31,0,32.73,43,0,0.0,0.0,0.0,0.0,0.0,0.0
2026-07-30T10:49:40.971,814.75,50,close,ACTUATOR_ACTIVE,TRAJECTORY_RUNNING,24.0,43,31,0,31.42,43,0,0.0,0.0,0.0,0.0,0.0,0.0
2026-07-30T10:49:41.466,815.25,50,close,ACTUATOR_ACTIVE,TRAJECTORY_RUNNING,24.0,43,31,0,29.54,43,0,0.0,0.0,0.0,0.0,0.0,0.0
2026-07-30T10:49:41.964,815.75,50,close,ACTUATOR_ACTIVE,TRAJECTORY_RUNNING,24.0,43,31,0,28.41,43,0,0.0,0.0,0.0,0.0,0.0,0.0
2026-07-30T10:49:42.462,816.235,50,close,ACTUATOR_ACTIVE,TRAJECTORY_RUNNING,24.0,43,31,1,33.09,43,0,0.0,0.0,0.0,0.0,0.0,0.0
2026-07-30T10:49:42.970,816.75,50,close,ACTUATOR_ACTIVE,TRAJECTORY_RUNNING,24.0,43,31,0,29.24,43,0,0.0,0.0,0.0,0.0,0.0,0.0
2026-07-30T10:49:43.469,817.25,50,close,ACTUATOR_ACTIVE,TRAJECTORY_RUNNING,24.0,43,31,0,29.76,43,0,0.0,0.0,0.0,0.0,0.0,0.0
2026-07-30T10:49:43.967,817.75,50,close,ACTUATOR_ACTIVE,TRAJECTORY_RUNNING,24.0,43,31,-1,27.94,43,0,0.0,0.0,0.0,0.0,0.0,0.0
2026-07-30T10:49:44.465,818.25,50,close,ACTUATOR_ACTIVE,TRAJECTORY_RUNNING,24.0,43,31,0,29.7,43,0,0.0,0.0,0.0,0.0,0.0,0.0
2026-07-30T10:49:44.963,818.75,50,close,ACTUATOR_ACTIVE,TRAJECTORY_RUNNING,24.0,43,31,0,28.12,43,0,0.0,0.0,0.0,0.0,0.0,0.0
2026-07-30T10:49:45.575,819.36,50,open,ACTUATOR_ACTIVE,TRAJECTORY_RUNNING,24.0,43,31,-1,4.32,43,0,0.0,0.0,0.0,0.0,0.0,0.0
2026-07-30T10:49:46.070,819.844,50,open,ACTUATOR_ACTIVE,TRAJECTORY_RUNNING,24.0,43,27,-11,-1.03,43,0,0.0,0.0,0.0,0.0,0.0,0.0
2026-07-30T10:49:46.585,820.36,50,open,ACTUATOR_ACTIVE,TRAJECTORY_RUNNING,24.0,43,21,-10,-1.21,43,0,0.0,0.0,0.0,0.0,0.0,0.0
2026-07-30T10:49:47.080,820.86,50,open,ACTUATOR_ACTIVE,TRAJECTORY_RUNNING,24.0,43,15,-12,-0.91,43,0,0.0,0.0,0.0,0.0,0.0,0.0
2026-07-30T10:49:47.582,821.36,50,open,ACTUATOR_ACTIVE,TRAJECTORY_RUNNING,24.0,43,10,-10,-1.71,43,0,0.0,0.0,0.0,0.0,0.0,0.0
2026-07-30T10:49:48.081,821.86,50,open,ACTUATOR_ACTIVE,TRAJECTORY_COMPLETE,24.0,43,10,0,0.55,43,0,0.0,0.0,0.0,0.0,0.0,0.0
2026-07-30T10:49:48.578,822.36,50,open,ACTUATOR_ACTIVE,TRAJECTORY_COMPLETE,24.0,43,10,0,0.29,43,0,0.0,0.0,0.0,0.0,0.0,0.0
2026-07-30T10:49:49.076,822.86,50,open,ACTUATOR_ACTIVE,TRAJECTORY_COMPLETE,24.0,43,10,0,0.36,43,0,0.0,0.0,0.0,0.0,0.0,0.0
2026-07-30T10:49:49.572,823.36,50,open,ACTUATOR_ACTIVE,TRAJECTORY_COMPLETE,24.0,43,10,0,0.18,43,0,0.0,0.0,0.0,0.0,0.0,0.0
2026-07-30T10:49:50.071,823.844,50,open,ACTUATOR_ACTIVE,TRAJECTORY_COMPLETE,24.0,43,9,0,-0.01,43,0,0.0,0.0,0.0,0.0,0.0,0.0
2026-07-30T10:49:50.579,824.36,50,open,ACTUATOR_ACTIVE,TRAJECTORY_COMPLETE,24.0,43,9,0,-0.08,43,0,0.0,0.0,0.0,0.0,0.0,0.0
2026-07-30T10:49:51.074,824.86,50,open,ACTUATOR_ACTIVE,TRAJECTORY_COMPLETE,24.0,43,9,0,0.21,43,0,0.0,0.0,0.0,0.0,0.0,0.0
2026-07-30T10:49:51.572,825.36,50,open,ACTUATOR_ACTIVE,TRAJECTORY_COMPLETE,24.0,43,9,0,-0.07,43,0,0.0,0.0,0.0,0.0,0.0,0.0
2026-07-30T10:49:52.069,825.844,50,open,ACTUATOR_ACTIVE,TRAJECTORY_COMPLETE,24.0,43,9,0,-0.17,43,0,0.0,0.0,0.0,0.0,0.0,0.0
2026-07-30T10:49:52.582,826.36,50,open,ACTUATOR_ACTIVE,TRAJECTORY_COMPLETE,24.0,44,9,0,0.3,44,0,0.0,0.0,0.0,0.0,0.0,0.0
2026-07-30T10:49:53.074,826.86,50,open,ACTUATOR_ACTIVE,TRAJECTORY_COMPLETE,24.0,44,9,-1,0.23,44,0,0.0,0.0,0.0,0.0,0.0,0.0
2026-07-30T10:49:53.682,827.469,51,close,ACTUATOR_ACTIVE,TRAJECTORY_RUNNING,24.0,44,10,7,2.12,44,0,0.0,0.0,0.0,0.0,0.0,0.0
2026-07-30T10:49:54.178,827.953,51,close,ACTUATOR_ACTIVE,TRAJECTORY_RUNNING,24.0,44,14,8,2.79,44,0,0.0,0.0,0.0,0.0,0.0,0.0
2026-07-30T10:49:54.694,828.469,51,close,ACTUATOR_ACTIVE,TRAJECTORY_RUNNING,24.0,44,19,8,1.85,44,0,0.0,0.0,0.0,0.0,0.0,0.0
2026-07-30T10:49:55.191,828.969,51,close,ACTUATOR_ACTIVE,TRAJECTORY_RUNNING,24.0,44,23,9,1.43,44,0,0.0,0.0,0.0,0.0,0.0,0.0
2026-07-30T10:49:55.687,829.469,51,close,ACTUATOR_ACTIVE,TRAJECTORY_RUNNING,24.0,44,27,8,3.44,44,0,0.0,0.0,0.0,0.0,0.0,0.0
2026-07-30T10:49:56.182,829.969,51,close,ACTUATOR_ACTIVE,TRAJECTORY_RUNNING,24.0,44,31,2,23.05,44,0,0.0,0.0,0.0,0.0,0.0,0.0
2026-07-30T10:49:56.681,830.469,51,close,ACTUATOR_ACTIVE,TRAJECTORY_RUNNING,24.0,43,31,0,28.77,43,0,0.0,0.0,0.0,0.0,0.0,0.0
2026-07-30T10:49:57.178,830.953,51,close,ACTUATOR_ACTIVE,TRAJECTORY_RUNNING,24.0,43,31,0,29.96,43,0,0.0,0.0,0.0,0.0,0.0,0.0
2026-07-30T10:49:57.689,831.469,51,close,ACTUATOR_ACTIVE,TRAJECTORY_RUNNING,24.0,43,31,0,29.49,43,0,0.0,0.0,0.0,0.0,0.0,0.0
2026-07-30T10:49:58.181,831.969,51,close,ACTUATOR_ACTIVE,TRAJECTORY_RUNNING,24.0,43,31,0,29.23,43,0,0.0,0.0,0.0,0.0,0.0,0.0
2026-07-30T10:49:58.678,832.453,51,close,ACTUATOR_ACTIVE,TRAJECTORY_RUNNING,24.0,43,31,0,29.37,43,0,0.0,0.0,0.0,0.0,0.0,0.0
2026-07-30T10:49:59.191,832.969,51,close,ACTUATOR_ACTIVE,TRAJECTORY_RUNNING,24.0,43,31,0,26.59,43,0,0.0,0.0,0.0,0.0,0.0,0.0
2026-07-30T10:49:59.686,833.469,51,close,ACTUATOR_ACTIVE,TRAJECTORY_RUNNING,24.0,43,31,0,30.4,43,0,0.0,0.0,0.0,0.0,0.0,0.0
2026-07-30T10:50:00.183,833.969,51,close,ACTUATOR_ACTIVE,TRAJECTORY_RUNNING,24.0,43,31,0,29.55,43,0,0.0,0.0,0.0,0.0,0.0,0.0
2026-07-30T10:50:00.683,834.469,51,close,ACTUATOR_ACTIVE,TRAJECTORY_RUNNING,24.0,46,31,0,27.62,46,0,0.0,0.0,0.0,0.0,0.0,0.0
2026-07-30T10:50:01.178,834.953,51,close,ACTUATOR_ACTIVE,TRAJECTORY_RUNNING,24.0,46,31,0,31.72,46,0,0.0,0.0,0.0,0.0,0.0,0.0
2026-07-30T10:50:01.802,835.578,51,open,ACTUATOR_ACTIVE,TRAJECTORY_RUNNING,24.0,46,31,-1,3.78,46,0,0.0,0.0,0.0,0.0,0.0,0.0
2026-07-30T10:50:02.316,836.094,51,open,ACTUATOR_ACTIVE,TRAJECTORY_RUNNING,24.0,46,27,-11,-0.56,46,0,0.0,0.0,0.0,0.0,0.0,0.0
2026-07-30T10:50:02.817,836.594,51,open,ACTUATOR_ACTIVE,TRAJECTORY_RUNNING,24.0,46,21,-11,-2.41,46,0,0.0,0.0,0.0,0.0,0.0,0.0
2026-07-30T10:50:03.317,837.094,51,open,ACTUATOR_ACTIVE,TRAJECTORY_RUNNING,24.0,46,15,-12,-0.96,46,0,0.0,0.0,0.0,0.0,0.0,0.0
2026-07-30T10:50:03.815,837.594,51,open,ACTUATOR_ACTIVE,TRAJECTORY_RUNNING,24.0,46,10,-9,-1.91,46,0,0.0,0.0,0.0,0.0,0.0,0.0
2026-07-30T10:50:04.317,838.094,51,open,ACTUATOR_ACTIVE,TRAJECTORY_COMPLETE,24.0,46,9,0,0.51,46,0,0.0,0.0,0.0,0.0,0.0,0.0
2026-07-30T10:50:04.811,838.594,51,open,ACTUATOR_ACTIVE,TRAJECTORY_COMPLETE,24.0,43,10,0,0.82,43,0,0.0,0.0,0.0,0.0,0.0,0.0
2026-07-30T10:50:05.306,839.078,51,open,ACTUATOR_ACTIVE,TRAJECTORY_COMPLETE,24.0,43,9,-1,0.16,43,0,0.0,0.0,0.0,0.0,0.0,0.0
2026-07-30T10:50:05.821,839.594,51,open,ACTUATOR_ACTIVE,TRAJECTORY_COMPLETE,24.0,43,9,0,0.27,43,0,0.0,0.0,0.0,0.0,0.0,0.0
2026-07-30T10:50:06.316,840.094,51,open,ACTUATOR_ACTIVE,TRAJECTORY_COMPLETE,24.0,43,9,0,0.28,43,0,0.0,0.0,0.0,0.0,0.0,0.0
2026-07-30T10:50:06.814,840.594,51,open,ACTUATOR_ACTIVE,TRAJECTORY_COMPLETE,24.0,43,9,0,0.45,43,0,0.0,0.0,0.0,0.0,0.0,0.0
2026-07-30T10:50:07.311,841.094,51,open,ACTUATOR_ACTIVE,TRAJECTORY_COMPLETE,24.0,43,9,0,0.49,43,0,0.0,0.0,0.0,0.0,0.0,0.0
2026-07-30T10:50:07.805,841.578,51,open,ACTUATOR_ACTIVE,TRAJECTORY_COMPLETE,24.0,43,9,1,-0.78,43,0,0.0,0.0,0.0,0.0,0.0,0.0
2026-07-30T10:50:08.317,842.094,51,open,ACTUATOR_ACTIVE,TRAJECTORY_COMPLETE,24.0,43,9,0,0.32,43,0,0.0,0.0,0.0,0.0,0.0,0.0
2026-07-30T10:50:08.813,842.594,51,open,ACTUATOR_ACTIVE,TRAJECTORY_COMPLETE,24.0,39,10,0,-0.7,39,0,0.0,0.0,0.0,0.0,0.0,0.0
2026-07-30T10:50:09.307,843.094,51,open,ACTUATOR_ACTIVE,TRAJECTORY_COMPLETE,24.0,39,10,0,0.23,39,0,0.0,0.0,0.0,0.0,0.0,0.0
2026-07-30T10:50:09.914,843.688,52,close,ACTUATOR_ACTIVE,TRAJECTORY_RUNNING,24.0,39,10,4,1.75,39,0,0.0,0.0,0.0,0.0,0.0,0.0
2026-07-30T10:50:10.428,844.203,52,close,ACTUATOR_ACTIVE,TRAJECTORY_RUNNING,24.0,39,11,3,1.88,39,0,0.0,0.0,0.0,0.0,0.0,0.0
2026-07-30T10:50:10.925,844.703,52,close,ACTUATOR_ACTIVE,TRAJECTORY_RUNNING,24.0,39,13,4,1.47,39,0,0.0,0.0,0.0,0.0,0.0,0.0
2026-07-30T10:50:11.420,845.203,52,close,ACTUATOR_ACTIVE,TRAJECTORY_RUNNING,24.0,39,15,4,1.19,39,0,0.0,0.0,0.0,0.0,0.0,0.0
2026-07-30T10:50:11.919,845.703,52,close,ACTUATOR_ACTIVE,TRAJECTORY_RUNNING,24.0,39,18,5,1.73,39,0,0.0,0.0,0.0,0.0,0.0,0.0
2026-07-30T10:50:12.416,846.203,52,close,ACTUATOR_ACTIVE,TRAJECTORY_RUNNING,24.0,47,22,7,1.49,47,0,0.0,0.0,0.0,0.0,0.0,0.0
2026-07-30T10:50:12.914,846.688,52,close,ACTUATOR_ACTIVE,TRAJECTORY_RUNNING,24.0,47,26,9,1.46,47,0,0.0,0.0,0.0,0.0,0.0,0.0
2026-07-30T10:50:13.425,847.203,52,close,ACTUATOR_ACTIVE,TRAJECTORY_RUNNING,24.0,47,30,5,4.6,47,0,0.0,0.0,0.0,0.0,0.0,0.0
2026-07-30T10:50:13.919,847.703,52,close,ACTUATOR_ACTIVE,TRAJECTORY_RUNNING,24.0,47,30,0,2.42,47,0,0.0,0.0,0.0,0.0,0.0,0.0
2026-07-30T10:50:14.413,848.188,52,close,ACTUATOR_ACTIVE,TRAJECTORY_RUNNING,24.0,47,30,0,1.95,47,0,0.0,0.0,0.0,0.0,0.0,0.0
2026-07-30T10:50:14.926,848.703,52,close,ACTUATOR_ACTIVE,TRAJECTORY_RUNNING,24.0,47,30,0,2.06,47,0,0.0,0.0,0.0,0.0,0.0,0.0
2026-07-30T10:50:15.425,849.203,52,close,ACTUATOR_ACTIVE,TRAJECTORY_RUNNING,24.0,47,30,0,2.79,47,0,0.0,0.0,0.0,0.0,0.0,0.0
2026-07-30T10:50:15.918,849.703,52,close,ACTUATOR_ACTIVE,TRAJECTORY_RUNNING,24.0,47,30,-1,1.92,47,0,0.0,0.0,0.0,0.0,0.0,0.0
2026-07-30T10:50:16.415,850.188,52,close,ACTUATOR_ACTIVE,TRAJECTORY_RUNNING,24.0,43,30,0,2.7,43,0,0.0,0.0,0.0,0.0,0.0,0.0
2026-07-30T10:50:16.925,850.703,52,close,ACTUATOR_ACTIVE,TRAJECTORY_RUNNING,24.0,43,30,0,1.95,43,0,0.0,0.0,0.0,0.0,0.0,0.0
2026-07-30T10:50:17.419,851.203,52,close,ACTUATOR_ACTIVE,TRAJECTORY_STOPPED,24.0,43,30,0,1.61,43,0,0.0,0.0,0.0,0.0,0.0,0.0
2026-07-30T10:50:18.033,851.813,52,open,ACTUATOR_ACTIVE,TRAJECTORY_RUNNING,24.0,43,30,0,0.94,43,0,0.0,0.0,0.0,0.0,0.0,0.0
2026-07-30T10:50:18.525,852.313,52,open,ACTUATOR_ACTIVE,TRAJECTORY_RUNNING,24.0,43,25,-11,-1.45,43,0,0.0,0.0,0.0,0.0,0.0,0.0
2026-07-30T10:50:19.019,852.797,52,open,ACTUATOR_ACTIVE,TRAJECTORY_RUNNING,24.0,43,20,-12,-1.82,43,0,0.0,0.0,0.0,0.0,0.0,0.0
2026-07-30T10:50:19.527,853.313,52,open,ACTUATOR_ACTIVE,TRAJECTORY_RUNNING,24.0,43,14,-12,-1.76,43,0,0.0,0.0,0.0,0.0,0.0,0.0
2026-07-30T10:50:20.022,853.797,52,open,ACTUATOR_ACTIVE,TRAJECTORY_COMPLETE,24.0,43,9,0,0.77,43,0,0.0,0.0,0.0,0.0,0.0,0.0
2026-07-30T10:50:20.537,854.313,52,open,ACTUATOR_ACTIVE,TRAJECTORY_COMPLETE,24.0,45,9,0,0.14,45,0,0.0,0.0,0.0,0.0,0.0,0.0
2026-07-30T10:50:21.028,854.813,52,open,ACTUATOR_ACTIVE,TRAJECTORY_COMPLETE,24.0,45,10,0,0.3,45,0,0.0,0.0,0.0,0.0,0.0,0.0
2026-07-30T10:50:21.518,855.297,52,open,ACTUATOR_ACTIVE,TRAJECTORY_COMPLETE,24.0,45,10,0,0.19,45,0,0.0,0.0,0.0,0.0,0.0,0.0
2026-07-30T10:50:22.033,855.813,52,open,ACTUATOR_ACTIVE,TRAJECTORY_COMPLETE,24.0,45,10,0,-0.12,45,0,0.0,0.0,0.0,0.0,0.0,0.0
2026-07-30T10:50:22.526,856.313,52,open,ACTUATOR_ACTIVE,TRAJECTORY_COMPLETE,24.0,45,10,1,0.48,45,0,0.0,0.0,0.0,0.0,0.0,0.0
2026-07-30T10:50:23.027,856.813,52,open,ACTUATOR_ACTIVE,TRAJECTORY_COMPLETE,24.0,45,10,1,0.26,45,0,0.0,0.0,0.0,0.0,0.0,0.0
2026-07-30T10:50:23.527,857.313,52,open,ACTUATOR_ACTIVE,TRAJECTORY_COMPLETE,24.0,45,9,0,0.3,45,0,0.0,0.0,0.0,0.0,0.0,0.0
2026-07-30T10:50:24.023,857.797,52,open,ACTUATOR_ACTIVE,TRAJECTORY_COMPLETE,24.0,45,9,0,0.14,45,0,0.0,0.0,0.0,0.0,0.0,0.0
2026-07-30T10:50:24.533,858.313,52,open,ACTUATOR_ACTIVE,TRAJECTORY_COMPLETE,24.0,44,9,0,-0.05,44,0,0.0,0.0,0.0,0.0,0.0,0.0
2026-07-30T10:50:25.029,858.813,52,open,ACTUATOR_ACTIVE,TRAJECTORY_COMPLETE,24.0,44,9,1,-0.01,44,0,0.0,0.0,0.0,0.0,0.0,0.0
2026-07-30T10:50:25.518,859.297,52,open,ACTUATOR_ACTIVE,TRAJECTORY_COMPLETE,24.0,44,10,0,-0.19,44,0,0.0,0.0,0.0,0.0,0.0,0.0
2026-07-30T10:50:26.143,859.922,53,close,ACTUATOR_ACTIVE,TRAJECTORY_RUNNING,24.0,44,10,5,2.02,44,0,0.0,0.0,0.0,0.0,0.0,0.0
2026-07-30T10:50:26.637,860.422,53,close,ACTUATOR_ACTIVE,TRAJECTORY_RUNNING,24.0,44,11,2,2.59,44,0,0.0,0.0,0.0,0.0,0.0,0.0
2026-07-30T10:50:27.139,860.922,53,close,ACTUATOR_ACTIVE,TRAJECTORY_RUNNING,24.0,44,13,2,1.14,44,0,0.0,0.0,0.0,0.0,0.0,0.0
2026-07-30T10:50:27.630,861.406,53,close,ACTUATOR_ACTIVE,TRAJECTORY_RUNNING,24.0,44,15,3,0.74,44,0,0.0,0.0,0.0,0.0,0.0,0.0
2026-07-30T10:50:28.147,861.922,53,close,ACTUATOR_ACTIVE,TRAJECTORY_RUNNING,24.0,44,18,8,0.72,44,0,0.0,0.0,0.0,0.0,0.0,0.0
2026-07-30T10:50:28.639,862.422,53,close,ACTUATOR_ACTIVE,TRAJECTORY_RUNNING,24.0,44,21,8,0.5,44,0,0.0,0.0,0.0,0.0,0.0,0.0
2026-07-30T10:50:29.138,862.922,53,close,ACTUATOR_ACTIVE,TRAJECTORY_RUNNING,24.0,44,25,8,0.36,44,0,0.0,0.0,0.0,0.0,0.0,0.0
2026-07-30T10:50:29.634,863.406,53,close,ACTUATOR_ACTIVE,TRAJECTORY_RUNNING,24.0,44,29,8,3.18,44,0,0.0,0.0,0.0,0.0,0.0,0.0
2026-07-30T10:50:30.145,863.922,53,close,ACTUATOR_ACTIVE,TRAJECTORY_RUNNING,24.0,44,30,0,3.1,44,0,0.0,0.0,0.0,0.0,0.0,0.0
2026-07-30T10:50:30.646,864.422,53,close,ACTUATOR_ACTIVE,TRAJECTORY_STOPPED,24.0,44,30,0,2.07,44,0,0.0,0.0,0.0,0.0,0.0,0.0
2026-07-30T10:50:31.139,864.922,53,close,ACTUATOR_ACTIVE,TRAJECTORY_RUNNING,24.0,44,30,0,2.07,44,0,0.0,0.0,0.0,0.0,0.0,0.0
2026-07-30T10:50:31.641,865.422,53,close,ACTUATOR_ACTIVE,TRAJECTORY_RUNNING,24.0,44,30,0,2.12,44,0,0.0,0.0,0.0,0.0,0.0,0.0
2026-07-30T10:50:32.136,865.922,53,close,ACTUATOR_ACTIVE,TRAJECTORY_RUNNING,24.0,44,30,0,2.04,44,0,0.0,0.0,0.0,0.0,0.0,0.0
2026-07-30T10:50:32.629,866.406,53,close,ACTUATOR_ACTIVE,TRAJECTORY_RUNNING,24.0,46,30,0,1.79,46,0,0.0,0.0,0.0,0.0,0.0,0.0
2026-07-30T10:50:33.146,866.922,53,close,ACTUATOR_ACTIVE,TRAJECTORY_RUNNING,24.0,46,30,1,2.16,46,0,0.0,0.0,0.0,0.0,0.0,0.0
2026-07-30T10:50:33.647,867.422,53,close,ACTUATOR_ACTIVE,TRAJECTORY_RUNNING,24.0,46,30,0,2.15,46,0,0.0,0.0,0.0,0.0,0.0,0.0
2026-07-30T10:50:34.254,868.031,53,open,ACTUATOR_ACTIVE,TRAJECTORY_RUNNING,24.0,46,30,0,2.97,46,0,0.0,0.0,0.0,0.0,0.0,0.0
2026-07-30T10:50:34.754,868.531,53,open,ACTUATOR_ACTIVE,TRAJECTORY_RUNNING,24.0,46,30,0,-0.85,46,0,0.0,0.0,0.0,0.0,0.0,0.0
2026-07-30T10:50:35.252,869.031,53,open,ACTUATOR_ACTIVE,TRAJECTORY_RUNNING,24.0,46,29,-1,-0.5,46,0,0.0,0.0,0.0,0.0,0.0,0.0
2026-07-30T10:50:35.749,869.531,53,open,ACTUATOR_ACTIVE,TRAJECTORY_RUNNING,24.0,46,28,-2,-0.6,46,0,0.0,0.0,0.0,0.0,0.0,0.0
2026-07-30T10:50:36.246,870.031,53,open,ACTUATOR_ACTIVE,TRAJECTORY_RUNNING,24.0,46,26,-4,-0.96,46,0,0.0,0.0,0.0,0.0,0.0,0.0
2026-07-30T10:50:36.740,870.516,53,open,ACTUATOR_ACTIVE,TRAJECTORY_RUNNING,24.0,44,23,-8,-1.61,44,0,0.0,0.0,0.0,0.0,0.0,0.0
2026-07-30T10:50:37.249,871.031,53,open,ACTUATOR_ACTIVE,TRAJECTORY_RUNNING,24.0,44,19,-9,-1.63,44,0,0.0,0.0,0.0,0.0,0.0,0.0
2026-07-30T10:50:37.743,871.516,53,open,ACTUATOR_ACTIVE,TRAJECTORY_RUNNING,24.0,44,15,-11,-2.19,44,0,0.0,0.0,0.0,0.0,0.0,0.0
2026-07-30T10:50:38.255,872.031,53,open,ACTUATOR_ACTIVE,TRAJECTORY_RUNNING,24.0,44,10,-9,-1.5,44,0,0.0,0.0,0.0,0.0,0.0,0.0
2026-07-30T10:50:38.751,872.531,53,open,ACTUATOR_ACTIVE,TRAJECTORY_RUNNING,24.0,44,8,0,-1.19,44,0,0.0,0.0,0.0,0.0,0.0,0.0
2026-07-30T10:50:39.248,873.031,53,open,ACTUATOR_ACTIVE,TRAJECTORY_RUNNING,24.0,44,8,0,0.24,44,0,0.0,0.0,0.0,0.0,0.0,0.0
2026-07-30T10:50:39.744,873.531,53,open,ACTUATOR_ACTIVE,TRAJECTORY_RUNNING,24.0,44,9,1,1.44,44,0,0.0,0.0,0.0,0.0,0.0,0.0
2026-07-30T10:50:40.241,874.016,53,open,ACTUATOR_ACTIVE,TRAJECTORY_RUNNING,24.0,44,9,0,2.05,44,0,0.0,0.0,0.0,0.0,0.0,0.0
2026-07-30T10:50:40.754,874.531,53,open,ACTUATOR_ACTIVE,TRAJECTORY_RUNNING,24.0,43,9,0,1.78,43,0,0.0,0.0,0.0,0.0,0.0,0.0
2026-07-30T10:50:41.247,875.031,53,open,ACTUATOR_ACTIVE,TRAJECTORY_RUNNING,24.0,43,9,0,1.92,43,0,0.0,0.0,0.0,0.0,0.0,0.0
2026-07-30T10:50:41.746,875.531,53,open,ACTUATOR_ACTIVE,TRAJECTORY_RUNNING,24.0,43,9,0,1.99,43,0,0.0,0.0,0.0,0.0,0.0,0.0
2026-07-30T10:50:42.356,876.141,54,close,ACTUATOR_ACTIVE,TRAJECTORY_RUNNING,24.0,43,9,7,1.18,43,0,0.0,0.0,0.0,0.0,0.0,0.0
2026-07-30T10:50:42.851,876.625,54,close,ACTUATOR_ACTIVE,TRAJECTORY_RUNNING,24.0,43,14,8,2.17,43,0,0.0,0.0,0.0,0.0,0.0,0.0
2026-07-30T10:50:43.364,877.141,54,close,ACTUATOR_ACTIVE,TRAJECTORY_RUNNING,24.0,43,18,9,1.7,43,0,0.0,0.0,0.0,0.0,0.0,0.0
2026-07-30T10:50:43.858,877.641,54,close,ACTUATOR_ACTIVE,TRAJECTORY_RUNNING,24.0,43,23,8,1.38,43,0,0.0,0.0,0.0,0.0,0.0,0.0
2026-07-30T10:50:44.354,878.141,54,close,ACTUATOR_ACTIVE,TRAJECTORY_RUNNING,24.0,43,27,9,2.99,43,0,0.0,0.0,0.0,0.0,0.0,0.0
2026-07-30T10:50:44.852,878.625,54,close,ACTUATOR_ACTIVE,TRAJECTORY_RUNNING,24.0,44,31,2,19.87,44,0,0.0,0.0,0.0,0.0,0.0,0.0
2026-07-30T10:50:45.364,879.141,54,close,ACTUATOR_ACTIVE,TRAJECTORY_RUNNING,24.0,44,31,0,31.04,44,0,0.0,0.0,0.0,0.0,0.0,0.0
2026-07-30T10:50:45.857,879.641,54,close,ACTUATOR_ACTIVE,TRAJECTORY_RUNNING,24.0,44,31,0,31.3,44,0,0.0,0.0,0.0,0.0,0.0,0.0
2026-07-30T10:50:46.352,880.125,54,close,ACTUATOR_ACTIVE,TRAJECTORY_RUNNING,24.0,44,31,0,28.33,44,0,0.0,0.0,0.0,0.0,0.0,0.0
2026-07-30T10:50:46.864,880.641,54,close,ACTUATOR_ACTIVE,TRAJECTORY_RUNNING,24.0,44,31,0,29.37,44,0,0.0,0.0,0.0,0.0,0.0,0.0
2026-07-30T10:50:47.360,881.141,54,close,ACTUATOR_ACTIVE,TRAJECTORY_RUNNING,24.0,44,31,0,27.66,44,0,0.0,0.0,0.0,0.0,0.0,0.0
2026-07-30T10:50:47.861,881.641,54,close,ACTUATOR_ACTIVE,TRAJECTORY_RUNNING,24.0,44,31,0,33.37,44,0,0.0,0.0,0.0,0.0,0.0,0.0
2026-07-30T10:50:48.360,882.141,54,close,ACTUATOR_ACTIVE,TRAJECTORY_RUNNING,24.0,44,31,0,28.79,44,0,0.0,0.0,0.0,0.0,0.0,0.0
2026-07-30T10:50:48.852,882.625,54,close,ACTUATOR_ACTIVE,TRAJECTORY_RUNNING,24.0,47,31,0,28.9,47,0,0.0,0.0,0.0,0.0,0.0,0.0
2026-07-30T10:50:49.362,883.141,54,close,ACTUATOR_ACTIVE,TRAJECTORY_RUNNING,24.0,47,31,0,29.5,47,0,0.0,0.0,0.0,0.0,0.0,0.0
2026-07-30T10:50:49.852,883.625,54,close,ACTUATOR_ACTIVE,TRAJECTORY_RUNNING,24.0,47,31,-1,27.97,47,0,0.0,0.0,0.0,0.0,0.0,0.0
2026-07-30T10:50:50.476,884.25,54,open,ACTUATOR_ACTIVE,TRAJECTORY_RUNNING,24.0,47,31,-1,4.55,47,0,0.0,0.0,0.0,0.0,0.0,0.0
2026-07-30T10:50:50.987,884.766,54,open,ACTUATOR_ACTIVE,TRAJECTORY_RUNNING,24.0,47,30,0,0.06,47,0,0.0,0.0,0.0,0.0,0.0,0.0
2026-07-30T10:50:51.482,885.266,54,open,ACTUATOR_ACTIVE,TRAJECTORY_RUNNING,24.0,47,30,0,-0.5,47,0,0.0,0.0,0.0,0.0,0.0,0.0
2026-07-30T10:50:51.980,885.766,54,open,ACTUATOR_ACTIVE,TRAJECTORY_RUNNING,24.0,47,28,-2,-1.05,47,0,0.0,0.0,0.0,0.0,0.0,0.0
2026-07-30T10:50:52.470,886.25,54,open,ACTUATOR_ACTIVE,TRAJECTORY_RUNNING,24.0,44,27,-4,-1.69,44,0,0.0,0.0,0.0,0.0,0.0,0.0
2026-07-30T10:50:52.987,886.766,54,open,ACTUATOR_ACTIVE,TRAJECTORY_RUNNING,24.0,44,24,-7,-1.8,44,0,0.0,0.0,0.0,0.0,0.0,0.0
2026-07-30T10:50:53.479,887.266,54,open,ACTUATOR_ACTIVE,TRAJECTORY_RUNNING,24.0,44,20,-8,-1.91,44,0,0.0,0.0,0.0,0.0,0.0,0.0
2026-07-30T10:50:53.973,887.75,54,open,ACTUATOR_ACTIVE,TRAJECTORY_RUNNING,24.0,44,16,-9,-1.79,44,0,0.0,0.0,0.0,0.0,0.0,0.0
2026-07-30T10:50:54.486,888.266,54,open,ACTUATOR_ACTIVE,TRAJECTORY_RUNNING,24.0,44,11,-7,-2.59,44,0,0.0,0.0,0.0,0.0,0.0,0.0
2026-07-30T10:50:54.979,888.766,54,open,ACTUATOR_ACTIVE,TRAJECTORY_RUNNING,24.0,44,9,0,-1.85,44,0,0.0,0.0,0.0,0.0,0.0,0.0
2026-07-30T10:50:55.477,889.25,54,open,ACTUATOR_ACTIVE,TRAJECTORY_RUNNING,24.0,44,9,0,0.25,44,0,0.0,0.0,0.0,0.0,0.0,0.0
2026-07-30T10:50:55.987,889.766,54,open,ACTUATOR_ACTIVE,TRAJECTORY_RUNNING,24.0,44,9,0,0.54,44,0,0.0,0.0,0.0,0.0,0.0,0.0
2026-07-30T10:50:56.482,890.266,54,open,ACTUATOR_ACTIVE,TRAJECTORY_RUNNING,24.0,41,9,0,1.78,41,0,0.0,0.0,0.0,0.0,0.0,0.0
2026-07-30T10:50:56.977,890.75,54,open,ACTUATOR_ACTIVE,TRAJECTORY_COMPLETE,24.0,41,10,0,1.03,41,0,0.0,0.0,0.0,0.0,0.0,0.0
2026-07-30T10:50:57.491,891.266,54,open,ACTUATOR_ACTIVE,TRAJECTORY_COMPLETE,24.0,41,10,0,-0.41,41,0,0.0,0.0,0.0,0.0,0.0,0.0
2026-07-30T10:50:57.986,891.766,54,open,ACTUATOR_ACTIVE,TRAJECTORY_COMPLETE,24.0,41,9,0,-0.93,41,0,0.0,0.0,0.0,0.0,0.0,0.0
2026-07-30T10:50:58.591,892.375,55,close,ACTUATOR_ACTIVE,TRAJECTORY_RUNNING,24.0,41,10,7,2.44,41,0,0.0,0.0,0.0,0.0,0.0,0.0
2026-07-30T10:50:59.088,892.875,55,close,ACTUATOR_ACTIVE,TRAJECTORY_RUNNING,24.0,41,14,8,1.86,41,0,0.0,0.0,0.0,0.0,0.0,0.0
2026-07-30T10:50:59.583,893.36,55,close,ACTUATOR_ACTIVE,TRAJECTORY_RUNNING,24.0,41,19,8,2.65,41,0,0.0,0.0,0.0,0.0,0.0,0.0
2026-07-30T10:51:00.096,893.875,55,close,ACTUATOR_ACTIVE,TRAJECTORY_RUNNING,24.0,41,23,8,1.96,41,0,0.0,0.0,0.0,0.0,0.0,0.0
2026-07-30T10:51:00.596,894.375,55,close,ACTUATOR_ACTIVE,TRAJECTORY_RUNNING,24.0,44,28,10,1.52,44,0,0.0,0.0,0.0,0.0,0.0,0.0
2026-07-30T10:51:01.094,894.875,55,close,ACTUATOR_ACTIVE,TRAJECTORY_RUNNING,24.0,44,31,2,24.71,44,0,0.0,0.0,0.0,0.0,0.0,0.0
2026-07-30T10:51:01.594,895.375,55,close,ACTUATOR_ACTIVE,TRAJECTORY_RUNNING,24.0,44,31,0,29.65,44,0,0.0,0.0,0.0,0.0,0.0,0.0
2026-07-30T10:51:02.087,895.875,55,close,ACTUATOR_ACTIVE,TRAJECTORY_RUNNING,24.0,44,31,0,29.09,44,0,0.0,0.0,0.0,0.0,0.0,0.0
2026-07-30T10:51:02.582,896.36,55,close,ACTUATOR_ACTIVE,TRAJECTORY_RUNNING,24.0,44,31,0,28.42,44,0,0.0,0.0,0.0,0.0,0.0,0.0
2026-07-30T10:51:03.095,896.875,55,close,ACTUATOR_ACTIVE,TRAJECTORY_RUNNING,24.0,44,31,0,29.58,44,0,0.0,0.0,0.0,0.0,0.0,0.0
2026-07-30T10:51:03.594,897.375,55,close,ACTUATOR_ACTIVE,TRAJECTORY_RUNNING,24.0,44,31,0,30.98,44,0,0.0,0.0,0.0,0.0,0.0,0.0
2026-07-30T10:51:04.095,897.875,55,close,ACTUATOR_ACTIVE,TRAJECTORY_RUNNING,24.0,44,31,0,30.45,44,0,0.0,0.0,0.0,0.0,0.0,0.0
2026-07-30T10:51:04.590,898.375,55,close,ACTUATOR_ACTIVE,TRAJECTORY_RUNNING,24.0,44,31,0,30.64,44,0,0.0,0.0,0.0,0.0,0.0,0.0
2026-07-30T10:51:05.086,898.86,55,close,ACTUATOR_ACTIVE,TRAJECTORY_RUNNING,24.0,44,31,0,28.06,44,0,0.0,0.0,0.0,0.0,0.0,0.0
2026-07-30T10:51:05.594,899.375,55,close,ACTUATOR_ACTIVE,TRAJECTORY_RUNNING,24.0,44,31,0,30.9,44,0,0.0,0.0,0.0,0.0,0.0,0.0
2026-07-30T10:51:06.092,899.875,55,close,ACTUATOR_ACTIVE,TRAJECTORY_RUNNING,24.0,44,31,0,28.3,44,0,0.0,0.0,0.0,0.0,0.0,0.0
2026-07-30T10:51:06.701,900.485,55,open,ACTUATOR_ACTIVE,TRAJECTORY_RUNNING,24.0,44,31,-1,4.48,44,0,0.0,0.0,0.0,0.0,0.0,0.0
2026-07-30T10:51:07.195,900.969,55,open,ACTUATOR_ACTIVE,TRAJECTORY_RUNNING,24.0,44,27,-11,-3.06,44,0,0.0,0.0,0.0,0.0,0.0,0.0
2026-07-30T10:51:07.711,901.485,55,open,ACTUATOR_ACTIVE,TRAJECTORY_RUNNING,24.0,44,21,-9,-2.47,44,0,0.0,0.0,0.0,0.0,0.0,0.0
2026-07-30T10:51:08.209,901.985,55,open,ACTUATOR_ACTIVE,TRAJECTORY_RUNNING,24.0,44,15,-11,-2.29,44,0,0.0,0.0,0.0,0.0,0.0,0.0
2026-07-30T10:51:08.707,902.485,55,open,ACTUATOR_ACTIVE,TRAJECTORY_RUNNING,24.0,46,10,-10,-2.57,46,0,0.0,0.0,0.0,0.0,0.0,0.0
2026-07-30T10:51:09.202,902.985,55,open,ACTUATOR_ACTIVE,TRAJECTORY_COMPLETE,24.0,46,10,-2,0.61,46,0,0.0,0.0,0.0,0.0,0.0,0.0
2026-07-30T10:51:09.700,903.485,55,open,ACTUATOR_ACTIVE,TRAJECTORY_COMPLETE,24.0,46,9,0,0.15,46,0,0.0,0.0,0.0,0.0,0.0,0.0
2026-07-30T10:51:10.197,903.985,55,open,ACTUATOR_ACTIVE,TRAJECTORY_COMPLETE,24.0,46,9,0,0.25,46,0,0.0,0.0,0.0,0.0,0.0,0.0
2026-07-30T10:51:10.693,904.469,55,open,ACTUATOR_ACTIVE,TRAJECTORY_COMPLETE,24.0,46,10,1,0.77,46,0,0.0,0.0,0.0,0.0,0.0,0.0
2026-07-30T10:51:11.203,904.985,55,open,ACTUATOR_ACTIVE,TRAJECTORY_COMPLETE,24.0,46,10,0,1.15,46,0,0.0,0.0,0.0,0.0,0.0,0.0
2026-07-30T10:51:11.699,905.485,55,open,ACTUATOR_ACTIVE,TRAJECTORY_COMPLETE,24.0,46,10,0,0.28,46,0,0.0,0.0,0.0,0.0,0.0,0.0
2026-07-30T10:51:12.194,905.969,55,open,ACTUATOR_ACTIVE,TRAJECTORY_COMPLETE,24.0,46,10,0,0.23,46,0,0.0,0.0,0.0,0.0,0.0,0.0
2026-07-30T10:51:12.708,906.485,55,open,ACTUATOR_ACTIVE,TRAJECTORY_COMPLETE,24.0,46,10,0,0.09,46,0,0.0,0.0,0.0,0.0,0.0,0.0
2026-07-30T10:51:13.201,906.985,55,open,ACTUATOR_ACTIVE,TRAJECTORY_COMPLETE,24.0,46,10,0,0.48,46,0,0.0,0.0,0.0,0.0,0.0,0.0
2026-07-30T10:51:13.699,907.485,55,open,ACTUATOR_ACTIVE,TRAJECTORY_COMPLETE,24.0,46,10,-1,-0.33,46,0,0.0,0.0,0.0,0.0,0.0,0.0
2026-07-30T10:51:14.197,907.985,55,open,ACTUATOR_ACTIVE,TRAJECTORY_COMPLETE,24.0,46,10,0,0.26,46,0,0.0,0.0,0.0,0.0,0.0,0.0
2026-07-30T10:51:14.805,908.578,56,close,ACTUATOR_ACTIVE,TRAJECTORY_RUNNING,24.0,46,10,7,0.44,46,0,0.0,0.0,0.0,0.0,0.0,0.0
2026-07-30T10:51:15.319,909.094,56,close,ACTUATOR_ACTIVE,TRAJECTORY_RUNNING,24.0,46,12,4,1.57,46,0,0.0,0.0,0.0,0.0,0.0,0.0
2026-07-30T10:51:15.809,909.594,56,close,ACTUATOR_ACTIVE,TRAJECTORY_RUNNING,24.0,46,14,6,0.5,46,0,0.0,0.0,0.0,0.0,0.0,0.0
2026-07-30T10:51:16.307,910.094,56,close,ACTUATOR_ACTIVE,TRAJECTORY_RUNNING,24.0,46,17,7,1.12,46,0,0.0,0.0,0.0,0.0,0.0,0.0
2026-07-30T10:51:16.802,910.578,56,close,ACTUATOR_ACTIVE,TRAJECTORY_RUNNING,24.0,43,21,8,0.81,43,0,0.0,0.0,0.0,0.0,0.0,0.0
2026-07-30T10:51:17.314,911.094,56,close,ACTUATOR_ACTIVE,TRAJECTORY_RUNNING,24.0,43,25,9,1.44,43,0,0.0,0.0,0.0,0.0,0.0,0.0
2026-07-30T10:51:17.811,911.594,56,close,ACTUATOR_ACTIVE,TRAJECTORY_RUNNING,24.0,43,29,8,2.5,43,0,0.0,0.0,0.0,0.0,0.0,0.0
2026-07-30T10:51:18.310,912.094,56,close,ACTUATOR_ACTIVE,TRAJECTORY_RUNNING,24.0,43,30,0,2.43,43,0,0.0,0.0,0.0,0.0,0.0,0.0
2026-07-30T10:51:18.808,912.594,56,close,ACTUATOR_ACTIVE,TRAJECTORY_RUNNING,24.0,43,30,0,1.97,43,0,0.0,0.0,0.0,0.0,0.0,0.0
2026-07-30T10:51:19.308,913.094,56,close,ACTUATOR_ACTIVE,TRAJECTORY_RUNNING,24.0,43,30,0,2.07,43,0,0.0,0.0,0.0,0.0,0.0,0.0
2026-07-30T10:51:19.803,913.578,56,close,ACTUATOR_ACTIVE,TRAJECTORY_RUNNING,24.0,43,30,0,2.12,43,0,0.0,0.0,0.0,0.0,0.0,0.0
2026-07-30T10:51:20.314,914.094,56,close,ACTUATOR_ACTIVE,TRAJECTORY_RUNNING,24.0,43,30,0,1.61,43,0,0.0,0.0,0.0,0.0,0.0,0.0
2026-07-30T10:51:20.809,914.594,56,close,ACTUATOR_ACTIVE,TRAJECTORY_RUNNING,24.0,45,30,1,1.65,45,0,0.0,0.0,0.0,0.0,0.0,0.0
2026-07-30T10:51:21.306,915.078,56,close,ACTUATOR_ACTIVE,TRAJECTORY_RUNNING,24.0,45,30,0,1.69,45,0,0.0,0.0,0.0,0.0,0.0,0.0
2026-07-30T10:51:21.820,915.594,56,close,ACTUATOR_ACTIVE,TRAJECTORY_RUNNING,24.0,45,30,0,1.59,45,0,0.0,0.0,0.0,0.0,0.0,0.0
2026-07-30T10:51:22.318,916.094,56,close,ACTUATOR_ACTIVE,TRAJECTORY_RUNNING,24.0,45,30,1,1.7,45,0,0.0,0.0,0.0,0.0,0.0,0.0
2026-07-30T10:51:22.923,916.703,56,open,ACTUATOR_ACTIVE,TRAJECTORY_RUNNING,24.0,45,30,0,1.5,45,0,0.0,0.0,0.0,0.0,0.0,0.0
2026-07-30T10:51:23.422,917.203,56,open,ACTUATOR_ACTIVE,TRAJECTORY_RUNNING,24.0,45,30,0,-0.4,45,0,0.0,0.0,0.0,0.0,0.0,0.0
2026-07-30T10:51:23.917,917.703,56,open,ACTUATOR_ACTIVE,TRAJECTORY_RUNNING,24.0,45,29,-1,-0.53,45,0,0.0,0.0,0.0,0.0,0.0,0.0
2026-07-30T10:51:24.409,918.188,56,open,ACTUATOR_ACTIVE,TRAJECTORY_RUNNING,24.0,46,28,-3,-0.82,46,0,0.0,0.0,0.0,0.0,0.0,0.0
2026-07-30T10:51:24.922,918.703,56,open,ACTUATOR_ACTIVE,TRAJECTORY_RUNNING,24.0,46,27,-4,-1.41,46,0,0.0,0.0,0.0,0.0,0.0,0.0
2026-07-30T10:51:25.413,919.188,56,open,ACTUATOR_ACTIVE,TRAJECTORY_RUNNING,24.0,46,24,-6,-0.79,46,0,0.0,0.0,0.0,0.0,0.0,0.0
2026-07-30T10:51:25.924,919.703,56,open,ACTUATOR_ACTIVE,TRAJECTORY_RUNNING,24.0,46,20,-7,-1.36,46,0,0.0,0.0,0.0,0.0,0.0,0.0
2026-07-30T10:51:26.418,920.203,56,open,ACTUATOR_ACTIVE,TRAJECTORY_RUNNING,24.0,46,16,-9,-2.1,46,0,0.0,0.0,0.0,0.0,0.0,0.0
2026-07-30T10:51:26.916,920.703,56,open,ACTUATOR_ACTIVE,TRAJECTORY_RUNNING,24.0,46,11,-8,-3.58,46,0,0.0,0.0,0.0,0.0,0.0,0.0
2026-07-30T10:51:27.414,921.188,56,open,ACTUATOR_ACTIVE,TRAJECTORY_RUNNING,24.0,46,9,0,-2.96,46,0,0.0,0.0,0.0,0.0,0.0,0.0
2026-07-30T10:51:27.923,921.703,56,open,ACTUATOR_ACTIVE,TRAJECTORY_RUNNING,24.0,46,9,0,-1.95,46,0,0.0,0.0,0.0,0.0,0.0,0.0
2026-07-30T10:51:28.418,922.203,56,open,ACTUATOR_ACTIVE,TRAJECTORY_RUNNING,24.0,45,9,0,0.84,45,0,0.0,0.0,0.0,0.0,0.0,0.0
2026-07-30T10:51:28.915,922.703,56,open,ACTUATOR_ACTIVE,TRAJECTORY_RUNNING,24.0,45,9,1,1.5,45,0,0.0,0.0,0.0,0.0,0.0,0.0
2026-07-30T10:51:29.410,923.188,56,open,ACTUATOR_ACTIVE,TRAJECTORY_COMPLETE,24.0,45,10,0,0.66,45,0,0.0,0.0,0.0,0.0,0.0,0.0
2026-07-30T10:51:29.917,923.703,56,open,ACTUATOR_ACTIVE,TRAJECTORY_COMPLETE,24.0,45,10,0,-0.17,45,0,0.0,0.0,0.0,0.0,0.0,0.0
2026-07-30T10:51:30.415,924.188,56,open,ACTUATOR_ACTIVE,TRAJECTORY_COMPLETE,24.0,45,9,0,-0.46,45,0,0.0,0.0,0.0,0.0,0.0,0.0
2026-07-30T10:51:31.033,924.813,57,close,ACTUATOR_ACTIVE,TRAJECTORY_RUNNING,24.0,45,10,6,1.85,45,0,0.0,0.0,0.0,0.0,0.0,0.0
2026-07-30T10:51:31.543,925.328,57,close,ACTUATOR_ACTIVE,TRAJECTORY_RUNNING,24.0,45,14,9,2.75,45,0,0.0,0.0,0.0,0.0,0.0,0.0
2026-07-30T10:51:32.040,925.813,57,close,ACTUATOR_ACTIVE,TRAJECTORY_RUNNING,24.0,45,19,8,0.5,45,0,0.0,0.0,0.0,0.0,0.0,0.0
2026-07-30T10:51:32.553,926.328,57,close,ACTUATOR_ACTIVE,TRAJECTORY_RUNNING,24.0,43,23,9,2.05,43,0,0.0,0.0,0.0,0.0,0.0,0.0
2026-07-30T10:51:33.050,926.828,57,close,ACTUATOR_ACTIVE,TRAJECTORY_RUNNING,24.0,43,27,9,1.71,43,0,0.0,0.0,0.0,0.0,0.0,0.0
2026-07-30T10:51:33.546,927.328,57,close,ACTUATOR_ACTIVE,TRAJECTORY_RUNNING,24.0,43,31,2,22.96,43,0,0.0,0.0,0.0,0.0,0.0,0.0
2026-07-30T10:51:34.042,927.828,57,close,ACTUATOR_ACTIVE,TRAJECTORY_RUNNING,24.0,43,31,0,29.69,43,0,0.0,0.0,0.0,0.0,0.0,0.0
2026-07-30T10:51:34.538,928.313,57,close,ACTUATOR_ACTIVE,TRAJECTORY_RUNNING,24.0,43,31,0,29.63,43,0,0.0,0.0,0.0,0.0,0.0,0.0
2026-07-30T10:51:35.049,928.828,57,close,ACTUATOR_ACTIVE,TRAJECTORY_RUNNING,24.0,43,31,0,31.21,43,0,0.0,0.0,0.0,0.0,0.0,0.0
2026-07-30T10:51:35.540,929.328,57,close,ACTUATOR_ACTIVE,TRAJECTORY_RUNNING,24.0,43,31,0,32.44,43,0,0.0,0.0,0.0,0.0,0.0,0.0
2026-07-30T10:51:36.040,929.813,57,close,ACTUATOR_ACTIVE,TRAJECTORY_RUNNING,24.0,43,31,0,32.28,43,0,0.0,0.0,0.0,0.0,0.0,0.0
2026-07-30T10:51:36.550,930.328,57,close,ACTUATOR_ACTIVE,TRAJECTORY_RUNNING,24.0,46,31,0,31.16,46,0,0.0,0.0,0.0,0.0,0.0,0.0
2026-07-30T10:51:37.045,930.828,57,close,ACTUATOR_ACTIVE,TRAJECTORY_RUNNING,24.0,46,31,0,28.97,46,0,0.0,0.0,0.0,0.0,0.0,0.0
2026-07-30T10:51:37.544,931.328,57,close,ACTUATOR_ACTIVE,TRAJECTORY_RUNNING,24.0,46,31,0,29.48,46,0,0.0,0.0,0.0,0.0,0.0,0.0
2026-07-30T10:51:38.038,931.813,57,close,ACTUATOR_ACTIVE,TRAJECTORY_RUNNING,24.0,46,31,0,29.8,46,0,0.0,0.0,0.0,0.0,0.0,0.0
2026-07-30T10:51:38.550,932.328,57,close,ACTUATOR_ACTIVE,TRAJECTORY_RUNNING,24.0,46,31,0,30.8,46,0,0.0,0.0,0.0,0.0,0.0,0.0
2026-07-30T10:51:39.156,932.938,57,open,ACTUATOR_ACTIVE,TRAJECTORY_RUNNING,24.0,46,31,-1,5.49,46,0,0.0,0.0,0.0,0.0,0.0,0.0
2026-07-30T10:51:39.644,933.422,57,open,ACTUATOR_ACTIVE,TRAJECTORY_RUNNING,24.0,46,30,-1,0.7,46,0,0.0,0.0,0.0,0.0,0.0,0.0
2026-07-30T10:51:40.151,933.938,57,open,ACTUATOR_ACTIVE,TRAJECTORY_RUNNING,24.0,46,30,-1,-0.53,46,0,0.0,0.0,0.0,0.0,0.0,0.0
2026-07-30T10:51:40.642,934.422,57,open,ACTUATOR_ACTIVE,TRAJECTORY_RUNNING,24.0,43,28,-3,-1.41,43,0,0.0,0.0,0.0,0.0,0.0,0.0
2026-07-30T10:51:41.151,934.938,57,open,ACTUATOR_ACTIVE,TRAJECTORY_RUNNING,24.0,43,27,-4,-1.2,43,0,0.0,0.0,0.0,0.0,0.0,0.0
2026-07-30T10:51:41.646,935.422,57,open,ACTUATOR_ACTIVE,TRAJECTORY_RUNNING,24.0,43,24,-6,-0.53,43,0,0.0,0.0,0.0,0.0,0.0,0.0
2026-07-30T10:51:42.153,935.938,57,open,ACTUATOR_ACTIVE,TRAJECTORY_RUNNING,24.0,43,20,-8,-1.09,43,0,0.0,0.0,0.0,0.0,0.0,0.0
2026-07-30T10:51:42.647,936.422,57,open,ACTUATOR_ACTIVE,TRAJECTORY_RUNNING,24.0,43,16,-9,-2.36,43,0,0.0,0.0,0.0,0.0,0.0,0.0
2026-07-30T10:51:43.160,936.938,57,open,ACTUATOR_ACTIVE,TRAJECTORY_RUNNING,24.0,43,11,-7,-3.06,43,0,0.0,0.0,0.0,0.0,0.0,0.0
2026-07-30T10:51:43.655,937.438,57,open,ACTUATOR_ACTIVE,TRAJECTORY_RUNNING,24.0,43,9,0,-2.08,43,0,0.0,0.0,0.0,0.0,0.0,0.0
2026-07-30T10:51:44.150,937.938,57,open,ACTUATOR_ACTIVE,TRAJECTORY_RUNNING,24.0,43,9,0,-0.05,43,0,0.0,0.0,0.0,0.0,0.0,0.0
2026-07-30T10:51:44.645,938.422,57,open,ACTUATOR_ACTIVE,TRAJECTORY_RUNNING,24.0,44,9,0,0.86,44,0,0.0,0.0,0.0,0.0,0.0,0.0
2026-07-30T10:51:45.159,938.938,57,open,ACTUATOR_ACTIVE,TRAJECTORY_RUNNING,24.0,44,9,0,1.58,44,0,0.0,0.0,0.0,0.0,0.0,0.0
2026-07-30T10:51:45.656,939.438,57,open,ACTUATOR_ACTIVE,TRAJECTORY_COMPLETE,24.0,44,10,0,1.01,44,0,0.0,0.0,0.0,0.0,0.0,0.0
2026-07-30T10:51:46.153,939.938,57,open,ACTUATOR_ACTIVE,TRAJECTORY_COMPLETE,24.0,44,10,0,-0.89,44,0,0.0,0.0,0.0,0.0,0.0,0.0
2026-07-30T10:51:46.652,940.438,57,open,ACTUATOR_ACTIVE,TRAJECTORY_COMPLETE,24.0,44,9,0,-0.65,44,0,0.0,0.0,0.0,0.0,0.0,0.0
2026-07-30T10:51:47.252,941.031,58,close,ACTUATOR_ACTIVE,TRAJECTORY_RUNNING,24.0,44,10,7,1.37,44,0,0.0,0.0,0.0,0.0,0.0,0.0
2026-07-30T10:51:47.766,941.547,58,close,ACTUATOR_ACTIVE,TRAJECTORY_RUNNING,24.0,44,12,4,1.14,44,0,0.0,0.0,0.0,0.0,0.0,0.0
2026-07-30T10:51:48.262,942.047,58,close,ACTUATOR_ACTIVE,TRAJECTORY_RUNNING,24.0,44,14,5,2.06,44,0,0.0,0.0,0.0,0.0,0.0,0.0
2026-07-30T10:51:48.764,942.547,58,close,ACTUATOR_ACTIVE,TRAJECTORY_RUNNING,24.0,44,17,7,1.31,44,0,0.0,0.0,0.0,0.0,0.0,0.0
2026-07-30T10:51:49.259,943.047,58,close,ACTUATOR_ACTIVE,TRAJECTORY_RUNNING,24.0,44,20,7,1.25,44,0,0.0,0.0,0.0,0.0,0.0,0.0
2026-07-30T10:51:49.753,943.531,58,close,ACTUATOR_ACTIVE,TRAJECTORY_RUNNING,24.0,44,24,8,0.92,44,0,0.0,0.0,0.0,0.0,0.0,0.0
2026-07-30T10:51:50.261,944.047,58,close,ACTUATOR_ACTIVE,TRAJECTORY_RUNNING,24.0,44,28,7,2.39,44,0,0.0,0.0,0.0,0.0,0.0,0.0
2026-07-30T10:51:50.758,944.531,58,close,ACTUATOR_ACTIVE,TRAJECTORY_RUNNING,24.0,44,30,0,3.47,44,0,0.0,0.0,0.0,0.0,0.0,0.0
2026-07-30T10:51:51.269,945.047,58,close,ACTUATOR_ACTIVE,TRAJECTORY_RUNNING,24.0,44,30,0,1.78,44,0,0.0,0.0,0.0,0.0,0.0,0.0
2026-07-30T10:51:51.763,945.547,58,close,ACTUATOR_ACTIVE,TRAJECTORY_RUNNING,24.0,44,30,0,1.74,44,0,0.0,0.0,0.0,0.0,0.0,0.0
2026-07-30T10:51:52.264,946.047,58,close,ACTUATOR_ACTIVE,TRAJECTORY_RUNNING,24.0,44,30,0,2.05,44,0,0.0,0.0,0.0,0.0,0.0,0.0
2026-07-30T10:51:52.762,946.547,58,close,ACTUATOR_ACTIVE,TRAJECTORY_RUNNING,24.0,52,30,0,1.89,52,0,0.0,0.0,0.0,0.0,0.0,0.0
2026-07-30T10:51:53.261,947.047,58,close,ACTUATOR_ACTIVE,TRAJECTORY_RUNNING,24.0,52,30,0,1.68,52,0,0.0,0.0,0.0,0.0,0.0,0.0
2026-07-30T10:51:53.761,947.547,58,close,ACTUATOR_ACTIVE,TRAJECTORY_RUNNING,24.0,52,30,0,1.32,52,0,0.0,0.0,0.0,0.0,0.0,0.0
2026-07-30T10:51:54.261,948.047,58,close,ACTUATOR_ACTIVE,TRAJECTORY_RUNNING,24.0,52,30,1,1.71,52,0,0.0,0.0,0.0,0.0,0.0,0.0
2026-07-30T10:51:54.759,948.531,58,close,ACTUATOR_ACTIVE,TRAJECTORY_RUNNING,24.0,52,30,-1,1.43,52,0,0.0,0.0,0.0,0.0,0.0,0.0
2026-07-30T10:51:55.385,949.172,58,open,ACTUATOR_ACTIVE,TRAJECTORY_RUNNING,24.0,52,30,0,0.67,52,0,0.0,0.0,0.0,0.0,0.0,0.0
2026-07-30T10:51:55.884,949.656,58,open,ACTUATOR_ACTIVE,TRAJECTORY_RUNNING,24.0,52,26,-10,-0.82,52,0,0.0,0.0,0.0,0.0,0.0,0.0
2026-07-30T10:51:56.396,950.172,58,open,ACTUATOR_ACTIVE,TRAJECTORY_RUNNING,24.0,52,20,-11,-1.29,44,0,0.0,0.0,0.0,0.0,0.0,0.0
2026-07-30T10:51:56.889,950.672,58,open,ACTUATOR_ACTIVE,TRAJECTORY_RUNNING,24.0,44,14,-11,-2.3,44,0,0.0,0.0,0.0,0.0,0.0,0.0
2026-07-30T10:51:57.390,951.172,58,open,ACTUATOR_ACTIVE,TRAJECTORY_COMPLETE,24.0,44,9,0,1.07,44,0,0.0,0.0,0.0,0.0,0.0,0.0
2026-07-30T10:51:57.885,951.672,58,open,ACTUATOR_ACTIVE,TRAJECTORY_COMPLETE,24.0,44,10,0,0.4,44,0,0.0,0.0,0.0,0.0,0.0,0.0
2026-07-30T10:51:58.376,952.156,58,open,ACTUATOR_ACTIVE,TRAJECTORY_COMPLETE,24.0,44,9,0,0.13,44,0,0.0,0.0,0.0,0.0,0.0,0.0
2026-07-30T10:51:58.891,952.672,58,open,ACTUATOR_ACTIVE,TRAJECTORY_COMPLETE,24.0,44,9,0,-0.07,44,0,0.0,0.0,0.0,0.0,0.0,0.0
2026-07-30T10:51:59.387,953.172,58,open,ACTUATOR_ACTIVE,TRAJECTORY_COMPLETE,24.0,44,9,0,0.28,44,0,0.0,0.0,0.0,0.0,0.0,0.0
2026-07-30T10:51:59.878,953.656,58,open,ACTUATOR_ACTIVE,TRAJECTORY_COMPLETE,24.0,44,9,-1,0.03,44,0,0.0,0.0,0.0,0.0,0.0,0.0
2026-07-30T10:52:00.392,954.172,58,open,ACTUATOR_ACTIVE,TRAJECTORY_COMPLETE,24.0,44,9,0,-0.33,48,0,0.0,0.0,0.0,0.0,0.0,0.0
2026-07-30T10:52:00.891,954.672,58,open,ACTUATOR_ACTIVE,TRAJECTORY_COMPLETE,24.0,48,9,0,0.01,48,0,0.0,0.0,0.0,0.0,0.0,0.0
2026-07-30T10:52:01.387,955.172,58,open,ACTUATOR_ACTIVE,TRAJECTORY_COMPLETE,24.0,48,9,-1,-0.07,48,0,0.0,0.0,0.0,0.0,0.0,0.0
2026-07-30T10:52:01.887,955.672,58,open,ACTUATOR_ACTIVE,TRAJECTORY_COMPLETE,24.0,48,9,1,-0.03,48,0,0.0,0.0,0.0,0.0,0.0,0.0
2026-07-30T10:52:02.383,956.156,58,open,ACTUATOR_ACTIVE,TRAJECTORY_COMPLETE,24.0,48,9,0,0.51,48,0,0.0,0.0,0.0,0.0,0.0,0.0
2026-07-30T10:52:02.900,956.672,58,open,ACTUATOR_ACTIVE,TRAJECTORY_COMPLETE,24.0,48,9,1,0.11,48,0,0.0,0.0,0.0,0.0,0.0,0.0
2026-07-30T10:52:03.509,957.281,59,close,ACTUATOR_ACTIVE,TRAJECTORY_RUNNING,24.0,48,10,6,1.36,48,0,0.0,0.0,0.0,0.0,0.0,0.0
2026-07-30T10:52:04.023,957.797,59,close,ACTUATOR_ACTIVE,TRAJECTORY_RUNNING,24.0,48,12,5,1.14,48,0,0.0,0.0,0.0,0.0,0.0,0.0
2026-07-30T10:52:04.522,958.297,59,close,ACTUATOR_ACTIVE,TRAJECTORY_RUNNING,24.0,45,14,4,0.24,45,0,0.0,0.0,0.0,0.0,0.0,0.0
2026-07-30T10:52:05.021,958.797,59,close,ACTUATOR_ACTIVE,TRAJECTORY_RUNNING,24.0,45,17,6,1.5,45,0,0.0,0.0,0.0,0.0,0.0,0.0
2026-07-30T10:52:05.521,959.297,59,close,ACTUATOR_ACTIVE,TRAJECTORY_RUNNING,24.0,45,20,7,2.01,45,0,0.0,0.0,0.0,0.0,0.0,0.0
2026-07-30T10:52:06.019,959.797,59,close,ACTUATOR_ACTIVE,TRAJECTORY_RUNNING,24.0,45,24,10,0.75,45,0,0.0,0.0,0.0,0.0,0.0,0.0
2026-07-30T10:52:06.514,960.297,59,close,ACTUATOR_ACTIVE,TRAJECTORY_RUNNING,24.0,45,29,7,1.2,45,0,0.0,0.0,0.0,0.0,0.0,0.0
2026-07-30T10:52:07.012,960.797,59,close,ACTUATOR_ACTIVE,TRAJECTORY_RUNNING,24.0,45,30,0,2.93,45,0,0.0,0.0,0.0,0.0,0.0,0.0
2026-07-30T10:52:07.510,961.297,59,close,ACTUATOR_ACTIVE,TRAJECTORY_RUNNING,24.0,45,30,0,2.21,45,0,0.0,0.0,0.0,0.0,0.0,0.0
2026-07-30T10:52:08.005,961.781,59,close,ACTUATOR_ACTIVE,TRAJECTORY_RUNNING,24.0,45,30,0,2.01,45,0,0.0,0.0,0.0,0.0,0.0,0.0
2026-07-30T10:52:08.518,962.297,59,close,ACTUATOR_ACTIVE,TRAJECTORY_STOPPED,24.0,45,30,0,1.87,45,0,0.0,0.0,0.0,0.0,0.0,0.0
2026-07-30T10:52:09.017,962.797,59,close,ACTUATOR_ACTIVE,TRAJECTORY_RUNNING,24.0,45,30,0,3.06,45,0,0.0,0.0,0.0,0.0,0.0,0.0
2026-07-30T10:52:09.513,963.297,59,close,ACTUATOR_ACTIVE,TRAJECTORY_STOPPED,24.0,45,30,0,2.05,45,0,0.0,0.0,0.0,0.0,0.0,0.0
2026-07-30T10:52:10.007,963.781,59,close,ACTUATOR_ACTIVE,TRAJECTORY_RUNNING,24.0,45,30,0,1.67,45,0,0.0,0.0,0.0,0.0,0.0,0.0
2026-07-30T10:52:10.519,964.297,59,close,ACTUATOR_ACTIVE,TRAJECTORY_RUNNING,24.0,45,30,1,1.48,45,0,0.0,0.0,0.0,0.0,0.0,0.0
2026-07-30T10:52:11.020,964.797,59,close,ACTUATOR_ACTIVE,TRAJECTORY_RUNNING,24.0,45,30,0,1.72,45,0,0.0,0.0,0.0,0.0,0.0,0.0
2026-07-30T10:52:11.623,965.406,59,open,ACTUATOR_ACTIVE,TRAJECTORY_RUNNING,24.0,45,30,0,0.62,45,0,0.0,0.0,0.0,0.0,0.0,0.0
2026-07-30T10:52:12.125,965.906,59,open,ACTUATOR_ACTIVE,TRAJECTORY_RUNNING,24.0,45,30,0,-0.38,45,0,0.0,0.0,0.0,0.0,0.0,0.0
2026-07-30T10:52:12.624,966.406,59,open,ACTUATOR_ACTIVE,TRAJECTORY_RUNNING,24.0,44,29,-1,-0.7,44,0,0.0,0.0,0.0,0.0,0.0,0.0
2026-07-30T10:52:13.120,966.906,59,open,ACTUATOR_ACTIVE,TRAJECTORY_RUNNING,24.0,44,28,-2,-0.88,44,0,0.0,0.0,0.0,0.0,0.0,0.0
2026-07-30T10:52:13.618,967.391,59,open,ACTUATOR_ACTIVE,TRAJECTORY_RUNNING,24.0,44,27,-4,-0.65,44,0,0.0,0.0,0.0,0.0,0.0,0.0
2026-07-30T10:52:14.129,967.906,59,open,ACTUATOR_ACTIVE,TRAJECTORY_RUNNING,24.0,44,24,-5,-1.32,44,0,0.0,0.0,0.0,0.0,0.0,0.0
2026-07-30T10:52:14.626,968.406,59,open,ACTUATOR_ACTIVE,TRAJECTORY_RUNNING,24.0,44,20,-9,-1.3,44,0,0.0,0.0,0.0,0.0,0.0,0.0
2026-07-30T10:52:15.124,968.906,59,open,ACTUATOR_ACTIVE,TRAJECTORY_RUNNING,24.0,44,16,-10,-3.16,44,0,0.0,0.0,0.0,0.0,0.0,0.0
2026-07-30T10:52:15.624,969.406,59,open,ACTUATOR_ACTIVE,TRAJECTORY_RUNNING,24.0,44,11,-8,-2.14,44,0,0.0,0.0,0.0,0.0,0.0,0.0
2026-07-30T10:52:16.117,969.891,59,open,ACTUATOR_ACTIVE,TRAJECTORY_RUNNING,24.0,44,9,0,-1.78,44,0,0.0,0.0,0.0,0.0,0.0,0.0
2026-07-30T10:52:16.630,970.406,59,open,ACTUATOR_ACTIVE,TRAJECTORY_RUNNING,24.0,43,9,1,0.06,43,0,0.0,0.0,0.0,0.0,0.0,0.0
2026-07-30T10:52:17.127,970.906,59,open,ACTUATOR_ACTIVE,TRAJECTORY_RUNNING,24.0,43,9,0,0.9,43,0,0.0,0.0,0.0,0.0,0.0,0.0
2026-07-30T10:52:17.621,971.406,59,open,ACTUATOR_ACTIVE,TRAJECTORY_RUNNING,24.0,43,9,0,1.4,43,0,0.0,0.0,0.0,0.0,0.0,0.0
2026-07-30T10:52:18.115,971.891,59,open,ACTUATOR_ACTIVE,TRAJECTORY_COMPLETE,24.0,43,10,0,1.0,43,0,0.0,0.0,0.0,0.0,0.0,0.0
2026-07-30T10:52:18.623,972.406,59,open,ACTUATOR_ACTIVE,TRAJECTORY_COMPLETE,24.0,43,10,0,-0.28,43,0,0.0,0.0,0.0,0.0,0.0,0.0
2026-07-30T10:52:19.121,972.906,59,open,ACTUATOR_ACTIVE,TRAJECTORY_COMPLETE,24.0,43,9,0,-0.44,43,0,0.0,0.0,0.0,0.0,0.0,0.0
2026-07-30T10:52:19.729,973.516,60,close,ACTUATOR_ACTIVE,TRAJECTORY_RUNNING,24.0,43,10,6,1.8,43,0,0.0,0.0,0.0,0.0,0.0,0.0
2026-07-30T10:52:20.227,974.0,60,close,ACTUATOR_ACTIVE,TRAJECTORY_RUNNING,24.0,43,11,3,0.72,43,0,0.0,0.0,0.0,0.0,0.0,0.0
2026-07-30T10:52:20.740,974.516,60,close,ACTUATOR_ACTIVE,TRAJECTORY_RUNNING,24.0,45,13,3,2.27,45,0,0.0,0.0,0.0,0.0,0.0,0.0
2026-07-30T10:52:21.235,975.016,60,close,ACTUATOR_ACTIVE,TRAJECTORY_RUNNING,24.0,45,16,5,2.08,45,0,0.0,0.0,0.0,0.0,0.0,0.0
2026-07-30T10:52:21.735,975.516,60,close,ACTUATOR_ACTIVE,TRAJECTORY_RUNNING,24.0,45,19,8,1.4,45,0,0.0,0.0,0.0,0.0,0.0,0.0
2026-07-30T10:52:22.234,976.016,60,close,ACTUATOR_ACTIVE,TRAJECTORY_RUNNING,24.0,45,23,8,0.88,45,0,0.0,0.0,0.0,0.0,0.0,0.0
2026-07-30T10:52:22.729,976.516,60,close,ACTUATOR_ACTIVE,TRAJECTORY_RUNNING,24.0,45,27,9,1.63,45,0,0.0,0.0,0.0,0.0,0.0,0.0
2026-07-30T10:52:23.224,977.0,60,close,ACTUATOR_ACTIVE,TRAJECTORY_RUNNING,24.0,45,30,0,7.51,45,0,0.0,0.0,0.0,0.0,0.0,0.0
2026-07-30T10:52:23.734,977.516,60,close,ACTUATOR_ACTIVE,TRAJECTORY_RUNNING,24.0,45,30,0,2.43,45,0,0.0,0.0,0.0,0.0,0.0,0.0
2026-07-30T10:52:24.234,978.016,60,close,ACTUATOR_ACTIVE,TRAJECTORY_RUNNING,24.0,45,30,0,1.94,45,0,0.0,0.0,0.0,0.0,0.0,0.0
2026-07-30T10:52:24.733,978.516,60,close,ACTUATOR_ACTIVE,TRAJECTORY_RUNNING,24.0,46,30,0,1.65,46,0,0.0,0.0,0.0,0.0,0.0,0.0
2026-07-30T10:52:25.227,979.0,60,close,ACTUATOR_ACTIVE,TRAJECTORY_RUNNING,24.0,46,30,0,1.88,46,0,0.0,0.0,0.0,0.0,0.0,0.0
2026-07-30T10:52:25.737,979.516,60,close,ACTUATOR_ACTIVE,TRAJECTORY_RUNNING,24.0,46,30,1,1.84,46,0,0.0,0.0,0.0,0.0,0.0,0.0
2026-07-30T10:52:26.233,980.016,60,close,ACTUATOR_ACTIVE,TRAJECTORY_RUNNING,24.0,46,30,0,1.95,46,0,0.0,0.0,0.0,0.0,0.0,0.0
2026-07-30T10:52:26.730,980.516,60,close,ACTUATOR_ACTIVE,TRAJECTORY_RUNNING,24.0,46,30,0,1.89,46,0,0.0,0.0,0.0,0.0,0.0,0.0
2026-07-30T10:52:27.228,981.016,60,close,ACTUATOR_ACTIVE,TRAJECTORY_RUNNING,24.0,46,30,0,2.73,46,0,0.0,0.0,0.0,0.0,0.0,0.0
2026-07-30T10:52:27.829,981.61,60,open,ACTUATOR_ACTIVE,TRAJECTORY_RUNNING,24.0,46,30,0,0.95,46,0,0.0,0.0,0.0,0.0,0.0,0.0
2026-07-30T10:52:28.340,982.125,60,open,ACTUATOR_ACTIVE,TRAJECTORY_RUNNING,24.0,46,26,-11,-2.01,46,0,0.0,0.0,0.0,0.0,0.0,0.0
2026-07-30T10:52:28.832,982.61,60,open,ACTUATOR_ACTIVE,TRAJECTORY_RUNNING,24.0,45,20,-12,-0.76,45,0,0.0,0.0,0.0,0.0,0.0,0.0
2026-07-30T10:52:29.342,983.125,60,open,ACTUATOR_ACTIVE,TRAJECTORY_RUNNING,24.0,45,14,-11,-1.97,45,0,0.0,0.0,0.0,0.0,0.0,0.0
2026-07-30T10:52:29.841,983.625,60,open,ACTUATOR_ACTIVE,TRAJECTORY_COMPLETE,24.0,45,9,2,1.72,45,0,0.0,0.0,0.0,0.0,0.0,0.0
2026-07-30T10:52:30.336,984.11,60,open,ACTUATOR_ACTIVE,TRAJECTORY_COMPLETE,24.0,45,10,0,0.5,45,0,0.0,0.0,0.0,0.0,0.0,0.0
2026-07-30T10:52:30.850,984.625,60,open,ACTUATOR_ACTIVE,TRAJECTORY_COMPLETE,24.0,45,10,0,0.55,45,0,0.0,0.0,0.0,0.0,0.0,0.0
2026-07-30T10:52:31.349,985.125,60,open,ACTUATOR_ACTIVE,TRAJECTORY_COMPLETE,24.0,45,10,0,0.36,45,0,0.0,0.0,0.0,0.0,0.0,0.0
2026-07-30T10:52:31.850,985.625,60,open,ACTUATOR_ACTIVE,TRAJECTORY_COMPLETE,24.0,45,10,0,0.44,45,0,0.0,0.0,0.0,0.0,0.0,0.0
2026-07-30T10:52:32.345,986.125,60,open,ACTUATOR_ACTIVE,TRAJECTORY_COMPLETE,24.0,45,10,-1,0.42,45,0,0.0,0.0,0.0,0.0,0.0,0.0
2026-07-30T10:52:32.842,986.625,60,open,ACTUATOR_ACTIVE,TRAJECTORY_COMPLETE,24.0,43,10,1,0.1,43,0,0.0,0.0,0.0,0.0,0.0,0.0
2026-07-30T10:52:33.340,987.125,60,open,ACTUATOR_ACTIVE,TRAJECTORY_COMPLETE,24.0,43,10,0,0.35,43,0,0.0,0.0,0.0,0.0,0.0,0.0
2026-07-30T10:52:33.837,987.61,60,open,ACTUATOR_ACTIVE,TRAJECTORY_COMPLETE,24.0,43,10,0,0.16,43,0,0.0,0.0,0.0,0.0,0.0,0.0
2026-07-30T10:52:34.351,988.125,60,open,ACTUATOR_ACTIVE,TRAJECTORY_COMPLETE,24.0,43,10,1,0.24,43,0,0.0,0.0,0.0,0.0,0.0,0.0
2026-07-30T10:52:34.846,988.625,60,open,ACTUATOR_ACTIVE,TRAJECTORY_COMPLETE,24.0,43,10,1,0.01,43,0,0.0,0.0,0.0,0.0,0.0,0.0
2026-07-30T10:52:35.335,989.11,60,open,ACTUATOR_ACTIVE,TRAJECTORY_COMPLETE,24.0,43,10,0,0.32,43,0,0.0,0.0,0.0,0.0,0.0,0.0
2026-07-30T10:52:35.961,989.735,61,close,ACTUATOR_ACTIVE,TRAJECTORY_RUNNING,24.0,43,10,7,1.96,43,0,0.0,0.0,0.0,0.0,0.0,0.0
2026-07-30T10:52:36.456,990.235,61,close,ACTUATOR_ACTIVE,TRAJECTORY_RUNNING,24.0,43,12,3,1.77,43,0,0.0,0.0,0.0,0.0,0.0,0.0
2026-07-30T10:52:36.951,990.735,61,close,ACTUATOR_ACTIVE,TRAJECTORY_RUNNING,24.0,43,14,3,2.82,43,0,0.0,0.0,0.0,0.0,0.0,0.0
2026-07-30T10:52:37.445,991.219,61,close,ACTUATOR_ACTIVE,TRAJECTORY_RUNNING,24.0,43,16,6,2.35,43,0,0.0,0.0,0.0,0.0,0.0,0.0
2026-07-30T10:52:37.956,991.735,61,close,ACTUATOR_ACTIVE,TRAJECTORY_RUNNING,24.0,43,20,8,2.14,43,0,0.0,0.0,0.0,0.0,0.0,0.0
2026-07-30T10:52:38.454,992.235,61,close,ACTUATOR_ACTIVE,TRAJECTORY_RUNNING,24.0,43,23,8,1.93,43,0,0.0,0.0,0.0,0.0,0.0,0.0
2026-07-30T10:52:38.945,992.719,61,close,ACTUATOR_ACTIVE,TRAJECTORY_RUNNING,24.0,43,27,10,2.27,43,0,0.0,0.0,0.0,0.0,0.0,0.0
2026-07-30T10:52:39.454,993.235,61,close,ACTUATOR_ACTIVE,TRAJECTORY_RUNNING,24.0,43,30,-1,5.66,43,0,0.0,0.0,0.0,0.0,0.0,0.0
2026-07-30T10:52:39.948,993.735,61,close,ACTUATOR_ACTIVE,TRAJECTORY_RUNNING,24.0,43,30,0,2.03,43,0,0.0,0.0,0.0,0.0,0.0,0.0
2026-07-30T10:52:40.441,994.219,61,close,ACTUATOR_ACTIVE,TRAJECTORY_RUNNING,24.0,45,30,0,2.77,45,0,0.0,0.0,0.0,0.0,0.0,0.0
2026-07-30T10:52:40.954,994.735,61,close,ACTUATOR_ACTIVE,TRAJECTORY_STOPPED,24.0,45,30,0,2.25,45,0,0.0,0.0,0.0,0.0,0.0,0.0
2026-07-30T10:52:41.448,995.235,61,close,ACTUATOR_ACTIVE,TRAJECTORY_STOPPED,24.0,45,30,0,2.53,45,0,0.0,0.0,0.0,0.0,0.0,0.0
2026-07-30T10:52:41.944,995.719,61,close,ACTUATOR_ACTIVE,TRAJECTORY_RUNNING,24.0,45,30,-1,1.91,45,0,0.0,0.0,0.0,0.0,0.0,0.0
2026-07-30T10:52:42.455,996.235,61,close,ACTUATOR_ACTIVE,TRAJECTORY_STOPPED,24.0,45,30,0,1.66,45,0,0.0,0.0,0.0,0.0,0.0,0.0
2026-07-30T10:52:42.948,996.735,61,close,ACTUATOR_ACTIVE,TRAJECTORY_RUNNING,24.0,45,30,0,2.7,45,0,0.0,0.0,0.0,0.0,0.0,0.0
2026-07-30T10:52:43.438,997.219,61,close,ACTUATOR_ACTIVE,TRAJECTORY_RUNNING,24.0,45,30,0,2.24,45,0,0.0,0.0,0.0,0.0,0.0,0.0
2026-07-30T10:52:44.055,997.828,61,open,ACTUATOR_ACTIVE,TRAJECTORY_RUNNING,24.0,45,30,0,0.6,45,0,0.0,0.0,0.0,0.0,0.0,0.0
2026-07-30T10:52:44.570,998.344,61,open,ACTUATOR_ACTIVE,TRAJECTORY_RUNNING,24.0,44,25,-12,-0.72,44,0,0.0,0.0,0.0,0.0,0.0,0.0
2026-07-30T10:52:45.062,998.844,61,open,ACTUATOR_ACTIVE,TRAJECTORY_RUNNING,24.0,44,20,-10,-0.75,44,0,0.0,0.0,0.0,0.0,0.0,0.0
2026-07-30T10:52:45.556,999.344,61,open,ACTUATOR_ACTIVE,TRAJECTORY_RUNNING,24.0,44,14,-11,-2.53,44,0,0.0,0.0,0.0,0.0,0.0,0.0
2026-07-30T10:52:46.050,999.828,61,open,ACTUATOR_ACTIVE,TRAJECTORY_COMPLETE,24.0,44,9,1,0.47,44,0,0.0,0.0,0.0,0.0,0.0,0.0
2026-07-30T10:52:46.561,1000.344,61,open,ACTUATOR_ACTIVE,TRAJECTORY_COMPLETE,24.0,44,9,0,-0.38,44,0,0.0,0.0,0.0,0.0,0.0,0.0
2026-07-30T10:52:47.057,1000.844,61,open,ACTUATOR_ACTIVE,TRAJECTORY_COMPLETE,24.0,44,10,0,0.2,44,0,0.0,0.0,0.0,0.0,0.0,0.0
2026-07-30T10:52:47.554,1001.328,61,open,ACTUATOR_ACTIVE,TRAJECTORY_COMPLETE,24.0,44,10,-1,0.01,44,0,0.0,0.0,0.0,0.0,0.0,0.0
2026-07-30T10:52:48.071,1001.844,61,open,ACTUATOR_ACTIVE,TRAJECTORY_COMPLETE,24.0,44,10,0,-0.21,44,0,0.0,0.0,0.0,0.0,0.0,0.0
2026-07-30T10:52:48.567,1002.344,61,open,ACTUATOR_ACTIVE,TRAJECTORY_COMPLETE,24.0,45,10,0,0.4,45,0,0.0,0.0,0.0,0.0,0.0,0.0
2026-07-30T10:52:49.061,1002.844,61,open,ACTUATOR_ACTIVE,TRAJECTORY_COMPLETE,24.0,45,10,0,0.14,45,0,0.0,0.0,0.0,0.0,0.0,0.0
2026-07-30T10:52:49.556,1003.328,61,open,ACTUATOR_ACTIVE,TRAJECTORY_COMPLETE,24.0,45,10,1,0.25,45,0,0.0,0.0,0.0,0.0,0.0,0.0
2026-07-30T10:52:50.067,1003.844,61,open,ACTUATOR_ACTIVE,TRAJECTORY_COMPLETE,24.0,45,10,0,0.13,45,0,0.0,0.0,0.0,0.0,0.0,0.0
2026-07-30T10:52:50.563,1004.344,61,open,ACTUATOR_ACTIVE,TRAJECTORY_COMPLETE,24.0,45,10,0,0.02,45,0,0.0,0.0,0.0,0.0,0.0,0.0
2026-07-30T10:52:51.060,1004.844,61,open,ACTUATOR_ACTIVE,TRAJECTORY_COMPLETE,24.0,45,10,0,0.12,45,0,0.0,0.0,0.0,0.0,0.0,0.0
2026-07-30T10:52:51.554,1005.328,61,open,ACTUATOR_ACTIVE,TRAJECTORY_COMPLETE,24.0,45,10,0,0.11,45,0,0.0,0.0,0.0,0.0,0.0,0.0
2026-07-30T10:52:52.176,1005.953,62,close,ACTUATOR_ACTIVE,TRAJECTORY_RUNNING,24.0,45,10,7,1.8,45,0,0.0,0.0,0.0,0.0,0.0,0.0
2026-07-30T10:52:52.690,1006.469,62,close,ACTUATOR_ACTIVE,TRAJECTORY_RUNNING,24.0,41,12,3,1.21,41,0,0.0,0.0,0.0,0.0,0.0,0.0
2026-07-30T10:52:53.183,1006.969,62,close,ACTUATOR_ACTIVE,TRAJECTORY_RUNNING,24.0,41,14,3,1.0,41,0,0.0,0.0,0.0,0.0,0.0,0.0
2026-07-30T10:52:53.681,1007.453,62,close,ACTUATOR_ACTIVE,TRAJECTORY_RUNNING,24.0,41,17,7,1.35,41,0,0.0,0.0,0.0,0.0,0.0,0.0
2026-07-30T10:52:54.194,1007.969,62,close,ACTUATOR_ACTIVE,TRAJECTORY_RUNNING,24.0,41,20,6,2.78,41,0,0.0,0.0,0.0,0.0,0.0,0.0
2026-07-30T10:52:54.688,1008.469,62,close,ACTUATOR_ACTIVE,TRAJECTORY_RUNNING,24.0,41,24,9,2.19,41,0,0.0,0.0,0.0,0.0,0.0,0.0
2026-07-30T10:52:55.183,1008.969,62,close,ACTUATOR_ACTIVE,TRAJECTORY_RUNNING,24.0,41,28,8,2.7,41,0,0.0,0.0,0.0,0.0,0.0,0.0
2026-07-30T10:52:55.678,1009.453,62,close,ACTUATOR_ACTIVE,TRAJECTORY_RUNNING,24.0,41,30,0,3.87,41,0,0.0,0.0,0.0,0.0,0.0,0.0
2026-07-30T10:52:56.187,1009.969,62,close,ACTUATOR_ACTIVE,TRAJECTORY_RUNNING,24.0,41,30,1,1.98,41,0,0.0,0.0,0.0,0.0,0.0,0.0
2026-07-30T10:52:56.681,1010.453,62,close,ACTUATOR_ACTIVE,TRAJECTORY_STOPPED,24.0,46,30,0,1.99,46,0,0.0,0.0,0.0,0.0,0.0,0.0
2026-07-30T10:52:57.194,1010.969,62,close,ACTUATOR_ACTIVE,TRAJECTORY_RUNNING,24.0,46,30,0,2.44,46,0,0.0,0.0,0.0,0.0,0.0,0.0
2026-07-30T10:52:57.691,1011.469,62,close,ACTUATOR_ACTIVE,TRAJECTORY_RUNNING,24.0,46,30,-1,1.89,46,0,0.0,0.0,0.0,0.0,0.0,0.0
2026-07-30T10:52:58.185,1011.969,62,close,ACTUATOR_ACTIVE,TRAJECTORY_RUNNING,24.0,46,30,0,1.97,46,0,0.0,0.0,0.0,0.0,0.0,0.0
2026-07-30T10:52:58.684,1012.469,62,close,ACTUATOR_ACTIVE,TRAJECTORY_RUNNING,24.0,46,30,1,2.13,46,0,0.0,0.0,0.0,0.0,0.0,0.0
2026-07-30T10:52:59.175,1012.953,62,close,ACTUATOR_ACTIVE,TRAJECTORY_RUNNING,24.0,46,30,0,2.01,46,0,0.0,0.0,0.0,0.0,0.0,0.0
2026-07-30T10:52:59.683,1013.469,62,close,ACTUATOR_ACTIVE,TRAJECTORY_RUNNING,24.0,46,30,-1,1.76,46,0,0.0,0.0,0.0,0.0,0.0,0.0
2026-07-30T10:53:00.292,1014.078,62,open,ACTUATOR_ACTIVE,TRAJECTORY_RUNNING,24.0,46,30,0,0.98,46,0,0.0,0.0,0.0,0.0,0.0,0.0
2026-07-30T10:53:00.787,1014.563,62,open,ACTUATOR_ACTIVE,TRAJECTORY_RUNNING,24.0,43,26,-10,-2.51,43,0,0.0,0.0,0.0,0.0,0.0,0.0
2026-07-30T10:53:01.301,1015.078,62,open,ACTUATOR_ACTIVE,TRAJECTORY_RUNNING,24.0,43,20,-11,-1.47,43,0,0.0,0.0,0.0,0.0,0.0,0.0
2026-07-30T10:53:01.795,1015.578,62,open,ACTUATOR_ACTIVE,TRAJECTORY_RUNNING,24.0,43,14,-12,-1.59,43,0,0.0,0.0,0.0,0.0,0.0,0.0
2026-07-30T10:53:02.293,1016.078,62,open,ACTUATOR_ACTIVE,TRAJECTORY_COMPLETE,24.0,43,9,0,0.79,43,0,0.0,0.0,0.0,0.0,0.0,0.0
2026-07-30T10:53:02.791,1016.578,62,open,ACTUATOR_ACTIVE,TRAJECTORY_COMPLETE,24.0,43,9,0,0.33,43,0,0.0,0.0,0.0,0.0,0.0,0.0
2026-07-30T10:53:03.288,1017.063,62,open,ACTUATOR_ACTIVE,TRAJECTORY_COMPLETE,24.0,43,9,0,0.25,43,0,0.0,0.0,0.0,0.0,0.0,0.0
2026-07-30T10:53:03.797,1017.578,62,open,ACTUATOR_ACTIVE,TRAJECTORY_COMPLETE,24.0,43,10,0,0.65,43,0,0.0,0.0,0.0,0.0,0.0,0.0
2026-07-30T10:53:04.294,1018.078,62,open,ACTUATOR_ACTIVE,TRAJECTORY_COMPLETE,24.0,43,9,0,0.43,43,0,0.0,0.0,0.0,0.0,0.0,0.0
2026-07-30T10:53:04.793,1018.578,62,open,ACTUATOR_ACTIVE,TRAJECTORY_COMPLETE,24.0,41,9,0,1.54,41,0,0.0,0.0,0.0,0.0,0.0,0.0
2026-07-30T10:53:05.290,1019.063,62,open,ACTUATOR_ACTIVE,TRAJECTORY_COMPLETE,24.0,41,10,1,0.3,41,0,0.0,0.0,0.0,0.0,0.0,0.0
2026-07-30T10:53:05.799,1019.578,62,open,ACTUATOR_ACTIVE,TRAJECTORY_COMPLETE,24.0,41,10,0,0.2,41,0,0.0,0.0,0.0,0.0,0.0,0.0
2026-07-30T10:53:06.298,1020.078,62,open,ACTUATOR_ACTIVE,TRAJECTORY_COMPLETE,24.0,41,10,0,0.7,41,0,0.0,0.0,0.0,0.0,0.0,0.0
2026-07-30T10:53:06.792,1020.578,62,open,ACTUATOR_ACTIVE,TRAJECTORY_COMPLETE,24.0,41,9,0,0.51,41,0,0.0,0.0,0.0,0.0,0.0,0.0
2026-07-30T10:53:07.286,1021.063,62,open,ACTUATOR_ACTIVE,TRAJECTORY_COMPLETE,24.0,41,10,0,0.44,41,0,0.0,0.0,0.0,0.0,0.0,0.0
2026-07-30T10:53:07.791,1021.578,62,open,ACTUATOR_ACTIVE,TRAJECTORY_COMPLETE,24.0,41,9,-1,-0.8,41,0,0.0,0.0,0.0,0.0,0.0,0.0
2026-07-30T10:53:08.395,1022.172,63,close,ACTUATOR_ACTIVE,TRAJECTORY_RUNNING,24.0,41,10,6,0.81,43,0,0.0,0.0,0.0,0.0,0.0,0.0
2026-07-30T10:53:08.907,1022.688,63,close,ACTUATOR_ACTIVE,TRAJECTORY_RUNNING,24.0,43,14,8,2.62,43,0,0.0,0.0,0.0,0.0,0.0,0.0
2026-07-30T10:53:09.401,1023.188,63,close,ACTUATOR_ACTIVE,TRAJECTORY_RUNNING,24.0,43,18,9,0.98,43,0,0.0,0.0,0.0,0.0,0.0,0.0
2026-07-30T10:53:09.897,1023.672,63,close,ACTUATOR_ACTIVE,TRAJECTORY_RUNNING,24.0,43,23,9,2.58,43,0,0.0,0.0,0.0,0.0,0.0,0.0
2026-07-30T10:53:10.409,1024.188,63,close,ACTUATOR_ACTIVE,TRAJECTORY_RUNNING,24.0,43,27,8,1.73,43,0,0.0,0.0,0.0,0.0,0.0,0.0
2026-07-30T10:53:10.904,1024.688,63,close,ACTUATOR_ACTIVE,TRAJECTORY_RUNNING,24.0,43,31,3,22.17,43,0,0.0,0.0,0.0,0.0,0.0,0.0
2026-07-30T10:53:11.399,1025.172,63,close,ACTUATOR_ACTIVE,TRAJECTORY_RUNNING,24.0,43,31,0,30.08,43,0,0.0,0.0,0.0,0.0,0.0,0.0
2026-07-30T10:53:11.916,1025.703,63,close,ACTUATOR_ACTIVE,TRAJECTORY_RUNNING,24.0,43,31,0,28.98,43,0,0.0,0.0,0.0,0.0,0.0,0.0
2026-07-30T10:53:12.398,1026.172,63,close,ACTUATOR_ACTIVE,TRAJECTORY_RUNNING,24.0,43,31,0,27.33,40,0,0.0,0.0,0.0,0.0,0.0,0.0
2026-07-30T10:53:12.909,1026.688,63,close,ACTUATOR_ACTIVE,TRAJECTORY_RUNNING,24.0,40,31,0,28.81,40,0,0.0,0.0,0.0,0.0,0.0,0.0
2026-07-30T10:53:13.407,1027.188,63,close,ACTUATOR_ACTIVE,TRAJECTORY_RUNNING,24.0,40,31,0,29.58,40,0,0.0,0.0,0.0,0.0,0.0,0.0
2026-07-30T10:53:13.903,1027.688,63,close,ACTUATOR_ACTIVE,TRAJECTORY_RUNNING,24.0,40,31,0,29.53,40,0,0.0,0.0,0.0,0.0,0.0,0.0
2026-07-30T10:53:14.396,1028.172,63,close,ACTUATOR_ACTIVE,TRAJECTORY_RUNNING,24.0,40,31,0,29.22,40,0,0.0,0.0,0.0,0.0,0.0,0.0
2026-07-30T10:53:14.906,1028.688,63,close,ACTUATOR_ACTIVE,TRAJECTORY_RUNNING,24.0,40,31,-1,29.96,40,0,0.0,0.0,0.0,0.0,0.0,0.0
2026-07-30T10:53:15.398,1029.172,63,close,ACTUATOR_ACTIVE,TRAJECTORY_RUNNING,24.0,40,31,0,29.18,40,0,0.0,0.0,0.0,0.0,0.0,0.0
2026-07-30T10:53:15.908,1029.688,63,close,ACTUATOR_ACTIVE,TRAJECTORY_RUNNING,24.0,40,31,0,31.42,40,0,0.0,0.0,0.0,0.0,0.0,0.0
2026-07-30T10:53:16.514,1030.297,63,open,ACTUATOR_ACTIVE,TRAJECTORY_RUNNING,24.0,45,31,0,4.0,45,0,0.0,0.0,0.0,0.0,0.0,0.0
2026-07-30T10:53:17.008,1030.781,63,open,ACTUATOR_ACTIVE,TRAJECTORY_RUNNING,24.0,45,27,-11,-0.48,45,0,0.0,0.0,0.0,0.0,0.0,0.0
2026-07-30T10:53:17.517,1031.297,63,open,ACTUATOR_ACTIVE,TRAJECTORY_RUNNING,24.0,45,21,-13,-1.81,45,0,0.0,0.0,0.0,0.0,0.0,0.0
2026-07-30T10:53:18.013,1031.797,63,open,ACTUATOR_ACTIVE,TRAJECTORY_RUNNING,24.0,45,15,-11,-2.08,45,0,0.0,0.0,0.0,0.0,0.0,0.0
2026-07-30T10:53:18.506,1032.281,63,open,ACTUATOR_ACTIVE,TRAJECTORY_RUNNING,24.0,45,10,-11,-2.79,45,0,0.0,0.0,0.0,0.0,0.0,0.0
2026-07-30T10:53:19.016,1032.797,63,open,ACTUATOR_ACTIVE,TRAJECTORY_COMPLETE,24.0,45,9,-1,-0.12,45,0,0.0,0.0,0.0,0.0,0.0,0.0
2026-07-30T10:53:19.509,1033.281,63,open,ACTUATOR_ACTIVE,TRAJECTORY_COMPLETE,24.0,45,10,-1,-0.06,45,0,0.0,0.0,0.0,0.0,0.0,0.0
2026-07-30T10:53:20.016,1033.797,63,open,ACTUATOR_ACTIVE,TRAJECTORY_COMPLETE,24.0,45,10,0,0.19,45,0,0.0,0.0,0.0,0.0,0.0,0.0
2026-07-30T10:53:20.512,1034.297,63,open,ACTUATOR_ACTIVE,TRAJECTORY_COMPLETE,24.0,41,10,0,0.57,41,0,0.0,0.0,0.0,0.0,0.0,0.0
2026-07-30T10:53:21.002,1034.781,63,open,ACTUATOR_ACTIVE,TRAJECTORY_COMPLETE,24.0,41,10,0,-1.09,41,0,0.0,0.0,0.0,0.0,0.0,0.0
2026-07-30T10:53:21.511,1035.297,63,open,ACTUATOR_ACTIVE,TRAJECTORY_COMPLETE,24.0,41,10,0,1.09,41,0,0.0,0.0,0.0,0.0,0.0,0.0
2026-07-30T10:53:22.001,1035.781,63,open,ACTUATOR_ACTIVE,TRAJECTORY_COMPLETE,24.0,41,10,1,-0.79,41,0,0.0,0.0,0.0,0.0,0.0,0.0
2026-07-30T10:53:22.514,1036.297,63,open,ACTUATOR_ACTIVE,TRAJECTORY_COMPLETE,24.0,41,10,0,-0.15,41,0,0.0,0.0,0.0,0.0,0.0,0.0
2026-07-30T10:53:23.015,1036.797,63,open,ACTUATOR_ACTIVE,TRAJECTORY_COMPLETE,24.0,41,10,0,0.15,41,0,0.0,0.0,0.0,0.0,0.0,0.0
2026-07-30T10:53:23.509,1037.297,63,open,ACTUATOR_ACTIVE,TRAJECTORY_COMPLETE,24.0,41,10,0,0.13,41,0,0.0,0.0,0.0,0.0,0.0,0.0
2026-07-30T10:53:24.004,1037.781,63,open,ACTUATOR_ACTIVE,TRAJECTORY_COMPLETE,24.0,41,10,0,-0.1,41,0,0.0,0.0,0.0,0.0,0.0,0.0
2026-07-30T10:53:24.628,1038.406,64,close,ACTUATOR_ACTIVE,TRAJECTORY_RUNNING,24.0,45,10,7,1.89,45,0,0.0,0.0,0.0,0.0,0.0,0.0
2026-07-30T10:53:25.124,1038.906,64,close,ACTUATOR_ACTIVE,TRAJECTORY_RUNNING,24.0,45,14,9,2.24,45,0,0.0,0.0,0.0,0.0,0.0,0.0
2026-07-30T10:53:25.625,1039.406,64,close,ACTUATOR_ACTIVE,TRAJECTORY_RUNNING,24.0,45,19,8,2.28,45,0,0.0,0.0,0.0,0.0,0.0,0.0
2026-07-30T10:53:26.124,1039.906,64,close,ACTUATOR_ACTIVE,TRAJECTORY_RUNNING,24.0,45,23,8,0.52,45,0,0.0,0.0,0.0,0.0,0.0,0.0
2026-07-30T10:53:26.623,1040.406,64,close,ACTUATOR_ACTIVE,TRAJECTORY_RUNNING,24.0,45,27,9,1.44,45,0,0.0,0.0,0.0,0.0,0.0,0.0
2026-07-30T10:53:27.122,1040.906,64,close,ACTUATOR_ACTIVE,TRAJECTORY_RUNNING,24.0,45,31,2,23.8,45,0,0.0,0.0,0.0,0.0,0.0,0.0
2026-07-30T10:53:27.622,1041.406,64,close,ACTUATOR_ACTIVE,TRAJECTORY_RUNNING,24.0,45,31,0,29.8,45,0,0.0,0.0,0.0,0.0,0.0,0.0
2026-07-30T10:53:28.115,1041.891,64,close,ACTUATOR_ACTIVE,TRAJECTORY_RUNNING,24.0,45,31,0,29.58,45,0,0.0,0.0,0.0,0.0,0.0,0.0
2026-07-30T10:53:28.623,1042.406,64,close,ACTUATOR_ACTIVE,TRAJECTORY_RUNNING,24.0,46,31,-1,30.77,46,0,0.0,0.0,0.0,0.0,0.0,0.0
2026-07-30T10:53:29.120,1042.906,64,close,ACTUATOR_ACTIVE,TRAJECTORY_RUNNING,24.0,46,31,-1,31.51,46,0,0.0,0.0,0.0,0.0,0.0,0.0
2026-07-30T10:53:29.621,1043.406,64,close,ACTUATOR_ACTIVE,TRAJECTORY_RUNNING,24.0,46,31,0,27.42,46,0,0.0,0.0,0.0,0.0,0.0,0.0
2026-07-30T10:53:30.118,1043.891,64,close,ACTUATOR_ACTIVE,TRAJECTORY_RUNNING,24.0,46,31,0,32.47,46,0,0.0,0.0,0.0,0.0,0.0,0.0
2026-07-30T10:53:30.626,1044.406,64,close,ACTUATOR_ACTIVE,TRAJECTORY_RUNNING,24.0,46,31,0,29.24,46,0,0.0,0.0,0.0,0.0,0.0,0.0
2026-07-30T10:53:31.124,1044.906,64,close,ACTUATOR_ACTIVE,TRAJECTORY_RUNNING,24.0,46,31,0,28.84,46,0,0.0,0.0,0.0,0.0,0.0,0.0
2026-07-30T10:53:31.621,1045.406,64,close,ACTUATOR_ACTIVE,TRAJECTORY_RUNNING,24.0,46,31,0,33.13,46,0,0.0,0.0,0.0,0.0,0.0,0.0
2026-07-30T10:53:32.120,1045.906,64,close,ACTUATOR_ACTIVE,TRAJECTORY_RUNNING,24.0,46,31,0,31.33,46,0,0.0,0.0,0.0,0.0,0.0,0.0
2026-07-30T10:53:32.728,1046.5,64,open,ACTUATOR_ACTIVE,TRAJECTORY_RUNNING,24.0,46,31,0,3.86,46,0,0.0,0.0,0.0,0.0,0.0,0.0
2026-07-30T10:53:33.240,1047.016,64,open,ACTUATOR_ACTIVE,TRAJECTORY_RUNNING,24.0,46,27,-10,0.02,46,0,0.0,0.0,0.0,0.0,0.0,0.0
2026-07-30T10:53:33.739,1047.516,64,open,ACTUATOR_ACTIVE,TRAJECTORY_RUNNING,24.0,46,21,-10,-2.04,46,0,0.0,0.0,0.0,0.0,0.0,0.0
2026-07-30T10:53:34.236,1048.016,64,open,ACTUATOR_ACTIVE,TRAJECTORY_RUNNING,24.0,46,15,-11,-2.17,46,0,0.0,0.0,0.0,0.0,0.0,0.0
2026-07-30T10:53:34.734,1048.516,64,open,ACTUATOR_ACTIVE,TRAJECTORY_RUNNING,24.0,46,10,-13,-3.18,46,0,0.0,0.0,0.0,0.0,0.0,0.0
2026-07-30T10:53:35.232,1049.016,64,open,ACTUATOR_ACTIVE,TRAJECTORY_COMPLETE,24.0,46,9,0,0.05,46,0,0.0,0.0,0.0,0.0,0.0,0.0
2026-07-30T10:53:35.729,1049.516,64,open,ACTUATOR_ACTIVE,TRAJECTORY_COMPLETE,24.0,46,10,0,0.37,46,0,0.0,0.0,0.0,0.0,0.0,0.0
2026-07-30T10:53:36.227,1050.0,64,open,ACTUATOR_ACTIVE,TRAJECTORY_COMPLETE,24.0,46,10,-1,0.11,46,0,0.0,0.0,0.0,0.0,0.0,0.0
2026-07-30T10:53:36.739,1050.516,64,open,ACTUATOR_ACTIVE,TRAJECTORY_COMPLETE,24.0,44,10,-1,-0.51,44,0,0.0,0.0,0.0,0.0,0.0,0.0
2026-07-30T10:53:37.233,1051.016,64,open,ACTUATOR_ACTIVE,TRAJECTORY_COMPLETE,24.0,44,10,0,0.15,44,0,0.0,0.0,0.0,0.0,0.0,0.0
2026-07-30T10:53:37.730,1051.516,64,open,ACTUATOR_ACTIVE,TRAJECTORY_COMPLETE,24.0,44,10,-2,0.29,44,0,0.0,0.0,0.0,0.0,0.0,0.0
2026-07-30T10:53:38.225,1052.0,64,open,ACTUATOR_ACTIVE,TRAJECTORY_COMPLETE,24.0,44,10,1,-0.08,44,0,0.0,0.0,0.0,0.0,0.0,0.0
2026-07-30T10:53:38.737,1052.516,64,open,ACTUATOR_ACTIVE,TRAJECTORY_COMPLETE,24.0,44,10,1,-0.34,44,0,0.0,0.0,0.0,0.0,0.0,0.0
2026-07-30T10:53:39.233,1053.016,64,open,ACTUATOR_ACTIVE,TRAJECTORY_COMPLETE,24.0,44,10,0,-0.13,44,0,0.0,0.0,0.0,0.0,0.0,0.0
2026-07-30T10:53:39.732,1053.516,64,open,ACTUATOR_ACTIVE,TRAJECTORY_COMPLETE,24.0,44,10,0,0.25,44,0,0.0,0.0,0.0,0.0,0.0,0.0
2026-07-30T10:53:40.232,1054.016,64,open,ACTUATOR_ACTIVE,TRAJECTORY_COMPLETE,24.0,44,10,0,0.09,44,0,0.0,0.0,0.0,0.0,0.0,0.0
2026-07-30T10:53:40.842,1054.625,65,close,ACTUATOR_ACTIVE,TRAJECTORY_RUNNING,24.0,44,10,7,1.83,44,0,0.0,0.0,0.0,0.0,0.0,0.0
2026-07-30T10:53:41.335,1055.11,65,close,ACTUATOR_ACTIVE,TRAJECTORY_RUNNING,24.0,44,11,3,2.01,44,0,0.0,0.0,0.0,0.0,0.0,0.0
2026-07-30T10:53:41.846,1055.625,65,close,ACTUATOR_ACTIVE,TRAJECTORY_RUNNING,24.0,44,13,4,1.43,44,0,0.0,0.0,0.0,0.0,0.0,0.0
2026-07-30T10:53:42.341,1056.125,65,close,ACTUATOR_ACTIVE,TRAJECTORY_RUNNING,24.0,44,16,4,1.87,44,0,0.0,0.0,0.0,0.0,0.0,0.0
2026-07-30T10:53:42.833,1056.61,65,close,ACTUATOR_ACTIVE,TRAJECTORY_RUNNING,24.0,44,19,8,1.84,44,0,0.0,0.0,0.0,0.0,0.0,0.0
2026-07-30T10:53:43.346,1057.125,65,close,ACTUATOR_ACTIVE,TRAJECTORY_RUNNING,24.0,44,23,9,1.38,44,0,0.0,0.0,0.0,0.0,0.0,0.0
2026-07-30T10:53:43.847,1057.625,65,close,ACTUATOR_ACTIVE,TRAJECTORY_RUNNING,24.0,44,27,10,2.73,44,0,0.0,0.0,0.0,0.0,0.0,0.0
2026-07-30T10:53:44.345,1058.125,65,close,ACTUATOR_ACTIVE,TRAJECTORY_RUNNING,24.0,44,30,1,7.16,44,0,0.0,0.0,0.0,0.0,0.0,0.0
2026-07-30T10:53:44.843,1058.625,65,close,ACTUATOR_ACTIVE,TRAJECTORY_RUNNING,24.0,44,30,0,2.91,44,0,0.0,0.0,0.0,0.0,0.0,0.0
2026-07-30T10:53:45.338,1059.125,65,close,ACTUATOR_ACTIVE,TRAJECTORY_RUNNING,24.0,44,30,0,1.96,44,0,0.0,0.0,0.0,0.0,0.0,0.0
2026-07-30T10:53:45.832,1059.61,65,close,ACTUATOR_ACTIVE,TRAJECTORY_STOPPED,24.0,44,30,0,1.66,44,0,0.0,0.0,0.0,0.0,0.0,0.0
2026-07-30T10:53:46.341,1060.125,65,close,ACTUATOR_ACTIVE,TRAJECTORY_STOPPED,24.0,44,30,1,2.08,44,0,0.0,0.0,0.0,0.0,0.0,0.0
2026-07-30T10:53:46.841,1060.625,65,close,ACTUATOR_ACTIVE,TRAJECTORY_RUNNING,24.0,44,30,-1,1.8,44,0,0.0,0.0,0.0,0.0,0.0,0.0
2026-07-30T10:53:47.334,1061.11,65,close,ACTUATOR_ACTIVE,TRAJECTORY_RUNNING,24.0,44,30,0,1.76,44,0,0.0,0.0,0.0,0.0,0.0,0.0
2026-07-30T10:53:47.847,1061.625,65,close,ACTUATOR_ACTIVE,TRAJECTORY_STOPPED,24.0,44,30,0,1.65,44,0,0.0,0.0,0.0,0.0,0.0,0.0
2026-07-30T10:53:48.342,1062.125,65,close,ACTUATOR_ACTIVE,TRAJECTORY_RUNNING,24.0,44,30,0,2.0,44,0,0.0,0.0,0.0,0.0,0.0,0.0
2026-07-30T10:53:48.946,1062.719,65,open,ACTUATOR_ACTIVE,TRAJECTORY_RUNNING,24.0,45,30,0,0.99,45,0,0.0,0.0,0.0,0.0,0.0,0.0
2026-07-30T10:53:49.455,1063.235,65,open,ACTUATOR_ACTIVE,TRAJECTORY_RUNNING,24.0,45,25,-12,-0.92,45,0,0.0,0.0,0.0,0.0,0.0,0.0
2026-07-30T10:53:49.951,1063.735,65,open,ACTUATOR_ACTIVE,TRAJECTORY_RUNNING,24.0,45,20,-12,-0.59,45,0,0.0,0.0,0.0,0.0,0.0,0.0
2026-07-30T10:53:50.448,1064.235,65,open,ACTUATOR_ACTIVE,TRAJECTORY_RUNNING,24.0,45,14,-11,-2.1,45,0,0.0,0.0,0.0,0.0,0.0,0.0
2026-07-30T10:53:50.946,1064.719,65,open,ACTUATOR_ACTIVE,TRAJECTORY_COMPLETE,24.0,45,9,0,0.69,45,0,0.0,0.0,0.0,0.0,0.0,0.0
2026-07-30T10:53:51.455,1065.235,65,open,ACTUATOR_ACTIVE,TRAJECTORY_COMPLETE,24.0,45,9,0,0.17,45,0,0.0,0.0,0.0,0.0,0.0,0.0
2026-07-30T10:53:51.948,1065.735,65,open,ACTUATOR_ACTIVE,TRAJECTORY_COMPLETE,24.0,45,9,0,0.25,45,0,0.0,0.0,0.0,0.0,0.0,0.0
2026-07-30T10:53:52.439,1066.219,65,open,ACTUATOR_ACTIVE,TRAJECTORY_COMPLETE,24.0,48,9,1,0.11,48,0,0.0,0.0,0.0,0.0,0.0,0.0
2026-07-30T10:53:52.949,1066.735,65,open,ACTUATOR_ACTIVE,TRAJECTORY_COMPLETE,24.0,48,9,1,0.25,48,0,0.0,0.0,0.0,0.0,0.0,0.0
2026-07-30T10:53:53.444,1067.219,65,open,ACTUATOR_ACTIVE,TRAJECTORY_COMPLETE,24.0,48,9,-2,-0.53,48,0,0.0,0.0,0.0,0.0,0.0,0.0
2026-07-30T10:53:53.958,1067.735,65,open,ACTUATOR_ACTIVE,TRAJECTORY_COMPLETE,24.0,48,10,0,-0.11,48,0,0.0,0.0,0.0,0.0,0.0,0.0
2026-07-30T10:53:54.453,1068.235,65,open,ACTUATOR_ACTIVE,TRAJECTORY_COMPLETE,24.0,48,10,0,-0.02,48,0,0.0,0.0,0.0,0.0,0.0,0.0
2026-07-30T10:53:54.950,1068.735,65,open,ACTUATOR_ACTIVE,TRAJECTORY_COMPLETE,24.0,48,10,0,-0.1,48,0,0.0,0.0,0.0,0.0,0.0,0.0
2026-07-30T10:53:55.448,1069.235,65,open,ACTUATOR_ACTIVE,TRAJECTORY_COMPLETE,24.0,48,10,0,-0.08,48,0,0.0,0.0,0.0,0.0,0.0,0.0
2026-07-30T10:53:55.939,1069.719,65,open,ACTUATOR_ACTIVE,TRAJECTORY_COMPLETE,24.0,48,10,0,-0.29,48,0,0.0,0.0,0.0,0.0,0.0,0.0
2026-07-30T10:53:56.455,1070.235,65,open,ACTUATOR_ACTIVE,TRAJECTORY_COMPLETE,24.0,46,10,0,0.3,46,0,0.0,0.0,0.0,0.0,0.0,0.0
2026-07-30T10:53:57.067,1070.844,66,close,ACTUATOR_ACTIVE,TRAJECTORY_RUNNING,24.0,46,10,6,0.47,46,0,0.0,0.0,0.0,0.0,0.0,0.0
2026-07-30T10:53:57.564,1071.344,66,close,ACTUATOR_ACTIVE,TRAJECTORY_RUNNING,24.0,46,12,4,0.99,46,0,0.0,0.0,0.0,0.0,0.0,0.0
2026-07-30T10:53:58.059,1071.844,66,close,ACTUATOR_ACTIVE,TRAJECTORY_RUNNING,24.0,46,14,5,1.76,46,0,0.0,0.0,0.0,0.0,0.0,0.0
2026-07-30T10:53:58.552,1072.328,66,close,ACTUATOR_ACTIVE,TRAJECTORY_RUNNING,24.0,46,16,6,1.18,46,0,0.0,0.0,0.0,0.0,0.0,0.0
2026-07-30T10:53:59.060,1072.844,66,close,ACTUATOR_ACTIVE,TRAJECTORY_RUNNING,24.0,46,20,6,1.11,46,0,0.0,0.0,0.0,0.0,0.0,0.0
2026-07-30T10:53:59.558,1073.344,66,close,ACTUATOR_ACTIVE,TRAJECTORY_RUNNING,24.0,46,24,8,0.73,46,0,0.0,0.0,0.0,0.0,0.0,0.0
2026-07-30T10:54:00.055,1073.828,66,close,ACTUATOR_ACTIVE,TRAJECTORY_RUNNING,24.0,46,28,7,1.81,46,0,0.0,0.0,0.0,0.0,0.0,0.0
2026-07-30T10:54:00.566,1074.344,66,close,ACTUATOR_ACTIVE,TRAJECTORY_RUNNING,24.0,45,30,0,3.69,45,0,0.0,0.0,0.0,0.0,0.0,0.0
2026-07-30T10:54:01.065,1074.844,66,close,ACTUATOR_ACTIVE,TRAJECTORY_RUNNING,24.0,45,30,0,2.19,45,0,0.0,0.0,0.0,0.0,0.0,0.0
2026-07-30T10:54:01.563,1075.344,66,close,ACTUATOR_ACTIVE,TRAJECTORY_STOPPED,24.0,45,30,0,2.32,45,0,0.0,0.0,0.0,0.0,0.0,0.0
2026-07-30T10:54:02.059,1075.844,66,close,ACTUATOR_ACTIVE,TRAJECTORY_RUNNING,24.0,45,30,0,1.9,45,0,0.0,0.0,0.0,0.0,0.0,0.0
2026-07-30T10:54:02.553,1076.328,66,close,ACTUATOR_ACTIVE,TRAJECTORY_RUNNING,24.0,45,30,0,2.48,45,0,0.0,0.0,0.0,0.0,0.0,0.0
2026-07-30T10:54:03.064,1076.844,66,close,ACTUATOR_ACTIVE,TRAJECTORY_RUNNING,24.0,45,30,0,1.77,45,0,0.0,0.0,0.0,0.0,0.0,0.0
2026-07-30T10:54:03.557,1077.344,66,close,ACTUATOR_ACTIVE,TRAJECTORY_RUNNING,24.0,45,30,0,1.93,45,0,0.0,0.0,0.0,0.0,0.0,0.0
2026-07-30T10:54:04.058,1077.844,66,close,ACTUATOR_ACTIVE,TRAJECTORY_RUNNING,24.0,45,30,0,1.73,45,0,0.0,0.0,0.0,0.0,0.0,0.0
2026-07-30T10:54:04.557,1078.344,66,close,ACTUATOR_ACTIVE,TRAJECTORY_RUNNING,24.0,47,30,-1,2.06,47,0,0.0,0.0,0.0,0.0,0.0,0.0
2026-07-30T10:54:05.168,1078.953,66,open,ACTUATOR_ACTIVE,TRAJECTORY_RUNNING,24.0,47,30,0,0.92,47,0,0.0,0.0,0.0,0.0,0.0,0.0
2026-07-30T10:54:05.668,1079.453,66,open,ACTUATOR_ACTIVE,TRAJECTORY_RUNNING,24.0,47,25,-11,-0.64,47,0,0.0,0.0,0.0,0.0,0.0,0.0
2026-07-30T10:54:06.167,1079.953,66,open,ACTUATOR_ACTIVE,TRAJECTORY_RUNNING,24.0,47,20,-10,-0.71,47,0,0.0,0.0,0.0,0.0,0.0,0.0
2026-07-30T10:54:06.667,1080.453,66,open,ACTUATOR_ACTIVE,TRAJECTORY_RUNNING,24.0,47,14,-13,-1.47,47,0,0.0,0.0,0.0,0.0,0.0,0.0
2026-07-30T10:54:07.165,1080.938,66,open,ACTUATOR_ACTIVE,TRAJECTORY_COMPLETE,24.0,47,9,2,0.82,47,0,0.0,0.0,0.0,0.0,0.0,0.0
2026-07-30T10:54:07.677,1081.453,66,open,ACTUATOR_ACTIVE,TRAJECTORY_COMPLETE,24.0,47,9,-1,-0.01,47,0,0.0,0.0,0.0,0.0,0.0,0.0
2026-07-30T10:54:08.169,1081.953,66,open,ACTUATOR_ACTIVE,TRAJECTORY_COMPLETE,24.0,47,10,0,0.32,47,0,0.0,0.0,0.0,0.0,0.0,0.0
2026-07-30T10:54:08.661,1082.438,66,open,ACTUATOR_ACTIVE,TRAJECTORY_COMPLETE,24.0,43,10,0,0.73,43,0,0.0,0.0,0.0,0.0,0.0,0.0
2026-07-30T10:54:09.170,1082.953,66,open,ACTUATOR_ACTIVE,TRAJECTORY_COMPLETE,24.0,43,10,0,-0.01,43,0,0.0,0.0,0.0,0.0,0.0,0.0
2026-07-30T10:54:09.662,1083.438,66,open,ACTUATOR_ACTIVE,TRAJECTORY_COMPLETE,24.0,43,10,0,0.15,43,0,0.0,0.0,0.0,0.0,0.0,0.0
2026-07-30T10:54:10.166,1083.953,66,open,ACTUATOR_ACTIVE,TRAJECTORY_COMPLETE,24.0,43,10,0,-0.38,43,0,0.0,0.0,0.0,0.0,0.0,0.0
2026-07-30T10:54:10.662,1084.438,66,open,ACTUATOR_ACTIVE,TRAJECTORY_COMPLETE,24.0,43,10,0,-0.05,43,0,0.0,0.0,0.0,0.0,0.0,0.0
2026-07-30T10:54:11.174,1084.953,66,open,ACTUATOR_ACTIVE,TRAJECTORY_COMPLETE,24.0,43,10,0,0.24,43,0,0.0,0.0,0.0,0.0,0.0,0.0
2026-07-30T10:54:11.672,1085.453,66,open,ACTUATOR_ACTIVE,TRAJECTORY_COMPLETE,24.0,43,10,0,0.1,43,0,0.0,0.0,0.0,0.0,0.0,0.0
2026-07-30T10:54:12.168,1085.953,66,open,ACTUATOR_ACTIVE,TRAJECTORY_COMPLETE,24.0,43,10,0,0.18,43,0,0.0,0.0,0.0,0.0,0.0,0.0
2026-07-30T10:54:12.664,1086.438,66,open,ACTUATOR_ACTIVE,TRAJECTORY_COMPLETE,24.0,46,10,0,0.12,46,0,0.0,0.0,0.0,0.0,0.0,0.0
2026-07-30T10:54:13.285,1087.063,67,close,ACTUATOR_ACTIVE,TRAJECTORY_RUNNING,24.0,46,10,6,1.44,46,0,0.0,0.0,0.0,0.0,0.0,0.0
2026-07-30T10:54:13.801,1087.578,67,close,ACTUATOR_ACTIVE,TRAJECTORY_RUNNING,24.0,46,12,5,1.39,46,0,0.0,0.0,0.0,0.0,0.0,0.0
2026-07-30T10:54:14.298,1088.078,67,close,ACTUATOR_ACTIVE,TRAJECTORY_RUNNING,24.0,46,14,5,1.96,46,0,0.0,0.0,0.0,0.0,0.0,0.0
2026-07-30T10:54:14.789,1088.563,67,close,ACTUATOR_ACTIVE,TRAJECTORY_RUNNING,24.0,46,16,2,1.34,46,0,0.0,0.0,0.0,0.0,0.0,0.0
2026-07-30T10:54:15.302,1089.078,67,close,ACTUATOR_ACTIVE,TRAJECTORY_RUNNING,24.0,46,19,6,1.35,46,0,0.0,0.0,0.0,0.0,0.0,0.0
2026-07-30T10:54:15.801,1089.578,67,close,ACTUATOR_ACTIVE,TRAJECTORY_RUNNING,24.0,46,23,7,1.91,46,0,0.0,0.0,0.0,0.0,0.0,0.0
2026-07-30T10:54:16.296,1090.078,67,close,ACTUATOR_ACTIVE,TRAJECTORY_RUNNING,24.0,46,27,7,1.24,46,0,0.0,0.0,0.0,0.0,0.0,0.0
2026-07-30T10:54:16.794,1090.578,67,close,ACTUATOR_ACTIVE,TRAJECTORY_RUNNING,24.0,46,30,0,4.99,46,0,0.0,0.0,0.0,0.0,0.0,0.0
2026-07-30T10:54:17.289,1091.063,67,close,ACTUATOR_ACTIVE,TRAJECTORY_RUNNING,24.0,46,30,1,3.51,46,0,0.0,0.0,0.0,0.0,0.0,0.0
2026-07-30T10:54:17.799,1091.578,67,close,ACTUATOR_ACTIVE,TRAJECTORY_RUNNING,24.0,46,30,1,1.93,46,0,0.0,0.0,0.0,0.0,0.0,0.0
2026-07-30T10:54:18.288,1092.063,67,close,ACTUATOR_ACTIVE,TRAJECTORY_STOPPED,24.0,46,30,0,1.93,46,0,0.0,0.0,0.0,0.0,0.0,0.0
2026-07-30T10:54:18.800,1092.578,67,close,ACTUATOR_ACTIVE,TRAJECTORY_RUNNING,24.0,46,30,0,1.9,46,0,0.0,0.0,0.0,0.0,0.0,0.0
2026-07-30T10:54:19.293,1093.078,67,close,ACTUATOR_ACTIVE,TRAJECTORY_RUNNING,24.0,46,30,0,1.92,46,0,0.0,0.0,0.0,0.0,0.0,0.0
2026-07-30T10:54:19.788,1093.563,67,close,ACTUATOR_ACTIVE,TRAJECTORY_RUNNING,24.0,46,30,0,1.91,46,0,0.0,0.0,0.0,0.0,0.0,0.0
2026-07-30T10:54:20.301,1094.078,67,close,ACTUATOR_ACTIVE,TRAJECTORY_RUNNING,24.0,46,30,0,2.05,46,0,0.0,0.0,0.0,0.0,0.0,0.0
2026-07-30T10:54:20.797,1094.578,67,close,ACTUATOR_ACTIVE,TRAJECTORY_RUNNING,24.0,44,30,1,1.89,44,0,0.0,0.0,0.0,0.0,0.0,0.0
2026-07-30T10:54:21.406,1095.188,67,open,ACTUATOR_ACTIVE,TRAJECTORY_RUNNING,24.0,44,30,0,0.93,44,0,0.0,0.0,0.0,0.0,0.0,0.0
2026-07-30T10:54:21.900,1095.688,67,open,ACTUATOR_ACTIVE,TRAJECTORY_RUNNING,24.0,44,26,-10,-3.11,44,0,0.0,0.0,0.0,0.0,0.0,0.0
2026-07-30T10:54:22.391,1096.172,67,open,ACTUATOR_ACTIVE,TRAJECTORY_RUNNING,24.0,44,20,-15,-1.06,44,0,0.0,0.0,0.0,0.0,0.0,0.0
2026-07-30T10:54:22.899,1096.672,67,open,ACTUATOR_ACTIVE,TRAJECTORY_RUNNING,24.0,44,14,-10,-2.42,44,0,0.0,0.0,0.0,0.0,0.0,0.0
2026-07-30T10:54:23.413,1097.188,67,open,ACTUATOR_ACTIVE,TRAJECTORY_COMPLETE,24.0,44,9,1,0.74,44,0,0.0,0.0,0.0,0.0,0.0,0.0
2026-07-30T10:54:23.905,1097.688,67,open,ACTUATOR_ACTIVE,TRAJECTORY_COMPLETE,24.0,44,10,0,1.04,44,0,0.0,0.0,0.0,0.0,0.0,0.0
2026-07-30T10:54:24.395,1098.172,67,open,ACTUATOR_ACTIVE,TRAJECTORY_COMPLETE,24.0,47,10,0,0.37,47,0,0.0,0.0,0.0,0.0,0.0,0.0
2026-07-30T10:54:24.904,1098.688,67,open,ACTUATOR_ACTIVE,TRAJECTORY_COMPLETE,24.0,47,9,0,-0.93,47,0,0.0,0.0,0.0,0.0,0.0,0.0
2026-07-30T10:54:25.401,1099.188,67,open,ACTUATOR_ACTIVE,TRAJECTORY_COMPLETE,24.0,47,9,0,-0.87,47,0,0.0,0.0,0.0,0.0,0.0,0.0
2026-07-30T10:54:25.896,1099.672,67,open,ACTUATOR_ACTIVE,TRAJECTORY_COMPLETE,24.0,47,9,0,0.22,47,0,0.0,0.0,0.0,0.0,0.0,0.0
2026-07-30T10:54:26.409,1100.188,67,open,ACTUATOR_ACTIVE,TRAJECTORY_COMPLETE,24.0,47,9,0,0.27,47,0,0.0,0.0,0.0,0.0,0.0,0.0
2026-07-30T10:54:26.905,1100.688,67,open,ACTUATOR_ACTIVE,TRAJECTORY_COMPLETE,24.0,47,9,0,0.44,47,0,0.0,0.0,0.0,0.0,0.0,0.0
2026-07-30T10:54:27.397,1101.172,67,open,ACTUATOR_ACTIVE,TRAJECTORY_COMPLETE,24.0,47,9,0,-0.6,47,0,0.0,0.0,0.0,0.0,0.0,0.0
2026-07-30T10:54:27.910,1101.688,67,open,ACTUATOR_ACTIVE,TRAJECTORY_COMPLETE,24.0,47,9,0,-0.02,47,0,0.0,0.0,0.0,0.0,0.0,0.0
2026-07-30T10:54:28.404,1102.188,67,open,ACTUATOR_ACTIVE,TRAJECTORY_COMPLETE,24.0,45,9,0,0.29,45,0,0.0,0.0,0.0,0.0,0.0,0.0
2026-07-30T10:54:28.902,1102.688,67,open,ACTUATOR_ACTIVE,TRAJECTORY_COMPLETE,24.0,45,9,1,0.1,45,0,0.0,0.0,0.0,0.0,0.0,0.0
2026-07-30T10:54:29.512,1103.297,68,close,ACTUATOR_ACTIVE,TRAJECTORY_RUNNING,24.0,45,10,7,1.21,45,0,0.0,0.0,0.0,0.0,0.0,0.0
2026-07-30T10:54:30.010,1103.797,68,close,ACTUATOR_ACTIVE,TRAJECTORY_RUNNING,24.0,45,14,9,2.59,45,0,0.0,0.0,0.0,0.0,0.0,0.0
2026-07-30T10:54:30.504,1104.281,68,close,ACTUATOR_ACTIVE,TRAJECTORY_RUNNING,24.0,45,19,9,1.78,45,0,0.0,0.0,0.0,0.0,0.0,0.0
2026-07-30T10:54:31.016,1104.797,68,close,ACTUATOR_ACTIVE,TRAJECTORY_RUNNING,24.0,45,23,9,1.94,45,0,0.0,0.0,0.0,0.0,0.0,0.0
2026-07-30T10:54:31.515,1105.297,68,close,ACTUATOR_ACTIVE,TRAJECTORY_RUNNING,24.0,45,28,9,2.03,45,0,0.0,0.0,0.0,0.0,0.0,0.0
2026-07-30T10:54:32.009,1105.797,68,close,ACTUATOR_ACTIVE,TRAJECTORY_RUNNING,24.0,45,31,1,22.69,45,0,0.0,0.0,0.0,0.0,0.0,0.0
2026-07-30T10:54:32.509,1106.281,68,close,ACTUATOR_ACTIVE,TRAJECTORY_RUNNING,24.0,48,31,0,28.07,48,0,0.0,0.0,0.0,0.0,0.0,0.0
2026-07-30T10:54:33.016,1106.797,68,close,ACTUATOR_ACTIVE,TRAJECTORY_RUNNING,24.0,48,31,0,32.51,48,0,0.0,0.0,0.0,0.0,0.0,0.0
2026-07-30T10:54:33.509,1107.297,68,close,ACTUATOR_ACTIVE,TRAJECTORY_RUNNING,24.0,48,31,0,31.6,48,0,0.0,0.0,0.0,0.0,0.0,0.0
2026-07-30T10:54:33.996,1107.781,68,close,ACTUATOR_ACTIVE,TRAJECTORY_RUNNING,24.0,48,31,0,29.42,48,0,0.0,0.0,0.0,0.0,0.0,0.0
2026-07-30T10:54:34.511,1108.297,68,close,ACTUATOR_ACTIVE,TRAJECTORY_RUNNING,24.0,48,31,1,27.66,48,0,0.0,0.0,0.0,0.0,0.0,0.0
2026-07-30T10:54:35.010,1108.797,68,close,ACTUATOR_ACTIVE,TRAJECTORY_RUNNING,24.0,48,31,0,31.92,48,0,0.0,0.0,0.0,0.0,0.0,0.0
2026-07-30T10:54:35.504,1109.281,68,close,ACTUATOR_ACTIVE,TRAJECTORY_RUNNING,24.0,48,31,0,28.87,48,0,0.0,0.0,0.0,0.0,0.0,0.0
2026-07-30T10:54:36.015,1109.797,68,close,ACTUATOR_ACTIVE,TRAJECTORY_RUNNING,24.0,48,31,0,27.79,48,0,0.0,0.0,0.0,0.0,0.0,0.0
2026-07-30T10:54:36.512,1110.297,68,close,ACTUATOR_ACTIVE,TRAJECTORY_RUNNING,24.0,43,31,0,31.9,43,0,0.0,0.0,0.0,0.0,0.0,0.0
2026-07-30T10:54:37.005,1110.781,68,close,ACTUATOR_ACTIVE,TRAJECTORY_RUNNING,24.0,43,31,0,30.79,43,0,0.0,0.0,0.0,0.0,0.0,0.0
2026-07-30T10:54:37.633,1111.406,68,open,ACTUATOR_ACTIVE,TRAJECTORY_RUNNING,24.0,43,31,-1,3.78,43,0,0.0,0.0,0.0,0.0,0.0,0.0
2026-07-30T10:54:38.146,1111.922,68,open,ACTUATOR_ACTIVE,TRAJECTORY_RUNNING,24.0,43,27,-12,-2.03,43,0,0.0,0.0,0.0,0.0,0.0,0.0
2026-07-30T10:54:38.641,1112.422,68,open,ACTUATOR_ACTIVE,TRAJECTORY_RUNNING,24.0,43,21,-13,-1.13,43,0,0.0,0.0,0.0,0.0,0.0,0.0
2026-07-30T10:54:39.134,1112.906,68,open,ACTUATOR_ACTIVE,TRAJECTORY_RUNNING,24.0,43,15,-12,-2.81,43,0,0.0,0.0,0.0,0.0,0.0,0.0
2026-07-30T10:54:39.633,1113.406,68,open,ACTUATOR_ACTIVE,TRAJECTORY_RUNNING,24.0,43,10,-10,-1.35,43,0,0.0,0.0,0.0,0.0,0.0,0.0
2026-07-30T10:54:40.148,1113.922,68,open,ACTUATOR_ACTIVE,TRAJECTORY_COMPLETE,24.0,43,9,0,-1.8,43,0,0.0,0.0,0.0,0.0,0.0,0.0
2026-07-30T10:54:40.640,1114.422,68,open,ACTUATOR_ACTIVE,TRAJECTORY_COMPLETE,24.0,49,9,1,0.08,49,0,0.0,0.0,0.0,0.0,0.0,0.0
2026-07-30T10:54:41.139,1114.922,68,open,ACTUATOR_ACTIVE,TRAJECTORY_COMPLETE,24.0,49,9,0,0.28,49,0,0.0,0.0,0.0,0.0,0.0,0.0
2026-07-30T10:54:41.638,1115.422,68,open,ACTUATOR_ACTIVE,TRAJECTORY_COMPLETE,24.0,49,10,-1,0.09,49,0,0.0,0.0,0.0,0.0,0.0,0.0
2026-07-30T10:54:42.133,1115.906,68,open,ACTUATOR_ACTIVE,TRAJECTORY_COMPLETE,24.0,49,10,0,0.1,49,0,0.0,0.0,0.0,0.0,0.0,0.0
2026-07-30T10:54:42.643,1116.422,68,open,ACTUATOR_ACTIVE,TRAJECTORY_COMPLETE,24.0,49,9,0,-0.06,49,0,0.0,0.0,0.0,0.0,0.0,0.0
2026-07-30T10:54:43.141,1116.922,68,open,ACTUATOR_ACTIVE,TRAJECTORY_COMPLETE,24.0,49,9,0,0.26,49,0,0.0,0.0,0.0,0.0,0.0,0.0
2026-07-30T10:54:43.638,1117.422,68,open,ACTUATOR_ACTIVE,TRAJECTORY_COMPLETE,24.0,49,9,0,-0.0,49,0,0.0,0.0,0.0,0.0,0.0,0.0
2026-07-30T10:54:44.132,1117.906,68,open,ACTUATOR_ACTIVE,TRAJECTORY_COMPLETE,24.0,49,9,1,0.6,49,0,0.0,0.0,0.0,0.0,0.0,0.0
2026-07-30T10:54:44.645,1118.422,68,open,ACTUATOR_ACTIVE,TRAJECTORY_COMPLETE,24.0,45,9,0,-0.2,45,0,0.0,0.0,0.0,0.0,0.0,0.0
2026-07-30T10:54:45.140,1118.922,68,open,ACTUATOR_ACTIVE,TRAJECTORY_COMPLETE,24.0,45,9,1,0.19,45,0,0.0,0.0,0.0,0.0,0.0,0.0
2026-07-30T10:54:45.743,1119.516,69,close,ACTUATOR_ACTIVE,TRAJECTORY_RUNNING,24.0,45,10,5,2.03,45,0,0.0,0.0,0.0,0.0,0.0,0.0
2026-07-30T10:54:46.253,1120.031,69,close,ACTUATOR_ACTIVE,TRAJECTORY_RUNNING,24.0,45,11,4,1.44,45,0,0.0,0.0,0.0,0.0,0.0,0.0
2026-07-30T10:54:46.747,1120.531,69,close,ACTUATOR_ACTIVE,TRAJECTORY_RUNNING,24.0,45,13,3,1.86,45,0,0.0,0.0,0.0,0.0,0.0,0.0
2026-07-30T10:54:47.237,1121.016,69,close,ACTUATOR_ACTIVE,TRAJECTORY_RUNNING,24.0,45,15,4,1.89,45,0,0.0,0.0,0.0,0.0,0.0,0.0
2026-07-30T10:54:47.752,1121.531,69,close,ACTUATOR_ACTIVE,TRAJECTORY_RUNNING,24.0,45,18,5,1.93,45,0,0.0,0.0,0.0,0.0,0.0,0.0
2026-07-30T10:54:48.247,1122.031,69,close,ACTUATOR_ACTIVE,TRAJECTORY_RUNNING,24.0,45,22,8,1.18,45,0,0.0,0.0,0.0,0.0,0.0,0.0
2026-07-30T10:54:48.742,1122.516,69,close,ACTUATOR_ACTIVE,TRAJECTORY_RUNNING,24.0,46,26,6,2.34,46,0,0.0,0.0,0.0,0.0,0.0,0.0
2026-07-30T10:54:49.256,1123.031,69,close,ACTUATOR_ACTIVE,TRAJECTORY_RUNNING,24.0,46,30,5,4.63,46,0,0.0,0.0,0.0,0.0,0.0,0.0
2026-07-30T10:54:49.755,1123.531,69,close,ACTUATOR_ACTIVE,TRAJECTORY_RUNNING,24.0,46,30,0,2.68,46,0,0.0,0.0,0.0,0.0,0.0,0.0
2026-07-30T10:54:50.252,1124.031,69,close,ACTUATOR_ACTIVE,TRAJECTORY_RUNNING,24.0,46,30,1,2.31,46,0,0.0,0.0,0.0,0.0,0.0,0.0
2026-07-30T10:54:50.752,1124.531,69,close,ACTUATOR_ACTIVE,TRAJECTORY_RUNNING,24.0,46,30,0,2.54,46,0,0.0,0.0,0.0,0.0,0.0,0.0
2026-07-30T10:54:51.249,1125.031,69,close,ACTUATOR_ACTIVE,TRAJECTORY_RUNNING,24.0,46,30,1,1.75,46,0,0.0,0.0,0.0,0.0,0.0,0.0
2026-07-30T10:54:51.746,1125.531,69,close,ACTUATOR_ACTIVE,TRAJECTORY_RUNNING,24.0,46,30,0,2.32,46,0,0.0,0.0,0.0,0.0,0.0,0.0
2026-07-30T10:54:52.243,1126.016,69,close,ACTUATOR_ACTIVE,TRAJECTORY_RUNNING,24.0,46,30,-1,2.41,46,0,0.0,0.0,0.0,0.0,0.0,0.0
2026-07-30T10:54:52.751,1126.531,69,close,ACTUATOR_ACTIVE,TRAJECTORY_RUNNING,24.0,39,30,0,1.82,39,0,0.0,0.0,0.0,0.0,0.0,0.0
2026-07-30T10:54:53.247,1127.031,69,close,ACTUATOR_ACTIVE,TRAJECTORY_RUNNING,24.0,39,30,-1,1.72,39,0,0.0,0.0,0.0,0.0,0.0,0.0
2026-07-30T10:54:53.851,1127.625,69,open,ACTUATOR_ACTIVE,TRAJECTORY_RUNNING,24.0,39,30,0,1.04,39,0,0.0,0.0,0.0,0.0,0.0,0.0
2026-07-30T10:54:54.363,1128.141,69,open,ACTUATOR_ACTIVE,TRAJECTORY_RUNNING,24.0,39,30,0,-0.81,39,0,0.0,0.0,0.0,0.0,0.0,0.0
2026-07-30T10:54:54.859,1128.641,69,open,ACTUATOR_ACTIVE,TRAJECTORY_RUNNING,24.0,39,29,-2,-0.29,39,0,0.0,0.0,0.0,0.0,0.0,0.0
2026-07-30T10:54:55.358,1129.141,69,open,ACTUATOR_ACTIVE,TRAJECTORY_RUNNING,24.0,39,28,-2,-0.9,39,0,0.0,0.0,0.0,0.0,0.0,0.0
2026-07-30T10:54:55.859,1129.641,69,open,ACTUATOR_ACTIVE,TRAJECTORY_RUNNING,24.0,39,26,-5,-0.72,39,0,0.0,0.0,0.0,0.0,0.0,0.0
2026-07-30T10:54:56.355,1130.141,69,open,ACTUATOR_ACTIVE,TRAJECTORY_RUNNING,24.0,39,23,-6,-1.04,39,0,0.0,0.0,0.0,0.0,0.0,0.0
2026-07-30T10:54:56.851,1130.625,69,open,ACTUATOR_ACTIVE,TRAJECTORY_RUNNING,24.0,45,19,-8,-0.53,45,0,0.0,0.0,0.0,0.0,0.0,0.0
2026-07-30T10:54:57.361,1131.141,69,open,ACTUATOR_ACTIVE,TRAJECTORY_RUNNING,24.0,45,14,-9,-1.8,45,0,0.0,0.0,0.0,0.0,0.0,0.0
2026-07-30T10:54:57.862,1131.641,69,open,ACTUATOR_ACTIVE,TRAJECTORY_RUNNING,24.0,45,10,-8,-2.89,45,0,0.0,0.0,0.0,0.0,0.0,0.0
2026-07-30T10:54:58.355,1132.141,69,open,ACTUATOR_ACTIVE,TRAJECTORY_RUNNING,24.0,45,8,0,-1.0,45,0,0.0,0.0,0.0,0.0,0.0,0.0
2026-07-30T10:54:58.850,1132.625,69,open,ACTUATOR_ACTIVE,TRAJECTORY_RUNNING,24.0,45,9,0,0.41,45,0,0.0,0.0,0.0,0.0,0.0,0.0
2026-07-30T10:54:59.360,1133.141,69,open,ACTUATOR_ACTIVE,TRAJECTORY_RUNNING,24.0,45,9,0,1.02,45,0,0.0,0.0,0.0,0.0,0.0,0.0
2026-07-30T10:54:59.852,1133.625,69,open,ACTUATOR_ACTIVE,TRAJECTORY_RUNNING,24.0,45,9,0,1.3,45,0,0.0,0.0,0.0,0.0,0.0,0.0
2026-07-30T10:55:00.370,1134.156,69,open,ACTUATOR_ACTIVE,TRAJECTORY_RUNNING,24.0,45,9,0,2.71,45,0,0.0,0.0,0.0,0.0,0.0,0.0
2026-07-30T10:55:00.847,1134.625,69,open,ACTUATOR_ACTIVE,TRAJECTORY_STOPPED,24.0,43,9,0,1.81,43,0,0.0,0.0,0.0,0.0,0.0,0.0
2026-07-30T10:55:01.357,1135.141,69,open,ACTUATOR_ACTIVE,TRAJECTORY_RUNNING,24.0,43,9,0,1.94,43,0,0.0,0.0,0.0,0.0,0.0,0.0
2026-07-30T10:55:01.968,1135.75,70,close,ACTUATOR_ACTIVE,TRAJECTORY_RUNNING,24.0,43,9,8,1.13,43,0,0.0,0.0,0.0,0.0,0.0,0.0
2026-07-30T10:55:02.467,1136.25,70,close,ACTUATOR_ACTIVE,TRAJECTORY_RUNNING,24.0,43,14,9,2.56,43,0,0.0,0.0,0.0,0.0,0.0,0.0
2026-07-30T10:55:02.961,1136.735,70,close,ACTUATOR_ACTIVE,TRAJECTORY_RUNNING,24.0,43,18,9,1.17,43,0,0.0,0.0,0.0,0.0,0.0,0.0
2026-07-30T10:55:03.475,1137.25,70,close,ACTUATOR_ACTIVE,TRAJECTORY_RUNNING,24.0,43,23,9,3.15,43,0,0.0,0.0,0.0,0.0,0.0,0.0
2026-07-30T10:55:03.974,1137.75,70,close,ACTUATOR_ACTIVE,TRAJECTORY_RUNNING,24.0,43,27,8,1.8,43,0,0.0,0.0,0.0,0.0,0.0,0.0
2026-07-30T10:55:04.467,1138.25,70,close,ACTUATOR_ACTIVE,TRAJECTORY_RUNNING,24.0,45,31,2,22.17,45,0,0.0,0.0,0.0,0.0,0.0,0.0
2026-07-30T10:55:04.964,1138.75,70,close,ACTUATOR_ACTIVE,TRAJECTORY_RUNNING,24.0,45,31,0,28.79,45,0,0.0,0.0,0.0,0.0,0.0,0.0
2026-07-30T10:55:05.463,1139.25,70,close,ACTUATOR_ACTIVE,TRAJECTORY_RUNNING,24.0,45,31,0,29.6,45,0,0.0,0.0,0.0,0.0,0.0,0.0
2026-07-30T10:55:05.966,1139.75,70,close,ACTUATOR_ACTIVE,TRAJECTORY_RUNNING,24.0,45,31,0,29.75,45,0,0.0,0.0,0.0,0.0,0.0,0.0
2026-07-30T10:55:06.465,1140.25,70,close,ACTUATOR_ACTIVE,TRAJECTORY_RUNNING,24.0,45,31,0,30.09,45,0,0.0,0.0,0.0,0.0,0.0,0.0
2026-07-30T10:55:06.960,1140.735,70,close,ACTUATOR_ACTIVE,TRAJECTORY_RUNNING,24.0,45,31,1,30.42,45,0,0.0,0.0,0.0,0.0,0.0,0.0
2026-07-30T10:55:07.469,1141.25,70,close,ACTUATOR_ACTIVE,TRAJECTORY_RUNNING,24.0,45,31,0,30.29,45,0,0.0,0.0,0.0,0.0,0.0,0.0
2026-07-30T10:55:07.967,1141.75,70,close,ACTUATOR_ACTIVE,TRAJECTORY_RUNNING,24.0,45,31,0,29.42,45,0,0.0,0.0,0.0,0.0,0.0,0.0
2026-07-30T10:55:08.465,1142.25,70,close,ACTUATOR_ACTIVE,TRAJECTORY_RUNNING,24.0,46,31,0,33.21,46,0,0.0,0.0,0.0,0.0,0.0,0.0
2026-07-30T10:55:08.960,1142.735,70,close,ACTUATOR_ACTIVE,TRAJECTORY_RUNNING,24.0,46,31,0,31.11,46,0,0.0,0.0,0.0,0.0,0.0,0.0
2026-07-30T10:55:09.470,1143.25,70,close,ACTUATOR_ACTIVE,TRAJECTORY_RUNNING,24.0,46,31,0,29.01,46,0,0.0,0.0,0.0,0.0,0.0,0.0
2026-07-30T10:55:10.076,1143.86,70,open,ACTUATOR_ACTIVE,TRAJECTORY_RUNNING,24.0,46,31,0,4.33,46,0,0.0,0.0,0.0,0.0,0.0,0.0
2026-07-30T10:55:10.574,1144.36,70,open,ACTUATOR_ACTIVE,TRAJECTORY_RUNNING,24.0,46,30,0,-0.32,46,0,0.0,0.0,0.0,0.0,0.0,0.0
2026-07-30T10:55:11.070,1144.844,70,open,ACTUATOR_ACTIVE,TRAJECTORY_RUNNING,24.0,46,30,-2,-0.61,46,0,0.0,0.0,0.0,0.0,0.0,0.0
2026-07-30T10:55:11.583,1145.36,70,open,ACTUATOR_ACTIVE,TRAJECTORY_RUNNING,24.0,46,28,-2,-1.3,46,0,0.0,0.0,0.0,0.0,0.0,0.0
2026-07-30T10:55:12.075,1145.86,70,open,ACTUATOR_ACTIVE,TRAJECTORY_RUNNING,24.0,46,26,-6,-0.48,46,0,0.0,0.0,0.0,0.0,0.0,0.0
2026-07-30T10:55:12.572,1146.36,70,open,ACTUATOR_ACTIVE,TRAJECTORY_RUNNING,24.0,43,23,-6,-0.56,43,0,0.0,0.0,0.0,0.0,0.0,0.0
2026-07-30T10:55:13.066,1146.844,70,open,ACTUATOR_ACTIVE,TRAJECTORY_RUNNING,24.0,43,20,-9,-1.84,43,0,0.0,0.0,0.0,0.0,0.0,0.0
2026-07-30T10:55:13.577,1147.36,70,open,ACTUATOR_ACTIVE,TRAJECTORY_RUNNING,24.0,43,15,-9,-2.19,43,0,0.0,0.0,0.0,0.0,0.0,0.0
2026-07-30T10:55:14.068,1147.844,70,open,ACTUATOR_ACTIVE,TRAJECTORY_RUNNING,24.0,43,10,-8,-2.08,43,0,0.0,0.0,0.0,0.0,0.0,0.0
2026-07-30T10:55:14.578,1148.36,70,open,ACTUATOR_ACTIVE,TRAJECTORY_RUNNING,24.0,43,8,0,-1.09,43,0,0.0,0.0,0.0,0.0,0.0,0.0
2026-07-30T10:55:15.070,1148.844,70,open,ACTUATOR_ACTIVE,TRAJECTORY_RUNNING,24.0,43,8,0,0.29,43,0,0.0,0.0,0.0,0.0,0.0,0.0
2026-07-30T10:55:15.582,1149.36,70,open,ACTUATOR_ACTIVE,TRAJECTORY_RUNNING,24.0,43,9,0,1.21,43,0,0.0,0.0,0.0,0.0,0.0,0.0
2026-07-30T10:55:16.073,1149.86,70,open,ACTUATOR_ACTIVE,TRAJECTORY_RUNNING,24.0,43,9,0,2.18,43,0,0.0,0.0,0.0,0.0,0.0,0.0
2026-07-30T10:55:16.570,1150.344,70,open,ACTUATOR_ACTIVE,TRAJECTORY_RUNNING,24.0,44,9,0,1.71,44,0,0.0,0.0,0.0,0.0,0.0,0.0
2026-07-30T10:55:17.080,1150.86,70,open,ACTUATOR_ACTIVE,TRAJECTORY_RUNNING,24.0,44,9,0,1.25,44,0,0.0,0.0,0.0,0.0,0.0,0.0
2026-07-30T10:55:17.572,1151.36,70,open,ACTUATOR_ACTIVE,TRAJECTORY_RUNNING,24.0,44,9,2,2.66,44,0,0.0,0.0,0.0,0.0,0.0,0.0
2026-07-30T10:55:18.177,1151.953,71,close,ACTUATOR_ACTIVE,TRAJECTORY_RUNNING,24.0,44,10,6,1.87,44,0,0.0,0.0,0.0,0.0,0.0,0.0
2026-07-30T10:55:18.690,1152.469,71,close,ACTUATOR_ACTIVE,TRAJECTORY_RUNNING,24.0,44,12,6,2.03,44,0,0.0,0.0,0.0,0.0,0.0,0.0
2026-07-30T10:55:19.185,1152.969,71,close,ACTUATOR_ACTIVE,TRAJECTORY_RUNNING,24.0,44,15,7,2.82,44,0,0.0,0.0,0.0,0.0,0.0,0.0
2026-07-30T10:55:19.676,1153.453,71,close,ACTUATOR_ACTIVE,TRAJECTORY_RUNNING,24.0,44,18,6,0.76,44,0,0.0,0.0,0.0,0.0,0.0,0.0
2026-07-30T10:55:20.192,1153.969,71,close,ACTUATOR_ACTIVE,TRAJECTORY_RUNNING,24.0,44,22,8,2.49,44,0,0.0,0.0,0.0,0.0,0.0,0.0
2026-07-30T10:55:20.686,1154.469,71,close,ACTUATOR_ACTIVE,TRAJECTORY_RUNNING,24.0,46,26,7,1.52,46,0,0.0,0.0,0.0,0.0,0.0,0.0
2026-07-30T10:55:21.183,1154.969,71,close,ACTUATOR_ACTIVE,TRAJECTORY_RUNNING,24.0,46,30,2,6.09,46,0,0.0,0.0,0.0,0.0,0.0,0.0
2026-07-30T10:55:21.685,1155.469,71,close,ACTUATOR_ACTIVE,TRAJECTORY_RUNNING,24.0,46,30,0,2.41,46,0,0.0,0.0,0.0,0.0,0.0,0.0
2026-07-30T10:55:22.176,1155.953,71,close,ACTUATOR_ACTIVE,TRAJECTORY_RUNNING,24.0,46,30,0,2.43,46,0,0.0,0.0,0.0,0.0,0.0,0.0
2026-07-30T10:55:22.689,1156.469,71,close,ACTUATOR_ACTIVE,TRAJECTORY_RUNNING,24.0,46,30,-1,2.83,46,0,0.0,0.0,0.0,0.0,0.0,0.0
2026-07-30T10:55:23.181,1156.953,71,close,ACTUATOR_ACTIVE,TRAJECTORY_STOPPED,24.0,46,30,0,1.68,46,0,0.0,0.0,0.0,0.0,0.0,0.0
2026-07-30T10:55:23.693,1157.469,71,close,ACTUATOR_ACTIVE,TRAJECTORY_STOPPED,24.0,46,30,0,1.98,46,0,0.0,0.0,0.0,0.0,0.0,0.0
2026-07-30T10:55:24.184,1157.969,71,close,ACTUATOR_ACTIVE,TRAJECTORY_RUNNING,24.0,46,30,0,2.08,46,0,0.0,0.0,0.0,0.0,0.0,0.0
2026-07-30T10:55:24.682,1158.469,71,close,ACTUATOR_ACTIVE,TRAJECTORY_RUNNING,24.0,45,30,0,1.78,45,0,0.0,0.0,0.0,0.0,0.0,0.0
2026-07-30T10:55:25.179,1158.953,71,close,ACTUATOR_ACTIVE,TRAJECTORY_RUNNING,24.0,45,30,-1,2.22,45,0,0.0,0.0,0.0,0.0,0.0,0.0
2026-07-30T10:55:25.690,1159.469,71,close,ACTUATOR_ACTIVE,TRAJECTORY_RUNNING,24.0,45,30,0,1.67,45,0,0.0,0.0,0.0,0.0,0.0,0.0
2026-07-30T10:55:26.299,1160.078,71,open,ACTUATOR_ACTIVE,TRAJECTORY_RUNNING,24.0,45,30,0,0.94,45,0,0.0,0.0,0.0,0.0,0.0,0.0
2026-07-30T10:55:26.796,1160.578,71,open,ACTUATOR_ACTIVE,TRAJECTORY_RUNNING,24.0,45,26,-11,-1.8,45,0,0.0,0.0,0.0,0.0,0.0,0.0
2026-07-30T10:55:27.291,1161.078,71,open,ACTUATOR_ACTIVE,TRAJECTORY_RUNNING,24.0,45,20,-11,-2.46,45,0,0.0,0.0,0.0,0.0,0.0,0.0
2026-07-30T10:55:27.784,1161.563,71,open,ACTUATOR_ACTIVE,TRAJECTORY_RUNNING,24.0,45,14,-11,-1.4,45,0,0.0,0.0,0.0,0.0,0.0,0.0
2026-07-30T10:55:28.293,1162.078,71,open,ACTUATOR_ACTIVE,TRAJECTORY_COMPLETE,24.0,45,9,0,0.55,45,0,0.0,0.0,0.0,0.0,0.0,0.0
2026-07-30T10:55:28.790,1162.563,71,open,ACTUATOR_ACTIVE,TRAJECTORY_COMPLETE,24.0,45,10,0,0.21,45,0,0.0,0.0,0.0,0.0,0.0,0.0
2026-07-30T10:55:29.301,1163.078,71,open,ACTUATOR_ACTIVE,TRAJECTORY_COMPLETE,24.0,45,9,0,0.38,45,0,0.0,0.0,0.0,0.0,0.0,0.0
2026-07-30T10:55:29.795,1163.578,71,open,ACTUATOR_ACTIVE,TRAJECTORY_COMPLETE,24.0,45,9,0,0.02,45,0,0.0,0.0,0.0,0.0,0.0,0.0
2026-07-30T10:55:30.296,1164.078,71,open,ACTUATOR_ACTIVE,TRAJECTORY_COMPLETE,24.0,45,9,0,-0.09,45,0,0.0,0.0,0.0,0.0,0.0,0.0
2026-07-30T10:55:30.787,1164.563,71,open,ACTUATOR_ACTIVE,TRAJECTORY_COMPLETE,24.0,45,9,0,0.14,45,0,0.0,0.0,0.0,0.0,0.0,0.0
2026-07-30T10:55:31.298,1165.078,71,open,ACTUATOR_ACTIVE,TRAJECTORY_COMPLETE,24.0,45,9,0,-0.17,45,0,0.0,0.0,0.0,0.0,0.0,0.0
2026-07-30T10:55:31.792,1165.578,71,open,ACTUATOR_ACTIVE,TRAJECTORY_COMPLETE,24.0,45,9,0,-0.16,45,0,0.0,0.0,0.0,0.0,0.0,0.0
2026-07-30T10:55:32.285,1166.063,71,open,ACTUATOR_ACTIVE,TRAJECTORY_COMPLETE,24.0,45,9,0,0.32,45,0,0.0,0.0,0.0,0.0,0.0,0.0
2026-07-30T10:55:32.793,1166.578,71,open,ACTUATOR_ACTIVE,TRAJECTORY_COMPLETE,24.0,45,9,0,0.09,45,0,0.0,0.0,0.0,0.0,0.0,0.0
2026-07-30T10:55:33.287,1167.063,71,open,ACTUATOR_ACTIVE,TRAJECTORY_COMPLETE,24.0,45,9,0,0.11,45,0,0.0,0.0,0.0,0.0,0.0,0.0
2026-07-30T10:55:33.797,1167.578,71,open,ACTUATOR_ACTIVE,TRAJECTORY_COMPLETE,24.0,45,9,0,-0.49,45,0,0.0,0.0,0.0,0.0,0.0,0.0
2026-07-30T10:55:34.406,1168.188,72,close,ACTUATOR_ACTIVE,TRAJECTORY_RUNNING,24.0,45,10,7,2.0,45,0,0.0,0.0,0.0,0.0,0.0,0.0
2026-07-30T10:55:34.903,1168.688,72,close,ACTUATOR_ACTIVE,TRAJECTORY_RUNNING,24.0,45,11,3,1.62,45,0,0.0,0.0,0.0,0.0,0.0,0.0
2026-07-30T10:55:35.398,1169.172,72,close,ACTUATOR_ACTIVE,TRAJECTORY_RUNNING,24.0,45,13,3,1.9,45,0,0.0,0.0,0.0,0.0,0.0,0.0
2026-07-30T10:55:35.908,1169.688,72,close,ACTUATOR_ACTIVE,TRAJECTORY_RUNNING,24.0,45,16,4,1.38,45,0,0.0,0.0,0.0,0.0,0.0,0.0
2026-07-30T10:55:36.406,1170.188,72,close,ACTUATOR_ACTIVE,TRAJECTORY_RUNNING,24.0,48,19,8,1.53,48,0,0.0,0.0,0.0,0.0,0.0,0.0
2026-07-30T10:55:36.902,1170.688,72,close,ACTUATOR_ACTIVE,TRAJECTORY_RUNNING,24.0,48,23,9,0.77,48,0,0.0,0.0,0.0,0.0,0.0,0.0
2026-07-30T10:55:37.396,1171.172,72,close,ACTUATOR_ACTIVE,TRAJECTORY_RUNNING,24.0,48,27,7,2.47,48,0,0.0,0.0,0.0,0.0,0.0,0.0
2026-07-30T10:55:37.911,1171.688,72,close,ACTUATOR_ACTIVE,TRAJECTORY_RUNNING,24.0,48,30,-1,6.9,48,0,0.0,0.0,0.0,0.0,0.0,0.0
2026-07-30T10:55:38.409,1172.188,72,close,ACTUATOR_ACTIVE,TRAJECTORY_RUNNING,24.0,48,30,0,2.45,48,0,0.0,0.0,0.0,0.0,0.0,0.0
2026-07-30T10:55:38.906,1172.688,72,close,ACTUATOR_ACTIVE,TRAJECTORY_RUNNING,24.0,48,30,0,2.42,48,0,0.0,0.0,0.0,0.0,0.0,0.0
2026-07-30T10:55:39.398,1173.172,72,close,ACTUATOR_ACTIVE,TRAJECTORY_STOPPED,24.0,48,30,0,2.05,48,0,0.0,0.0,0.0,0.0,0.0,0.0
2026-07-30T10:55:39.910,1173.688,72,close,ACTUATOR_ACTIVE,TRAJECTORY_RUNNING,24.0,48,30,-1,1.8,48,0,0.0,0.0,0.0,0.0,0.0,0.0
2026-07-30T10:55:40.405,1174.188,72,close,ACTUATOR_ACTIVE,TRAJECTORY_RUNNING,24.0,41,30,1,2.08,41,0,0.0,0.0,0.0,0.0,0.0,0.0
2026-07-30T10:55:40.901,1174.688,72,close,ACTUATOR_ACTIVE,TRAJECTORY_RUNNING,24.0,41,30,0,1.84,41,0,0.0,0.0,0.0,0.0,0.0,0.0
2026-07-30T10:55:41.395,1175.172,72,close,ACTUATOR_ACTIVE,TRAJECTORY_RUNNING,24.0,41,30,0,1.84,41,0,0.0,0.0,0.0,0.0,0.0,0.0
2026-07-30T10:55:41.902,1175.688,72,close,ACTUATOR_ACTIVE,TRAJECTORY_RUNNING,24.0,41,30,0,2.06,41,0,0.0,0.0,0.0,0.0,0.0,0.0
2026-07-30T10:55:42.511,1176.297,72,open,ACTUATOR_ACTIVE,TRAJECTORY_RUNNING,24.0,41,30,0,1.08,41,0,0.0,0.0,0.0,0.0,0.0,0.0
2026-07-30T10:55:43.007,1176.781,72,open,ACTUATOR_ACTIVE,TRAJECTORY_RUNNING,24.0,41,30,0,-1.05,41,0,0.0,0.0,0.0,0.0,0.0,0.0
2026-07-30T10:55:43.517,1177.297,72,open,ACTUATOR_ACTIVE,TRAJECTORY_RUNNING,24.0,41,29,-1,-1.05,41,0,0.0,0.0,0.0,0.0,0.0,0.0
2026-07-30T10:55:44.013,1177.797,72,open,ACTUATOR_ACTIVE,TRAJECTORY_RUNNING,24.0,41,28,-2,-0.49,41,0,0.0,0.0,0.0,0.0,0.0,0.0
2026-07-30T10:55:44.507,1178.281,72,open,ACTUATOR_ACTIVE,TRAJECTORY_RUNNING,24.0,46,26,-5,-1.33,46,0,0.0,0.0,0.0,0.0,0.0,0.0
2026-07-30T10:55:45.021,1178.797,72,open,ACTUATOR_ACTIVE,TRAJECTORY_RUNNING,24.0,46,23,-6,-1.25,46,0,0.0,0.0,0.0,0.0,0.0,0.0
2026-07-30T10:55:45.520,1179.297,72,open,ACTUATOR_ACTIVE,TRAJECTORY_RUNNING,24.0,46,19,-8,-0.45,46,0,0.0,0.0,0.0,0.0,0.0,0.0
2026-07-30T10:55:46.014,1179.797,72,open,ACTUATOR_ACTIVE,TRAJECTORY_RUNNING,24.0,46,15,-8,-2.23,46,0,0.0,0.0,0.0,0.0,0.0,0.0
2026-07-30T10:55:46.513,1180.297,72,open,ACTUATOR_ACTIVE,TRAJECTORY_RUNNING,24.0,46,10,-8,-1.83,46,0,0.0,0.0,0.0,0.0,0.0,0.0
2026-07-30T10:55:47.007,1180.781,72,open,ACTUATOR_ACTIVE,TRAJECTORY_RUNNING,24.0,46,9,0,-2.27,46,0,0.0,0.0,0.0,0.0,0.0,0.0
2026-07-30T10:55:47.523,1181.297,72,open,ACTUATOR_ACTIVE,TRAJECTORY_RUNNING,24.0,46,9,0,0.15,46,0,0.0,0.0,0.0,0.0,0.0,0.0
2026-07-30T10:55:48.018,1181.797,72,open,ACTUATOR_ACTIVE,TRAJECTORY_RUNNING,24.0,46,9,0,1.3,46,0,0.0,0.0,0.0,0.0,0.0,0.0
2026-07-30T10:55:48.511,1182.297,72,open,ACTUATOR_ACTIVE,TRAJECTORY_RUNNING,24.0,45,9,0,1.59,45,0,0.0,0.0,0.0,0.0,0.0,0.0
2026-07-30T10:55:49.006,1182.781,72,open,ACTUATOR_ACTIVE,TRAJECTORY_RUNNING,24.0,45,9,0,1.54,45,0,0.0,0.0,0.0,0.0,0.0,0.0
2026-07-30T10:55:49.516,1183.297,72,open,ACTUATOR_ACTIVE,TRAJECTORY_RUNNING,24.0,45,9,0,1.25,45,0,0.0,0.0,0.0,0.0,0.0,0.0
2026-07-30T10:55:50.018,1183.797,72,open,ACTUATOR_ACTIVE,TRAJECTORY_COMPLETE,24.0,45,10,1,0.28,45,0,0.0,0.0,0.0,0.0,0.0,0.0
2026-07-30T10:55:50.626,1184.406,73,close,ACTUATOR_ACTIVE,TRAJECTORY_RUNNING,24.0,45,10,7,1.56,45,0,0.0,0.0,0.0,0.0,0.0,0.0
2026-07-30T10:55:51.124,1184.906,73,close,ACTUATOR_ACTIVE,TRAJECTORY_RUNNING,24.0,45,11,2,1.4,45,0,0.0,0.0,0.0,0.0,0.0,0.0
2026-07-30T10:55:51.623,1185.406,73,close,ACTUATOR_ACTIVE,TRAJECTORY_RUNNING,24.0,45,13,2,2.5,45,0,0.0,0.0,0.0,0.0,0.0,0.0
2026-07-30T10:55:52.122,1185.906,73,close,ACTUATOR_ACTIVE,TRAJECTORY_RUNNING,24.0,45,15,6,2.28,45,0,0.0,0.0,0.0,0.0,0.0,0.0
2026-07-30T10:55:52.624,1186.406,73,close,ACTUATOR_ACTIVE,TRAJECTORY_RUNNING,24.0,45,18,6,1.7,45,0,0.0,0.0,0.0,0.0,0.0,0.0
2026-07-30T10:55:53.122,1186.906,73,close,ACTUATOR_ACTIVE,TRAJECTORY_RUNNING,24.0,45,22,6,1.84,45,0,0.0,0.0,0.0,0.0,0.0,0.0
2026-07-30T10:55:53.618,1187.391,73,close,ACTUATOR_ACTIVE,TRAJECTORY_RUNNING,24.0,45,26,9,2.03,45,0,0.0,0.0,0.0,0.0,0.0,0.0
2026-07-30T10:55:54.132,1187.906,73,close,ACTUATOR_ACTIVE,TRAJECTORY_RUNNING,24.0,45,30,3,5.25,45,0,0.0,0.0,0.0,0.0,0.0,0.0
2026-07-30T10:55:54.629,1188.406,73,close,ACTUATOR_ACTIVE,TRAJECTORY_RUNNING,24.0,45,30,-1,2.84,45,0,0.0,0.0,0.0,0.0,0.0,0.0
2026-07-30T10:55:55.121,1188.906,73,close,ACTUATOR_ACTIVE,TRAJECTORY_RUNNING,24.0,45,30,0,1.81,45,0,0.0,0.0,0.0,0.0,0.0,0.0
2026-07-30T10:55:55.618,1189.391,73,close,ACTUATOR_ACTIVE,TRAJECTORY_RUNNING,24.0,45,30,0,2.11,45,0,0.0,0.0,0.0,0.0,0.0,0.0
2026-07-30T10:55:56.133,1189.906,73,close,ACTUATOR_ACTIVE,TRAJECTORY_RUNNING,24.0,45,30,0,2.28,45,0,0.0,0.0,0.0,0.0,0.0,0.0
2026-07-30T10:55:56.631,1190.406,73,close,ACTUATOR_ACTIVE,TRAJECTORY_RUNNING,24.0,47,30,0,1.82,47,0,0.0,0.0,0.0,0.0,0.0,0.0
2026-07-30T10:55:57.125,1190.906,73,close,ACTUATOR_ACTIVE,TRAJECTORY_RUNNING,24.0,47,30,1,1.9,47,0,0.0,0.0,0.0,0.0,0.0,0.0
2026-07-30T10:55:57.620,1191.406,73,close,ACTUATOR_ACTIVE,TRAJECTORY_RUNNING,24.0,47,30,0,1.94,47,0,0.0,0.0,0.0,0.0,0.0,0.0
2026-07-30T10:55:58.122,1191.906,73,close,ACTUATOR_ACTIVE,TRAJECTORY_RUNNING,24.0,47,30,0,1.9,47,0,0.0,0.0,0.0,0.0,0.0,0.0
2026-07-30T10:55:58.730,1192.516,73,open,ACTUATOR_ACTIVE,TRAJECTORY_RUNNING,24.0,47,30,1,1.19,47,0,0.0,0.0,0.0,0.0,0.0,0.0
2026-07-30T10:55:59.226,1193.0,73,open,ACTUATOR_ACTIVE,TRAJECTORY_RUNNING,24.0,47,26,-10,-1.64,47,0,0.0,0.0,0.0,0.0,0.0,0.0
2026-07-30T10:55:59.740,1193.516,73,open,ACTUATOR_ACTIVE,TRAJECTORY_RUNNING,24.0,47,20,-11,-1.77,47,0,0.0,0.0,0.0,0.0,0.0,0.0
2026-07-30T10:56:00.236,1194.016,73,open,ACTUATOR_ACTIVE,TRAJECTORY_RUNNING,24.0,47,14,-12,-1.27,47,0,0.0,0.0,0.0,0.0,0.0,0.0
2026-07-30T10:56:00.732,1194.516,73,open,ACTUATOR_ACTIVE,TRAJECTORY_COMPLETE,24.0,46,9,1,0.47,46,0,0.0,0.0,0.0,0.0,0.0,0.0
2026-07-30T10:56:01.224,1195.0,73,open,ACTUATOR_ACTIVE,TRAJECTORY_COMPLETE,24.0,46,10,0,0.44,46,0,0.0,0.0,0.0,0.0,0.0,0.0
2026-07-30T10:56:01.734,1195.516,73,open,ACTUATOR_ACTIVE,TRAJECTORY_COMPLETE,24.0,46,10,-1,0.57,46,0,0.0,0.0,0.0,0.0,0.0,0.0
2026-07-30T10:56:02.233,1196.016,73,open,ACTUATOR_ACTIVE,TRAJECTORY_COMPLETE,24.0,46,9,0,0.29,46,0,0.0,0.0,0.0,0.0,0.0,0.0
2026-07-30T10:56:02.728,1196.516,73,open,ACTUATOR_ACTIVE,TRAJECTORY_COMPLETE,24.0,46,9,0,0.5,46,0,0.0,0.0,0.0,0.0,0.0,0.0
2026-07-30T10:56:03.225,1197.0,73,open,ACTUATOR_ACTIVE,TRAJECTORY_COMPLETE,24.0,46,10,0,0.31,46,0,0.0,0.0,0.0,0.0,0.0,0.0
2026-07-30T10:56:03.737,1197.516,73,open,ACTUATOR_ACTIVE,TRAJECTORY_COMPLETE,24.0,46,10,0,0.19,46,0,0.0,0.0,0.0,0.0,0.0,0.0
2026-07-30T10:56:04.230,1198.016,73,open,ACTUATOR_ACTIVE,TRAJECTORY_COMPLETE,24.0,46,10,0,-0.06,46,0,0.0,0.0,0.0,0.0,0.0,0.0
2026-07-30T10:56:04.729,1198.516,73,open,ACTUATOR_ACTIVE,TRAJECTORY_COMPLETE,24.0,43,10,0,-0.01,43,0,0.0,0.0,0.0,0.0,0.0,0.0
2026-07-30T10:56:05.232,1199.016,73,open,ACTUATOR_ACTIVE,TRAJECTORY_COMPLETE,24.0,43,10,0,0.15,43,0,0.0,0.0,0.0,0.0,0.0,0.0
2026-07-30T10:56:05.731,1199.516,73,open,ACTUATOR_ACTIVE,TRAJECTORY_COMPLETE,24.0,43,10,0,1.08,43,0,0.0,0.0,0.0,0.0,0.0,0.0
2026-07-30T10:56:06.229,1200.016,73,open,ACTUATOR_ACTIVE,TRAJECTORY_COMPLETE,24.0,43,10,0,-0.07,43,0,0.0,0.0,0.0,0.0,0.0,0.0
2026-07-30T10:56:06.841,1200.625,74,close,ACTUATOR_ACTIVE,TRAJECTORY_RUNNING,24.0,43,10,6,1.61,43,0,0.0,0.0,0.0,0.0,0.0,0.0
2026-07-30T10:56:07.334,1201.11,74,close,ACTUATOR_ACTIVE,TRAJECTORY_RUNNING,24.0,43,11,2,1.31,43,0,0.0,0.0,0.0,0.0,0.0,0.0
2026-07-30T10:56:07.851,1201.625,74,close,ACTUATOR_ACTIVE,TRAJECTORY_RUNNING,24.0,43,13,4,1.33,43,0,0.0,0.0,0.0,0.0,0.0,0.0
2026-07-30T10:56:08.349,1202.125,74,close,ACTUATOR_ACTIVE,TRAJECTORY_RUNNING,24.0,43,16,5,2.0,43,0,0.0,0.0,0.0,0.0,0.0,0.0
2026-07-30T10:56:08.843,1202.625,74,close,ACTUATOR_ACTIVE,TRAJECTORY_RUNNING,24.0,44,19,7,-0.0,44,0,0.0,0.0,0.0,0.0,0.0,0.0
2026-07-30T10:56:09.339,1203.125,74,close,ACTUATOR_ACTIVE,TRAJECTORY_RUNNING,24.0,44,23,9,1.64,44,0,0.0,0.0,0.0,0.0,0.0,0.0
2026-07-30T10:56:09.838,1203.625,74,close,ACTUATOR_ACTIVE,TRAJECTORY_RUNNING,24.0,44,27,10,2.26,44,0,0.0,0.0,0.0,0.0,0.0,0.0
2026-07-30T10:56:10.334,1204.11,74,close,ACTUATOR_ACTIVE,TRAJECTORY_RUNNING,24.0,44,30,0,7.49,44,0,0.0,0.0,0.0,0.0,0.0,0.0
2026-07-30T10:56:10.845,1204.625,74,close,ACTUATOR_ACTIVE,TRAJECTORY_RUNNING,24.0,44,30,0,2.72,44,0,0.0,0.0,0.0,0.0,0.0,0.0
2026-07-30T10:56:11.341,1205.125,74,close,ACTUATOR_ACTIVE,TRAJECTORY_RUNNING,24.0,44,30,-1,2.49,44,0,0.0,0.0,0.0,0.0,0.0,0.0
2026-07-30T10:56:11.836,1205.61,74,close,ACTUATOR_ACTIVE,TRAJECTORY_RUNNING,24.0,44,30,1,1.96,44,0,0.0,0.0,0.0,0.0,0.0,0.0
2026-07-30T10:56:12.341,1206.125,74,close,ACTUATOR_ACTIVE,TRAJECTORY_RUNNING,24.0,44,30,0,1.78,44,0,0.0,0.0,0.0,0.0,0.0,0.0
2026-07-30T10:56:12.842,1206.625,74,close,ACTUATOR_ACTIVE,TRAJECTORY_RUNNING,24.0,43,30,0,1.69,43,0,0.0,0.0,0.0,0.0,0.0,0.0
2026-07-30T10:56:13.337,1207.11,74,close,ACTUATOR_ACTIVE,TRAJECTORY_RUNNING,24.0,43,30,-1,1.84,43,0,0.0,0.0,0.0,0.0,0.0,0.0
2026-07-30T10:56:13.850,1207.625,74,close,ACTUATOR_ACTIVE,TRAJECTORY_RUNNING,24.0,43,30,1,1.92,43,0,0.0,0.0,0.0,0.0,0.0,0.0
2026-07-30T10:56:14.353,1208.125,74,close,ACTUATOR_ACTIVE,TRAJECTORY_RUNNING,24.0,43,30,-1,1.58,43,0,0.0,0.0,0.0,0.0,0.0,0.0
2026-07-30T10:56:14.960,1208.735,74,open,ACTUATOR_ACTIVE,TRAJECTORY_RUNNING,24.0,43,30,0,1.09,43,0,0.0,0.0,0.0,0.0,0.0,0.0
2026-07-30T10:56:15.474,1209.25,74,open,ACTUATOR_ACTIVE,TRAJECTORY_RUNNING,24.0,43,30,0,-0.73,43,0,0.0,0.0,0.0,0.0,0.0,0.0
2026-07-30T10:56:15.980,1209.766,74,open,ACTUATOR_ACTIVE,TRAJECTORY_RUNNING,24.0,43,29,-2,-0.23,43,0,0.0,0.0,0.0,0.0,0.0,0.0
2026-07-30T10:56:16.465,1210.25,74,open,ACTUATOR_ACTIVE,TRAJECTORY_RUNNING,24.0,43,28,-2,-0.83,43,0,0.0,0.0,0.0,0.0,0.0,0.0
2026-07-30T10:56:16.965,1210.75,74,open,ACTUATOR_ACTIVE,TRAJECTORY_RUNNING,24.0,43,26,-5,-0.73,43,0,0.0,0.0,0.0,0.0,0.0,0.0
2026-07-30T10:56:17.460,1211.235,74,open,ACTUATOR_ACTIVE,TRAJECTORY_RUNNING,24.0,43,23,-7,-1.6,43,0,0.0,0.0,0.0,0.0,0.0,0.0
2026-07-30T10:56:17.970,1211.75,74,open,ACTUATOR_ACTIVE,TRAJECTORY_RUNNING,24.0,43,19,-10,-1.74,43,0,0.0,0.0,0.0,0.0,0.0,0.0
2026-07-30T10:56:18.468,1212.25,74,open,ACTUATOR_ACTIVE,TRAJECTORY_RUNNING,24.0,43,14,-9,-2.32,43,0,0.0,0.0,0.0,0.0,0.0,0.0
2026-07-30T10:56:18.962,1212.735,74,open,ACTUATOR_ACTIVE,TRAJECTORY_RUNNING,24.0,43,10,-8,-2.98,43,0,0.0,0.0,0.0,0.0,0.0,0.0
2026-07-30T10:56:19.475,1213.25,74,open,ACTUATOR_ACTIVE,TRAJECTORY_RUNNING,24.0,43,8,-1,-0.85,43,0,0.0,0.0,0.0,0.0,0.0,0.0
2026-07-30T10:56:19.969,1213.75,74,open,ACTUATOR_ACTIVE,TRAJECTORY_RUNNING,24.0,43,8,0,0.69,43,0,0.0,0.0,0.0,0.0,0.0,0.0
2026-07-30T10:56:20.468,1214.25,74,open,ACTUATOR_ACTIVE,TRAJECTORY_RUNNING,24.0,46,9,0,1.32,46,0,0.0,0.0,0.0,0.0,0.0,0.0
2026-07-30T10:56:20.968,1214.75,74,open,ACTUATOR_ACTIVE,TRAJECTORY_RUNNING,24.0,46,9,0,2.03,46,0,0.0,0.0,0.0,0.0,0.0,0.0
2026-07-30T10:56:21.462,1215.235,74,open,ACTUATOR_ACTIVE,TRAJECTORY_RUNNING,24.0,46,9,0,1.95,46,0,0.0,0.0,0.0,0.0,0.0,0.0
2026-07-30T10:56:21.974,1215.75,74,open,ACTUATOR_ACTIVE,TRAJECTORY_RUNNING,24.0,46,9,0,1.91,46,0,0.0,0.0,0.0,0.0,0.0,0.0
2026-07-30T10:56:22.474,1216.25,74,open,ACTUATOR_ACTIVE,TRAJECTORY_RUNNING,24.0,46,9,0,1.39,46,0,0.0,0.0,0.0,0.0,0.0,0.0
2026-07-30T10:56:23.072,1216.86,75,close,ACTUATOR_ACTIVE,TRAJECTORY_RUNNING,24.0,46,10,8,1.59,46,0,0.0,0.0,0.0,0.0,0.0,0.0
2026-07-30T10:56:23.564,1217.344,75,close,ACTUATOR_ACTIVE,TRAJECTORY_RUNNING,24.0,46,13,7,2.59,46,0,0.0,0.0,0.0,0.0,0.0,0.0
2026-07-30T10:56:24.075,1217.86,75,close,ACTUATOR_ACTIVE,TRAJECTORY_RUNNING,24.0,46,17,6,2.58,46,0,0.0,0.0,0.0,0.0,0.0,0.0
2026-07-30T10:56:24.569,1218.344,75,close,ACTUATOR_ACTIVE,TRAJECTORY_RUNNING,24.0,41,21,9,1.2,41,0,0.0,0.0,0.0,0.0,0.0,0.0
2026-07-30T10:56:25.081,1218.86,75,close,ACTUATOR_ACTIVE,TRAJECTORY_RUNNING,24.0,41,25,8,1.96,41,0,0.0,0.0,0.0,0.0,0.0,0.0
2026-07-30T10:56:25.577,1219.36,75,close,ACTUATOR_ACTIVE,TRAJECTORY_RUNNING,24.0,41,29,8,2.9,41,0,0.0,0.0,0.0,0.0,0.0,0.0
2026-07-30T10:56:26.071,1219.844,75,close,ACTUATOR_ACTIVE,TRAJECTORY_RUNNING,24.0,41,30,1,2.71,41,0,0.0,0.0,0.0,0.0,0.0,0.0
2026-07-30T10:56:26.587,1220.36,75,close,ACTUATOR_ACTIVE,TRAJECTORY_RUNNING,24.0,41,30,-2,1.97,41,0,0.0,0.0,0.0,0.0,0.0,0.0
2026-07-30T10:56:27.085,1220.86,75,close,ACTUATOR_ACTIVE,TRAJECTORY_RUNNING,24.0,41,30,0,1.84,41,0,0.0,0.0,0.0,0.0,0.0,0.0
2026-07-30T10:56:27.582,1221.36,75,close,ACTUATOR_ACTIVE,TRAJECTORY_RUNNING,24.0,41,30,0,2.05,41,0,0.0,0.0,0.0,0.0,0.0,0.0
2026-07-30T10:56:28.081,1221.86,75,close,ACTUATOR_ACTIVE,TRAJECTORY_STOPPED,24.0,41,30,0,1.94,41,0,0.0,0.0,0.0,0.0,0.0,0.0
2026-07-30T10:56:28.577,1222.36,75,close,ACTUATOR_ACTIVE,TRAJECTORY_RUNNING,24.0,44,30,0,2.06,44,0,0.0,0.0,0.0,0.0,0.0,0.0
2026-07-30T10:56:29.073,1222.86,75,close,ACTUATOR_ACTIVE,TRAJECTORY_RUNNING,24.0,44,30,0,1.95,44,0,0.0,0.0,0.0,0.0,0.0,0.0
2026-07-30T10:56:29.567,1223.344,75,close,ACTUATOR_ACTIVE,TRAJECTORY_RUNNING,24.0,44,30,1,1.8,44,0,0.0,0.0,0.0,0.0,0.0,0.0
2026-07-30T10:56:30.081,1223.86,75,close,ACTUATOR_ACTIVE,TRAJECTORY_RUNNING,24.0,44,30,0,1.86,44,0,0.0,0.0,0.0,0.0,0.0,0.0
2026-07-30T10:56:30.572,1224.344,75,close,ACTUATOR_ACTIVE,TRAJECTORY_RUNNING,24.0,44,30,-1,1.72,44,0,0.0,0.0,0.0,0.0,0.0,0.0
2026-07-30T10:56:31.188,1224.969,75,open,ACTUATOR_ACTIVE,TRAJECTORY_RUNNING,24.0,44,30,0,1.08,44,0,0.0,0.0,0.0,0.0,0.0,0.0
2026-07-30T10:56:31.702,1225.485,75,open,ACTUATOR_ACTIVE,TRAJECTORY_RUNNING,24.0,44,30,0,-0.84,44,0,0.0,0.0,0.0,0.0,0.0,0.0
2026-07-30T10:56:32.197,1225.985,75,open,ACTUATOR_ACTIVE,TRAJECTORY_RUNNING,24.0,44,29,-2,-0.39,44,0,0.0,0.0,0.0,0.0,0.0,0.0
2026-07-30T10:56:32.693,1226.469,75,open,ACTUATOR_ACTIVE,TRAJECTORY_RUNNING,24.0,43,28,-2,-0.81,43,0,0.0,0.0,0.0,0.0,0.0,0.0
2026-07-30T10:56:33.201,1226.985,75,open,ACTUATOR_ACTIVE,TRAJECTORY_RUNNING,24.0,43,26,-3,-1.27,43,0,0.0,0.0,0.0,0.0,0.0,0.0
2026-07-30T10:56:33.689,1227.469,75,open,ACTUATOR_ACTIVE,TRAJECTORY_RUNNING,24.0,43,23,-8,-1.16,43,0,0.0,0.0,0.0,0.0,0.0,0.0
2026-07-30T10:56:34.200,1227.985,75,open,ACTUATOR_ACTIVE,TRAJECTORY_RUNNING,24.0,43,19,-10,-2.98,43,0,0.0,0.0,0.0,0.0,0.0,0.0
2026-07-30T10:56:34.698,1228.485,75,open,ACTUATOR_ACTIVE,TRAJECTORY_RUNNING,24.0,43,14,-9,-2.11,43,0,0.0,0.0,0.0,0.0,0.0,0.0
2026-07-30T10:56:35.196,1228.969,75,open,ACTUATOR_ACTIVE,TRAJECTORY_RUNNING,24.0,43,10,-9,-2.47,43,0,0.0,0.0,0.0,0.0,0.0,0.0
2026-07-30T10:56:35.710,1229.485,75,open,ACTUATOR_ACTIVE,TRAJECTORY_RUNNING,24.0,43,8,-1,-0.67,43,0,0.0,0.0,0.0,0.0,0.0,0.0
2026-07-30T10:56:36.210,1229.985,75,open,ACTUATOR_ACTIVE,TRAJECTORY_RUNNING,24.0,43,8,0,0.72,43,0,0.0,0.0,0.0,0.0,0.0,0.0
2026-07-30T10:56:36.709,1230.485,75,open,ACTUATOR_ACTIVE,TRAJECTORY_RUNNING,24.0,42,9,0,1.39,42,0,0.0,0.0,0.0,0.0,0.0,0.0
2026-07-30T10:56:37.207,1230.985,75,open,ACTUATOR_ACTIVE,TRAJECTORY_RUNNING,24.0,42,9,0,1.78,42,0,0.0,0.0,0.0,0.0,0.0,0.0
2026-07-30T10:56:37.701,1231.485,75,open,ACTUATOR_ACTIVE,TRAJECTORY_RUNNING,24.0,42,9,0,1.56,42,0,0.0,0.0,0.0,0.0,0.0,0.0
2026-07-30T10:56:38.202,1231.985,75,open,ACTUATOR_ACTIVE,TRAJECTORY_RUNNING,24.0,42,9,0,2.29,42,0,0.0,0.0,0.0,0.0,0.0,0.0
2026-07-30T10:56:38.697,1232.485,75,open,ACTUATOR_ACTIVE,TRAJECTORY_RUNNING,24.0,42,9,0,1.88,42,0,0.0,0.0,0.0,0.0,0.0,0.0
2026-07-30T10:56:39.302,1233.078,76,close,ACTUATOR_ACTIVE,TRAJECTORY_RUNNING,24.0,42,9,7,2.3,42,0,0.0,0.0,0.0,0.0,0.0,0.0
2026-07-30T10:56:39.813,1233.594,76,close,ACTUATOR_ACTIVE,TRAJECTORY_RUNNING,24.0,42,12,7,2.11,42,0,0.0,0.0,0.0,0.0,0.0,0.0
2026-07-30T10:56:40.313,1234.094,76,close,ACTUATOR_ACTIVE,TRAJECTORY_RUNNING,24.0,42,16,6,1.85,42,0,0.0,0.0,0.0,0.0,0.0,0.0
2026-07-30T10:56:40.812,1234.594,76,close,ACTUATOR_ACTIVE,TRAJECTORY_RUNNING,24.0,41,20,8,1.7,41,0,0.0,0.0,0.0,0.0,0.0,0.0
2026-07-30T10:56:41.310,1235.094,76,close,ACTUATOR_ACTIVE,TRAJECTORY_RUNNING,24.0,41,24,8,3.27,41,0,0.0,0.0,0.0,0.0,0.0,0.0
2026-07-30T10:56:41.807,1235.594,76,close,ACTUATOR_ACTIVE,TRAJECTORY_RUNNING,24.0,41,28,9,2.73,41,0,0.0,0.0,0.0,0.0,0.0,0.0
2026-07-30T10:56:42.305,1236.078,76,close,ACTUATOR_ACTIVE,TRAJECTORY_RUNNING,24.0,41,30,0,3.87,41,0,0.0,0.0,0.0,0.0,0.0,0.0
2026-07-30T10:56:42.819,1236.594,76,close,ACTUATOR_ACTIVE,TRAJECTORY_RUNNING,24.0,41,30,0,2.19,41,0,0.0,0.0,0.0,0.0,0.0,0.0
2026-07-30T10:56:43.316,1237.094,76,close,ACTUATOR_ACTIVE,TRAJECTORY_STOPPED,24.0,41,30,0,2.07,41,0,0.0,0.0,0.0,0.0,0.0,0.0
2026-07-30T10:56:43.812,1237.594,76,close,ACTUATOR_ACTIVE,TRAJECTORY_RUNNING,24.0,41,30,0,2.75,41,0,0.0,0.0,0.0,0.0,0.0,0.0
2026-07-30T10:56:44.304,1238.078,76,close,ACTUATOR_ACTIVE,TRAJECTORY_RUNNING,24.0,41,30,0,1.71,41,0,0.0,0.0,0.0,0.0,0.0,0.0
2026-07-30T10:56:44.822,1238.61,76,close,ACTUATOR_ACTIVE,TRAJECTORY_RUNNING,24.0,43,30,0,1.83,43,0,0.0,0.0,0.0,0.0,0.0,0.0
2026-07-30T10:56:45.304,1239.078,76,close,ACTUATOR_ACTIVE,TRAJECTORY_RUNNING,24.0,43,30,0,2.08,43,0,0.0,0.0,0.0,0.0,0.0,0.0
2026-07-30T10:56:45.818,1239.594,76,close,ACTUATOR_ACTIVE,TRAJECTORY_RUNNING,24.0,43,30,-1,2.71,43,0,0.0,0.0,0.0,0.0,0.0,0.0
2026-07-30T10:56:46.311,1240.094,76,close,ACTUATOR_ACTIVE,TRAJECTORY_RUNNING,24.0,43,30,1,2.07,43,0,0.0,0.0,0.0,0.0,0.0,0.0
2026-07-30T10:56:46.810,1240.594,76,close,ACTUATOR_ACTIVE,TRAJECTORY_RUNNING,24.0,43,30,0,1.97,43,0,0.0,0.0,0.0,0.0,0.0,0.0
2026-07-30T10:56:47.417,1241.203,76,open,ACTUATOR_ACTIVE,TRAJECTORY_RUNNING,24.0,43,30,0,0.68,43,0,0.0,0.0,0.0,0.0,0.0,0.0
2026-07-30T10:56:47.906,1241.688,76,open,ACTUATOR_ACTIVE,TRAJECTORY_RUNNING,24.0,43,25,-11,-0.45,43,0,0.0,0.0,0.0,0.0,0.0,0.0
2026-07-30T10:56:48.417,1242.203,76,open,ACTUATOR_ACTIVE,TRAJECTORY_RUNNING,24.0,44,20,-11,-0.77,44,0,0.0,0.0,0.0,0.0,0.0,0.0
2026-07-30T10:56:48.917,1242.703,76,open,ACTUATOR_ACTIVE,TRAJECTORY_RUNNING,24.0,44,14,-10,-2.83,44,0,0.0,0.0,0.0,0.0,0.0,0.0
2026-07-30T10:56:49.412,1243.188,76,open,ACTUATOR_ACTIVE,TRAJECTORY_COMPLETE,24.0,44,9,1,0.62,44,0,0.0,0.0,0.0,0.0,0.0,0.0
2026-07-30T10:56:49.925,1243.703,76,open,ACTUATOR_ACTIVE,TRAJECTORY_COMPLETE,24.0,44,9,-1,0.27,44,0,0.0,0.0,0.0,0.0,0.0,0.0
2026-07-30T10:56:50.417,1244.203,76,open,ACTUATOR_ACTIVE,TRAJECTORY_COMPLETE,24.0,44,9,0,-0.53,44,0,0.0,0.0,0.0,0.0,0.0,0.0
2026-07-30T10:56:50.909,1244.688,76,open,ACTUATOR_ACTIVE,TRAJECTORY_COMPLETE,24.0,44,9,0,0.42,44,0,0.0,0.0,0.0,0.0,0.0,0.0
2026-07-30T10:56:51.424,1245.203,76,open,ACTUATOR_ACTIVE,TRAJECTORY_COMPLETE,24.0,44,10,0,0.25,44,0,0.0,0.0,0.0,0.0,0.0,0.0
2026-07-30T10:56:51.921,1245.703,76,open,ACTUATOR_ACTIVE,TRAJECTORY_COMPLETE,24.0,44,9,0,0.13,44,0,0.0,0.0,0.0,0.0,0.0,0.0
2026-07-30T10:56:52.419,1246.203,76,open,ACTUATOR_ACTIVE,TRAJECTORY_COMPLETE,24.0,45,9,0,0.02,45,0,0.0,0.0,0.0,0.0,0.0,0.0
2026-07-30T10:56:52.921,1246.703,76,open,ACTUATOR_ACTIVE,TRAJECTORY_COMPLETE,24.0,45,10,0,-0.01,45,0,0.0,0.0,0.0,0.0,0.0,0.0
2026-07-30T10:56:53.417,1247.203,76,open,ACTUATOR_ACTIVE,TRAJECTORY_COMPLETE,24.0,45,10,1,0.29,45,0,0.0,0.0,0.0,0.0,0.0,0.0
2026-07-30T10:56:53.915,1247.688,76,open,ACTUATOR_ACTIVE,TRAJECTORY_COMPLETE,24.0,45,10,0,0.08,45,0,0.0,0.0,0.0,0.0,0.0,0.0
2026-07-30T10:56:54.428,1248.203,76,open,ACTUATOR_ACTIVE,TRAJECTORY_COMPLETE,24.0,45,10,0,0.14,45,0,0.0,0.0,0.0,0.0,0.0,0.0
2026-07-30T10:56:54.922,1248.703,76,open,ACTUATOR_ACTIVE,TRAJECTORY_COMPLETE,24.0,45,10,1,0.02,45,0,0.0,0.0,0.0,0.0,0.0,0.0
2026-07-30T10:56:55.527,1249.313,77,close,ACTUATOR_ACTIVE,TRAJECTORY_RUNNING,24.0,45,10,7,1.59,45,0,0.0,0.0,0.0,0.0,0.0,0.0
2026-07-30T10:56:56.023,1249.797,77,close,ACTUATOR_ACTIVE,TRAJECTORY_RUNNING,24.0,45,14,9,2.73,45,0,0.0,0.0,0.0,0.0,0.0,0.0
2026-07-30T10:56:56.533,1250.313,77,close,ACTUATOR_ACTIVE,TRAJECTORY_RUNNING,24.0,42,19,10,2.2,42,0,0.0,0.0,0.0,0.0,0.0,0.0
2026-07-30T10:56:57.031,1250.813,77,close,ACTUATOR_ACTIVE,TRAJECTORY_RUNNING,24.0,42,23,9,1.48,42,0,0.0,0.0,0.0,0.0,0.0,0.0
2026-07-30T10:56:57.525,1251.313,77,close,ACTUATOR_ACTIVE,TRAJECTORY_RUNNING,24.0,42,28,9,2.51,42,0,0.0,0.0,0.0,0.0,0.0,0.0
2026-07-30T10:56:58.022,1251.797,77,close,ACTUATOR_ACTIVE,TRAJECTORY_RUNNING,24.0,42,31,2,22.3,42,0,0.0,0.0,0.0,0.0,0.0,0.0
2026-07-30T10:56:58.537,1252.313,77,close,ACTUATOR_ACTIVE,TRAJECTORY_RUNNING,24.0,42,31,0,29.57,42,0,0.0,0.0,0.0,0.0,0.0,0.0
2026-07-30T10:56:59.031,1252.813,77,close,ACTUATOR_ACTIVE,TRAJECTORY_RUNNING,24.0,42,31,0,30.73,42,0,0.0,0.0,0.0,0.0,0.0,0.0
2026-07-30T10:56:59.527,1253.313,77,close,ACTUATOR_ACTIVE,TRAJECTORY_RUNNING,24.0,42,31,0,30.17,42,0,0.0,0.0,0.0,0.0,0.0,0.0
2026-07-30T10:57:00.020,1253.797,77,close,ACTUATOR_ACTIVE,TRAJECTORY_RUNNING,24.0,42,31,0,30.42,42,0,0.0,0.0,0.0,0.0,0.0,0.0
2026-07-30T10:57:00.528,1254.313,77,close,ACTUATOR_ACTIVE,TRAJECTORY_RUNNING,24.0,42,31,0,31.17,42,0,0.0,0.0,0.0,0.0,0.0,0.0
2026-07-30T10:57:01.027,1254.813,77,close,ACTUATOR_ACTIVE,TRAJECTORY_RUNNING,24.0,42,31,0,31.11,42,0,0.0,0.0,0.0,0.0,0.0,0.0
2026-07-30T10:57:01.521,1255.297,77,close,ACTUATOR_ACTIVE,TRAJECTORY_RUNNING,24.0,42,31,0,30.0,42,0,0.0,0.0,0.0,0.0,0.0,0.0
2026-07-30T10:57:02.033,1255.813,77,close,ACTUATOR_ACTIVE,TRAJECTORY_RUNNING,24.0,42,31,1,27.1,42,0,0.0,0.0,0.0,0.0,0.0,0.0
2026-07-30T10:57:02.529,1256.313,77,close,ACTUATOR_ACTIVE,TRAJECTORY_RUNNING,24.0,42,31,0,29.41,42,0,0.0,0.0,0.0,0.0,0.0,0.0
2026-07-30T10:57:03.019,1256.797,77,close,ACTUATOR_ACTIVE,TRAJECTORY_RUNNING,24.0,42,31,0,29.47,42,0,0.0,0.0,0.0,0.0,0.0,0.0
2026-07-30T10:57:03.638,1257.422,77,open,ACTUATOR_ACTIVE,TRAJECTORY_RUNNING,24.0,42,31,-1,5.24,42,0,0.0,0.0,0.0,0.0,0.0,0.0
2026-07-30T10:57:04.138,1257.922,77,open,ACTUATOR_ACTIVE,TRAJECTORY_RUNNING,24.0,42,30,-1,0.22,42,0,0.0,0.0,0.0,0.0,0.0,0.0
2026-07-30T10:57:04.632,1258.406,77,open,ACTUATOR_ACTIVE,TRAJECTORY_RUNNING,24.0,44,30,-1,-0.91,44,0,0.0,0.0,0.0,0.0,0.0,0.0
2026-07-30T10:57:05.146,1258.922,77,open,ACTUATOR_ACTIVE,TRAJECTORY_RUNNING,24.0,44,28,-3,-1.7,44,0,0.0,0.0,0.0,0.0,0.0,0.0
2026-07-30T10:57:05.645,1259.422,77,open,ACTUATOR_ACTIVE,TRAJECTORY_RUNNING,24.0,44,26,-4,-0.94,44,0,0.0,0.0,0.0,0.0,0.0,0.0
2026-07-30T10:57:06.140,1259.922,77,open,ACTUATOR_ACTIVE,TRAJECTORY_RUNNING,24.0,44,23,-6,-1.55,44,0,0.0,0.0,0.0,0.0,0.0,0.0
2026-07-30T10:57:06.639,1260.422,77,open,ACTUATOR_ACTIVE,TRAJECTORY_RUNNING,24.0,44,19,-8,-1.43,44,0,0.0,0.0,0.0,0.0,0.0,0.0
2026-07-30T10:57:07.135,1260.922,77,open,ACTUATOR_ACTIVE,TRAJECTORY_RUNNING,24.0,44,15,-10,-2.57,44,0,0.0,0.0,0.0,0.0,0.0,0.0
2026-07-30T10:57:07.634,1261.406,77,open,ACTUATOR_ACTIVE,TRAJECTORY_RUNNING,24.0,44,10,-8,-1.36,44,0,0.0,0.0,0.0,0.0,0.0,0.0
2026-07-30T10:57:08.146,1261.922,77,open,ACTUATOR_ACTIVE,TRAJECTORY_RUNNING,24.0,44,8,0,-2.84,44,0,0.0,0.0,0.0,0.0,0.0,0.0
2026-07-30T10:57:08.640,1262.422,77,open,ACTUATOR_ACTIVE,TRAJECTORY_RUNNING,24.0,43,8,0,0.11,43,0,0.0,0.0,0.0,0.0,0.0,0.0
2026-07-30T10:57:09.137,1262.922,77,open,ACTUATOR_ACTIVE,TRAJECTORY_RUNNING,24.0,43,9,1,1.23,43,0,0.0,0.0,0.0,0.0,0.0,0.0
2026-07-30T10:57:09.631,1263.406,77,open,ACTUATOR_ACTIVE,TRAJECTORY_RUNNING,24.0,43,9,0,1.09,43,0,0.0,0.0,0.0,0.0,0.0,0.0
2026-07-30T10:57:10.146,1263.922,77,open,ACTUATOR_ACTIVE,TRAJECTORY_RUNNING,24.0,43,9,0,1.76,43,0,0.0,0.0,0.0,0.0,0.0,0.0
2026-07-30T10:57:10.642,1264.422,77,open,ACTUATOR_ACTIVE,TRAJECTORY_RUNNING,24.0,43,9,0,2.94,43,0,0.0,0.0,0.0,0.0,0.0,0.0
2026-07-30T10:57:11.132,1264.906,77,open,ACTUATOR_ACTIVE,TRAJECTORY_RUNNING,24.0,43,9,0,2.61,43,0,0.0,0.0,0.0,0.0,0.0,0.0
2026-07-30T10:57:11.753,1265.531,78,close,ACTUATOR_ACTIVE,TRAJECTORY_RUNNING,24.0,43,9,7,2.41,43,0,0.0,0.0,0.0,0.0,0.0,0.0
2026-07-30T10:57:12.249,1266.031,78,close,ACTUATOR_ACTIVE,TRAJECTORY_RUNNING,24.0,43,12,6,1.62,43,0,0.0,0.0,0.0,0.0,0.0,0.0
2026-07-30T10:57:12.746,1266.531,78,close,ACTUATOR_ACTIVE,TRAJECTORY_RUNNING,24.0,43,15,4,1.23,43,0,0.0,0.0,0.0,0.0,0.0,0.0
2026-07-30T10:57:13.244,1267.031,78,close,ACTUATOR_ACTIVE,TRAJECTORY_RUNNING,24.0,43,19,8,1.41,43,0,0.0,0.0,0.0,0.0,0.0,0.0
2026-07-30T10:57:13.741,1267.516,78,close,ACTUATOR_ACTIVE,TRAJECTORY_RUNNING,24.0,43,23,8,2.52,43,0,0.0,0.0,0.0,0.0,0.0,0.0
2026-07-30T10:57:14.255,1268.031,78,close,ACTUATOR_ACTIVE,TRAJECTORY_RUNNING,24.0,43,27,8,2.03,43,0,0.0,0.0,0.0,0.0,0.0,0.0
2026-07-30T10:57:14.754,1268.531,78,close,ACTUATOR_ACTIVE,TRAJECTORY_RUNNING,24.0,43,30,1,5.54,43,0,0.0,0.0,0.0,0.0,0.0,0.0
2026-07-30T10:57:15.250,1269.031,78,close,ACTUATOR_ACTIVE,TRAJECTORY_STOPPED,24.0,43,30,1,2.13,43,0,0.0,0.0,0.0,0.0,0.0,0.0
2026-07-30T10:57:15.747,1269.531,78,close,ACTUATOR_ACTIVE,TRAJECTORY_RUNNING,24.0,43,30,-1,1.72,43,0,0.0,0.0,0.0,0.0,0.0,0.0
2026-07-30T10:57:16.248,1270.031,78,close,ACTUATOR_ACTIVE,TRAJECTORY_RUNNING,24.0,43,30,0,1.87,43,0,0.0,0.0,0.0,0.0,0.0,0.0
2026-07-30T10:57:16.741,1270.516,78,close,ACTUATOR_ACTIVE,TRAJECTORY_STOPPED,24.0,39,30,0,1.88,39,0,0.0,0.0,0.0,0.0,0.0,0.0
2026-07-30T10:57:17.251,1271.031,78,close,ACTUATOR_ACTIVE,TRAJECTORY_RUNNING,24.0,39,30,0,1.77,39,0,0.0,0.0,0.0,0.0,0.0,0.0
2026-07-30T10:57:17.745,1271.531,78,close,ACTUATOR_ACTIVE,TRAJECTORY_RUNNING,24.0,39,30,0,1.8,39,0,0.0,0.0,0.0,0.0,0.0,0.0
2026-07-30T10:57:18.238,1272.016,78,close,ACTUATOR_ACTIVE,TRAJECTORY_RUNNING,24.0,39,30,0,2.03,39,0,0.0,0.0,0.0,0.0,0.0,0.0
2026-07-30T10:57:18.744,1272.531,78,close,ACTUATOR_ACTIVE,TRAJECTORY_RUNNING,24.0,39,30,0,1.71,39,0,0.0,0.0,0.0,0.0,0.0,0.0
2026-07-30T10:57:19.236,1273.016,78,close,ACTUATOR_ACTIVE,TRAJECTORY_RUNNING,24.0,39,30,0,1.74,39,0,0.0,0.0,0.0,0.0,0.0,0.0
2026-07-30T10:57:19.858,1273.641,78,open,ACTUATOR_ACTIVE,TRAJECTORY_RUNNING,24.0,39,30,0,0.6,39,0,0.0,0.0,0.0,0.0,0.0,0.0
2026-07-30T10:57:20.356,1274.141,78,open,ACTUATOR_ACTIVE,TRAJECTORY_RUNNING,24.0,39,30,0,-0.29,39,0,0.0,0.0,0.0,0.0,0.0,0.0
2026-07-30T10:57:20.847,1274.625,78,open,ACTUATOR_ACTIVE,TRAJECTORY_RUNNING,24.0,46,29,-1,-0.97,46,0,0.0,0.0,0.0,0.0,0.0,0.0
2026-07-30T10:57:21.359,1275.141,78,open,ACTUATOR_ACTIVE,TRAJECTORY_RUNNING,24.0,46,28,-4,-0.23,46,0,0.0,0.0,0.0,0.0,0.0,0.0
2026-07-30T10:57:21.857,1275.641,78,open,ACTUATOR_ACTIVE,TRAJECTORY_RUNNING,24.0,46,26,-4,-1.06,46,0,0.0,0.0,0.0,0.0,0.0,0.0
2026-07-30T10:57:22.357,1276.141,78,open,ACTUATOR_ACTIVE,TRAJECTORY_RUNNING,24.0,46,23,-7,-1.13,46,0,0.0,0.0,0.0,0.0,0.0,0.0
2026-07-30T10:57:22.857,1276.641,78,open,ACTUATOR_ACTIVE,TRAJECTORY_RUNNING,24.0,46,20,-8,-0.72,46,0,0.0,0.0,0.0,0.0,0.0,0.0
2026-07-30T10:57:23.354,1277.141,78,open,ACTUATOR_ACTIVE,TRAJECTORY_RUNNING,24.0,46,15,-10,-2.28,46,0,0.0,0.0,0.0,0.0,0.0,0.0
2026-07-30T10:57:23.851,1277.625,78,open,ACTUATOR_ACTIVE,TRAJECTORY_RUNNING,24.0,46,11,-8,-2.72,46,0,0.0,0.0,0.0,0.0,0.0,0.0
2026-07-30T10:57:24.357,1278.141,78,open,ACTUATOR_ACTIVE,TRAJECTORY_RUNNING,24.0,46,8,0,-1.58,46,0,0.0,0.0,0.0,0.0,0.0,0.0
2026-07-30T10:57:24.855,1278.641,78,open,ACTUATOR_ACTIVE,TRAJECTORY_RUNNING,24.0,46,8,1,-0.03,46,0,0.0,0.0,0.0,0.0,0.0,0.0
2026-07-30T10:57:25.349,1279.125,78,open,ACTUATOR_ACTIVE,TRAJECTORY_RUNNING,24.0,46,9,0,1.22,46,0,0.0,0.0,0.0,0.0,0.0,0.0
2026-07-30T10:57:25.863,1279.641,78,open,ACTUATOR_ACTIVE,TRAJECTORY_RUNNING,24.0,46,9,0,1.63,46,0,0.0,0.0,0.0,0.0,0.0,0.0
2026-07-30T10:57:26.360,1280.141,78,open,ACTUATOR_ACTIVE,TRAJECTORY_RUNNING,24.0,46,9,0,1.76,46,0,0.0,0.0,0.0,0.0,0.0,0.0
2026-07-30T10:57:26.858,1280.641,78,open,ACTUATOR_ACTIVE,TRAJECTORY_RUNNING,24.0,46,9,0,2.03,46,0,0.0,0.0,0.0,0.0,0.0,0.0
2026-07-30T10:57:27.351,1281.125,78,open,ACTUATOR_ACTIVE,TRAJECTORY_RUNNING,24.0,46,9,0,2.03,46,0,0.0,0.0,0.0,0.0,0.0,0.0
2026-07-30T10:57:27.970,1281.75,79,close,ACTUATOR_ACTIVE,TRAJECTORY_RUNNING,24.0,46,9,7,1.8,46,0,0.0,0.0,0.0,0.0,0.0,0.0
2026-07-30T10:57:28.488,1282.266,79,close,ACTUATOR_ACTIVE,TRAJECTORY_RUNNING,24.0,46,12,6,0.89,46,0,0.0,0.0,0.0,0.0,0.0,0.0
2026-07-30T10:57:28.987,1282.766,79,close,ACTUATOR_ACTIVE,TRAJECTORY_RUNNING,24.0,46,15,7,1.78,46,0,0.0,0.0,0.0,0.0,0.0,0.0
2026-07-30T10:57:29.483,1283.266,79,close,ACTUATOR_ACTIVE,TRAJECTORY_RUNNING,24.0,46,19,6,1.92,46,0,0.0,0.0,0.0,0.0,0.0,0.0
2026-07-30T10:57:29.976,1283.75,79,close,ACTUATOR_ACTIVE,TRAJECTORY_RUNNING,24.0,46,23,8,0.81,46,0,0.0,0.0,0.0,0.0,0.0,0.0
2026-07-30T10:57:30.489,1284.266,79,close,ACTUATOR_ACTIVE,TRAJECTORY_RUNNING,24.0,46,27,6,2.46,46,0,0.0,0.0,0.0,0.0,0.0,0.0
2026-07-30T10:57:30.983,1284.766,79,close,ACTUATOR_ACTIVE,TRAJECTORY_RUNNING,24.0,46,30,0,6.07,46,0,0.0,0.0,0.0,0.0,0.0,0.0
2026-07-30T10:57:31.480,1285.266,79,close,ACTUATOR_ACTIVE,TRAJECTORY_STOPPED,24.0,46,30,0,2.26,46,0,0.0,0.0,0.0,0.0,0.0,0.0
2026-07-30T10:57:31.977,1285.75,79,close,ACTUATOR_ACTIVE,TRAJECTORY_RUNNING,24.0,46,30,0,2.48,46,0,0.0,0.0,0.0,0.0,0.0,0.0
2026-07-30T10:57:32.496,1286.281,79,close,ACTUATOR_ACTIVE,TRAJECTORY_RUNNING,24.0,43,30,1,1.91,43,0,0.0,0.0,0.0,0.0,0.0,0.0
2026-07-30T10:57:32.978,1286.766,79,close,ACTUATOR_ACTIVE,TRAJECTORY_STOPPED,24.0,43,30,0,1.84,43,0,0.0,0.0,0.0,0.0,0.0,0.0
2026-07-30T10:57:33.476,1287.25,79,close,ACTUATOR_ACTIVE,TRAJECTORY_RUNNING,24.0,43,30,0,2.05,43,0,0.0,0.0,0.0,0.0,0.0,0.0
2026-07-30T10:57:33.988,1287.766,79,close,ACTUATOR_ACTIVE,TRAJECTORY_RUNNING,24.0,43,30,0,1.87,43,0,0.0,0.0,0.0,0.0,0.0,0.0
2026-07-30T10:57:34.478,1288.266,79,close,ACTUATOR_ACTIVE,TRAJECTORY_RUNNING,24.0,43,30,-1,1.77,43,0,0.0,0.0,0.0,0.0,0.0,0.0
2026-07-30T10:57:34.971,1288.75,79,close,ACTUATOR_ACTIVE,TRAJECTORY_RUNNING,24.0,43,30,0,1.79,43,0,0.0,0.0,0.0,0.0,0.0,0.0
2026-07-30T10:57:35.485,1289.266,79,close,ACTUATOR_ACTIVE,TRAJECTORY_RUNNING,24.0,43,30,0,1.97,43,0,0.0,0.0,0.0,0.0,0.0,0.0
2026-07-30T10:57:36.093,1289.875,79,open,ACTUATOR_ACTIVE,TRAJECTORY_RUNNING,24.0,43,30,0,0.68,43,0,0.0,0.0,0.0,0.0,0.0,0.0
2026-07-30T10:57:36.593,1290.375,79,open,ACTUATOR_ACTIVE,TRAJECTORY_RUNNING,24.0,46,26,-10,-1.83,46,0,0.0,0.0,0.0,0.0,0.0,0.0
2026-07-30T10:57:37.092,1290.875,79,open,ACTUATOR_ACTIVE,TRAJECTORY_RUNNING,24.0,46,20,-11,-1.8,46,0,0.0,0.0,0.0,0.0,0.0,0.0
2026-07-30T10:57:37.589,1291.375,79,open,ACTUATOR_ACTIVE,TRAJECTORY_RUNNING,24.0,46,14,-11,-2.27,46,0,0.0,0.0,0.0,0.0,0.0,0.0
2026-07-30T10:57:38.087,1291.86,79,open,ACTUATOR_ACTIVE,TRAJECTORY_COMPLETE,24.0,46,9,0,-0.24,46,0,0.0,0.0,0.0,0.0,0.0,0.0
2026-07-30T10:57:38.595,1292.375,79,open,ACTUATOR_ACTIVE,TRAJECTORY_COMPLETE,24.0,46,10,0,-1.38,46,0,0.0,0.0,0.0,0.0,0.0,0.0
2026-07-30T10:57:39.093,1292.875,79,open,ACTUATOR_ACTIVE,TRAJECTORY_COMPLETE,24.0,46,10,2,-0.32,46,0,0.0,0.0,0.0,0.0,0.0,0.0
2026-07-30T10:57:39.593,1293.375,79,open,ACTUATOR_ACTIVE,TRAJECTORY_COMPLETE,24.0,46,10,0,-0.72,46,0,0.0,0.0,0.0,0.0,0.0,0.0
2026-07-30T10:57:40.086,1293.86,79,open,ACTUATOR_ACTIVE,TRAJECTORY_COMPLETE,24.0,46,10,0,0.01,46,0,0.0,0.0,0.0,0.0,0.0,0.0
2026-07-30T10:57:40.594,1294.375,79,open,ACTUATOR_ACTIVE,TRAJECTORY_COMPLETE,24.0,39,10,-1,0.0,39,0,0.0,0.0,0.0,0.0,0.0,0.0
2026-07-30T10:57:41.086,1294.86,79,open,ACTUATOR_ACTIVE,TRAJECTORY_COMPLETE,24.0,39,10,0,0.18,39,0,0.0,0.0,0.0,0.0,0.0,0.0
2026-07-30T10:57:41.595,1295.375,79,open,ACTUATOR_ACTIVE,TRAJECTORY_COMPLETE,24.0,39,9,0,-0.1,39,0,0.0,0.0,0.0,0.0,0.0,0.0
2026-07-30T10:57:42.094,1295.875,79,open,ACTUATOR_ACTIVE,TRAJECTORY_COMPLETE,24.0,39,9,0,0.17,39,0,0.0,0.0,0.0,0.0,0.0,0.0
2026-07-30T10:57:42.594,1296.375,79,open,ACTUATOR_ACTIVE,TRAJECTORY_COMPLETE,24.0,39,9,0,1.6,39,0,0.0,0.0,0.0,0.0,0.0,0.0
2026-07-30T10:57:43.087,1296.875,79,open,ACTUATOR_ACTIVE,TRAJECTORY_COMPLETE,24.0,39,9,0,0.34,39,0,0.0,0.0,0.0,0.0,0.0,0.0
2026-07-30T10:57:43.582,1297.36,79,open,ACTUATOR_ACTIVE,TRAJECTORY_COMPLETE,24.0,39,9,-1,-0.26,39,0,0.0,0.0,0.0,0.0,0.0,0.0
2026-07-30T10:57:44.196,1297.969,80,close,ACTUATOR_ACTIVE,TRAJECTORY_RUNNING,24.0,39,10,6,2.46,39,0,0.0,0.0,0.0,0.0,0.0,0.0
2026-07-30T10:57:44.706,1298.485,80,close,ACTUATOR_ACTIVE,TRAJECTORY_RUNNING,24.0,44,11,2,1.35,44,0,0.0,0.0,0.0,0.0,0.0,0.0
2026-07-30T10:57:45.204,1298.985,80,close,ACTUATOR_ACTIVE,TRAJECTORY_RUNNING,24.0,44,13,5,1.42,44,0,0.0,0.0,0.0,0.0,0.0,0.0
2026-07-30T10:57:45.701,1299.485,80,close,ACTUATOR_ACTIVE,TRAJECTORY_RUNNING,24.0,44,16,6,1.86,44,0,0.0,0.0,0.0,0.0,0.0,0.0
2026-07-30T10:57:46.200,1299.985,80,close,ACTUATOR_ACTIVE,TRAJECTORY_RUNNING,24.0,44,19,8,0.88,44,0,0.0,0.0,0.0,0.0,0.0,0.0
2026-07-30T10:57:46.694,1300.469,80,close,ACTUATOR_ACTIVE,TRAJECTORY_RUNNING,24.0,44,23,9,2.43,44,0,0.0,0.0,0.0,0.0,0.0,0.0
2026-07-30T10:57:47.204,1300.985,80,close,ACTUATOR_ACTIVE,TRAJECTORY_RUNNING,24.0,44,27,7,1.42,44,0,0.0,0.0,0.0,0.0,0.0,0.0
2026-07-30T10:57:47.701,1301.485,80,close,ACTUATOR_ACTIVE,TRAJECTORY_RUNNING,24.0,44,30,-1,6.3,44,0,0.0,0.0,0.0,0.0,0.0,0.0
2026-07-30T10:57:48.197,1301.985,80,close,ACTUATOR_ACTIVE,TRAJECTORY_RUNNING,24.0,44,30,-1,2.48,44,0,0.0,0.0,0.0,0.0,0.0,0.0
2026-07-30T10:57:48.691,1302.469,80,close,ACTUATOR_ACTIVE,TRAJECTORY_RUNNING,24.0,43,30,0,2.2,43,0,0.0,0.0,0.0,0.0,0.0,0.0
2026-07-30T10:57:49.204,1302.985,80,close,ACTUATOR_ACTIVE,TRAJECTORY_STOPPED,24.0,43,30,0,2.11,43,0,0.0,0.0,0.0,0.0,0.0,0.0
2026-07-30T10:57:49.698,1303.485,80,close,ACTUATOR_ACTIVE,TRAJECTORY_RUNNING,24.0,43,30,0,1.73,43,0,0.0,0.0,0.0,0.0,0.0,0.0
2026-07-30T10:57:50.195,1303.969,80,close,ACTUATOR_ACTIVE,TRAJECTORY_RUNNING,24.0,43,30,0,2.33,43,0,0.0,0.0,0.0,0.0,0.0,0.0
2026-07-30T10:57:50.709,1304.485,80,close,ACTUATOR_ACTIVE,TRAJECTORY_RUNNING,24.0,43,30,0,2.36,43,0,0.0,0.0,0.0,0.0,0.0,0.0
2026-07-30T10:57:51.201,1304.985,80,close,ACTUATOR_ACTIVE,TRAJECTORY_RUNNING,24.0,43,30,-1,1.82,43,0,0.0,0.0,0.0,0.0,0.0,0.0
2026-07-30T10:57:51.702,1305.485,80,close,ACTUATOR_ACTIVE,TRAJECTORY_STOPPED,24.0,43,30,0,1.66,43,0,0.0,0.0,0.0,0.0,0.0,0.0
2026-07-30T10:57:52.316,1306.094,80,open,ACTUATOR_ACTIVE,TRAJECTORY_RUNNING,24.0,43,30,0,0.68,43,0,0.0,0.0,0.0,0.0,0.0,0.0
2026-07-30T10:57:52.814,1306.594,80,open,ACTUATOR_ACTIVE,TRAJECTORY_RUNNING,24.0,45,25,-11,-0.96,45,0,0.0,0.0,0.0,0.0,0.0,0.0
2026-07-30T10:57:53.315,1307.094,80,open,ACTUATOR_ACTIVE,TRAJECTORY_RUNNING,24.0,45,20,-11,-1.13,45,0,0.0,0.0,0.0,0.0,0.0,0.0
2026-07-30T10:57:53.816,1307.594,80,open,ACTUATOR_ACTIVE,TRAJECTORY_RUNNING,24.0,45,14,-13,-3.18,45,0,0.0,0.0,0.0,0.0,0.0,0.0
2026-07-30T10:57:54.311,1308.094,80,open,ACTUATOR_ACTIVE,TRAJECTORY_COMPLETE,24.0,45,9,0,1.25,45,0,0.0,0.0,0.0,0.0,0.0,0.0
2026-07-30T10:57:54.808,1308.594,80,open,ACTUATOR_ACTIVE,TRAJECTORY_COMPLETE,24.0,45,10,0,0.08,45,0,0.0,0.0,0.0,0.0,0.0,0.0
2026-07-30T10:57:55.301,1309.078,80,open,ACTUATOR_ACTIVE,TRAJECTORY_COMPLETE,24.0,45,9,0,0.21,45,0,0.0,0.0,0.0,0.0,0.0,0.0
2026-07-30T10:57:55.817,1309.594,80,open,ACTUATOR_ACTIVE,TRAJECTORY_COMPLETE,24.0,45,9,0,0.21,45,0,0.0,0.0,0.0,0.0,0.0,0.0
2026-07-30T10:57:56.316,1310.094,80,open,ACTUATOR_ACTIVE,TRAJECTORY_COMPLETE,24.0,45,9,0,0.14,45,0,0.0,0.0,0.0,0.0,0.0,0.0
2026-07-30T10:57:56.810,1310.594,80,open,ACTUATOR_ACTIVE,TRAJECTORY_COMPLETE,24.0,39,9,0,0.14,39,0,0.0,0.0,0.0,0.0,0.0,0.0
2026-07-30T10:57:57.306,1311.094,80,open,ACTUATOR_ACTIVE,TRAJECTORY_COMPLETE,24.0,39,9,0,0.02,39,0,0.0,0.0,0.0,0.0,0.0,0.0
2026-07-30T10:57:57.802,1311.578,80,open,ACTUATOR_ACTIVE,TRAJECTORY_COMPLETE,24.0,39,9,0,0.09,39,0,0.0,0.0,0.0,0.0,0.0,0.0
2026-07-30T10:57:58.317,1312.094,80,open,ACTUATOR_ACTIVE,TRAJECTORY_COMPLETE,24.0,39,9,0,0.01,39,0,0.0,0.0,0.0,0.0,0.0,0.0
2026-07-30T10:57:58.816,1312.594,80,open,ACTUATOR_ACTIVE,TRAJECTORY_COMPLETE,24.0,39,9,0,0.06,39,0,0.0,0.0,0.0,0.0,0.0,0.0
2026-07-30T10:57:59.315,1313.094,80,open,ACTUATOR_ACTIVE,TRAJECTORY_COMPLETE,24.0,39,9,0,-0.12,39,0,0.0,0.0,0.0,0.0,0.0,0.0
2026-07-30T10:57:59.813,1313.594,80,open,ACTUATOR_ACTIVE,TRAJECTORY_COMPLETE,24.0,39,9,0,-0.5,39,0,0.0,0.0,0.0,0.0,0.0,0.0
2026-07-30T10:58:00.423,1314.203,81,close,ACTUATOR_ACTIVE,TRAJECTORY_RUNNING,24.0,48,10,6,0.08,48,0,0.0,0.0,0.0,0.0,0.0,0.0
2026-07-30T10:58:00.913,1314.688,81,close,ACTUATOR_ACTIVE,TRAJECTORY_RUNNING,24.0,48,12,5,0.95,48,0,0.0,0.0,0.0,0.0,0.0,0.0
2026-07-30T10:58:01.427,1315.203,81,close,ACTUATOR_ACTIVE,TRAJECTORY_RUNNING,24.0,48,14,5,1.43,48,0,0.0,0.0,0.0,0.0,0.0,0.0
2026-07-30T10:58:01.921,1315.703,81,close,ACTUATOR_ACTIVE,TRAJECTORY_RUNNING,24.0,48,17,5,1.89,48,0,0.0,0.0,0.0,0.0,0.0,0.0
2026-07-30T10:58:02.419,1316.203,81,close,ACTUATOR_ACTIVE,TRAJECTORY_RUNNING,24.0,48,20,7,1.74,48,0,0.0,0.0,0.0,0.0,0.0,0.0
2026-07-30T10:58:02.916,1316.703,81,close,ACTUATOR_ACTIVE,TRAJECTORY_RUNNING,24.0,48,24,9,2.46,48,0,0.0,0.0,0.0,0.0,0.0,0.0
2026-07-30T10:58:03.414,1317.188,81,close,ACTUATOR_ACTIVE,TRAJECTORY_RUNNING,24.0,48,28,9,2.57,48,0,0.0,0.0,0.0,0.0,0.0,0.0
2026-07-30T10:58:03.927,1317.703,81,close,ACTUATOR_ACTIVE,TRAJECTORY_RUNNING,24.0,48,30,0,4.49,48,0,0.0,0.0,0.0,0.0,0.0,0.0
2026-07-30T10:58:04.420,1318.203,81,close,ACTUATOR_ACTIVE,TRAJECTORY_RUNNING,24.0,41,30,0,2.18,41,0,0.0,0.0,0.0,0.0,0.0,0.0
2026-07-30T10:58:04.918,1318.703,81,close,ACTUATOR_ACTIVE,TRAJECTORY_RUNNING,24.0,41,30,1,2.13,41,0,0.0,0.0,0.0,0.0,0.0,0.0
2026-07-30T10:58:05.412,1319.188,81,close,ACTUATOR_ACTIVE,TRAJECTORY_RUNNING,24.0,41,30,0,1.82,41,0,0.0,0.0,0.0,0.0,0.0,0.0
2026-07-30T10:58:05.925,1319.703,81,close,ACTUATOR_ACTIVE,TRAJECTORY_RUNNING,24.0,41,30,1,2.37,41,0,0.0,0.0,0.0,0.0,0.0,0.0
2026-07-30T10:58:06.423,1320.203,81,close,ACTUATOR_ACTIVE,TRAJECTORY_RUNNING,24.0,41,30,0,1.93,41,0,0.0,0.0,0.0,0.0,0.0,0.0
2026-07-30T10:58:06.923,1320.703,81,close,ACTUATOR_ACTIVE,TRAJECTORY_RUNNING,24.0,41,30,0,1.99,41,0,0.0,0.0,0.0,0.0,0.0,0.0
2026-07-30T10:58:07.421,1321.203,81,close,ACTUATOR_ACTIVE,TRAJECTORY_STOPPED,24.0,41,30,1,2.22,41,0,0.0,0.0,0.0,0.0,0.0,0.0
2026-07-30T10:58:07.921,1321.703,81,close,ACTUATOR_ACTIVE,TRAJECTORY_RUNNING,24.0,41,30,0,1.73,41,0,0.0,0.0,0.0,0.0,0.0,0.0
2026-07-30T10:58:08.533,1322.313,81,open,ACTUATOR_ACTIVE,TRAJECTORY_RUNNING,24.0,43,30,0,1.2,43,0,0.0,0.0,0.0,0.0,0.0,0.0
2026-07-30T10:58:09.030,1322.813,81,open,ACTUATOR_ACTIVE,TRAJECTORY_RUNNING,24.0,43,25,-12,-0.87,43,0,0.0,0.0,0.0,0.0,0.0,0.0
2026-07-30T10:58:09.529,1323.313,81,open,ACTUATOR_ACTIVE,TRAJECTORY_RUNNING,24.0,43,20,-12,-0.98,43,0,0.0,0.0,0.0,0.0,0.0,0.0
2026-07-30T10:58:10.024,1323.797,81,open,ACTUATOR_ACTIVE,TRAJECTORY_RUNNING,24.0,43,14,-12,-2.6,43,0,0.0,0.0,0.0,0.0,0.0,0.0
2026-07-30T10:58:10.537,1324.313,81,open,ACTUATOR_ACTIVE,TRAJECTORY_COMPLETE,24.0,43,9,0,0.74,43,0,0.0,0.0,0.0,0.0,0.0,0.0
2026-07-30T10:58:11.032,1324.813,81,open,ACTUATOR_ACTIVE,TRAJECTORY_COMPLETE,24.0,43,10,0,0.7,43,0,0.0,0.0,0.0,0.0,0.0,0.0
2026-07-30T10:58:11.527,1325.313,81,open,ACTUATOR_ACTIVE,TRAJECTORY_COMPLETE,24.0,43,10,-1,-0.88,43,0,0.0,0.0,0.0,0.0,0.0,0.0
2026-07-30T10:58:12.019,1325.797,81,open,ACTUATOR_ACTIVE,TRAJECTORY_COMPLETE,24.0,43,9,0,0.14,43,0,0.0,0.0,0.0,0.0,0.0,0.0
2026-07-30T10:58:12.532,1326.313,81,open,ACTUATOR_ACTIVE,TRAJECTORY_COMPLETE,24.0,43,10,0,0.01,43,0,0.0,0.0,0.0,0.0,0.0,0.0
2026-07-30T10:58:13.030,1326.813,81,open,ACTUATOR_ACTIVE,TRAJECTORY_COMPLETE,24.0,43,10,0,-0.06,43,0,0.0,0.0,0.0,0.0,0.0,0.0
2026-07-30T10:58:13.525,1327.313,81,open,ACTUATOR_ACTIVE,TRAJECTORY_COMPLETE,24.0,43,10,0,0.1,43,0,0.0,0.0,0.0,0.0,0.0,0.0
2026-07-30T10:58:14.019,1327.797,81,open,ACTUATOR_ACTIVE,TRAJECTORY_COMPLETE,24.0,43,10,0,-0.56,43,0,0.0,0.0,0.0,0.0,0.0,0.0
2026-07-30T10:58:14.529,1328.313,81,open,ACTUATOR_ACTIVE,TRAJECTORY_COMPLETE,24.0,43,10,0,0.11,43,0,0.0,0.0,0.0,0.0,0.0,0.0
2026-07-30T10:58:15.022,1328.797,81,open,ACTUATOR_ACTIVE,TRAJECTORY_COMPLETE,24.0,43,10,0,0.27,43,0,0.0,0.0,0.0,0.0,0.0,0.0
2026-07-30T10:58:15.534,1329.313,81,open,ACTUATOR_ACTIVE,TRAJECTORY_COMPLETE,24.0,43,10,1,-0.22,43,0,0.0,0.0,0.0,0.0,0.0,0.0
2026-07-30T10:58:16.031,1329.813,81,open,ACTUATOR_ACTIVE,TRAJECTORY_COMPLETE,24.0,43,10,0,0.04,43,0,0.0,0.0,0.0,0.0,0.0,0.0
2026-07-30T10:58:16.640,1330.422,82,close,ACTUATOR_ACTIVE,TRAJECTORY_RUNNING,24.0,48,10,6,0.91,48,0,0.0,0.0,0.0,0.0,0.0,0.0
2026-07-30T10:58:17.140,1330.922,82,close,ACTUATOR_ACTIVE,TRAJECTORY_RUNNING,24.0,48,12,4,1.07,48,0,0.0,0.0,0.0,0.0,0.0,0.0
2026-07-30T10:58:17.637,1331.422,82,close,ACTUATOR_ACTIVE,TRAJECTORY_RUNNING,24.0,48,14,5,1.23,48,0,0.0,0.0,0.0,0.0,0.0,0.0
2026-07-30T10:58:18.131,1331.906,82,close,ACTUATOR_ACTIVE,TRAJECTORY_RUNNING,24.0,48,16,4,2.28,48,0,0.0,0.0,0.0,0.0,0.0,0.0
2026-07-30T10:58:18.649,1332.422,82,close,ACTUATOR_ACTIVE,TRAJECTORY_RUNNING,24.0,48,19,7,1.89,48,0,0.0,0.0,0.0,0.0,0.0,0.0
2026-07-30T10:58:19.143,1332.922,82,close,ACTUATOR_ACTIVE,TRAJECTORY_RUNNING,24.0,48,23,6,2.94,48,0,0.0,0.0,0.0,0.0,0.0,0.0
2026-07-30T10:58:19.640,1333.422,82,close,ACTUATOR_ACTIVE,TRAJECTORY_RUNNING,24.0,48,27,8,1.75,48,0,0.0,0.0,0.0,0.0,0.0,0.0
2026-07-30T10:58:20.135,1333.922,82,close,ACTUATOR_ACTIVE,TRAJECTORY_RUNNING,24.0,48,30,0,6.13,48,0,0.0,0.0,0.0,0.0,0.0,0.0
2026-07-30T10:58:20.632,1334.406,82,close,ACTUATOR_ACTIVE,TRAJECTORY_RUNNING,24.0,44,30,0,2.08,44,0,0.0,0.0,0.0,0.0,0.0,0.0
2026-07-30T10:58:21.140,1334.922,82,close,ACTUATOR_ACTIVE,TRAJECTORY_STOPPED,24.0,44,30,0,1.79,44,0,0.0,0.0,0.0,0.0,0.0,0.0
2026-07-30T10:58:21.629,1335.406,82,close,ACTUATOR_ACTIVE,TRAJECTORY_STOPPED,24.0,44,30,0,1.78,44,0,0.0,0.0,0.0,0.0,0.0,0.0
2026-07-30T10:58:22.144,1335.922,82,close,ACTUATOR_ACTIVE,TRAJECTORY_STOPPED,24.0,44,30,0,1.6,44,0,0.0,0.0,0.0,0.0,0.0,0.0
2026-07-30T10:58:22.641,1336.422,82,close,ACTUATOR_ACTIVE,TRAJECTORY_RUNNING,24.0,44,30,0,2.9,44,0,0.0,0.0,0.0,0.0,0.0,0.0
2026-07-30T10:58:23.134,1336.906,82,close,ACTUATOR_ACTIVE,TRAJECTORY_RUNNING,24.0,44,30,0,2.02,44,0,0.0,0.0,0.0,0.0,0.0,0.0
2026-07-30T10:58:23.647,1337.422,82,close,ACTUATOR_ACTIVE,TRAJECTORY_RUNNING,24.0,44,30,0,1.99,44,0,0.0,0.0,0.0,0.0,0.0,0.0
2026-07-30T10:58:24.142,1337.922,82,close,ACTUATOR_ACTIVE,TRAJECTORY_RUNNING,24.0,44,30,0,1.96,44,0,0.0,0.0,0.0,0.0,0.0,0.0
2026-07-30T10:58:24.745,1338.531,82,open,ACTUATOR_ACTIVE,TRAJECTORY_RUNNING,24.0,45,30,-1,0.94,45,0,0.0,0.0,0.0,0.0,0.0,0.0
2026-07-30T10:58:25.242,1339.016,82,open,ACTUATOR_ACTIVE,TRAJECTORY_RUNNING,24.0,45,30,0,-0.67,45,0,0.0,0.0,0.0,0.0,0.0,0.0
2026-07-30T10:58:25.745,1339.531,82,open,ACTUATOR_ACTIVE,TRAJECTORY_RUNNING,24.0,45,29,-1,-0.78,45,0,0.0,0.0,0.0,0.0,0.0,0.0
2026-07-30T10:58:26.242,1340.016,82,open,ACTUATOR_ACTIVE,TRAJECTORY_RUNNING,24.0,45,28,-2,-1.34,45,0,0.0,0.0,0.0,0.0,0.0,0.0
2026-07-30T10:58:26.753,1340.531,82,open,ACTUATOR_ACTIVE,TRAJECTORY_RUNNING,24.0,45,26,-5,-1.23,45,0,0.0,0.0,0.0,0.0,0.0,0.0
2026-07-30T10:58:27.252,1341.031,82,open,ACTUATOR_ACTIVE,TRAJECTORY_RUNNING,24.0,45,23,-6,-0.8,45,0,0.0,0.0,0.0,0.0,0.0,0.0
2026-07-30T10:58:27.753,1341.531,82,open,ACTUATOR_ACTIVE,TRAJECTORY_RUNNING,24.0,45,19,-9,-0.38,45,0,0.0,0.0,0.0,0.0,0.0,0.0
2026-07-30T10:58:28.252,1342.031,82,open,ACTUATOR_ACTIVE,TRAJECTORY_RUNNING,24.0,45,14,-10,-1.48,45,0,0.0,0.0,0.0,0.0,0.0,0.0
2026-07-30T10:58:28.748,1342.531,82,open,ACTUATOR_ACTIVE,TRAJECTORY_RUNNING,24.0,41,10,-7,-1.93,41,0,0.0,0.0,0.0,0.0,0.0,0.0
2026-07-30T10:58:29.241,1343.016,82,open,ACTUATOR_ACTIVE,TRAJECTORY_RUNNING,24.0,41,8,0,-1.02,41,0,0.0,0.0,0.0,0.0,0.0,0.0
2026-07-30T10:58:29.752,1343.531,82,open,ACTUATOR_ACTIVE,TRAJECTORY_RUNNING,24.0,41,8,0,0.3,41,0,0.0,0.0,0.0,0.0,0.0,0.0
2026-07-30T10:58:30.251,1344.031,82,open,ACTUATOR_ACTIVE,TRAJECTORY_RUNNING,24.0,41,9,0,1.62,41,0,0.0,0.0,0.0,0.0,0.0,0.0
2026-07-30T10:58:30.745,1344.531,82,open,ACTUATOR_ACTIVE,TRAJECTORY_RUNNING,24.0,41,9,0,1.86,41,0,0.0,0.0,0.0,0.0,0.0,0.0
2026-07-30T10:58:31.245,1345.031,82,open,ACTUATOR_ACTIVE,TRAJECTORY_RUNNING,24.0,41,9,0,1.77,41,0,0.0,0.0,0.0,0.0,0.0,0.0
2026-07-30T10:58:31.744,1345.531,82,open,ACTUATOR_ACTIVE,TRAJECTORY_RUNNING,24.0,41,9,0,2.19,41,0,0.0,0.0,0.0,0.0,0.0,0.0
2026-07-30T10:58:32.244,1346.031,82,open,ACTUATOR_ACTIVE,TRAJECTORY_RUNNING,24.0,41,9,0,1.92,41,0,0.0,0.0,0.0,0.0,0.0,0.0
2026-07-30T10:58:32.856,1346.641,83,close,ACTUATOR_ACTIVE,TRAJECTORY_RUNNING,24.0,44,9,6,1.02,44,0,0.0,0.0,0.0,0.0,0.0,0.0
2026-07-30T10:58:33.351,1347.125,83,close,ACTUATOR_ACTIVE,TRAJECTORY_RUNNING,24.0,44,12,5,2.37,44,0,0.0,0.0,0.0,0.0,0.0,0.0
2026-07-30T10:58:33.864,1347.641,83,close,ACTUATOR_ACTIVE,TRAJECTORY_RUNNING,24.0,44,15,8,1.71,44,0,0.0,0.0,0.0,0.0,0.0,0.0
2026-07-30T10:58:34.360,1348.141,83,close,ACTUATOR_ACTIVE,TRAJECTORY_RUNNING,24.0,44,19,7,1.32,44,0,0.0,0.0,0.0,0.0,0.0,0.0
2026-07-30T10:58:34.853,1348.641,83,close,ACTUATOR_ACTIVE,TRAJECTORY_RUNNING,24.0,44,22,9,2.09,44,0,0.0,0.0,0.0,0.0,0.0,0.0
2026-07-30T10:58:35.345,1349.125,83,close,ACTUATOR_ACTIVE,TRAJECTORY_RUNNING,24.0,44,27,9,2.18,44,0,0.0,0.0,0.0,0.0,0.0,0.0
2026-07-30T10:58:35.859,1349.641,83,close,ACTUATOR_ACTIVE,TRAJECTORY_RUNNING,24.0,44,30,0,7.05,44,0,0.0,0.0,0.0,0.0,0.0,0.0
2026-07-30T10:58:36.356,1350.141,83,close,ACTUATOR_ACTIVE,TRAJECTORY_RUNNING,24.0,44,30,1,2.73,44,0,0.0,0.0,0.0,0.0,0.0,0.0
2026-07-30T10:58:36.851,1350.625,83,close,ACTUATOR_ACTIVE,TRAJECTORY_RUNNING,24.0,47,30,0,2.22,47,0,0.0,0.0,0.0,0.0,0.0,0.0
2026-07-30T10:58:37.367,1351.141,83,close,ACTUATOR_ACTIVE,TRAJECTORY_RUNNING,24.0,47,30,0,2.04,47,0,0.0,0.0,0.0,0.0,0.0,0.0
2026-07-30T10:58:37.869,1351.656,83,close,ACTUATOR_ACTIVE,TRAJECTORY_STOPPED,24.0,47,30,0,2.01,47,0,0.0,0.0,0.0,0.0,0.0,0.0
2026-07-30T10:58:38.350,1352.125,83,close,ACTUATOR_ACTIVE,TRAJECTORY_RUNNING,24.0,47,30,0,1.97,47,0,0.0,0.0,0.0,0.0,0.0,0.0
2026-07-30T10:58:38.866,1352.641,83,close,ACTUATOR_ACTIVE,TRAJECTORY_RUNNING,24.0,47,30,0,1.76,47,0,0.0,0.0,0.0,0.0,0.0,0.0
2026-07-30T10:58:39.362,1353.141,83,close,ACTUATOR_ACTIVE,TRAJECTORY_RUNNING,24.0,47,30,0,1.95,47,0,0.0,0.0,0.0,0.0,0.0,0.0
2026-07-30T10:58:39.861,1353.641,83,close,ACTUATOR_ACTIVE,TRAJECTORY_RUNNING,24.0,47,30,0,1.52,47,0,0.0,0.0,0.0,0.0,0.0,0.0
2026-07-30T10:58:40.352,1354.125,83,close,ACTUATOR_ACTIVE,TRAJECTORY_RUNNING,24.0,47,30,0,1.97,47,0,0.0,0.0,0.0,0.0,0.0,0.0
2026-07-30T10:58:40.975,1354.75,83,open,ACTUATOR_ACTIVE,TRAJECTORY_RUNNING,24.0,43,30,0,1.1,43,0,0.0,0.0,0.0,0.0,0.0,0.0
2026-07-30T10:58:41.465,1355.25,83,open,ACTUATOR_ACTIVE,TRAJECTORY_RUNNING,24.0,43,30,0,-1.14,43,0,0.0,0.0,0.0,0.0,0.0,0.0
2026-07-30T10:58:41.955,1355.735,83,open,ACTUATOR_ACTIVE,TRAJECTORY_RUNNING,24.0,43,29,-1,-0.91,43,0,0.0,0.0,0.0,0.0,0.0,0.0
2026-07-30T10:58:42.466,1356.25,83,open,ACTUATOR_ACTIVE,TRAJECTORY_RUNNING,24.0,43,28,-3,-0.93,43,0,0.0,0.0,0.0,0.0,0.0,0.0
2026-07-30T10:58:42.964,1356.75,83,open,ACTUATOR_ACTIVE,TRAJECTORY_RUNNING,24.0,43,26,-6,-1.15,43,0,0.0,0.0,0.0,0.0,0.0,0.0
2026-07-30T10:58:43.459,1357.235,83,open,ACTUATOR_ACTIVE,TRAJECTORY_RUNNING,24.0,43,23,-7,-0.44,43,0,0.0,0.0,0.0,0.0,0.0,0.0
2026-07-30T10:58:43.969,1357.75,83,open,ACTUATOR_ACTIVE,TRAJECTORY_RUNNING,24.0,43,19,-8,-1.68,43,0,0.0,0.0,0.0,0.0,0.0,0.0
2026-07-30T10:58:44.461,1358.235,83,open,ACTUATOR_ACTIVE,TRAJECTORY_RUNNING,24.0,44,15,-9,-1.62,44,0,0.0,0.0,0.0,0.0,0.0,0.0
2026-07-30T10:58:44.973,1358.75,83,open,ACTUATOR_ACTIVE,TRAJECTORY_RUNNING,24.0,44,10,-9,-2.69,44,0,0.0,0.0,0.0,0.0,0.0,0.0
2026-07-30T10:58:45.471,1359.25,83,open,ACTUATOR_ACTIVE,TRAJECTORY_RUNNING,24.0,44,8,0,-1.64,44,0,0.0,0.0,0.0,0.0,0.0,0.0
2026-07-30T10:58:45.962,1359.75,83,open,ACTUATOR_ACTIVE,TRAJECTORY_RUNNING,24.0,44,8,0,-0.13,44,0,0.0,0.0,0.0,0.0,0.0,0.0
2026-07-30T10:58:46.454,1360.235,83,open,ACTUATOR_ACTIVE,TRAJECTORY_RUNNING,24.0,44,9,0,1.01,44,0,0.0,0.0,0.0,0.0,0.0,0.0
2026-07-30T10:58:46.965,1360.75,83,open,ACTUATOR_ACTIVE,TRAJECTORY_RUNNING,24.0,44,9,0,2.01,44,0,0.0,0.0,0.0,0.0,0.0,0.0
2026-07-30T10:58:47.459,1361.235,83,open,ACTUATOR_ACTIVE,TRAJECTORY_RUNNING,24.0,44,9,0,1.84,44,0,0.0,0.0,0.0,0.0,0.0,0.0
2026-07-30T10:58:47.970,1361.75,83,open,ACTUATOR_ACTIVE,TRAJECTORY_RUNNING,24.0,44,9,0,2.07,44,0,0.0,0.0,0.0,0.0,0.0,0.0
2026-07-30T10:58:48.465,1362.25,83,open,ACTUATOR_ACTIVE,TRAJECTORY_RUNNING,24.0,43,9,-1,2.14,43,0,0.0,0.0,0.0,0.0,0.0,0.0
2026-07-30T10:58:49.069,1362.844,84,close,ACTUATOR_ACTIVE,TRAJECTORY_RUNNING,24.0,43,9,6,2.2,43,0,0.0,0.0,0.0,0.0,0.0,0.0
2026-07-30T10:58:49.578,1363.36,84,close,ACTUATOR_ACTIVE,TRAJECTORY_RUNNING,24.0,43,14,9,1.96,43,0,0.0,0.0,0.0,0.0,0.0,0.0
2026-07-30T10:58:50.074,1363.86,84,close,ACTUATOR_ACTIVE,TRAJECTORY_RUNNING,24.0,43,18,9,2.9,43,0,0.0,0.0,0.0,0.0,0.0,0.0
2026-07-30T10:58:50.570,1364.344,84,close,ACTUATOR_ACTIVE,TRAJECTORY_RUNNING,24.0,43,23,10,1.3,43,0,0.0,0.0,0.0,0.0,0.0,0.0
2026-07-30T10:58:51.081,1364.86,84,close,ACTUATOR_ACTIVE,TRAJECTORY_RUNNING,24.0,43,27,9,1.69,43,0,0.0,0.0,0.0,0.0,0.0,0.0
2026-07-30T10:58:51.576,1365.36,84,close,ACTUATOR_ACTIVE,TRAJECTORY_RUNNING,24.0,43,31,3,21.14,43,0,0.0,0.0,0.0,0.0,0.0,0.0
2026-07-30T10:58:52.072,1365.86,84,close,ACTUATOR_ACTIVE,TRAJECTORY_RUNNING,24.0,43,31,0,28.17,43,0,0.0,0.0,0.0,0.0,0.0,0.0
2026-07-30T10:58:52.567,1366.344,84,close,ACTUATOR_ACTIVE,TRAJECTORY_RUNNING,24.0,43,31,0,30.43,43,0,0.0,0.0,0.0,0.0,0.0,0.0
2026-07-30T10:58:53.078,1366.86,84,close,ACTUATOR_ACTIVE,TRAJECTORY_RUNNING,24.0,43,31,0,29.45,43,0,0.0,0.0,0.0,0.0,0.0,0.0
2026-07-30T10:58:53.569,1367.344,84,close,ACTUATOR_ACTIVE,TRAJECTORY_RUNNING,24.0,43,31,0,30.48,43,0,0.0,0.0,0.0,0.0,0.0,0.0
2026-07-30T10:58:54.087,1367.86,84,close,ACTUATOR_ACTIVE,TRAJECTORY_RUNNING,24.0,43,31,0,29.34,43,0,0.0,0.0,0.0,0.0,0.0,0.0
2026-07-30T10:58:54.583,1368.36,84,close,ACTUATOR_ACTIVE,TRAJECTORY_RUNNING,24.0,43,31,1,30.54,43,0,0.0,0.0,0.0,0.0,0.0,0.0
2026-07-30T10:58:55.078,1368.86,84,close,ACTUATOR_ACTIVE,TRAJECTORY_RUNNING,24.0,43,31,0,30.47,43,0,0.0,0.0,0.0,0.0,0.0,0.0
2026-07-30T10:58:55.575,1369.36,84,close,ACTUATOR_ACTIVE,TRAJECTORY_RUNNING,24.0,43,31,0,27.81,43,0,0.0,0.0,0.0,0.0,0.0,0.0
2026-07-30T10:58:56.075,1369.86,84,close,ACTUATOR_ACTIVE,TRAJECTORY_RUNNING,24.0,43,31,0,30.88,43,0,0.0,0.0,0.0,0.0,0.0,0.0
2026-07-30T10:58:56.568,1370.344,84,close,ACTUATOR_ACTIVE,TRAJECTORY_RUNNING,24.0,46,31,0,31.01,46,0,0.0,0.0,0.0,0.0,0.0,0.0
2026-07-30T10:58:57.191,1370.969,84,open,ACTUATOR_ACTIVE,TRAJECTORY_RUNNING,24.0,46,31,-1,4.7,46,0,0.0,0.0,0.0,0.0,0.0,0.0
2026-07-30T10:58:57.708,1371.485,84,open,ACTUATOR_ACTIVE,TRAJECTORY_RUNNING,24.0,46,27,-11,-2.05,46,0,0.0,0.0,0.0,0.0,0.0,0.0
2026-07-30T10:58:58.202,1371.985,84,open,ACTUATOR_ACTIVE,TRAJECTORY_RUNNING,24.0,46,21,-13,-0.86,46,0,0.0,0.0,0.0,0.0,0.0,0.0
2026-07-30T10:58:58.699,1372.485,84,open,ACTUATOR_ACTIVE,TRAJECTORY_RUNNING,24.0,46,15,-11,-2.5,46,0,0.0,0.0,0.0,0.0,0.0,0.0
2026-07-30T10:58:59.196,1372.969,84,open,ACTUATOR_ACTIVE,TRAJECTORY_RUNNING,24.0,46,10,-11,-3.51,46,0,0.0,0.0,0.0,0.0,0.0,0.0
2026-07-30T10:58:59.706,1373.485,84,open,ACTUATOR_ACTIVE,TRAJECTORY_COMPLETE,24.0,46,9,0,0.14,46,0,0.0,0.0,0.0,0.0,0.0,0.0
2026-07-30T10:59:00.203,1373.985,84,open,ACTUATOR_ACTIVE,TRAJECTORY_COMPLETE,24.0,46,10,0,0.68,46,0,0.0,0.0,0.0,0.0,0.0,0.0
2026-07-30T10:59:00.696,1374.469,84,open,ACTUATOR_ACTIVE,TRAJECTORY_COMPLETE,24.0,43,10,1,0.43,43,0,0.0,0.0,0.0,0.0,0.0,0.0
2026-07-30T10:59:01.210,1374.985,84,open,ACTUATOR_ACTIVE,TRAJECTORY_COMPLETE,24.0,43,10,0,0.19,43,0,0.0,0.0,0.0,0.0,0.0,0.0
2026-07-30T10:59:01.703,1375.485,84,open,ACTUATOR_ACTIVE,TRAJECTORY_COMPLETE,24.0,43,10,0,-0.34,43,0,0.0,0.0,0.0,0.0,0.0,0.0
2026-07-30T10:59:02.196,1375.969,84,open,ACTUATOR_ACTIVE,TRAJECTORY_COMPLETE,24.0,43,10,0,0.32,43,0,0.0,0.0,0.0,0.0,0.0,0.0
2026-07-30T10:59:02.707,1376.485,84,open,ACTUATOR_ACTIVE,TRAJECTORY_COMPLETE,24.0,43,10,0,0.04,43,0,0.0,0.0,0.0,0.0,0.0,0.0
2026-07-30T10:59:03.207,1376.985,84,open,ACTUATOR_ACTIVE,TRAJECTORY_COMPLETE,24.0,43,10,0,0.1,43,0,0.0,0.0,0.0,0.0,0.0,0.0
2026-07-30T10:59:03.704,1377.485,84,open,ACTUATOR_ACTIVE,TRAJECTORY_COMPLETE,24.0,43,10,0,-0.23,43,0,0.0,0.0,0.0,0.0,0.0,0.0
2026-07-30T10:59:04.201,1377.985,84,open,ACTUATOR_ACTIVE,TRAJECTORY_COMPLETE,24.0,43,10,0,0.25,43,0,0.0,0.0,0.0,0.0,0.0,0.0
2026-07-30T10:59:04.696,1378.469,84,open,ACTUATOR_ACTIVE,TRAJECTORY_COMPLETE,24.0,44,10,0,0.05,44,0,0.0,0.0,0.0,0.0,0.0,0.0
2026-07-30T10:59:05.317,1379.094,85,close,ACTUATOR_ACTIVE,TRAJECTORY_RUNNING,24.0,44,10,7,0.61,44,0,0.0,0.0,0.0,0.0,0.0,0.0
2026-07-30T10:59:05.808,1379.594,85,close,ACTUATOR_ACTIVE,TRAJECTORY_RUNNING,24.0,44,12,4,1.45,44,0,0.0,0.0,0.0,0.0,0.0,0.0
2026-07-30T10:59:06.306,1380.094,85,close,ACTUATOR_ACTIVE,TRAJECTORY_RUNNING,24.0,44,14,4,0.89,44,0,0.0,0.0,0.0,0.0,0.0,0.0
2026-07-30T10:59:06.796,1380.578,85,close,ACTUATOR_ACTIVE,TRAJECTORY_RUNNING,24.0,44,16,5,1.26,44,0,0.0,0.0,0.0,0.0,0.0,0.0
2026-07-30T10:59:07.309,1381.094,85,close,ACTUATOR_ACTIVE,TRAJECTORY_RUNNING,24.0,44,19,6,1.6,44,0,0.0,0.0,0.0,0.0,0.0,0.0
2026-07-30T10:59:07.800,1381.578,85,close,ACTUATOR_ACTIVE,TRAJECTORY_RUNNING,24.0,44,23,7,1.42,44,0,0.0,0.0,0.0,0.0,0.0,0.0
2026-07-30T10:59:08.309,1382.094,85,close,ACTUATOR_ACTIVE,TRAJECTORY_RUNNING,24.0,44,27,10,1.96,44,0,0.0,0.0,0.0,0.0,0.0,0.0
2026-07-30T10:59:08.805,1382.578,85,close,ACTUATOR_ACTIVE,TRAJECTORY_RUNNING,24.0,43,30,-1,5.78,43,0,0.0,0.0,0.0,0.0,0.0,0.0
2026-07-30T10:59:09.319,1383.094,85,close,ACTUATOR_ACTIVE,TRAJECTORY_RUNNING,24.0,43,30,0,2.77,43,0,0.0,0.0,0.0,0.0,0.0,0.0
2026-07-30T10:59:09.816,1383.594,85,close,ACTUATOR_ACTIVE,TRAJECTORY_RUNNING,24.0,43,30,0,2.27,43,0,0.0,0.0,0.0,0.0,0.0,0.0
2026-07-30T10:59:10.318,1384.094,85,close,ACTUATOR_ACTIVE,TRAJECTORY_RUNNING,24.0,43,30,0,1.86,43,0,0.0,0.0,0.0,0.0,0.0,0.0
2026-07-30T10:59:10.814,1384.594,85,close,ACTUATOR_ACTIVE,TRAJECTORY_STOPPED,24.0,43,30,0,2.0,43,0,0.0,0.0,0.0,0.0,0.0,0.0
2026-07-30T10:59:11.315,1385.094,85,close,ACTUATOR_ACTIVE,TRAJECTORY_RUNNING,24.0,43,30,1,1.79,43,0,0.0,0.0,0.0,0.0,0.0,0.0
2026-07-30T10:59:11.808,1385.594,85,close,ACTUATOR_ACTIVE,TRAJECTORY_RUNNING,24.0,43,30,-1,1.66,43,0,0.0,0.0,0.0,0.0,0.0,0.0
2026-07-30T10:59:12.309,1386.094,85,close,ACTUATOR_ACTIVE,TRAJECTORY_RUNNING,24.0,43,30,0,1.93,43,0,0.0,0.0,0.0,0.0,0.0,0.0
2026-07-30T10:59:12.804,1386.578,85,close,ACTUATOR_ACTIVE,TRAJECTORY_RUNNING,24.0,43,30,0,2.25,43,0,0.0,0.0,0.0,0.0,0.0,0.0
2026-07-30T10:59:13.429,1387.203,85,open,ACTUATOR_ACTIVE,TRAJECTORY_RUNNING,24.0,43,30,0,0.73,43,0,0.0,0.0,0.0,0.0,0.0,0.0
2026-07-30T10:59:13.943,1387.719,85,open,ACTUATOR_ACTIVE,TRAJECTORY_RUNNING,24.0,43,25,-12,-0.89,43,0,0.0,0.0,0.0,0.0,0.0,0.0
2026-07-30T10:59:14.437,1388.219,85,open,ACTUATOR_ACTIVE,TRAJECTORY_RUNNING,24.0,43,20,-10,-2.28,43,0,0.0,0.0,0.0,0.0,0.0,0.0
2026-07-30T10:59:14.934,1388.719,85,open,ACTUATOR_ACTIVE,TRAJECTORY_RUNNING,24.0,43,14,-13,-2.34,43,0,0.0,0.0,0.0,0.0,0.0,0.0
2026-07-30T10:59:15.432,1389.219,85,open,ACTUATOR_ACTIVE,TRAJECTORY_COMPLETE,24.0,43,9,2,0.44,43,0,0.0,0.0,0.0,0.0,0.0,0.0
2026-07-30T10:59:15.930,1389.703,85,open,ACTUATOR_ACTIVE,TRAJECTORY_COMPLETE,24.0,43,9,-1,-0.28,43,0,0.0,0.0,0.0,0.0,0.0,0.0
2026-07-30T10:59:16.440,1390.219,85,open,ACTUATOR_ACTIVE,TRAJECTORY_COMPLETE,24.0,41,9,0,0.3,41,0,0.0,0.0,0.0,0.0,0.0,0.0
2026-07-30T10:59:16.936,1390.719,85,open,ACTUATOR_ACTIVE,TRAJECTORY_COMPLETE,24.0,41,9,0,-0.21,41,0,0.0,0.0,0.0,0.0,0.0,0.0
2026-07-30T10:59:17.432,1391.219,85,open,ACTUATOR_ACTIVE,TRAJECTORY_COMPLETE,24.0,41,9,0,-0.5,41,0,0.0,0.0,0.0,0.0,0.0,0.0
2026-07-30T10:59:17.929,1391.703,85,open,ACTUATOR_ACTIVE,TRAJECTORY_COMPLETE,24.0,41,10,2,0.62,41,0,0.0,0.0,0.0,0.0,0.0,0.0
2026-07-30T10:59:18.436,1392.219,85,open,ACTUATOR_ACTIVE,TRAJECTORY_COMPLETE,24.0,41,10,0,0.61,41,0,0.0,0.0,0.0,0.0,0.0,0.0
2026-07-30T10:59:18.932,1392.719,85,open,ACTUATOR_ACTIVE,TRAJECTORY_COMPLETE,24.0,41,9,0,0.09,41,0,0.0,0.0,0.0,0.0,0.0,0.0
2026-07-30T10:59:19.429,1393.203,85,open,ACTUATOR_ACTIVE,TRAJECTORY_COMPLETE,24.0,41,10,0,0.39,41,0,0.0,0.0,0.0,0.0,0.0,0.0
2026-07-30T10:59:19.939,1393.719,85,open,ACTUATOR_ACTIVE,TRAJECTORY_COMPLETE,24.0,41,10,0,-0.07,41,0,0.0,0.0,0.0,0.0,0.0,0.0
2026-07-30T10:59:20.434,1394.219,85,open,ACTUATOR_ACTIVE,TRAJECTORY_COMPLETE,24.0,41,10,0,-0.12,41,0,0.0,0.0,0.0,0.0,0.0,0.0
2026-07-30T10:59:20.927,1394.703,85,open,ACTUATOR_ACTIVE,TRAJECTORY_COMPLETE,24.0,41,10,0,-0.86,41,0,0.0,0.0,0.0,0.0,0.0,0.0
2026-07-30T10:59:21.545,1395.328,86,close,ACTUATOR_ACTIVE,TRAJECTORY_RUNNING,24.0,41,10,6,2.11,41,0,0.0,0.0,0.0,0.0,0.0,0.0
2026-07-30T10:59:22.036,1395.813,86,close,ACTUATOR_ACTIVE,TRAJECTORY_RUNNING,24.0,41,11,2,1.22,41,0,0.0,0.0,0.0,0.0,0.0,0.0
2026-07-30T10:59:22.547,1396.328,86,close,ACTUATOR_ACTIVE,TRAJECTORY_RUNNING,24.0,41,13,2,1.9,41,0,0.0,0.0,0.0,0.0,0.0,0.0
2026-07-30T10:59:23.045,1396.828,86,close,ACTUATOR_ACTIVE,TRAJECTORY_RUNNING,24.0,41,15,6,1.02,41,0,0.0,0.0,0.0,0.0,0.0,0.0
2026-07-30T10:59:23.540,1397.313,86,close,ACTUATOR_ACTIVE,TRAJECTORY_RUNNING,24.0,41,19,8,0.51,41,0,0.0,0.0,0.0,0.0,0.0,0.0
2026-07-30T10:59:24.051,1397.828,86,close,ACTUATOR_ACTIVE,TRAJECTORY_RUNNING,24.0,41,22,7,2.01,41,0,0.0,0.0,0.0,0.0,0.0,0.0
2026-07-30T10:59:24.544,1398.328,86,close,ACTUATOR_ACTIVE,TRAJECTORY_RUNNING,24.0,38,26,9,0.31,38,0,0.0,0.0,0.0,0.0,0.0,0.0
2026-07-30T10:59:25.035,1398.813,86,close,ACTUATOR_ACTIVE,TRAJECTORY_RUNNING,24.0,38,30,3,6.35,38,0,0.0,0.0,0.0,0.0,0.0,0.0
2026-07-30T10:59:25.549,1399.328,86,close,ACTUATOR_ACTIVE,TRAJECTORY_RUNNING,24.0,38,30,0,2.49,38,0,0.0,0.0,0.0,0.0,0.0,0.0
2026-07-30T10:59:26.046,1399.828,86,close,ACTUATOR_ACTIVE,TRAJECTORY_RUNNING,24.0,38,30,0,1.9,38,0,0.0,0.0,0.0,0.0,0.0,0.0
2026-07-30T10:59:26.542,1400.328,86,close,ACTUATOR_ACTIVE,TRAJECTORY_STOPPED,24.0,38,30,0,1.8,38,0,0.0,0.0,0.0,0.0,0.0,0.0
2026-07-30T10:59:27.042,1400.828,86,close,ACTUATOR_ACTIVE,TRAJECTORY_RUNNING,24.0,38,30,0,2.02,38,0,0.0,0.0,0.0,0.0,0.0,0.0
2026-07-30T10:59:27.541,1401.328,86,close,ACTUATOR_ACTIVE,TRAJECTORY_RUNNING,24.0,38,30,0,1.63,38,0,0.0,0.0,0.0,0.0,0.0,0.0
2026-07-30T10:59:28.042,1401.828,86,close,ACTUATOR_ACTIVE,TRAJECTORY_RUNNING,24.0,38,30,-1,1.92,38,0,0.0,0.0,0.0,0.0,0.0,0.0
2026-07-30T10:59:28.542,1402.328,86,close,ACTUATOR_ACTIVE,TRAJECTORY_RUNNING,24.0,43,30,0,2.03,43,0,0.0,0.0,0.0,0.0,0.0,0.0
2026-07-30T10:59:29.041,1402.828,86,close,ACTUATOR_ACTIVE,TRAJECTORY_RUNNING,24.0,43,30,0,2.18,43,0,0.0,0.0,0.0,0.0,0.0,0.0
2026-07-30T10:59:29.647,1403.422,86,open,ACTUATOR_ACTIVE,TRAJECTORY_RUNNING,24.0,43,30,-1,0.97,43,0,0.0,0.0,0.0,0.0,0.0,0.0
2026-07-30T10:59:30.163,1403.938,86,open,ACTUATOR_ACTIVE,TRAJECTORY_RUNNING,24.0,43,30,0,-0.79,43,0,0.0,0.0,0.0,0.0,0.0,0.0
2026-07-30T10:59:30.661,1404.438,86,open,ACTUATOR_ACTIVE,TRAJECTORY_RUNNING,24.0,43,29,-1,-0.91,43,0,0.0,0.0,0.0,0.0,0.0,0.0
2026-07-30T10:59:31.159,1404.938,86,open,ACTUATOR_ACTIVE,TRAJECTORY_RUNNING,24.0,43,28,-3,-0.32,43,0,0.0,0.0,0.0,0.0,0.0,0.0
2026-07-30T10:59:31.656,1405.438,86,open,ACTUATOR_ACTIVE,TRAJECTORY_RUNNING,24.0,43,26,-4,-0.6,43,0,0.0,0.0,0.0,0.0,0.0,0.0
2026-07-30T10:59:32.150,1405.922,86,open,ACTUATOR_ACTIVE,TRAJECTORY_RUNNING,24.0,43,23,-7,-0.92,43,0,0.0,0.0,0.0,0.0,0.0,0.0
2026-07-30T10:59:32.656,1406.438,86,open,ACTUATOR_ACTIVE,TRAJECTORY_RUNNING,24.0,44,19,-7,-2.51,44,0,0.0,0.0,0.0,0.0,0.0,0.0
2026-07-30T10:59:33.147,1406.922,86,open,ACTUATOR_ACTIVE,TRAJECTORY_RUNNING,24.0,44,15,-10,-2.79,44,0,0.0,0.0,0.0,0.0,0.0,0.0
2026-07-30T10:59:33.652,1407.438,86,open,ACTUATOR_ACTIVE,TRAJECTORY_RUNNING,24.0,44,10,-9,-2.66,44,0,0.0,0.0,0.0,0.0,0.0,0.0
2026-07-30T10:59:34.148,1407.922,86,open,ACTUATOR_ACTIVE,TRAJECTORY_RUNNING,24.0,44,8,0,-1.37,44,0,0.0,0.0,0.0,0.0,0.0,0.0
2026-07-30T10:59:34.660,1408.438,86,open,ACTUATOR_ACTIVE,TRAJECTORY_RUNNING,24.0,44,8,0,0.26,44,0,0.0,0.0,0.0,0.0,0.0,0.0
2026-07-30T10:59:35.157,1408.938,86,open,ACTUATOR_ACTIVE,TRAJECTORY_RUNNING,24.0,44,9,0,1.28,44,0,0.0,0.0,0.0,0.0,0.0,0.0
2026-07-30T10:59:35.655,1409.438,86,open,ACTUATOR_ACTIVE,TRAJECTORY_RUNNING,24.0,44,9,0,1.61,44,0,0.0,0.0,0.0,0.0,0.0,0.0
2026-07-30T10:59:36.146,1409.922,86,open,ACTUATOR_ACTIVE,TRAJECTORY_RUNNING,24.0,44,9,0,1.87,44,0,0.0,0.0,0.0,0.0,0.0,0.0
2026-07-30T10:59:36.658,1410.438,86,open,ACTUATOR_ACTIVE,TRAJECTORY_RUNNING,24.0,43,9,0,2.12,43,0,0.0,0.0,0.0,0.0,0.0,0.0
2026-07-30T10:59:37.157,1410.938,86,open,ACTUATOR_ACTIVE,TRAJECTORY_RUNNING,24.0,43,9,0,1.8,43,0,0.0,0.0,0.0,0.0,0.0,0.0
2026-07-30T10:59:37.765,1411.547,87,close,ACTUATOR_ACTIVE,TRAJECTORY_RUNNING,24.0,43,9,8,2.04,43,0,0.0,0.0,0.0,0.0,0.0,0.0
2026-07-30T10:59:38.263,1412.047,87,close,ACTUATOR_ACTIVE,TRAJECTORY_RUNNING,24.0,43,12,6,2.75,43,0,0.0,0.0,0.0,0.0,0.0,0.0
2026-07-30T10:59:38.757,1412.531,87,close,ACTUATOR_ACTIVE,TRAJECTORY_RUNNING,24.0,43,16,7,1.22,43,0,0.0,0.0,0.0,0.0,0.0,0.0
2026-07-30T10:59:39.267,1413.047,87,close,ACTUATOR_ACTIVE,TRAJECTORY_RUNNING,24.0,43,19,7,2.08,43,0,0.0,0.0,0.0,0.0,0.0,0.0
2026-07-30T10:59:39.765,1413.547,87,close,ACTUATOR_ACTIVE,TRAJECTORY_RUNNING,24.0,43,23,9,0.52,43,0,0.0,0.0,0.0,0.0,0.0,0.0
2026-07-30T10:59:40.261,1414.047,87,close,ACTUATOR_ACTIVE,TRAJECTORY_RUNNING,24.0,43,28,8,2.14,43,0,0.0,0.0,0.0,0.0,0.0,0.0
2026-07-30T10:59:40.755,1414.531,87,close,ACTUATOR_ACTIVE,TRAJECTORY_RUNNING,24.0,45,30,-1,4.83,45,0,0.0,0.0,0.0,0.0,0.0,0.0
2026-07-30T10:59:41.269,1415.047,87,close,ACTUATOR_ACTIVE,TRAJECTORY_RUNNING,24.0,45,30,0,2.05,45,0,0.0,0.0,0.0,0.0,0.0,0.0
2026-07-30T10:59:41.769,1415.547,87,close,ACTUATOR_ACTIVE,TRAJECTORY_RUNNING,24.0,45,30,0,2.01,45,0,0.0,0.0,0.0,0.0,0.0,0.0
2026-07-30T10:59:42.263,1416.047,87,close,ACTUATOR_ACTIVE,TRAJECTORY_RUNNING,24.0,45,30,0,2.34,45,0,0.0,0.0,0.0,0.0,0.0,0.0
2026-07-30T10:59:42.761,1416.547,87,close,ACTUATOR_ACTIVE,TRAJECTORY_RUNNING,24.0,45,30,0,2.31,45,0,0.0,0.0,0.0,0.0,0.0,0.0
2026-07-30T10:59:43.265,1417.047,87,close,ACTUATOR_ACTIVE,TRAJECTORY_RUNNING,24.0,45,30,1,2.61,45,0,0.0,0.0,0.0,0.0,0.0,0.0
2026-07-30T10:59:43.761,1417.547,87,close,ACTUATOR_ACTIVE,TRAJECTORY_RUNNING,24.0,45,30,0,1.75,45,0,0.0,0.0,0.0,0.0,0.0,0.0
2026-07-30T10:59:44.251,1418.031,87,close,ACTUATOR_ACTIVE,TRAJECTORY_RUNNING,24.0,45,30,0,1.9,45,0,0.0,0.0,0.0,0.0,0.0,0.0
2026-07-30T10:59:44.764,1418.547,87,close,ACTUATOR_ACTIVE,TRAJECTORY_RUNNING,24.0,43,30,1,1.8,43,0,0.0,0.0,0.0,0.0,0.0,0.0
2026-07-30T10:59:45.258,1419.031,87,close,ACTUATOR_ACTIVE,TRAJECTORY_RUNNING,24.0,43,30,1,1.91,43,0,0.0,0.0,0.0,0.0,0.0,0.0
2026-07-30T10:59:45.880,1419.656,87,open,ACTUATOR_ACTIVE,TRAJECTORY_RUNNING,24.0,43,30,1,0.79,43,0,0.0,0.0,0.0,0.0,0.0,0.0
2026-07-30T10:59:46.393,1420.172,87,open,ACTUATOR_ACTIVE,TRAJECTORY_RUNNING,24.0,43,25,-12,-0.95,43,0,0.0,0.0,0.0,0.0,0.0,0.0
2026-07-30T10:59:46.893,1420.672,87,open,ACTUATOR_ACTIVE,TRAJECTORY_RUNNING,24.0,43,20,-12,-1.21,43,0,0.0,0.0,0.0,0.0,0.0,0.0
2026-07-30T10:59:47.393,1421.172,87,open,ACTUATOR_ACTIVE,TRAJECTORY_RUNNING,24.0,43,14,-12,-2.73,43,0,0.0,0.0,0.0,0.0,0.0,0.0
2026-07-30T10:59:47.891,1421.672,87,open,ACTUATOR_ACTIVE,TRAJECTORY_COMPLETE,24.0,43,9,1,0.73,43,0,0.0,0.0,0.0,0.0,0.0,0.0
2026-07-30T10:59:48.385,1422.172,87,open,ACTUATOR_ACTIVE,TRAJECTORY_COMPLETE,24.0,45,9,0,0.05,45,0,0.0,0.0,0.0,0.0,0.0,0.0
2026-07-30T10:59:48.878,1422.656,87,open,ACTUATOR_ACTIVE,TRAJECTORY_COMPLETE,24.0,45,9,0,-0.05,45,0,0.0,0.0,0.0,0.0,0.0,0.0
2026-07-30T10:59:49.391,1423.172,87,open,ACTUATOR_ACTIVE,TRAJECTORY_COMPLETE,24.0,45,10,1,0.14,45,0,0.0,0.0,0.0,0.0,0.0,0.0
2026-07-30T10:59:49.887,1423.672,87,open,ACTUATOR_ACTIVE,TRAJECTORY_COMPLETE,24.0,45,10,0,-0.26,45,0,0.0,0.0,0.0,0.0,0.0,0.0
2026-07-30T10:59:50.383,1424.156,87,open,ACTUATOR_ACTIVE,TRAJECTORY_COMPLETE,24.0,45,9,0,-0.13,45,0,0.0,0.0,0.0,0.0,0.0,0.0
2026-07-30T10:59:50.901,1424.688,87,open,ACTUATOR_ACTIVE,TRAJECTORY_COMPLETE,24.0,45,10,0,-0.1,45,0,0.0,0.0,0.0,0.0,0.0,0.0
2026-07-30T10:59:51.383,1425.156,87,open,ACTUATOR_ACTIVE,TRAJECTORY_COMPLETE,24.0,45,9,0,0.13,45,0,0.0,0.0,0.0,0.0,0.0,0.0
2026-07-30T10:59:51.893,1425.672,87,open,ACTUATOR_ACTIVE,TRAJECTORY_COMPLETE,24.0,45,9,0,0.1,45,0,0.0,0.0,0.0,0.0,0.0,0.0
2026-07-30T10:59:52.384,1426.172,87,open,ACTUATOR_ACTIVE,TRAJECTORY_COMPLETE,24.0,45,9,0,-0.26,45,0,0.0,0.0,0.0,0.0,0.0,0.0
2026-07-30T10:59:52.879,1426.656,87,open,ACTUATOR_ACTIVE,TRAJECTORY_COMPLETE,24.0,45,9,0,0.23,45,0,0.0,0.0,0.0,0.0,0.0,0.0
2026-07-30T10:59:53.393,1427.172,87,open,ACTUATOR_ACTIVE,TRAJECTORY_COMPLETE,24.0,45,9,0,0.19,45,0,0.0,0.0,0.0,0.0,0.0,0.0
2026-07-30T10:59:54.002,1427.781,88,close,ACTUATOR_ACTIVE,TRAJECTORY_RUNNING,24.0,45,10,5,1.1,45,0,0.0,0.0,0.0,0.0,0.0,0.0
2026-07-30T10:59:54.493,1428.266,88,close,ACTUATOR_ACTIVE,TRAJECTORY_RUNNING,24.0,45,12,4,1.48,45,0,0.0,0.0,0.0,0.0,0.0,0.0
2026-07-30T10:59:55.005,1428.781,88,close,ACTUATOR_ACTIVE,TRAJECTORY_RUNNING,24.0,45,14,5,1.31,45,0,0.0,0.0,0.0,0.0,0.0,0.0
2026-07-30T10:59:55.503,1429.281,88,close,ACTUATOR_ACTIVE,TRAJECTORY_RUNNING,24.0,45,17,7,1.85,45,0,0.0,0.0,0.0,0.0,0.0,0.0
2026-07-30T10:59:56.003,1429.781,88,close,ACTUATOR_ACTIVE,TRAJECTORY_RUNNING,24.0,45,20,9,1.75,45,0,0.0,0.0,0.0,0.0,0.0,0.0
2026-07-30T10:59:56.497,1430.281,88,close,ACTUATOR_ACTIVE,TRAJECTORY_RUNNING,24.0,46,24,7,1.63,46,0,0.0,0.0,0.0,0.0,0.0,0.0
2026-07-30T10:59:56.991,1430.766,88,close,ACTUATOR_ACTIVE,TRAJECTORY_RUNNING,24.0,46,28,8,1.7,46,0,0.0,0.0,0.0,0.0,0.0,0.0
2026-07-30T10:59:57.504,1431.281,88,close,ACTUATOR_ACTIVE,TRAJECTORY_RUNNING,24.0,46,30,0,3.77,46,0,0.0,0.0,0.0,0.0,0.0,0.0
2026-07-30T10:59:58.000,1431.781,88,close,ACTUATOR_ACTIVE,TRAJECTORY_RUNNING,24.0,46,30,0,2.59,46,0,0.0,0.0,0.0,0.0,0.0,0.0
2026-07-30T10:59:58.499,1432.281,88,close,ACTUATOR_ACTIVE,TRAJECTORY_RUNNING,24.0,46,30,0,2.5,46,0,0.0,0.0,0.0,0.0,0.0,0.0
2026-07-30T10:59:58.994,1432.781,88,close,ACTUATOR_ACTIVE,TRAJECTORY_STOPPED,24.0,46,30,0,1.87,46,0,0.0,0.0,0.0,0.0,0.0,0.0
2026-07-30T10:59:59.492,1433.266,88,close,ACTUATOR_ACTIVE,TRAJECTORY_STOPPED,24.0,46,30,0,2.11,46,0,0.0,0.0,0.0,0.0,0.0,0.0
2026-07-30T11:00:00.002,1433.781,88,close,ACTUATOR_ACTIVE,TRAJECTORY_RUNNING,24.0,46,30,0,2.27,46,0,0.0,0.0,0.0,0.0,0.0,0.0
2026-07-30T11:00:00.495,1434.281,88,close,ACTUATOR_ACTIVE,TRAJECTORY_RUNNING,24.0,47,30,0,2.34,47,0,0.0,0.0,0.0,0.0,0.0,0.0
2026-07-30T11:00:00.989,1434.766,88,close,ACTUATOR_ACTIVE,TRAJECTORY_RUNNING,24.0,47,30,0,2.0,47,0,0.0,0.0,0.0,0.0,0.0,0.0
2026-07-30T11:00:01.500,1435.281,88,close,ACTUATOR_ACTIVE,TRAJECTORY_RUNNING,24.0,47,30,0,1.85,47,0,0.0,0.0,0.0,0.0,0.0,0.0
2026-07-30T11:00:02.111,1435.891,88,open,ACTUATOR_ACTIVE,TRAJECTORY_RUNNING,24.0,47,30,0,1.07,47,0,0.0,0.0,0.0,0.0,0.0,0.0
2026-07-30T11:00:02.610,1436.391,88,open,ACTUATOR_ACTIVE,TRAJECTORY_RUNNING,24.0,47,30,-1,-1.05,47,0,0.0,0.0,0.0,0.0,0.0,0.0
2026-07-30T11:00:03.103,1436.875,88,open,ACTUATOR_ACTIVE,TRAJECTORY_RUNNING,24.0,47,29,-2,-0.88,47,0,0.0,0.0,0.0,0.0,0.0,0.0
2026-07-30T11:00:03.616,1437.391,88,open,ACTUATOR_ACTIVE,TRAJECTORY_RUNNING,24.0,47,28,-2,-0.76,47,0,0.0,0.0,0.0,0.0,0.0,0.0
2026-07-30T11:00:04.118,1437.906,88,open,ACTUATOR_ACTIVE,TRAJECTORY_RUNNING,24.0,47,26,-4,-0.67,47,0,0.0,0.0,0.0,0.0,0.0,0.0
2026-07-30T11:00:04.600,1438.375,88,open,ACTUATOR_ACTIVE,TRAJECTORY_RUNNING,24.0,44,23,-7,-1.98,44,0,0.0,0.0,0.0,0.0,0.0,0.0
2026-07-30T11:00:05.108,1438.891,88,open,ACTUATOR_ACTIVE,TRAJECTORY_RUNNING,24.0,44,19,-8,-0.57,44,0,0.0,0.0,0.0,0.0,0.0,0.0
2026-07-30T11:00:05.605,1439.391,88,open,ACTUATOR_ACTIVE,TRAJECTORY_RUNNING,24.0,44,14,-10,-2.14,44,0,0.0,0.0,0.0,0.0,0.0,0.0
2026-07-30T11:00:06.101,1439.875,88,open,ACTUATOR_ACTIVE,TRAJECTORY_RUNNING,24.0,44,10,-8,-1.67,44,0,0.0,0.0,0.0,0.0,0.0,0.0
2026-07-30T11:00:06.611,1440.391,88,open,ACTUATOR_ACTIVE,TRAJECTORY_RUNNING,24.0,44,8,0,-0.76,44,0,0.0,0.0,0.0,0.0,0.0,0.0
2026-07-30T11:00:07.103,1440.891,88,open,ACTUATOR_ACTIVE,TRAJECTORY_RUNNING,24.0,44,8,0,0.3,44,0,0.0,0.0,0.0,0.0,0.0,0.0
2026-07-30T11:00:07.603,1441.391,88,open,ACTUATOR_ACTIVE,TRAJECTORY_RUNNING,24.0,44,9,0,1.26,44,0,0.0,0.0,0.0,0.0,0.0,0.0
2026-07-30T11:00:08.104,1441.891,88,open,ACTUATOR_ACTIVE,TRAJECTORY_RUNNING,24.0,44,9,0,1.73,44,0,0.0,0.0,0.0,0.0,0.0,0.0
2026-07-30T11:00:08.604,1442.391,88,open,ACTUATOR_ACTIVE,TRAJECTORY_STOPPED,24.0,44,9,0,1.48,44,0,0.0,0.0,0.0,0.0,0.0,0.0
2026-07-30T11:00:09.103,1442.891,88,open,ACTUATOR_ACTIVE,TRAJECTORY_RUNNING,24.0,44,9,0,3.38,44,0,0.0,0.0,0.0,0.0,0.0,0.0
2026-07-30T11:00:09.604,1443.391,88,open,ACTUATOR_ACTIVE,TRAJECTORY_RUNNING,24.0,44,9,1,2.04,44,0,0.0,0.0,0.0,0.0,0.0,0.0
2026-07-30T11:00:10.216,1444.0,89,close,ACTUATOR_ACTIVE,TRAJECTORY_RUNNING,24.0,44,9,7,1.61,44,0,0.0,0.0,0.0,0.0,0.0,0.0
2026-07-30T11:00:10.714,1444.5,89,close,ACTUATOR_ACTIVE,TRAJECTORY_RUNNING,24.0,44,12,4,3.12,44,0,0.0,0.0,0.0,0.0,0.0,0.0
2026-07-30T11:00:11.212,1444.985,89,close,ACTUATOR_ACTIVE,TRAJECTORY_RUNNING,24.0,44,15,8,1.57,44,0,0.0,0.0,0.0,0.0,0.0,0.0
2026-07-30T11:00:11.726,1445.5,89,close,ACTUATOR_ACTIVE,TRAJECTORY_RUNNING,24.0,44,19,8,0.41,44,0,0.0,0.0,0.0,0.0,0.0,0.0
2026-07-30T11:00:12.220,1446.0,89,close,ACTUATOR_ACTIVE,TRAJECTORY_RUNNING,24.0,44,23,8,0.91,44,0,0.0,0.0,0.0,0.0,0.0,0.0
2026-07-30T11:00:12.721,1446.5,89,close,ACTUATOR_ACTIVE,TRAJECTORY_RUNNING,24.0,39,28,8,1.56,39,0,0.0,0.0,0.0,0.0,0.0,0.0
2026-07-30T11:00:13.219,1447.0,89,close,ACTUATOR_ACTIVE,TRAJECTORY_RUNNING,24.0,39,30,0,4.64,39,0,0.0,0.0,0.0,0.0,0.0,0.0
2026-07-30T11:00:13.718,1447.5,89,close,ACTUATOR_ACTIVE,TRAJECTORY_RUNNING,24.0,39,30,0,2.44,39,0,0.0,0.0,0.0,0.0,0.0,0.0
2026-07-30T11:00:14.214,1448.0,89,close,ACTUATOR_ACTIVE,TRAJECTORY_RUNNING,24.0,39,30,0,2.03,39,0,0.0,0.0,0.0,0.0,0.0,0.0
2026-07-30T11:00:14.713,1448.5,89,close,ACTUATOR_ACTIVE,TRAJECTORY_RUNNING,24.0,39,30,0,1.79,39,0,0.0,0.0,0.0,0.0,0.0,0.0
2026-07-30T11:00:15.208,1448.985,89,close,ACTUATOR_ACTIVE,TRAJECTORY_RUNNING,24.0,39,30,0,1.74,39,0,0.0,0.0,0.0,0.0,0.0,0.0
2026-07-30T11:00:15.722,1449.5,89,close,ACTUATOR_ACTIVE,TRAJECTORY_RUNNING,24.0,39,30,1,1.85,39,0,0.0,0.0,0.0,0.0,0.0,0.0
2026-07-30T11:00:16.223,1450.0,89,close,ACTUATOR_ACTIVE,TRAJECTORY_STOPPED,24.0,39,30,0,1.87,39,0,0.0,0.0,0.0,0.0,0.0,0.0
2026-07-30T11:00:16.720,1450.5,89,close,ACTUATOR_ACTIVE,TRAJECTORY_RUNNING,24.0,44,30,0,2.14,44,0,0.0,0.0,0.0,0.0,0.0,0.0
2026-07-30T11:00:17.219,1451.0,89,close,ACTUATOR_ACTIVE,TRAJECTORY_RUNNING,24.0,44,30,0,1.97,44,0,0.0,0.0,0.0,0.0,0.0,0.0
2026-07-30T11:00:17.717,1451.5,89,close,ACTUATOR_ACTIVE,TRAJECTORY_RUNNING,24.0,44,30,0,1.8,44,0,0.0,0.0,0.0,0.0,0.0,0.0
2026-07-30T11:00:18.323,1452.11,89,open,ACTUATOR_ACTIVE,TRAJECTORY_RUNNING,24.0,44,30,0,1.24,44,0,0.0,0.0,0.0,0.0,0.0,0.0
2026-07-30T11:00:18.819,1452.594,89,open,ACTUATOR_ACTIVE,TRAJECTORY_RUNNING,24.0,44,26,-10,-1.96,44,0,0.0,0.0,0.0,0.0,0.0,0.0
2026-07-30T11:00:19.329,1453.11,89,open,ACTUATOR_ACTIVE,TRAJECTORY_RUNNING,24.0,44,20,-11,-1.84,44,0,0.0,0.0,0.0,0.0,0.0,0.0
2026-07-30T11:00:19.829,1453.61,89,open,ACTUATOR_ACTIVE,TRAJECTORY_RUNNING,24.0,44,14,-11,-2.05,44,0,0.0,0.0,0.0,0.0,0.0,0.0
2026-07-30T11:00:20.324,1454.11,89,open,ACTUATOR_ACTIVE,TRAJECTORY_COMPLETE,24.0,44,9,0,1.24,44,0,0.0,0.0,0.0,0.0,0.0,0.0
2026-07-30T11:00:20.821,1454.594,89,open,ACTUATOR_ACTIVE,TRAJECTORY_COMPLETE,24.0,46,9,0,0.35,46,0,0.0,0.0,0.0,0.0,0.0,0.0
2026-07-30T11:00:21.338,1455.125,89,open,ACTUATOR_ACTIVE,TRAJECTORY_COMPLETE,24.0,46,9,-1,0.84,46,0,0.0,0.0,0.0,0.0,0.0,0.0
2026-07-30T11:00:21.817,1455.594,89,open,ACTUATOR_ACTIVE,TRAJECTORY_COMPLETE,24.0,46,10,-1,0.94,46,0,0.0,0.0,0.0,0.0,0.0,0.0
2026-07-30T11:00:22.322,1456.11,89,open,ACTUATOR_ACTIVE,TRAJECTORY_COMPLETE,24.0,46,10,0,-0.4,46,0,0.0,0.0,0.0,0.0,0.0,0.0
2026-07-30T11:00:22.821,1456.594,89,open,ACTUATOR_ACTIVE,TRAJECTORY_COMPLETE,24.0,46,10,0,0.1,46,0,0.0,0.0,0.0,0.0,0.0,0.0
2026-07-30T11:00:23.338,1457.125,89,open,ACTUATOR_ACTIVE,TRAJECTORY_COMPLETE,24.0,46,10,0,0.24,46,0,0.0,0.0,0.0,0.0,0.0,0.0
2026-07-30T11:00:23.819,1457.594,89,open,ACTUATOR_ACTIVE,TRAJECTORY_COMPLETE,24.0,46,10,0,-0.01,46,0,0.0,0.0,0.0,0.0,0.0,0.0
2026-07-30T11:00:24.332,1458.11,89,open,ACTUATOR_ACTIVE,TRAJECTORY_COMPLETE,24.0,46,10,0,0.05,46,0,0.0,0.0,0.0,0.0,0.0,0.0
2026-07-30T11:00:24.831,1458.61,89,open,ACTUATOR_ACTIVE,TRAJECTORY_COMPLETE,24.0,49,10,0,0.06,49,0,0.0,0.0,0.0,0.0,0.0,0.0
2026-07-30T11:00:25.330,1459.11,89,open,ACTUATOR_ACTIVE,TRAJECTORY_COMPLETE,24.0,49,10,0,0.22,49,0,0.0,0.0,0.0,0.0,0.0,0.0
2026-07-30T11:00:25.825,1459.61,89,open,ACTUATOR_ACTIVE,TRAJECTORY_COMPLETE,24.0,49,10,0,0.02,49,0,0.0,0.0,0.0,0.0,0.0,0.0
2026-07-30T11:00:26.433,1460.219,90,close,ACTUATOR_ACTIVE,TRAJECTORY_RUNNING,24.0,49,10,7,0.77,49,0,0.0,0.0,0.0,0.0,0.0,0.0
2026-07-30T11:00:26.929,1460.703,90,close,ACTUATOR_ACTIVE,TRAJECTORY_RUNNING,24.0,49,11,3,0.68,49,0,0.0,0.0,0.0,0.0,0.0,0.0
2026-07-30T11:00:27.445,1461.219,90,close,ACTUATOR_ACTIVE,TRAJECTORY_RUNNING,24.0,49,13,5,0.91,49,0,0.0,0.0,0.0,0.0,0.0,0.0
2026-07-30T11:00:27.943,1461.719,90,close,ACTUATOR_ACTIVE,TRAJECTORY_RUNNING,24.0,49,16,6,1.53,49,0,0.0,0.0,0.0,0.0,0.0,0.0
2026-07-30T11:00:28.443,1462.219,90,close,ACTUATOR_ACTIVE,TRAJECTORY_RUNNING,24.0,45,19,7,2.49,45,0,0.0,0.0,0.0,0.0,0.0,0.0
2026-07-30T11:00:28.936,1462.719,90,close,ACTUATOR_ACTIVE,TRAJECTORY_RUNNING,24.0,45,23,7,0.76,45,0,0.0,0.0,0.0,0.0,0.0,0.0
2026-07-30T11:00:29.429,1463.203,90,close,ACTUATOR_ACTIVE,TRAJECTORY_RUNNING,24.0,45,27,10,1.52,45,0,0.0,0.0,0.0,0.0,0.0,0.0
2026-07-30T11:00:29.940,1463.719,90,close,ACTUATOR_ACTIVE,TRAJECTORY_RUNNING,24.0,45,30,0,5.43,45,0,0.0,0.0,0.0,0.0,0.0,0.0
2026-07-30T11:00:30.430,1464.203,90,close,ACTUATOR_ACTIVE,TRAJECTORY_RUNNING,24.0,45,30,0,2.57,45,0,0.0,0.0,0.0,0.0,0.0,0.0
2026-07-30T11:00:30.942,1464.719,90,close,ACTUATOR_ACTIVE,TRAJECTORY_RUNNING,24.0,45,30,1,2.76,45,0,0.0,0.0,0.0,0.0,0.0,0.0
2026-07-30T11:00:31.442,1465.219,90,close,ACTUATOR_ACTIVE,TRAJECTORY_RUNNING,24.0,45,30,0,2.31,45,0,0.0,0.0,0.0,0.0,0.0,0.0
2026-07-30T11:00:31.938,1465.719,90,close,ACTUATOR_ACTIVE,TRAJECTORY_RUNNING,24.0,45,30,-1,1.78,45,0,0.0,0.0,0.0,0.0,0.0,0.0
2026-07-30T11:00:32.433,1466.219,90,close,ACTUATOR_ACTIVE,TRAJECTORY_RUNNING,24.0,44,30,0,2.6,44,0,0.0,0.0,0.0,0.0,0.0,0.0
2026-07-30T11:00:32.928,1466.703,90,close,ACTUATOR_ACTIVE,TRAJECTORY_RUNNING,24.0,44,30,-1,1.7,44,0,0.0,0.0,0.0,0.0,0.0,0.0
2026-07-30T11:00:33.438,1467.219,90,close,ACTUATOR_ACTIVE,TRAJECTORY_RUNNING,24.0,44,30,0,1.8,44,0,0.0,0.0,0.0,0.0,0.0,0.0
2026-07-30T11:00:33.932,1467.719,90,close,ACTUATOR_ACTIVE,TRAJECTORY_RUNNING,24.0,44,30,-1,2.26,44,0,0.0,0.0,0.0,0.0,0.0,0.0
2026-07-30T11:00:34.538,1468.313,90,open,ACTUATOR_ACTIVE,TRAJECTORY_RUNNING,24.0,44,30,0,0.97,44,0,0.0,0.0,0.0,0.0,0.0,0.0
2026-07-30T11:00:35.054,1468.828,90,open,ACTUATOR_ACTIVE,TRAJECTORY_RUNNING,24.0,44,25,-12,-0.04,44,0,0.0,0.0,0.0,0.0,0.0,0.0
2026-07-30T11:00:35.549,1469.328,90,open,ACTUATOR_ACTIVE,TRAJECTORY_RUNNING,24.0,44,20,-12,-2.06,44,0,0.0,0.0,0.0,0.0,0.0,0.0
2026-07-30T11:00:36.047,1469.828,90,open,ACTUATOR_ACTIVE,TRAJECTORY_RUNNING,24.0,44,14,-11,-1.62,44,0,0.0,0.0,0.0,0.0,0.0,0.0
2026-07-30T11:00:36.546,1470.328,90,open,ACTUATOR_ACTIVE,TRAJECTORY_COMPLETE,24.0,44,9,2,0.79,44,0,0.0,0.0,0.0,0.0,0.0,0.0
2026-07-30T11:00:37.036,1470.813,90,open,ACTUATOR_ACTIVE,TRAJECTORY_COMPLETE,24.0,44,10,0,1.61,44,0,0.0,0.0,0.0,0.0,0.0,0.0
2026-07-30T11:00:37.550,1471.328,90,open,ACTUATOR_ACTIVE,TRAJECTORY_COMPLETE,24.0,44,9,0,0.33,44,0,0.0,0.0,0.0,0.0,0.0,0.0
2026-07-30T11:00:38.041,1471.828,90,open,ACTUATOR_ACTIVE,TRAJECTORY_COMPLETE,24.0,44,9,0,-0.23,44,0,0.0,0.0,0.0,0.0,0.0,0.0
2026-07-30T11:00:38.534,1472.313,90,open,ACTUATOR_ACTIVE,TRAJECTORY_COMPLETE,24.0,44,9,1,0.02,44,0,0.0,0.0,0.0,0.0,0.0,0.0
2026-07-30T11:00:39.042,1472.828,90,open,ACTUATOR_ACTIVE,TRAJECTORY_COMPLETE,24.0,44,10,0,-1.38,44,0,0.0,0.0,0.0,0.0,0.0,0.0
2026-07-30T11:00:39.538,1473.313,90,open,ACTUATOR_ACTIVE,TRAJECTORY_COMPLETE,24.0,44,10,0,0.01,44,0,0.0,0.0,0.0,0.0,0.0,0.0
2026-07-30T11:00:40.050,1473.828,90,open,ACTUATOR_ACTIVE,TRAJECTORY_COMPLETE,24.0,44,10,0,0.06,44,0,0.0,0.0,0.0,0.0,0.0,0.0
2026-07-30T11:00:40.547,1474.328,90,open,ACTUATOR_ACTIVE,TRAJECTORY_COMPLETE,24.0,42,10,0,-0.03,42,0,0.0,0.0,0.0,0.0,0.0,0.0
2026-07-30T11:00:41.044,1474.828,90,open,ACTUATOR_ACTIVE,TRAJECTORY_COMPLETE,24.0,42,10,1,-0.15,42,0,0.0,0.0,0.0,0.0,0.0,0.0
2026-07-30T11:00:41.541,1475.328,90,open,ACTUATOR_ACTIVE,TRAJECTORY_COMPLETE,24.0,42,10,0,0.17,42,0,0.0,0.0,0.0,0.0,0.0,0.0
2026-07-30T11:00:42.037,1475.813,90,open,ACTUATOR_ACTIVE,TRAJECTORY_COMPLETE,24.0,42,10,0,-0.12,42,0,0.0,0.0,0.0,0.0,0.0,0.0
2026-07-30T11:00:42.653,1476.438,91,close,ACTUATOR_ACTIVE,TRAJECTORY_RUNNING,24.0,42,10,7,0.24,42,0,0.0,0.0,0.0,0.0,0.0,0.0
2026-07-30T11:00:43.148,1476.922,91,close,ACTUATOR_ACTIVE,TRAJECTORY_RUNNING,24.0,42,14,10,2.76,42,0,0.0,0.0,0.0,0.0,0.0,0.0
2026-07-30T11:00:43.661,1477.438,91,close,ACTUATOR_ACTIVE,TRAJECTORY_RUNNING,24.0,42,19,8,2.21,42,0,0.0,0.0,0.0,0.0,0.0,0.0
2026-07-30T11:00:44.149,1477.922,91,close,ACTUATOR_ACTIVE,TRAJECTORY_RUNNING,24.0,42,23,8,1.68,42,0,0.0,0.0,0.0,0.0,0.0,0.0
2026-07-30T11:00:44.659,1478.438,91,close,ACTUATOR_ACTIVE,TRAJECTORY_RUNNING,24.0,39,28,9,1.8,39,0,0.0,0.0,0.0,0.0,0.0,0.0
2026-07-30T11:00:45.157,1478.938,91,close,ACTUATOR_ACTIVE,TRAJECTORY_RUNNING,24.0,39,31,2,23.37,39,0,0.0,0.0,0.0,0.0,0.0,0.0
2026-07-30T11:00:45.657,1479.438,91,close,ACTUATOR_ACTIVE,TRAJECTORY_RUNNING,24.0,39,31,0,28.47,39,0,0.0,0.0,0.0,0.0,0.0,0.0
2026-07-30T11:00:46.149,1479.922,91,close,ACTUATOR_ACTIVE,TRAJECTORY_RUNNING,24.0,39,31,0,33.51,39,0,0.0,0.0,0.0,0.0,0.0,0.0
2026-07-30T11:00:46.660,1480.438,91,close,ACTUATOR_ACTIVE,TRAJECTORY_RUNNING,24.0,39,31,0,31.69,39,0,0.0,0.0,0.0,0.0,0.0,0.0
2026-07-30T11:00:47.158,1480.938,91,close,ACTUATOR_ACTIVE,TRAJECTORY_RUNNING,24.0,39,31,0,30.02,39,0,0.0,0.0,0.0,0.0,0.0,0.0
2026-07-30T11:00:47.658,1481.438,91,close,ACTUATOR_ACTIVE,TRAJECTORY_RUNNING,24.0,39,31,0,26.13,39,0,0.0,0.0,0.0,0.0,0.0,0.0
2026-07-30T11:00:48.155,1481.938,91,close,ACTUATOR_ACTIVE,TRAJECTORY_RUNNING,24.0,39,31,-1,32.2,39,0,0.0,0.0,0.0,0.0,0.0,0.0
2026-07-30T11:00:48.649,1482.422,91,close,ACTUATOR_ACTIVE,TRAJECTORY_RUNNING,24.0,43,31,0,31.43,43,0,0.0,0.0,0.0,0.0,0.0,0.0
2026-07-30T11:00:49.164,1482.938,91,close,ACTUATOR_ACTIVE,TRAJECTORY_RUNNING,24.0,43,31,0,28.35,43,0,0.0,0.0,0.0,0.0,0.0,0.0
2026-07-30T11:00:49.660,1483.438,91,close,ACTUATOR_ACTIVE,TRAJECTORY_RUNNING,24.0,43,31,0,31.29,43,0,0.0,0.0,0.0,0.0,0.0,0.0
2026-07-30T11:00:50.154,1483.938,91,close,ACTUATOR_ACTIVE,TRAJECTORY_RUNNING,24.0,43,31,1,30.49,43,0,0.0,0.0,0.0,0.0,0.0,0.0
2026-07-30T11:00:50.767,1484.547,91,open,ACTUATOR_ACTIVE,TRAJECTORY_RUNNING,24.0,43,31,0,3.49,43,0,0.0,0.0,0.0,0.0,0.0,0.0
2026-07-30T11:00:51.263,1485.047,91,open,ACTUATOR_ACTIVE,TRAJECTORY_RUNNING,24.0,43,27,-10,-1.86,43,0,0.0,0.0,0.0,0.0,0.0,0.0
2026-07-30T11:00:51.759,1485.531,91,open,ACTUATOR_ACTIVE,TRAJECTORY_RUNNING,24.0,43,21,-13,-2.03,43,0,0.0,0.0,0.0,0.0,0.0,0.0
2026-07-30T11:00:52.275,1486.063,91,open,ACTUATOR_ACTIVE,TRAJECTORY_RUNNING,24.0,43,15,-11,-1.74,43,0,0.0,0.0,0.0,0.0,0.0,0.0
2026-07-30T11:00:52.756,1486.531,91,open,ACTUATOR_ACTIVE,TRAJECTORY_RUNNING,24.0,45,10,-12,-2.2,45,0,0.0,0.0,0.0,0.0,0.0,0.0
2026-07-30T11:00:53.267,1487.047,91,open,ACTUATOR_ACTIVE,TRAJECTORY_COMPLETE,24.0,45,10,0,0.18,45,0,0.0,0.0,0.0,0.0,0.0,0.0
2026-07-30T11:00:53.763,1487.547,91,open,ACTUATOR_ACTIVE,TRAJECTORY_COMPLETE,24.0,45,10,1,0.16,45,0,0.0,0.0,0.0,0.0,0.0,0.0
2026-07-30T11:00:54.262,1488.047,91,open,ACTUATOR_ACTIVE,TRAJECTORY_COMPLETE,24.0,45,9,0,-0.52,45,0,0.0,0.0,0.0,0.0,0.0,0.0
2026-07-30T11:00:54.757,1488.531,91,open,ACTUATOR_ACTIVE,TRAJECTORY_COMPLETE,24.0,45,9,0,0.12,45,0,0.0,0.0,0.0,0.0,0.0,0.0
2026-07-30T11:00:55.270,1489.047,91,open,ACTUATOR_ACTIVE,TRAJECTORY_COMPLETE,24.0,45,9,0,0.06,45,0,0.0,0.0,0.0,0.0,0.0,0.0
2026-07-30T11:00:55.766,1489.547,91,open,ACTUATOR_ACTIVE,TRAJECTORY_COMPLETE,24.0,45,9,0,-0.0,45,0,0.0,0.0,0.0,0.0,0.0,0.0
2026-07-30T11:00:56.260,1490.047,91,open,ACTUATOR_ACTIVE,TRAJECTORY_COMPLETE,24.0,45,9,0,-0.17,45,0,0.0,0.0,0.0,0.0,0.0,0.0
2026-07-30T11:00:56.755,1490.531,91,open,ACTUATOR_ACTIVE,TRAJECTORY_COMPLETE,24.0,45,9,0,0.23,45,0,0.0,0.0,0.0,0.0,0.0,0.0
2026-07-30T11:00:57.267,1491.047,91,open,ACTUATOR_ACTIVE,TRAJECTORY_COMPLETE,24.0,45,9,0,0.14,45,0,0.0,0.0,0.0,0.0,0.0,0.0
2026-07-30T11:00:57.763,1491.547,91,open,ACTUATOR_ACTIVE,TRAJECTORY_COMPLETE,24.0,45,9,0,0.0,45,0,0.0,0.0,0.0,0.0,0.0,0.0
2026-07-30T11:00:58.255,1492.031,91,open,ACTUATOR_ACTIVE,TRAJECTORY_COMPLETE,24.0,45,9,0,0.09,45,0,0.0,0.0,0.0,0.0,0.0,0.0
2026-07-30T11:00:58.881,1492.656,92,close,ACTUATOR_ACTIVE,TRAJECTORY_RUNNING,24.0,45,10,6,1.6,45,0,0.0,0.0,0.0,0.0,0.0,0.0
2026-07-30T11:00:59.394,1493.172,92,close,ACTUATOR_ACTIVE,TRAJECTORY_RUNNING,24.0,45,12,3,2.12,45,0,0.0,0.0,0.0,0.0,0.0,0.0
2026-07-30T11:00:59.893,1493.672,92,close,ACTUATOR_ACTIVE,TRAJECTORY_RUNNING,24.0,45,14,6,2.02,45,0,0.0,0.0,0.0,0.0,0.0,0.0
2026-07-30T11:01:00.388,1494.172,92,close,ACTUATOR_ACTIVE,TRAJECTORY_RUNNING,24.0,41,16,6,1.17,41,0,0.0,0.0,0.0,0.0,0.0,0.0
2026-07-30T11:01:00.879,1494.656,92,close,ACTUATOR_ACTIVE,TRAJECTORY_RUNNING,24.0,41,20,8,1.66,41,0,0.0,0.0,0.0,0.0,0.0,0.0
2026-07-30T11:01:01.389,1495.172,92,close,ACTUATOR_ACTIVE,TRAJECTORY_RUNNING,24.0,41,24,9,2.25,41,0,0.0,0.0,0.0,0.0,0.0,0.0
2026-07-30T11:01:01.883,1495.656,92,close,ACTUATOR_ACTIVE,TRAJECTORY_RUNNING,24.0,41,28,9,2.07,41,0,0.0,0.0,0.0,0.0,0.0,0.0
2026-07-30T11:01:02.394,1496.172,92,close,ACTUATOR_ACTIVE,TRAJECTORY_RUNNING,24.0,41,30,0,4.2,41,0,0.0,0.0,0.0,0.0,0.0,0.0
2026-07-30T11:01:02.894,1496.672,92,close,ACTUATOR_ACTIVE,TRAJECTORY_STOPPED,24.0,41,30,0,2.76,41,0,0.0,0.0,0.0,0.0,0.0,0.0
2026-07-30T11:01:03.392,1497.172,92,close,ACTUATOR_ACTIVE,TRAJECTORY_RUNNING,24.0,41,30,0,2.06,41,0,0.0,0.0,0.0,0.0,0.0,0.0
2026-07-30T11:01:03.884,1497.656,92,close,ACTUATOR_ACTIVE,TRAJECTORY_RUNNING,24.0,41,30,0,3.88,41,0,0.0,0.0,0.0,0.0,0.0,0.0
2026-07-30T11:01:04.400,1498.188,92,close,ACTUATOR_ACTIVE,TRAJECTORY_RUNNING,24.0,45,30,0,1.98,45,0,0.0,0.0,0.0,0.0,0.0,0.0
2026-07-30T11:01:04.883,1498.656,92,close,ACTUATOR_ACTIVE,TRAJECTORY_RUNNING,24.0,45,30,0,2.57,45,0,0.0,0.0,0.0,0.0,0.0,0.0
2026-07-30T11:01:05.397,1499.172,92,close,ACTUATOR_ACTIVE,TRAJECTORY_STOPPED,24.0,45,30,0,2.01,45,0,0.0,0.0,0.0,0.0,0.0,0.0
2026-07-30T11:01:05.897,1499.672,92,close,ACTUATOR_ACTIVE,TRAJECTORY_RUNNING,24.0,45,30,0,2.42,45,0,0.0,0.0,0.0,0.0,0.0,0.0
2026-07-30T11:01:06.393,1500.172,92,close,ACTUATOR_ACTIVE,TRAJECTORY_STOPPED,24.0,45,30,0,1.85,45,0,0.0,0.0,0.0,0.0,0.0,0.0
2026-07-30T11:01:06.995,1500.781,92,open,ACTUATOR_ACTIVE,TRAJECTORY_RUNNING,24.0,45,30,0,0.74,45,0,0.0,0.0,0.0,0.0,0.0,0.0
2026-07-30T11:01:07.496,1501.281,92,open,ACTUATOR_ACTIVE,TRAJECTORY_RUNNING,24.0,45,30,0,-0.53,45,0,0.0,0.0,0.0,0.0,0.0,0.0
2026-07-30T11:01:07.995,1501.781,92,open,ACTUATOR_ACTIVE,TRAJECTORY_RUNNING,24.0,45,29,-1,-1.02,45,0,0.0,0.0,0.0,0.0,0.0,0.0
2026-07-30T11:01:08.491,1502.266,92,open,ACTUATOR_ACTIVE,TRAJECTORY_RUNNING,24.0,44,28,-3,-0.98,44,0,0.0,0.0,0.0,0.0,0.0,0.0
2026-07-30T11:01:08.999,1502.781,92,open,ACTUATOR_ACTIVE,TRAJECTORY_RUNNING,24.0,44,26,-4,-0.67,44,0,0.0,0.0,0.0,0.0,0.0,0.0
2026-07-30T11:01:09.497,1503.281,92,open,ACTUATOR_ACTIVE,TRAJECTORY_RUNNING,24.0,44,23,-6,0.02,44,0,0.0,0.0,0.0,0.0,0.0,0.0
2026-07-30T11:01:09.991,1503.766,92,open,ACTUATOR_ACTIVE,TRAJECTORY_RUNNING,24.0,44,20,-9,-0.68,44,0,0.0,0.0,0.0,0.0,0.0,0.0
2026-07-30T11:01:10.506,1504.281,92,open,ACTUATOR_ACTIVE,TRAJECTORY_RUNNING,24.0,44,15,-9,-1.57,44,0,0.0,0.0,0.0,0.0,0.0,0.0
2026-07-30T11:01:11.005,1504.781,92,open,ACTUATOR_ACTIVE,TRAJECTORY_RUNNING,24.0,44,11,-10,-1.78,44,0,0.0,0.0,0.0,0.0,0.0,0.0
2026-07-30T11:01:11.496,1505.281,92,open,ACTUATOR_ACTIVE,TRAJECTORY_RUNNING,24.0,44,8,-1,-1.62,44,0,0.0,0.0,0.0,0.0,0.0,0.0
2026-07-30T11:01:11.988,1505.766,92,open,ACTUATOR_ACTIVE,TRAJECTORY_RUNNING,24.0,44,8,0,-0.05,44,0,0.0,0.0,0.0,0.0,0.0,0.0
2026-07-30T11:01:12.503,1506.281,92,open,ACTUATOR_ACTIVE,TRAJECTORY_RUNNING,24.0,46,9,0,0.97,46,0,0.0,0.0,0.0,0.0,0.0,0.0
2026-07-30T11:01:13.000,1506.781,92,open,ACTUATOR_ACTIVE,TRAJECTORY_RUNNING,24.0,46,9,0,1.58,46,0,0.0,0.0,0.0,0.0,0.0,0.0
2026-07-30T11:01:13.493,1507.266,92,open,ACTUATOR_ACTIVE,TRAJECTORY_RUNNING,24.0,46,9,-1,2.33,46,0,0.0,0.0,0.0,0.0,0.0,0.0
2026-07-30T11:01:14.007,1507.781,92,open,ACTUATOR_ACTIVE,TRAJECTORY_RUNNING,24.0,46,9,0,2.02,46,0,0.0,0.0,0.0,0.0,0.0,0.0
2026-07-30T11:01:14.500,1508.281,92,open,ACTUATOR_ACTIVE,TRAJECTORY_RUNNING,24.0,46,9,0,2.92,46,0,0.0,0.0,0.0,0.0,0.0,0.0
2026-07-30T11:01:15.103,1508.891,93,close,ACTUATOR_ACTIVE,TRAJECTORY_RUNNING,24.0,46,9,5,1.89,46,0,0.0,0.0,0.0,0.0,0.0,0.0
2026-07-30T11:01:15.598,1509.375,93,close,ACTUATOR_ACTIVE,TRAJECTORY_RUNNING,24.0,46,14,9,3.13,46,0,0.0,0.0,0.0,0.0,0.0,0.0
2026-07-30T11:01:16.109,1509.891,93,close,ACTUATOR_ACTIVE,TRAJECTORY_RUNNING,24.0,46,18,10,2.0,46,0,0.0,0.0,0.0,0.0,0.0,0.0
2026-07-30T11:01:16.608,1510.391,93,close,ACTUATOR_ACTIVE,TRAJECTORY_RUNNING,24.0,40,23,8,2.19,40,0,0.0,0.0,0.0,0.0,0.0,0.0
2026-07-30T11:01:17.098,1510.875,93,close,ACTUATOR_ACTIVE,TRAJECTORY_RUNNING,24.0,40,27,8,2.79,40,0,0.0,0.0,0.0,0.0,0.0,0.0
2026-07-30T11:01:17.615,1511.391,93,close,ACTUATOR_ACTIVE,TRAJECTORY_RUNNING,24.0,40,31,2,23.16,40,0,0.0,0.0,0.0,0.0,0.0,0.0
2026-07-30T11:01:18.117,1511.891,93,close,ACTUATOR_ACTIVE,TRAJECTORY_RUNNING,24.0,40,31,0,28.7,40,0,0.0,0.0,0.0,0.0,0.0,0.0
2026-07-30T11:01:18.615,1512.391,93,close,ACTUATOR_ACTIVE,TRAJECTORY_RUNNING,24.0,40,31,0,33.05,40,0,0.0,0.0,0.0,0.0,0.0,0.0
2026-07-30T11:01:19.114,1512.891,93,close,ACTUATOR_ACTIVE,TRAJECTORY_RUNNING,24.0,40,31,0,28.17,40,0,0.0,0.0,0.0,0.0,0.0,0.0
2026-07-30T11:01:19.611,1513.391,93,close,ACTUATOR_ACTIVE,TRAJECTORY_RUNNING,24.0,40,31,0,28.42,40,0,0.0,0.0,0.0,0.0,0.0,0.0
2026-07-30T11:01:20.111,1513.891,93,close,ACTUATOR_ACTIVE,TRAJECTORY_RUNNING,24.0,40,31,0,31.24,40,0,0.0,0.0,0.0,0.0,0.0,0.0
2026-07-30T11:01:20.608,1514.391,93,close,ACTUATOR_ACTIVE,TRAJECTORY_RUNNING,24.0,45,31,0,28.76,45,0,0.0,0.0,0.0,0.0,0.0,0.0
2026-07-30T11:01:21.105,1514.891,93,close,ACTUATOR_ACTIVE,TRAJECTORY_RUNNING,24.0,45,31,0,27.3,45,0,0.0,0.0,0.0,0.0,0.0,0.0
2026-07-30T11:01:21.603,1515.391,93,close,ACTUATOR_ACTIVE,TRAJECTORY_RUNNING,24.0,45,31,1,30.48,45,0,0.0,0.0,0.0,0.0,0.0,0.0
2026-07-30T11:01:22.102,1515.875,93,close,ACTUATOR_ACTIVE,TRAJECTORY_RUNNING,24.0,45,31,0,30.39,45,0,0.0,0.0,0.0,0.0,0.0,0.0
2026-07-30T11:01:22.618,1516.391,93,close,ACTUATOR_ACTIVE,TRAJECTORY_RUNNING,24.0,45,31,0,28.94,45,0,0.0,0.0,0.0,0.0,0.0,0.0
2026-07-30T11:01:23.226,1517.0,93,open,ACTUATOR_ACTIVE,TRAJECTORY_RUNNING,24.0,45,31,0,5.3,45,0,0.0,0.0,0.0,0.0,0.0,0.0
2026-07-30T11:01:23.741,1517.516,93,open,ACTUATOR_ACTIVE,TRAJECTORY_RUNNING,24.0,45,27,-12,-1.13,45,0,0.0,0.0,0.0,0.0,0.0,0.0
2026-07-30T11:01:24.240,1518.016,93,open,ACTUATOR_ACTIVE,TRAJECTORY_RUNNING,24.0,45,21,-10,-1.56,45,0,0.0,0.0,0.0,0.0,0.0,0.0
2026-07-30T11:01:24.738,1518.516,93,open,ACTUATOR_ACTIVE,TRAJECTORY_RUNNING,24.0,44,15,-12,-1.67,44,0,0.0,0.0,0.0,0.0,0.0,0.0
2026-07-30T11:01:25.230,1519.016,93,open,ACTUATOR_ACTIVE,TRAJECTORY_RUNNING,24.0,44,10,-10,-3.45,44,0,0.0,0.0,0.0,0.0,0.0,0.0
2026-07-30T11:01:25.729,1519.516,93,open,ACTUATOR_ACTIVE,TRAJECTORY_COMPLETE,24.0,44,10,0,1.05,44,0,0.0,0.0,0.0,0.0,0.0,0.0
2026-07-30T11:01:26.227,1520.0,93,open,ACTUATOR_ACTIVE,TRAJECTORY_COMPLETE,24.0,44,10,0,-0.3,44,0,0.0,0.0,0.0,0.0,0.0,0.0
2026-07-30T11:01:26.737,1520.516,93,open,ACTUATOR_ACTIVE,TRAJECTORY_COMPLETE,24.0,44,9,0,0.17,44,0,0.0,0.0,0.0,0.0,0.0,0.0
2026-07-30T11:01:27.233,1521.016,93,open,ACTUATOR_ACTIVE,TRAJECTORY_COMPLETE,24.0,44,9,0,2.08,44,0,0.0,0.0,0.0,0.0,0.0,0.0
2026-07-30T11:01:27.734,1521.516,93,open,ACTUATOR_ACTIVE,TRAJECTORY_COMPLETE,24.0,44,9,0,0.36,44,0,0.0,0.0,0.0,0.0,0.0,0.0
2026-07-30T11:01:28.228,1522.0,93,open,ACTUATOR_ACTIVE,TRAJECTORY_COMPLETE,24.0,44,9,-1,0.13,44,0,0.0,0.0,0.0,0.0,0.0,0.0
2026-07-30T11:01:28.744,1522.531,93,open,ACTUATOR_ACTIVE,TRAJECTORY_COMPLETE,24.0,45,9,0,0.77,45,0,0.0,0.0,0.0,0.0,0.0,0.0
2026-07-30T11:01:29.225,1523.0,93,open,ACTUATOR_ACTIVE,TRAJECTORY_COMPLETE,24.0,45,10,-1,0.29,45,0,0.0,0.0,0.0,0.0,0.0,0.0
2026-07-30T11:01:29.744,1523.531,93,open,ACTUATOR_ACTIVE,TRAJECTORY_COMPLETE,24.0,45,9,0,0.16,45,0,0.0,0.0,0.0,0.0,0.0,0.0
2026-07-30T11:01:30.226,1524.0,93,open,ACTUATOR_ACTIVE,TRAJECTORY_COMPLETE,24.0,45,9,0,0.08,45,0,0.0,0.0,0.0,0.0,0.0,0.0
2026-07-30T11:01:30.738,1524.516,93,open,ACTUATOR_ACTIVE,TRAJECTORY_COMPLETE,24.0,45,9,0,-0.0,45,0,0.0,0.0,0.0,0.0,0.0,0.0
2026-07-30T11:01:31.346,1525.125,94,close,ACTUATOR_ACTIVE,TRAJECTORY_RUNNING,24.0,45,10,7,1.7,45,0,0.0,0.0,0.0,0.0,0.0,0.0
2026-07-30T11:01:31.841,1525.625,94,close,ACTUATOR_ACTIVE,TRAJECTORY_RUNNING,24.0,45,12,3,1.36,45,0,0.0,0.0,0.0,0.0,0.0,0.0
2026-07-30T11:01:32.335,1526.11,94,close,ACTUATOR_ACTIVE,TRAJECTORY_RUNNING,24.0,45,13,3,0.76,45,0,0.0,0.0,0.0,0.0,0.0,0.0
2026-07-30T11:01:32.843,1526.625,94,close,ACTUATOR_ACTIVE,TRAJECTORY_RUNNING,24.0,41,16,5,1.33,41,0,0.0,0.0,0.0,0.0,0.0,0.0
2026-07-30T11:01:33.340,1527.125,94,close,ACTUATOR_ACTIVE,TRAJECTORY_RUNNING,24.0,41,19,8,1.98,41,0,0.0,0.0,0.0,0.0,0.0,0.0
2026-07-30T11:01:33.841,1527.625,94,close,ACTUATOR_ACTIVE,TRAJECTORY_RUNNING,24.0,41,23,9,2.02,41,0,0.0,0.0,0.0,0.0,0.0,0.0
2026-07-30T11:01:34.342,1528.125,94,close,ACTUATOR_ACTIVE,TRAJECTORY_RUNNING,24.0,41,27,9,2.56,41,0,0.0,0.0,0.0,0.0,0.0,0.0
2026-07-30T11:01:34.842,1528.625,94,close,ACTUATOR_ACTIVE,TRAJECTORY_RUNNING,24.0,41,30,0,6.64,41,0,0.0,0.0,0.0,0.0,0.0,0.0
2026-07-30T11:01:35.340,1529.125,94,close,ACTUATOR_ACTIVE,TRAJECTORY_RUNNING,24.0,41,30,0,2.69,41,0,0.0,0.0,0.0,0.0,0.0,0.0
2026-07-30T11:01:35.833,1529.61,94,close,ACTUATOR_ACTIVE,TRAJECTORY_RUNNING,24.0,41,30,0,2.06,41,0,0.0,0.0,0.0,0.0,0.0,0.0
2026-07-30T11:01:36.340,1530.125,94,close,ACTUATOR_ACTIVE,TRAJECTORY_RUNNING,24.0,41,30,0,1.86,41,0,0.0,0.0,0.0,0.0,0.0,0.0
2026-07-30T11:01:36.835,1530.61,94,close,ACTUATOR_ACTIVE,TRAJECTORY_RUNNING,24.0,45,30,0,2.03,45,0,0.0,0.0,0.0,0.0,0.0,0.0
2026-07-30T11:01:37.346,1531.125,94,close,ACTUATOR_ACTIVE,TRAJECTORY_STOPPED,24.0,45,30,0,1.86,45,0,0.0,0.0,0.0,0.0,0.0,0.0
2026-07-30T11:01:37.836,1531.61,94,close,ACTUATOR_ACTIVE,TRAJECTORY_RUNNING,24.0,45,30,0,2.28,45,0,0.0,0.0,0.0,0.0,0.0,0.0
2026-07-30T11:01:38.350,1532.125,94,close,ACTUATOR_ACTIVE,TRAJECTORY_RUNNING,24.0,45,30,1,2.0,45,0,0.0,0.0,0.0,0.0,0.0,0.0
2026-07-30T11:01:38.851,1532.625,94,close,ACTUATOR_ACTIVE,TRAJECTORY_RUNNING,24.0,45,30,2,1.84,45,0,0.0,0.0,0.0,0.0,0.0,0.0
2026-07-30T11:01:39.465,1533.25,94,open,ACTUATOR_ACTIVE,TRAJECTORY_RUNNING,24.0,45,30,0,0.89,45,0,0.0,0.0,0.0,0.0,0.0,0.0
2026-07-30T11:01:39.964,1533.75,94,open,ACTUATOR_ACTIVE,TRAJECTORY_RUNNING,24.0,45,25,-11,-0.75,45,0,0.0,0.0,0.0,0.0,0.0,0.0
2026-07-30T11:01:40.467,1534.25,94,open,ACTUATOR_ACTIVE,TRAJECTORY_RUNNING,24.0,45,20,-11,-0.78,45,0,0.0,0.0,0.0,0.0,0.0,0.0
2026-07-30T11:01:40.963,1534.75,94,open,ACTUATOR_ACTIVE,TRAJECTORY_RUNNING,24.0,45,14,-10,-2.24,45,0,0.0,0.0,0.0,0.0,0.0,0.0
2026-07-30T11:01:41.461,1535.235,94,open,ACTUATOR_ACTIVE,TRAJECTORY_COMPLETE,24.0,45,9,1,0.85,45,0,0.0,0.0,0.0,0.0,0.0,0.0
2026-07-30T11:01:41.971,1535.75,94,open,ACTUATOR_ACTIVE,TRAJECTORY_COMPLETE,24.0,45,9,1,0.18,45,0,0.0,0.0,0.0,0.0,0.0,0.0
2026-07-30T11:01:42.463,1536.25,94,open,ACTUATOR_ACTIVE,TRAJECTORY_COMPLETE,24.0,45,10,0,2.07,45,0,0.0,0.0,0.0,0.0,0.0,0.0
2026-07-30T11:01:42.958,1536.735,94,open,ACTUATOR_ACTIVE,TRAJECTORY_COMPLETE,24.0,45,10,0,-0.01,45,0,0.0,0.0,0.0,0.0,0.0,0.0
2026-07-30T11:01:43.467,1537.25,94,open,ACTUATOR_ACTIVE,TRAJECTORY_COMPLETE,24.0,45,10,0,0.54,45,0,0.0,0.0,0.0,0.0,0.0,0.0
2026-07-30T11:01:43.959,1537.735,94,open,ACTUATOR_ACTIVE,TRAJECTORY_COMPLETE,24.0,45,10,0,0.15,45,0,0.0,0.0,0.0,0.0,0.0,0.0
2026-07-30T11:01:44.471,1538.25,94,open,ACTUATOR_ACTIVE,TRAJECTORY_COMPLETE,24.0,41,10,0,0.09,41,0,0.0,0.0,0.0,0.0,0.0,0.0
2026-07-30T11:01:44.965,1538.75,94,open,ACTUATOR_ACTIVE,TRAJECTORY_COMPLETE,24.0,41,9,0,0.02,41,0,0.0,0.0,0.0,0.0,0.0,0.0
2026-07-30T11:01:45.458,1539.235,94,open,ACTUATOR_ACTIVE,TRAJECTORY_COMPLETE,24.0,41,9,0,0.2,41,0,0.0,0.0,0.0,0.0,0.0,0.0
2026-07-30T11:01:45.966,1539.75,94,open,ACTUATOR_ACTIVE,TRAJECTORY_COMPLETE,24.0,41,9,0,0.28,41,0,0.0,0.0,0.0,0.0,0.0,0.0
2026-07-30T11:01:46.459,1540.235,94,open,ACTUATOR_ACTIVE,TRAJECTORY_COMPLETE,24.0,41,9,0,0.06,41,0,0.0,0.0,0.0,0.0,0.0,0.0
2026-07-30T11:01:46.969,1540.75,94,open,ACTUATOR_ACTIVE,TRAJECTORY_COMPLETE,24.0,41,9,0,-0.03,41,0,0.0,0.0,0.0,0.0,0.0,0.0
2026-07-30T11:01:47.575,1541.36,95,close,ACTUATOR_ACTIVE,TRAJECTORY_RUNNING,24.0,41,10,6,2.43,41,0,0.0,0.0,0.0,0.0,0.0,0.0
2026-07-30T11:01:48.072,1541.86,95,close,ACTUATOR_ACTIVE,TRAJECTORY_RUNNING,24.0,41,11,3,2.37,41,0,0.0,0.0,0.0,0.0,0.0,0.0
2026-07-30T11:01:48.571,1542.344,95,close,ACTUATOR_ACTIVE,TRAJECTORY_RUNNING,24.0,43,13,5,1.67,43,0,0.0,0.0,0.0,0.0,0.0,0.0
2026-07-30T11:01:49.081,1542.86,95,close,ACTUATOR_ACTIVE,TRAJECTORY_RUNNING,24.0,43,16,6,0.61,43,0,0.0,0.0,0.0,0.0,0.0,0.0
2026-07-30T11:01:49.576,1543.36,95,close,ACTUATOR_ACTIVE,TRAJECTORY_RUNNING,24.0,43,19,7,0.64,43,0,0.0,0.0,0.0,0.0,0.0,0.0
2026-07-30T11:01:50.077,1543.86,95,close,ACTUATOR_ACTIVE,TRAJECTORY_RUNNING,24.0,43,23,8,1.69,43,0,0.0,0.0,0.0,0.0,0.0,0.0
2026-07-30T11:01:50.574,1544.36,95,close,ACTUATOR_ACTIVE,TRAJECTORY_RUNNING,24.0,43,27,8,1.15,43,0,0.0,0.0,0.0,0.0,0.0,0.0
2026-07-30T11:01:51.069,1544.844,95,close,ACTUATOR_ACTIVE,TRAJECTORY_RUNNING,24.0,43,30,0,4.85,43,0,0.0,0.0,0.0,0.0,0.0,0.0
2026-07-30T11:01:51.582,1545.36,95,close,ACTUATOR_ACTIVE,TRAJECTORY_RUNNING,24.0,43,30,0,3.58,43,0,0.0,0.0,0.0,0.0,0.0,0.0
2026-07-30T11:01:52.084,1545.86,95,close,ACTUATOR_ACTIVE,TRAJECTORY_RUNNING,24.0,43,30,0,2.1,43,0,0.0,0.0,0.0,0.0,0.0,0.0
2026-07-30T11:01:52.577,1546.36,95,close,ACTUATOR_ACTIVE,TRAJECTORY_RUNNING,24.0,46,30,1,2.28,46,0,0.0,0.0,0.0,0.0,0.0,0.0
2026-07-30T11:01:53.072,1546.86,95,close,ACTUATOR_ACTIVE,TRAJECTORY_RUNNING,24.0,46,30,0,2.03,46,0,0.0,0.0,0.0,0.0,0.0,0.0
2026-07-30T11:01:53.570,1547.344,95,close,ACTUATOR_ACTIVE,TRAJECTORY_RUNNING,24.0,46,30,0,1.72,46,0,0.0,0.0,0.0,0.0,0.0,0.0
2026-07-30T11:01:54.078,1547.86,95,close,ACTUATOR_ACTIVE,TRAJECTORY_RUNNING,24.0,46,30,0,1.84,46,0,0.0,0.0,0.0,0.0,0.0,0.0
2026-07-30T11:01:54.575,1548.36,95,close,ACTUATOR_ACTIVE,TRAJECTORY_RUNNING,24.0,46,30,-2,1.82,46,0,0.0,0.0,0.0,0.0,0.0,0.0
2026-07-30T11:01:55.073,1548.86,95,close,ACTUATOR_ACTIVE,TRAJECTORY_RUNNING,24.0,46,30,1,1.86,46,0,0.0,0.0,0.0,0.0,0.0,0.0
2026-07-30T11:01:55.680,1549.453,95,open,ACTUATOR_ACTIVE,TRAJECTORY_RUNNING,24.0,46,30,1,0.82,46,0,0.0,0.0,0.0,0.0,0.0,0.0
2026-07-30T11:01:56.192,1549.969,95,open,ACTUATOR_ACTIVE,TRAJECTORY_RUNNING,24.0,46,25,-11,-1.77,46,0,0.0,0.0,0.0,0.0,0.0,0.0
2026-07-30T11:01:56.684,1550.469,95,open,ACTUATOR_ACTIVE,TRAJECTORY_RUNNING,24.0,44,20,-11,-1.28,44,0,0.0,0.0,0.0,0.0,0.0,0.0
2026-07-30T11:01:57.183,1550.969,95,open,ACTUATOR_ACTIVE,TRAJECTORY_RUNNING,24.0,44,14,-11,-1.79,44,0,0.0,0.0,0.0,0.0,0.0,0.0
2026-07-30T11:01:57.679,1551.453,95,open,ACTUATOR_ACTIVE,TRAJECTORY_COMPLETE,24.0,44,9,0,0.62,44,0,0.0,0.0,0.0,0.0,0.0,0.0
2026-07-30T11:01:58.192,1551.969,95,open,ACTUATOR_ACTIVE,TRAJECTORY_COMPLETE,24.0,44,9,0,-0.36,44,0,0.0,0.0,0.0,0.0,0.0,0.0
2026-07-30T11:01:58.689,1552.469,95,open,ACTUATOR_ACTIVE,TRAJECTORY_COMPLETE,24.0,44,9,-1,0.11,44,0,0.0,0.0,0.0,0.0,0.0,0.0
2026-07-30T11:01:59.188,1552.969,95,open,ACTUATOR_ACTIVE,TRAJECTORY_COMPLETE,24.0,44,9,0,-0.17,44,0,0.0,0.0,0.0,0.0,0.0,0.0
2026-07-30T11:01:59.684,1553.469,95,open,ACTUATOR_ACTIVE,TRAJECTORY_COMPLETE,24.0,44,9,0,0.41,44,0,0.0,0.0,0.0,0.0,0.0,0.0
2026-07-30T11:02:00.180,1553.953,95,open,ACTUATOR_ACTIVE,TRAJECTORY_COMPLETE,24.0,44,9,-1,-0.04,44,0,0.0,0.0,0.0,0.0,0.0,0.0
2026-07-30T11:02:00.695,1554.469,95,open,ACTUATOR_ACTIVE,TRAJECTORY_COMPLETE,24.0,45,9,0,0.55,45,0,0.0,0.0,0.0,0.0,0.0,0.0
2026-07-30T11:02:01.193,1554.969,95,open,ACTUATOR_ACTIVE,TRAJECTORY_COMPLETE,24.0,45,9,0,-0.02,45,0,0.0,0.0,0.0,0.0,0.0,0.0
2026-07-30T11:02:01.685,1555.469,95,open,ACTUATOR_ACTIVE,TRAJECTORY_COMPLETE,24.0,45,10,0,0.21,45,0,0.0,0.0,0.0,0.0,0.0,0.0
2026-07-30T11:02:02.179,1555.953,95,open,ACTUATOR_ACTIVE,TRAJECTORY_COMPLETE,24.0,45,9,0,0.45,45,0,0.0,0.0,0.0,0.0,0.0,0.0
2026-07-30T11:02:02.693,1556.469,95,open,ACTUATOR_ACTIVE,TRAJECTORY_COMPLETE,24.0,45,10,1,-0.29,45,0,0.0,0.0,0.0,0.0,0.0,0.0
2026-07-30T11:02:03.193,1556.969,95,open,ACTUATOR_ACTIVE,TRAJECTORY_COMPLETE,24.0,45,10,0,-0.24,45,0,0.0,0.0,0.0,0.0,0.0,0.0
2026-07-30T11:02:03.797,1557.578,96,close,ACTUATOR_ACTIVE,TRAJECTORY_RUNNING,24.0,45,10,6,1.89,45,0,0.0,0.0,0.0,0.0,0.0,0.0
2026-07-30T11:02:04.294,1558.078,96,close,ACTUATOR_ACTIVE,TRAJECTORY_RUNNING,24.0,45,12,2,2.13,45,0,0.0,0.0,0.0,0.0,0.0,0.0
2026-07-30T11:02:04.794,1558.578,96,close,ACTUATOR_ACTIVE,TRAJECTORY_RUNNING,24.0,47,13,3,0.57,47,0,0.0,0.0,0.0,0.0,0.0,0.0
2026-07-30T11:02:05.287,1559.063,96,close,ACTUATOR_ACTIVE,TRAJECTORY_RUNNING,24.0,47,16,5,1.41,47,0,0.0,0.0,0.0,0.0,0.0,0.0
2026-07-30T11:02:05.796,1559.578,96,close,ACTUATOR_ACTIVE,TRAJECTORY_RUNNING,24.0,47,19,8,1.19,47,0,0.0,0.0,0.0,0.0,0.0,0.0
2026-07-30T11:02:06.295,1560.078,96,close,ACTUATOR_ACTIVE,TRAJECTORY_RUNNING,24.0,47,23,8,1.14,47,0,0.0,0.0,0.0,0.0,0.0,0.0
2026-07-30T11:02:06.791,1560.578,96,close,ACTUATOR_ACTIVE,TRAJECTORY_RUNNING,24.0,47,27,9,1.76,47,0,0.0,0.0,0.0,0.0,0.0,0.0
2026-07-30T11:02:07.287,1561.063,96,close,ACTUATOR_ACTIVE,TRAJECTORY_RUNNING,24.0,47,30,0,5.25,47,0,0.0,0.0,0.0,0.0,0.0,0.0
2026-07-30T11:02:07.796,1561.578,96,close,ACTUATOR_ACTIVE,TRAJECTORY_RUNNING,24.0,47,30,0,2.38,47,0,0.0,0.0,0.0,0.0,0.0,0.0
2026-07-30T11:02:08.294,1562.078,96,close,ACTUATOR_ACTIVE,TRAJECTORY_RUNNING,24.0,47,30,0,1.89,47,0,0.0,0.0,0.0,0.0,0.0,0.0
2026-07-30T11:02:08.794,1562.578,96,close,ACTUATOR_ACTIVE,TRAJECTORY_RUNNING,24.0,47,30,2,1.82,47,0,0.0,0.0,0.0,0.0,0.0,0.0
2026-07-30T11:02:09.291,1563.078,96,close,ACTUATOR_ACTIVE,TRAJECTORY_RUNNING,24.0,47,30,0,1.55,47,0,0.0,0.0,0.0,0.0,0.0,0.0
2026-07-30T11:02:09.786,1563.563,96,close,ACTUATOR_ACTIVE,TRAJECTORY_RUNNING,24.0,47,30,0,1.73,47,0,0.0,0.0,0.0,0.0,0.0,0.0
2026-07-30T11:02:10.301,1564.078,96,close,ACTUATOR_ACTIVE,TRAJECTORY_RUNNING,24.0,47,30,0,1.7,47,0,0.0,0.0,0.0,0.0,0.0,0.0
2026-07-30T11:02:10.793,1564.578,96,close,ACTUATOR_ACTIVE,TRAJECTORY_STOPPED,24.0,47,30,0,1.8,47,0,0.0,0.0,0.0,0.0,0.0,0.0
2026-07-30T11:02:11.292,1565.078,96,close,ACTUATOR_ACTIVE,TRAJECTORY_RUNNING,24.0,47,30,0,1.92,47,0,0.0,0.0,0.0,0.0,0.0,0.0
2026-07-30T11:02:11.898,1565.672,96,open,ACTUATOR_ACTIVE,TRAJECTORY_RUNNING,24.0,47,30,0,1.48,47,0,0.0,0.0,0.0,0.0,0.0,0.0
2026-07-30T11:02:12.412,1566.188,96,open,ACTUATOR_ACTIVE,TRAJECTORY_RUNNING,24.0,43,25,-12,-2.24,43,0,0.0,0.0,0.0,0.0,0.0,0.0
2026-07-30T11:02:12.907,1566.688,96,open,ACTUATOR_ACTIVE,TRAJECTORY_RUNNING,24.0,43,20,-11,-1.74,43,0,0.0,0.0,0.0,0.0,0.0,0.0
2026-07-30T11:02:13.405,1567.188,96,open,ACTUATOR_ACTIVE,TRAJECTORY_RUNNING,24.0,43,14,-9,-1.08,43,0,0.0,0.0,0.0,0.0,0.0,0.0
2026-07-30T11:02:13.897,1567.672,96,open,ACTUATOR_ACTIVE,TRAJECTORY_COMPLETE,24.0,43,9,0,1.37,43,0,0.0,0.0,0.0,0.0,0.0,0.0
2026-07-30T11:02:14.409,1568.188,96,open,ACTUATOR_ACTIVE,TRAJECTORY_COMPLETE,24.0,43,10,0,0.6,43,0,0.0,0.0,0.0,0.0,0.0,0.0
2026-07-30T11:02:14.905,1568.688,96,open,ACTUATOR_ACTIVE,TRAJECTORY_COMPLETE,24.0,43,9,0,-0.15,43,0,0.0,0.0,0.0,0.0,0.0,0.0
2026-07-30T11:02:15.402,1569.188,96,open,ACTUATOR_ACTIVE,TRAJECTORY_COMPLETE,24.0,43,9,0,0.22,43,0,0.0,0.0,0.0,0.0,0.0,0.0
2026-07-30T11:02:15.901,1569.688,96,open,ACTUATOR_ACTIVE,TRAJECTORY_COMPLETE,24.0,43,9,0,-0.62,43,0,0.0,0.0,0.0,0.0,0.0,0.0
2026-07-30T11:02:16.399,1570.172,96,open,ACTUATOR_ACTIVE,TRAJECTORY_COMPLETE,24.0,46,9,0,-0.01,46,0,0.0,0.0,0.0,0.0,0.0,0.0
2026-07-30T11:02:16.912,1570.688,96,open,ACTUATOR_ACTIVE,TRAJECTORY_COMPLETE,24.0,46,9,-1,-0.53,46,0,0.0,0.0,0.0,0.0,0.0,0.0
2026-07-30T11:02:17.408,1571.188,96,open,ACTUATOR_ACTIVE,TRAJECTORY_COMPLETE,24.0,46,9,0,0.22,46,0,0.0,0.0,0.0,0.0,0.0,0.0
2026-07-30T11:02:17.909,1571.688,96,open,ACTUATOR_ACTIVE,TRAJECTORY_COMPLETE,24.0,46,9,0,0.15,46,0,0.0,0.0,0.0,0.0,0.0,0.0
2026-07-30T11:02:18.408,1572.188,96,open,ACTUATOR_ACTIVE,TRAJECTORY_COMPLETE,24.0,46,9,0,0.27,46,0,0.0,0.0,0.0,0.0,0.0,0.0
2026-07-30T11:02:18.905,1572.688,96,open,ACTUATOR_ACTIVE,TRAJECTORY_COMPLETE,24.0,46,9,0,0.06,46,0,0.0,0.0,0.0,0.0,0.0,0.0
2026-07-30T11:02:19.403,1573.188,96,open,ACTUATOR_ACTIVE,TRAJECTORY_COMPLETE,24.0,46,9,0,0.15,46,0,0.0,0.0,0.0,0.0,0.0,0.0
2026-07-30T11:02:20.005,1573.781,97,close,ACTUATOR_ACTIVE,TRAJECTORY_RUNNING,24.0,46,10,6,2.27,46,0,0.0,0.0,0.0,0.0,0.0,0.0
2026-07-30T11:02:20.518,1574.297,97,close,ACTUATOR_ACTIVE,TRAJECTORY_RUNNING,24.0,39,11,3,1.22,39,0,0.0,0.0,0.0,0.0,0.0,0.0
2026-07-30T11:02:21.010,1574.797,97,close,ACTUATOR_ACTIVE,TRAJECTORY_RUNNING,24.0,39,13,4,1.37,39,0,0.0,0.0,0.0,0.0,0.0,0.0
2026-07-30T11:02:21.510,1575.297,97,close,ACTUATOR_ACTIVE,TRAJECTORY_RUNNING,24.0,39,16,5,2.25,39,0,0.0,0.0,0.0,0.0,0.0,0.0
2026-07-30T11:02:22.006,1575.781,97,close,ACTUATOR_ACTIVE,TRAJECTORY_RUNNING,24.0,39,19,7,1.76,39,0,0.0,0.0,0.0,0.0,0.0,0.0
2026-07-30T11:02:22.516,1576.297,97,close,ACTUATOR_ACTIVE,TRAJECTORY_RUNNING,24.0,39,23,7,2.03,39,0,0.0,0.0,0.0,0.0,0.0,0.0
2026-07-30T11:02:23.016,1576.797,97,close,ACTUATOR_ACTIVE,TRAJECTORY_RUNNING,24.0,39,27,8,2.25,39,0,0.0,0.0,0.0,0.0,0.0,0.0
2026-07-30T11:02:23.510,1577.297,97,close,ACTUATOR_ACTIVE,TRAJECTORY_RUNNING,24.0,39,30,0,7.52,39,0,0.0,0.0,0.0,0.0,0.0,0.0
2026-07-30T11:02:24.004,1577.781,97,close,ACTUATOR_ACTIVE,TRAJECTORY_RUNNING,24.0,39,30,0,3.01,39,0,0.0,0.0,0.0,0.0,0.0,0.0
2026-07-30T11:02:24.513,1578.297,97,close,ACTUATOR_ACTIVE,TRAJECTORY_RUNNING,24.0,43,30,0,2.09,43,0,0.0,0.0,0.0,0.0,0.0,0.0
2026-07-30T11:02:25.012,1578.797,97,close,ACTUATOR_ACTIVE,TRAJECTORY_RUNNING,24.0,43,30,-1,1.72,43,0,0.0,0.0,0.0,0.0,0.0,0.0
2026-07-30T11:02:25.506,1579.281,97,close,ACTUATOR_ACTIVE,TRAJECTORY_RUNNING,24.0,43,30,-1,1.9,43,0,0.0,0.0,0.0,0.0,0.0,0.0
2026-07-30T11:02:26.020,1579.797,97,close,ACTUATOR_ACTIVE,TRAJECTORY_RUNNING,24.0,43,30,0,1.79,43,0,0.0,0.0,0.0,0.0,0.0,0.0
2026-07-30T11:02:26.519,1580.297,97,close,ACTUATOR_ACTIVE,TRAJECTORY_RUNNING,24.0,43,30,0,1.54,43,0,0.0,0.0,0.0,0.0,0.0,0.0
2026-07-30T11:02:27.016,1580.797,97,close,ACTUATOR_ACTIVE,TRAJECTORY_RUNNING,24.0,43,30,0,1.78,43,0,0.0,0.0,0.0,0.0,0.0,0.0
2026-07-30T11:02:27.508,1581.281,97,close,ACTUATOR_ACTIVE,TRAJECTORY_RUNNING,24.0,43,30,0,2.02,43,0,0.0,0.0,0.0,0.0,0.0,0.0
2026-07-30T11:02:28.136,1581.922,97,open,ACTUATOR_ACTIVE,TRAJECTORY_RUNNING,24.0,43,30,1,1.1,43,0,0.0,0.0,0.0,0.0,0.0,0.0
2026-07-30T11:02:28.634,1582.422,97,open,ACTUATOR_ACTIVE,TRAJECTORY_RUNNING,24.0,47,25,-12,-0.98,47,0,0.0,0.0,0.0,0.0,0.0,0.0
2026-07-30T11:02:29.127,1582.906,97,open,ACTUATOR_ACTIVE,TRAJECTORY_RUNNING,24.0,47,20,-12,-0.97,47,0,0.0,0.0,0.0,0.0,0.0,0.0
2026-07-30T11:02:29.644,1583.422,97,open,ACTUATOR_ACTIVE,TRAJECTORY_RUNNING,24.0,47,14,-13,-2.0,47,0,0.0,0.0,0.0,0.0,0.0,0.0
2026-07-30T11:02:30.143,1583.922,97,open,ACTUATOR_ACTIVE,TRAJECTORY_COMPLETE,24.0,47,9,1,0.73,47,0,0.0,0.0,0.0,0.0,0.0,0.0
2026-07-30T11:02:30.641,1584.422,97,open,ACTUATOR_ACTIVE,TRAJECTORY_COMPLETE,24.0,47,9,0,0.16,47,0,0.0,0.0,0.0,0.0,0.0,0.0
2026-07-30T11:02:31.139,1584.922,97,open,ACTUATOR_ACTIVE,TRAJECTORY_COMPLETE,24.0,47,10,0,1.07,47,0,0.0,0.0,0.0,0.0,0.0,0.0
2026-07-30T11:02:31.637,1585.422,97,open,ACTUATOR_ACTIVE,TRAJECTORY_COMPLETE,24.0,47,10,0,0.42,47,0,0.0,0.0,0.0,0.0,0.0,0.0
2026-07-30T11:02:32.137,1585.922,97,open,ACTUATOR_ACTIVE,TRAJECTORY_COMPLETE,24.0,47,9,0,0.91,47,0,0.0,0.0,0.0,0.0,0.0,0.0
2026-07-30T11:02:32.635,1586.422,97,open,ACTUATOR_ACTIVE,TRAJECTORY_COMPLETE,24.0,44,9,0,0.64,44,0,0.0,0.0,0.0,0.0,0.0,0.0
2026-07-30T11:02:33.129,1586.906,97,open,ACTUATOR_ACTIVE,TRAJECTORY_COMPLETE,24.0,44,9,0,-0.01,44,0,0.0,0.0,0.0,0.0,0.0,0.0
2026-07-30T11:02:33.642,1587.422,97,open,ACTUATOR_ACTIVE,TRAJECTORY_COMPLETE,24.0,44,9,0,0.41,44,0,0.0,0.0,0.0,0.0,0.0,0.0
2026-07-30T11:02:34.139,1587.922,97,open,ACTUATOR_ACTIVE,TRAJECTORY_COMPLETE,24.0,44,9,-1,-0.84,44,0,0.0,0.0,0.0,0.0,0.0,0.0
2026-07-30T11:02:34.632,1588.406,97,open,ACTUATOR_ACTIVE,TRAJECTORY_COMPLETE,24.0,44,10,0,1.0,44,0,0.0,0.0,0.0,0.0,0.0,0.0
2026-07-30T11:02:35.141,1588.922,97,open,ACTUATOR_ACTIVE,TRAJECTORY_COMPLETE,24.0,44,9,0,-0.09,44,0,0.0,0.0,0.0,0.0,0.0,0.0
2026-07-30T11:02:35.639,1589.422,97,open,ACTUATOR_ACTIVE,TRAJECTORY_COMPLETE,24.0,44,9,1,0.08,44,0,0.0,0.0,0.0,0.0,0.0,0.0
2026-07-30T11:02:36.246,1590.031,98,close,ACTUATOR_ACTIVE,TRAJECTORY_RUNNING,24.0,44,10,7,2.02,44,0,0.0,0.0,0.0,0.0,0.0,0.0
2026-07-30T11:02:36.739,1590.516,98,close,ACTUATOR_ACTIVE,TRAJECTORY_RUNNING,24.0,41,11,5,1.78,41,0,0.0,0.0,0.0,0.0,0.0,0.0
2026-07-30T11:02:37.249,1591.031,98,close,ACTUATOR_ACTIVE,TRAJECTORY_RUNNING,24.0,41,13,4,1.26,41,0,0.0,0.0,0.0,0.0,0.0,0.0
2026-07-30T11:02:37.744,1591.531,98,close,ACTUATOR_ACTIVE,TRAJECTORY_RUNNING,24.0,41,16,6,1.39,41,0,0.0,0.0,0.0,0.0,0.0,0.0
2026-07-30T11:02:38.240,1592.016,98,close,ACTUATOR_ACTIVE,TRAJECTORY_RUNNING,24.0,41,19,8,2.06,41,0,0.0,0.0,0.0,0.0,0.0,0.0
2026-07-30T11:02:38.749,1592.531,98,close,ACTUATOR_ACTIVE,TRAJECTORY_RUNNING,24.0,41,23,9,1.09,41,0,0.0,0.0,0.0,0.0,0.0,0.0
2026-07-30T11:02:39.249,1593.031,98,close,ACTUATOR_ACTIVE,TRAJECTORY_RUNNING,24.0,41,27,9,2.62,41,0,0.0,0.0,0.0,0.0,0.0,0.0
2026-07-30T11:02:39.746,1593.531,98,close,ACTUATOR_ACTIVE,TRAJECTORY_RUNNING,24.0,41,30,0,7.36,41,0,0.0,0.0,0.0,0.0,0.0,0.0
2026-07-30T11:02:40.245,1594.031,98,close,ACTUATOR_ACTIVE,TRAJECTORY_RUNNING,24.0,41,30,0,2.57,41,0,0.0,0.0,0.0,0.0,0.0,0.0
2026-07-30T11:02:40.743,1594.516,98,close,ACTUATOR_ACTIVE,TRAJECTORY_RUNNING,24.0,45,30,0,2.17,45,0,0.0,0.0,0.0,0.0,0.0,0.0
2026-07-30T11:02:41.251,1595.031,98,close,ACTUATOR_ACTIVE,TRAJECTORY_RUNNING,24.0,45,30,0,1.93,45,0,0.0,0.0,0.0,0.0,0.0,0.0
2026-07-30T11:02:41.751,1595.531,98,close,ACTUATOR_ACTIVE,TRAJECTORY_RUNNING,24.0,45,30,-1,1.97,45,0,0.0,0.0,0.0,0.0,0.0,0.0
2026-07-30T11:02:42.245,1596.031,98,close,ACTUATOR_ACTIVE,TRAJECTORY_RUNNING,24.0,45,30,0,1.45,45,0,0.0,0.0,0.0,0.0,0.0,0.0
2026-07-30T11:02:42.739,1596.516,98,close,ACTUATOR_ACTIVE,TRAJECTORY_RUNNING,24.0,45,30,0,2.08,45,0,0.0,0.0,0.0,0.0,0.0,0.0
2026-07-30T11:02:43.254,1597.031,98,close,ACTUATOR_ACTIVE,TRAJECTORY_RUNNING,24.0,45,30,0,1.99,45,0,0.0,0.0,0.0,0.0,0.0,0.0
2026-07-30T11:02:43.748,1597.531,98,close,ACTUATOR_ACTIVE,TRAJECTORY_RUNNING,24.0,45,30,1,1.86,45,0,0.0,0.0,0.0,0.0,0.0,0.0
2026-07-30T11:02:44.349,1598.125,98,open,ACTUATOR_ACTIVE,TRAJECTORY_RUNNING,24.0,45,30,0,0.87,45,0,0.0,0.0,0.0,0.0,0.0,0.0
2026-07-30T11:02:44.860,1598.641,98,open,ACTUATOR_ACTIVE,TRAJECTORY_RUNNING,24.0,43,30,0,-1.82,43,0,0.0,0.0,0.0,0.0,0.0,0.0
2026-07-30T11:02:45.354,1599.141,98,open,ACTUATOR_ACTIVE,TRAJECTORY_RUNNING,24.0,43,29,-1,-0.92,43,0,0.0,0.0,0.0,0.0,0.0,0.0
2026-07-30T11:02:45.851,1599.625,98,open,ACTUATOR_ACTIVE,TRAJECTORY_RUNNING,24.0,43,28,-3,-1.02,43,0,0.0,0.0,0.0,0.0,0.0,0.0
2026-07-30T11:02:46.364,1600.141,98,open,ACTUATOR_ACTIVE,TRAJECTORY_RUNNING,24.0,43,26,-4,-0.83,43,0,0.0,0.0,0.0,0.0,0.0,0.0
2026-07-30T11:02:46.864,1600.641,98,open,ACTUATOR_ACTIVE,TRAJECTORY_RUNNING,24.0,43,23,-8,-1.73,43,0,0.0,0.0,0.0,0.0,0.0,0.0
2026-07-30T11:02:47.363,1601.141,98,open,ACTUATOR_ACTIVE,TRAJECTORY_RUNNING,24.0,43,19,-8,-1.2,43,0,0.0,0.0,0.0,0.0,0.0,0.0
2026-07-30T11:02:47.858,1601.641,98,open,ACTUATOR_ACTIVE,TRAJECTORY_RUNNING,24.0,43,15,-8,-0.18,43,0,0.0,0.0,0.0,0.0,0.0,0.0
2026-07-30T11:02:48.352,1602.125,98,open,ACTUATOR_ACTIVE,TRAJECTORY_RUNNING,24.0,43,10,-9,-2.7,43,0,0.0,0.0,0.0,0.0,0.0,0.0
2026-07-30T11:02:48.862,1602.641,98,open,ACTUATOR_ACTIVE,TRAJECTORY_RUNNING,24.0,43,8,0,-1.42,43,0,0.0,0.0,0.0,0.0,0.0,0.0
2026-07-30T11:02:49.359,1603.141,98,open,ACTUATOR_ACTIVE,TRAJECTORY_RUNNING,24.0,43,8,0,0.17,43,0,0.0,0.0,0.0,0.0,0.0,0.0
2026-07-30T11:02:49.859,1603.641,98,open,ACTUATOR_ACTIVE,TRAJECTORY_RUNNING,24.0,43,9,0,1.3,43,0,0.0,0.0,0.0,0.0,0.0,0.0
2026-07-30T11:02:50.354,1604.141,98,open,ACTUATOR_ACTIVE,TRAJECTORY_RUNNING,24.0,43,9,0,2.02,43,0,0.0,0.0,0.0,0.0,0.0,0.0
2026-07-30T11:02:50.852,1604.625,98,open,ACTUATOR_ACTIVE,TRAJECTORY_RUNNING,24.0,43,9,0,2.88,43,0,0.0,0.0,0.0,0.0,0.0,0.0
2026-07-30T11:02:51.363,1605.141,98,open,ACTUATOR_ACTIVE,TRAJECTORY_RUNNING,24.0,43,9,0,1.87,43,0,0.0,0.0,0.0,0.0,0.0,0.0
2026-07-30T11:02:51.862,1605.641,98,open,ACTUATOR_ACTIVE,TRAJECTORY_RUNNING,24.0,43,9,0,1.86,43,0,0.0,0.0,0.0,0.0,0.0,0.0
2026-07-30T11:02:52.466,1606.25,99,close,ACTUATOR_ACTIVE,TRAJECTORY_RUNNING,24.0,43,9,5,2.03,43,0,0.0,0.0,0.0,0.0,0.0,0.0
2026-07-30T11:02:52.965,1606.75,99,close,ACTUATOR_ACTIVE,TRAJECTORY_RUNNING,24.0,43,12,5,0.91,43,0,0.0,0.0,0.0,0.0,0.0,0.0
2026-07-30T11:02:53.461,1607.235,99,close,ACTUATOR_ACTIVE,TRAJECTORY_RUNNING,24.0,43,15,5,2.4,43,0,0.0,0.0,0.0,0.0,0.0,0.0
2026-07-30T11:02:53.970,1607.75,99,close,ACTUATOR_ACTIVE,TRAJECTORY_RUNNING,24.0,43,19,8,1.86,43,0,0.0,0.0,0.0,0.0,0.0,0.0
2026-07-30T11:02:54.468,1608.25,99,close,ACTUATOR_ACTIVE,TRAJECTORY_RUNNING,24.0,43,23,8,2.53,43,0,0.0,0.0,0.0,0.0,0.0,0.0
2026-07-30T11:02:54.968,1608.75,99,close,ACTUATOR_ACTIVE,TRAJECTORY_RUNNING,24.0,43,27,7,2.6,43,0,0.0,0.0,0.0,0.0,0.0,0.0
2026-07-30T11:02:55.465,1609.25,99,close,ACTUATOR_ACTIVE,TRAJECTORY_RUNNING,24.0,43,30,0,4.73,43,0,0.0,0.0,0.0,0.0,0.0,0.0
2026-07-30T11:02:55.957,1609.735,99,close,ACTUATOR_ACTIVE,TRAJECTORY_RUNNING,24.0,43,30,0,3.42,43,0,0.0,0.0,0.0,0.0,0.0,0.0
2026-07-30T11:02:56.470,1610.25,99,close,ACTUATOR_ACTIVE,TRAJECTORY_RUNNING,24.0,43,30,0,2.34,43,0,0.0,0.0,0.0,0.0,0.0,0.0
2026-07-30T11:02:56.969,1610.75,99,close,ACTUATOR_ACTIVE,TRAJECTORY_STOPPED,24.0,43,30,0,2.43,43,0,0.0,0.0,0.0,0.0,0.0,0.0
2026-07-30T11:02:57.465,1611.25,99,close,ACTUATOR_ACTIVE,TRAJECTORY_RUNNING,24.0,43,30,0,1.54,43,0,0.0,0.0,0.0,0.0,0.0,0.0
2026-07-30T11:02:57.963,1611.75,99,close,ACTUATOR_ACTIVE,TRAJECTORY_RUNNING,24.0,43,30,0,2.38,43,0,0.0,0.0,0.0,0.0,0.0,0.0
2026-07-30T11:02:58.461,1612.235,99,close,ACTUATOR_ACTIVE,TRAJECTORY_RUNNING,24.0,43,30,1,2.05,43,0,0.0,0.0,0.0,0.0,0.0,0.0
2026-07-30T11:02:58.969,1612.75,99,close,ACTUATOR_ACTIVE,TRAJECTORY_RUNNING,24.0,43,30,1,1.9,43,0,0.0,0.0,0.0,0.0,0.0,0.0
2026-07-30T11:02:59.463,1613.25,99,close,ACTUATOR_ACTIVE,TRAJECTORY_RUNNING,24.0,43,30,1,2.03,43,0,0.0,0.0,0.0,0.0,0.0,0.0
2026-07-30T11:02:59.958,1613.735,99,close,ACTUATOR_ACTIVE,TRAJECTORY_RUNNING,24.0,43,30,0,1.66,43,0,0.0,0.0,0.0,0.0,0.0,0.0
2026-07-30T11:03:00.573,1614.36,99,open,ACTUATOR_ACTIVE,TRAJECTORY_RUNNING,24.0,45,30,0,0.99,45,0,0.0,0.0,0.0,0.0,0.0,0.0
2026-07-30T11:03:01.071,1614.844,99,open,ACTUATOR_ACTIVE,TRAJECTORY_RUNNING,24.0,45,30,0,-0.69,45,0,0.0,0.0,0.0,0.0,0.0,0.0
2026-07-30T11:03:01.583,1615.36,99,open,ACTUATOR_ACTIVE,TRAJECTORY_RUNNING,24.0,45,29,-2,-0.86,45,0,0.0,0.0,0.0,0.0,0.0,0.0
2026-07-30T11:03:02.076,1615.86,99,open,ACTUATOR_ACTIVE,TRAJECTORY_RUNNING,24.0,45,28,-2,-0.66,45,0,0.0,0.0,0.0,0.0,0.0,0.0
2026-07-30T11:03:02.571,1616.344,99,open,ACTUATOR_ACTIVE,TRAJECTORY_RUNNING,24.0,45,26,-5,-2.2,45,0,0.0,0.0,0.0,0.0,0.0,0.0
2026-07-30T11:03:03.081,1616.86,99,open,ACTUATOR_ACTIVE,TRAJECTORY_RUNNING,24.0,45,23,-7,-1.81,45,0,0.0,0.0,0.0,0.0,0.0,0.0
2026-07-30T11:03:03.574,1617.36,99,open,ACTUATOR_ACTIVE,TRAJECTORY_RUNNING,24.0,45,19,-9,-1.07,45,0,0.0,0.0,0.0,0.0,0.0,0.0
2026-07-30T11:03:04.064,1617.844,99,open,ACTUATOR_ACTIVE,TRAJECTORY_RUNNING,24.0,45,14,-10,-2.66,45,0,0.0,0.0,0.0,0.0,0.0,0.0
2026-07-30T11:03:04.575,1618.36,99,open,ACTUATOR_ACTIVE,TRAJECTORY_RUNNING,24.0,47,10,-9,-2.37,47,0,0.0,0.0,0.0,0.0,0.0,0.0
2026-07-30T11:03:05.068,1618.844,99,open,ACTUATOR_ACTIVE,TRAJECTORY_RUNNING,24.0,47,8,0,-0.86,47,0,0.0,0.0,0.0,0.0,0.0,0.0
2026-07-30T11:03:05.581,1619.36,99,open,ACTUATOR_ACTIVE,TRAJECTORY_RUNNING,24.0,47,8,0,0.69,47,0,0.0,0.0,0.0,0.0,0.0,0.0
2026-07-30T11:03:06.079,1619.86,99,open,ACTUATOR_ACTIVE,TRAJECTORY_RUNNING,24.0,47,9,0,1.6,47,0,0.0,0.0,0.0,0.0,0.0,0.0
2026-07-30T11:03:06.575,1620.36,99,open,ACTUATOR_ACTIVE,TRAJECTORY_RUNNING,24.0,47,9,1,1.67,47,0,0.0,0.0,0.0,0.0,0.0,0.0
2026-07-30T11:03:07.071,1620.844,99,open,ACTUATOR_ACTIVE,TRAJECTORY_RUNNING,24.0,47,9,0,1.88,47,0,0.0,0.0,0.0,0.0,0.0,0.0
2026-07-30T11:03:07.578,1621.36,99,open,ACTUATOR_ACTIVE,TRAJECTORY_RUNNING,24.0,47,9,0,1.67,47,0,0.0,0.0,0.0,0.0,0.0,0.0
2026-07-30T11:03:08.073,1621.86,99,open,ACTUATOR_ACTIVE,TRAJECTORY_STOPPED,24.0,47,9,0,1.79,47,0,0.0,0.0,0.0,0.0,0.0,0.0
2026-07-30T11:03:08.677,1622.453,100,close,ACTUATOR_ACTIVE,TRAJECTORY_RUNNING,24.0,41,9,6,1.67,41,0,0.0,0.0,0.0,0.0,0.0,0.0
2026-07-30T11:03:09.185,1622.969,100,close,ACTUATOR_ACTIVE,TRAJECTORY_RUNNING,24.0,41,13,8,1.14,41,0,0.0,0.0,0.0,0.0,0.0,0.0
2026-07-30T11:03:09.679,1623.453,100,close,ACTUATOR_ACTIVE,TRAJECTORY_RUNNING,24.0,41,16,7,2.74,41,0,0.0,0.0,0.0,0.0,0.0,0.0
2026-07-30T11:03:10.190,1623.969,100,close,ACTUATOR_ACTIVE,TRAJECTORY_RUNNING,24.0,41,20,8,1.14,41,0,0.0,0.0,0.0,0.0,0.0,0.0
2026-07-30T11:03:10.683,1624.469,100,close,ACTUATOR_ACTIVE,TRAJECTORY_RUNNING,24.0,41,24,9,2.17,41,0,0.0,0.0,0.0,0.0,0.0,0.0
2026-07-30T11:03:11.177,1624.953,100,close,ACTUATOR_ACTIVE,TRAJECTORY_RUNNING,24.0,41,28,8,2.01,41,0,0.0,0.0,0.0,0.0,0.0,0.0
2026-07-30T11:03:11.688,1625.469,100,close,ACTUATOR_ACTIVE,TRAJECTORY_RUNNING,24.0,41,30,1,3.64,41,0,0.0,0.0,0.0,0.0,0.0,0.0
2026-07-30T11:03:12.181,1625.969,100,close,ACTUATOR_ACTIVE,TRAJECTORY_RUNNING,24.0,41,30,0,2.44,41,0,0.0,0.0,0.0,0.0,0.0,0.0
2026-07-30T11:03:12.678,1626.453,100,close,ACTUATOR_ACTIVE,TRAJECTORY_RUNNING,24.0,46,30,0,1.95,46,0,0.0,0.0,0.0,0.0,0.0,0.0
2026-07-30T11:03:13.188,1626.969,100,close,ACTUATOR_ACTIVE,TRAJECTORY_RUNNING,24.0,46,30,0,1.93,46,0,0.0,0.0,0.0,0.0,0.0,0.0
2026-07-30T11:03:13.682,1627.469,100,close,ACTUATOR_ACTIVE,TRAJECTORY_RUNNING,24.0,46,30,0,1.82,46,0,0.0,0.0,0.0,0.0,0.0,0.0
2026-07-30T11:03:14.174,1627.953,100,close,ACTUATOR_ACTIVE,TRAJECTORY_RUNNING,24.0,46,30,0,2.26,46,0,0.0,0.0,0.0,0.0,0.0,0.0
2026-07-30T11:03:14.690,1628.469,100,close,ACTUATOR_ACTIVE,TRAJECTORY_STOPPED,24.0,46,30,0,1.87,46,0,0.0,0.0,0.0,0.0,0.0,0.0
2026-07-30T11:03:15.183,1628.969,100,close,ACTUATOR_ACTIVE,TRAJECTORY_RUNNING,24.0,46,30,0,2.24,46,0,0.0,0.0,0.0,0.0,0.0,0.0
2026-07-30T11:03:15.678,1629.453,100,close,ACTUATOR_ACTIVE,TRAJECTORY_RUNNING,24.0,46,30,0,2.23,46,0,0.0,0.0,0.0,0.0,0.0,0.0
2026-07-30T11:03:16.193,1629.969,100,close,ACTUATOR_ACTIVE,TRAJECTORY_RUNNING,24.0,46,30,0,1.81,46,0,0.0,0.0,0.0,0.0,0.0,0.0
2026-07-30T11:03:16.804,1630.578,100,open,ACTUATOR_ACTIVE,TRAJECTORY_RUNNING,24.0,43,30,0,0.65,43,0,0.0,0.0,0.0,0.0,0.0,0.0
2026-07-30T11:03:17.298,1631.078,100,open,ACTUATOR_ACTIVE,TRAJECTORY_RUNNING,24.0,43,25,-11,-1.49,43,0,0.0,0.0,0.0,0.0,0.0,0.0
2026-07-30T11:03:17.794,1631.578,100,open,ACTUATOR_ACTIVE,TRAJECTORY_RUNNING,24.0,43,20,-13,-1.99,43,0,0.0,0.0,0.0,0.0,0.0,0.0
2026-07-30T11:03:18.289,1632.063,100,open,ACTUATOR_ACTIVE,TRAJECTORY_RUNNING,24.0,43,14,-11,-2.19,43,0,0.0,0.0,0.0,0.0,0.0,0.0
2026-07-30T11:03:18.798,1632.578,100,open,ACTUATOR_ACTIVE,TRAJECTORY_COMPLETE,24.0,43,9,0,0.78,43,0,0.0,0.0,0.0,0.0,0.0,0.0
2026-07-30T11:03:19.296,1633.078,100,open,ACTUATOR_ACTIVE,TRAJECTORY_COMPLETE,24.0,43,9,0,0.52,43,0,0.0,0.0,0.0,0.0,0.0,0.0
2026-07-30T11:03:19.790,1633.563,100,open,ACTUATOR_ACTIVE,TRAJECTORY_COMPLETE,24.0,43,9,0,1.96,43,0,0.0,0.0,0.0,0.0,0.0,0.0
2026-07-30T11:03:20.304,1634.078,100,open,ACTUATOR_ACTIVE,TRAJECTORY_COMPLETE,24.0,43,9,0,0.15,43,0,0.0,0.0,0.0,0.0,0.0,0.0
2026-07-30T11:03:20.801,1634.578,100,open,ACTUATOR_ACTIVE,TRAJECTORY_COMPLETE,24.0,44,9,0,-0.07,44,0,0.0,0.0,0.0,0.0,0.0,0.0
2026-07-30T11:03:21.296,1635.078,100,open,ACTUATOR_ACTIVE,TRAJECTORY_COMPLETE,24.0,44,9,0,0.24,44,0,0.0,0.0,0.0,0.0,0.0,0.0
2026-07-30T11:03:21.792,1635.578,100,open,ACTUATOR_ACTIVE,TRAJECTORY_COMPLETE,24.0,44,9,0,0.25,44,0,0.0,0.0,0.0,0.0,0.0,0.0
2026-07-30T11:03:22.287,1636.063,100,open,ACTUATOR_ACTIVE,TRAJECTORY_COMPLETE,24.0,44,9,0,-0.02,44,0,0.0,0.0,0.0,0.0,0.0,0.0
2026-07-30T11:03:22.798,1636.578,100,open,ACTUATOR_ACTIVE,TRAJECTORY_COMPLETE,24.0,44,9,0,0.11,44,0,0.0,0.0,0.0,0.0,0.0,0.0
2026-07-30T11:03:23.298,1637.078,100,open,ACTUATOR_ACTIVE,TRAJECTORY_COMPLETE,24.0,44,9,0,0.37,44,0,0.0,0.0,0.0,0.0,0.0,0.0
2026-07-30T11:03:23.791,1637.578,100,open,ACTUATOR_ACTIVE,TRAJECTORY_COMPLETE,24.0,44,9,0,0.1,44,0,0.0,0.0,0.0,0.0,0.0,0.0
2026-07-30T11:03:24.286,1638.063,100,open,ACTUATOR_ACTIVE,TRAJECTORY_COMPLETE,24.0,44,9,0,0.15,44,0,0.0,0.0,0.0,0.0,0.0,0.0
2026-07-30T11:03:24.914,1638.688,101,close,ACTUATOR_ACTIVE,TRAJECTORY_RUNNING,24.0,44,10,8,1.82,44,0,0.0,0.0,0.0,0.0,0.0,0.0
2026-07-30T11:03:25.409,1639.188,101,close,ACTUATOR_ACTIVE,TRAJECTORY_RUNNING,24.0,44,11,2,1.66,44,0,0.0,0.0,0.0,0.0,0.0,0.0
2026-07-30T11:03:25.900,1639.688,101,close,ACTUATOR_ACTIVE,TRAJECTORY_RUNNING,24.0,44,13,5,1.36,44,0,0.0,0.0,0.0,0.0,0.0,0.0
2026-07-30T11:03:26.396,1640.172,101,close,ACTUATOR_ACTIVE,TRAJECTORY_RUNNING,24.0,44,16,5,2.81,44,0,0.0,0.0,0.0,0.0,0.0,0.0
2026-07-30T11:03:26.912,1640.688,101,close,ACTUATOR_ACTIVE,TRAJECTORY_RUNNING,24.0,44,19,6,1.74,44,0,0.0,0.0,0.0,0.0,0.0,0.0
2026-07-30T11:03:27.411,1641.188,101,close,ACTUATOR_ACTIVE,TRAJECTORY_RUNNING,24.0,44,23,6,2.13,44,0,0.0,0.0,0.0,0.0,0.0,0.0
2026-07-30T11:03:27.907,1641.688,101,close,ACTUATOR_ACTIVE,TRAJECTORY_RUNNING,24.0,44,27,8,1.04,44,0,0.0,0.0,0.0,0.0,0.0,0.0
2026-07-30T11:03:28.395,1642.172,101,close,ACTUATOR_ACTIVE,TRAJECTORY_RUNNING,24.0,47,30,0,6.88,47,0,0.0,0.0,0.0,0.0,0.0,0.0
2026-07-30T11:03:28.910,1642.688,101,close,ACTUATOR_ACTIVE,TRAJECTORY_RUNNING,24.0,47,30,0,2.3,47,0,0.0,0.0,0.0,0.0,0.0,0.0
2026-07-30T11:03:29.408,1643.188,101,close,ACTUATOR_ACTIVE,TRAJECTORY_RUNNING,24.0,47,30,0,1.81,47,0,0.0,0.0,0.0,0.0,0.0,0.0
2026-07-30T11:03:29.905,1643.688,101,close,ACTUATOR_ACTIVE,TRAJECTORY_RUNNING,24.0,47,30,0,2.1,47,0,0.0,0.0,0.0,0.0,0.0,0.0
2026-07-30T11:03:30.402,1644.188,101,close,ACTUATOR_ACTIVE,TRAJECTORY_RUNNING,24.0,47,30,0,1.83,47,0,0.0,0.0,0.0,0.0,0.0,0.0
2026-07-30T11:03:30.900,1644.688,101,close,ACTUATOR_ACTIVE,TRAJECTORY_RUNNING,24.0,47,30,0,2.07,47,0,0.0,0.0,0.0,0.0,0.0,0.0
2026-07-30T11:03:31.399,1645.172,101,close,ACTUATOR_ACTIVE,TRAJECTORY_RUNNING,24.0,47,30,1,1.9,47,0,0.0,0.0,0.0,0.0,0.0,0.0
2026-07-30T11:03:31.912,1645.688,101,close,ACTUATOR_ACTIVE,TRAJECTORY_RUNNING,24.0,47,30,0,1.64,47,0,0.0,0.0,0.0,0.0,0.0,0.0
2026-07-30T11:03:32.404,1646.188,101,close,ACTUATOR_ACTIVE,TRAJECTORY_RUNNING,24.0,42,30,0,2.23,42,0,0.0,0.0,0.0,0.0,0.0,0.0
2026-07-30T11:03:33.011,1646.797,101,open,ACTUATOR_ACTIVE,TRAJECTORY_RUNNING,24.0,42,30,0,1.23,42,0,0.0,0.0,0.0,0.0,0.0,0.0
2026-07-30T11:03:33.506,1647.281,101,open,ACTUATOR_ACTIVE,TRAJECTORY_RUNNING,24.0,42,25,-10,-0.6,42,0,0.0,0.0,0.0,0.0,0.0,0.0
2026-07-30T11:03:34.022,1647.797,101,open,ACTUATOR_ACTIVE,TRAJECTORY_RUNNING,24.0,42,20,-11,-1.83,42,0,0.0,0.0,0.0,0.0,0.0,0.0
2026-07-30T11:03:34.517,1648.297,101,open,ACTUATOR_ACTIVE,TRAJECTORY_RUNNING,24.0,42,14,-13,-2.75,42,0,0.0,0.0,0.0,0.0,0.0,0.0
2026-07-30T11:03:35.015,1648.797,101,open,ACTUATOR_ACTIVE,TRAJECTORY_COMPLETE,24.0,42,9,0,0.41,42,0,0.0,0.0,0.0,0.0,0.0,0.0
2026-07-30T11:03:35.514,1649.297,101,open,ACTUATOR_ACTIVE,TRAJECTORY_COMPLETE,24.0,42,10,-1,0.51,42,0,0.0,0.0,0.0,0.0,0.0,0.0
2026-07-30T11:03:36.009,1649.797,101,open,ACTUATOR_ACTIVE,TRAJECTORY_COMPLETE,24.0,42,9,0,0.59,42,0,0.0,0.0,0.0,0.0,0.0,0.0
2026-07-30T11:03:36.504,1650.281,101,open,ACTUATOR_ACTIVE,TRAJECTORY_COMPLETE,24.0,43,9,0,-0.23,43,0,0.0,0.0,0.0,0.0,0.0,0.0
2026-07-30T11:03:37.016,1650.797,101,open,ACTUATOR_ACTIVE,TRAJECTORY_COMPLETE,24.0,43,10,0,-0.02,43,0,0.0,0.0,0.0,0.0,0.0,0.0
2026-07-30T11:03:37.510,1651.297,101,open,ACTUATOR_ACTIVE,TRAJECTORY_COMPLETE,24.0,43,10,-1,-0.02,43,0,0.0,0.0,0.0,0.0,0.0,0.0
2026-07-30T11:03:38.005,1651.781,101,open,ACTUATOR_ACTIVE,TRAJECTORY_COMPLETE,24.0,43,10,0,-0.13,43,0,0.0,0.0,0.0,0.0,0.0,0.0
2026-07-30T11:03:38.519,1652.297,101,open,ACTUATOR_ACTIVE,TRAJECTORY_COMPLETE,24.0,43,10,0,0.49,43,0,0.0,0.0,0.0,0.0,0.0,0.0
2026-07-30T11:03:39.012,1652.797,101,open,ACTUATOR_ACTIVE,TRAJECTORY_COMPLETE,24.0,43,10,0,0.18,43,0,0.0,0.0,0.0,0.0,0.0,0.0
2026-07-30T11:03:39.513,1653.297,101,open,ACTUATOR_ACTIVE,TRAJECTORY_COMPLETE,24.0,43,10,1,0.03,43,0,0.0,0.0,0.0,0.0,0.0,0.0
2026-07-30T11:03:40.010,1653.797,101,open,ACTUATOR_ACTIVE,TRAJECTORY_COMPLETE,24.0,43,10,0,0.13,43,0,0.0,0.0,0.0,0.0,0.0,0.0
2026-07-30T11:03:40.505,1654.281,101,open,ACTUATOR_ACTIVE,TRAJECTORY_COMPLETE,24.0,41,10,0,-0.06,41,0,0.0,0.0,0.0,0.0,0.0,0.0
2026-07-30T11:03:41.132,1654.906,102,close,ACTUATOR_ACTIVE,TRAJECTORY_RUNNING,24.0,41,10,6,1.5,41,0,0.0,0.0,0.0,0.0,0.0,0.0
2026-07-30T11:03:41.631,1655.406,102,close,ACTUATOR_ACTIVE,TRAJECTORY_RUNNING,24.0,41,11,4,1.56,41,0,0.0,0.0,0.0,0.0,0.0,0.0
2026-07-30T11:03:42.131,1655.906,102,close,ACTUATOR_ACTIVE,TRAJECTORY_RUNNING,24.0,41,13,6,0.74,41,0,0.0,0.0,0.0,0.0,0.0,0.0
2026-07-30T11:03:42.629,1656.406,102,close,ACTUATOR_ACTIVE,TRAJECTORY_RUNNING,24.0,41,16,6,2.11,41,0,0.0,0.0,0.0,0.0,0.0,0.0
2026-07-30T11:03:43.128,1656.906,102,close,ACTUATOR_ACTIVE,TRAJECTORY_RUNNING,24.0,41,19,5,1.44,41,0,0.0,0.0,0.0,0.0,0.0,0.0
2026-07-30T11:03:43.622,1657.406,102,close,ACTUATOR_ACTIVE,TRAJECTORY_RUNNING,24.0,41,23,7,1.63,41,0,0.0,0.0,0.0,0.0,0.0,0.0
2026-07-30T11:03:44.121,1657.906,102,close,ACTUATOR_ACTIVE,TRAJECTORY_RUNNING,24.0,41,27,9,0.91,41,0,0.0,0.0,0.0,0.0,0.0,0.0
2026-07-30T11:03:44.612,1658.391,102,close,ACTUATOR_ACTIVE,TRAJECTORY_RUNNING,24.0,41,30,0,5.01,41,0,0.0,0.0,0.0,0.0,0.0,0.0
2026-07-30T11:03:45.124,1658.906,102,close,ACTUATOR_ACTIVE,TRAJECTORY_RUNNING,24.0,41,30,0,2.98,41,0,0.0,0.0,0.0,0.0,0.0,0.0
2026-07-30T11:03:45.616,1659.391,102,close,ACTUATOR_ACTIVE,TRAJECTORY_RUNNING,24.0,41,30,0,2.04,41,0,0.0,0.0,0.0,0.0,0.0,0.0
2026-07-30T11:03:46.128,1659.906,102,close,ACTUATOR_ACTIVE,TRAJECTORY_STOPPED,24.0,41,30,0,1.94,41,0,0.0,0.0,0.0,0.0,0.0,0.0
2026-07-30T11:03:46.625,1660.406,102,close,ACTUATOR_ACTIVE,TRAJECTORY_RUNNING,24.0,41,30,-1,2.15,41,0,0.0,0.0,0.0,0.0,0.0,0.0
2026-07-30T11:03:47.118,1660.891,102,close,ACTUATOR_ACTIVE,TRAJECTORY_RUNNING,24.0,41,30,0,2.09,41,0,0.0,0.0,0.0,0.0,0.0,0.0
2026-07-30T11:03:47.626,1661.406,102,close,ACTUATOR_ACTIVE,TRAJECTORY_RUNNING,24.0,41,30,-1,2.16,41,0,0.0,0.0,0.0,0.0,0.0,0.0
2026-07-30T11:03:48.120,1661.906,102,close,ACTUATOR_ACTIVE,TRAJECTORY_RUNNING,24.0,41,30,-1,1.68,41,0,0.0,0.0,0.0,0.0,0.0,0.0
2026-07-30T11:03:48.618,1662.391,102,close,ACTUATOR_ACTIVE,TRAJECTORY_RUNNING,24.0,39,30,0,1.91,39,0,0.0,0.0,0.0,0.0,0.0,0.0
2026-07-30T11:03:49.235,1663.016,102,open,ACTUATOR_ACTIVE,TRAJECTORY_RUNNING,24.0,39,30,0,0.95,39,0,0.0,0.0,0.0,0.0,0.0,0.0
2026-07-30T11:03:49.744,1663.531,102,open,ACTUATOR_ACTIVE,TRAJECTORY_RUNNING,24.0,39,25,-11,-2.32,39,0,0.0,0.0,0.0,0.0,0.0,0.0
2026-07-30T11:03:50.241,1664.016,102,open,ACTUATOR_ACTIVE,TRAJECTORY_RUNNING,24.0,39,20,-12,-2.51,39,0,0.0,0.0,0.0,0.0,0.0,0.0
2026-07-30T11:03:50.752,1664.531,102,open,ACTUATOR_ACTIVE,TRAJECTORY_RUNNING,24.0,39,14,-14,-2.56,39,0,0.0,0.0,0.0,0.0,0.0,0.0
2026-07-30T11:03:51.244,1665.031,102,open,ACTUATOR_ACTIVE,TRAJECTORY_COMPLETE,24.0,39,9,2,1.7,39,0,0.0,0.0,0.0,0.0,0.0,0.0
2026-07-30T11:03:51.737,1665.516,102,open,ACTUATOR_ACTIVE,TRAJECTORY_COMPLETE,24.0,39,10,-1,0.23,39,0,0.0,0.0,0.0,0.0,0.0,0.0
2026-07-30T11:03:52.244,1666.031,102,open,ACTUATOR_ACTIVE,TRAJECTORY_COMPLETE,24.0,39,10,1,0.45,39,0,0.0,0.0,0.0,0.0,0.0,0.0
2026-07-30T11:03:52.738,1666.516,102,open,ACTUATOR_ACTIVE,TRAJECTORY_COMPLETE,24.0,42,10,-1,1.14,42,0,0.0,0.0,0.0,0.0,0.0,0.0
2026-07-30T11:03:53.243,1667.016,102,open,ACTUATOR_ACTIVE,TRAJECTORY_COMPLETE,24.0,42,9,1,0.41,42,0,0.0,0.0,0.0,0.0,0.0,0.0
2026-07-30T11:03:53.754,1667.531,102,open,ACTUATOR_ACTIVE,TRAJECTORY_COMPLETE,24.0,42,9,0,0.47,42,0,0.0,0.0,0.0,0.0,0.0,0.0
2026-07-30T11:03:54.250,1668.031,102,open,ACTUATOR_ACTIVE,TRAJECTORY_COMPLETE,24.0,42,9,0,0.18,42,0,0.0,0.0,0.0,0.0,0.0,0.0
2026-07-30T11:03:54.743,1668.516,102,open,ACTUATOR_ACTIVE,TRAJECTORY_COMPLETE,24.0,42,10,0,0.23,42,0,0.0,0.0,0.0,0.0,0.0,0.0
2026-07-30T11:03:55.255,1669.031,102,open,ACTUATOR_ACTIVE,TRAJECTORY_COMPLETE,24.0,42,10,0,-0.1,42,0,0.0,0.0,0.0,0.0,0.0,0.0
2026-07-30T11:03:55.754,1669.531,102,open,ACTUATOR_ACTIVE,TRAJECTORY_COMPLETE,24.0,42,10,-1,0.23,42,0,0.0,0.0,0.0,0.0,0.0,0.0
2026-07-30T11:03:56.246,1670.031,102,open,ACTUATOR_ACTIVE,TRAJECTORY_COMPLETE,24.0,42,10,1,-0.19,42,0,0.0,0.0,0.0,0.0,0.0,0.0
2026-07-30T11:03:56.742,1670.516,102,open,ACTUATOR_ACTIVE,TRAJECTORY_COMPLETE,24.0,43,10,0,-0.09,43,0,0.0,0.0,0.0,0.0,0.0,0.0
2026-07-30T11:03:57.364,1671.141,103,close,ACTUATOR_ACTIVE,TRAJECTORY_RUNNING,24.0,43,10,6,2.23,43,0,0.0,0.0,0.0,0.0,0.0,0.0
2026-07-30T11:03:57.862,1671.641,103,close,ACTUATOR_ACTIVE,TRAJECTORY_RUNNING,24.0,43,14,10,2.46,43,0,0.0,0.0,0.0,0.0,0.0,0.0
2026-07-30T11:03:58.360,1672.141,103,close,ACTUATOR_ACTIVE,TRAJECTORY_RUNNING,24.0,43,19,8,1.97,43,0,0.0,0.0,0.0,0.0,0.0,0.0
2026-07-30T11:03:58.856,1672.641,103,close,ACTUATOR_ACTIVE,TRAJECTORY_RUNNING,24.0,43,23,9,1.51,43,0,0.0,0.0,0.0,0.0,0.0,0.0
2026-07-30T11:03:59.353,1673.141,103,close,ACTUATOR_ACTIVE,TRAJECTORY_RUNNING,24.0,43,27,9,2.94,43,0,0.0,0.0,0.0,0.0,0.0,0.0
2026-07-30T11:03:59.853,1673.641,103,close,ACTUATOR_ACTIVE,TRAJECTORY_RUNNING,24.0,43,31,4,23.47,43,0,0.0,0.0,0.0,0.0,0.0,0.0
2026-07-30T11:04:00.353,1674.141,103,close,ACTUATOR_ACTIVE,TRAJECTORY_RUNNING,24.0,43,31,0,31.67,43,0,0.0,0.0,0.0,0.0,0.0,0.0
2026-07-30T11:04:00.850,1674.625,103,close,ACTUATOR_ACTIVE,TRAJECTORY_RUNNING,24.0,46,31,0,27.35,46,0,0.0,0.0,0.0,0.0,0.0,0.0
2026-07-30T11:04:01.360,1675.141,103,close,ACTUATOR_ACTIVE,TRAJECTORY_RUNNING,24.0,46,31,0,32.11,46,0,0.0,0.0,0.0,0.0,0.0,0.0
2026-07-30T11:04:01.856,1675.641,103,close,ACTUATOR_ACTIVE,TRAJECTORY_RUNNING,24.0,46,31,0,30.97,46,0,0.0,0.0,0.0,0.0,0.0,0.0
2026-07-30T11:04:02.353,1676.141,103,close,ACTUATOR_ACTIVE,TRAJECTORY_RUNNING,24.0,46,31,0,28.86,46,0,0.0,0.0,0.0,0.0,0.0,0.0
2026-07-30T11:04:02.850,1676.625,103,close,ACTUATOR_ACTIVE,TRAJECTORY_RUNNING,24.0,46,31,0,26.98,46,0,0.0,0.0,0.0,0.0,0.0,0.0
2026-07-30T11:04:03.362,1677.141,103,close,ACTUATOR_ACTIVE,TRAJECTORY_RUNNING,24.0,46,31,0,30.74,46,0,0.0,0.0,0.0,0.0,0.0,0.0
2026-07-30T11:04:03.856,1677.641,103,close,ACTUATOR_ACTIVE,TRAJECTORY_RUNNING,24.0,46,31,0,31.34,46,0,0.0,0.0,0.0,0.0,0.0,0.0
2026-07-30T11:04:04.357,1678.141,103,close,ACTUATOR_ACTIVE,TRAJECTORY_RUNNING,24.0,46,31,0,29.48,46,0,0.0,0.0,0.0,0.0,0.0,0.0
2026-07-30T11:04:04.857,1678.641,103,close,ACTUATOR_ACTIVE,TRAJECTORY_RUNNING,24.0,43,31,0,31.52,43,0,0.0,0.0,0.0,0.0,0.0,0.0
2026-07-30T11:04:05.465,1679.25,103,open,ACTUATOR_ACTIVE,TRAJECTORY_RUNNING,24.0,43,31,0,5.14,43,0,0.0,0.0,0.0,0.0,0.0,0.0
2026-07-30T11:04:05.965,1679.75,103,open,ACTUATOR_ACTIVE,TRAJECTORY_RUNNING,24.0,43,27,-12,-2.05,43,0,0.0,0.0,0.0,0.0,0.0,0.0
2026-07-30T11:04:06.463,1680.25,103,open,ACTUATOR_ACTIVE,TRAJECTORY_RUNNING,24.0,43,21,-11,-2.62,43,0,0.0,0.0,0.0,0.0,0.0,0.0
2026-07-30T11:04:06.960,1680.735,103,open,ACTUATOR_ACTIVE,TRAJECTORY_RUNNING,24.0,43,16,-11,-2.21,43,0,0.0,0.0,0.0,0.0,0.0,0.0
2026-07-30T11:04:07.468,1681.25,103,open,ACTUATOR_ACTIVE,TRAJECTORY_RUNNING,24.0,43,10,-11,-1.35,43,0,0.0,0.0,0.0,0.0,0.0,0.0
2026-07-30T11:04:07.966,1681.75,103,open,ACTUATOR_ACTIVE,TRAJECTORY_COMPLETE,24.0,43,10,0,0.41,43,0,0.0,0.0,0.0,0.0,0.0,0.0
2026-07-30T11:04:08.461,1682.235,103,open,ACTUATOR_ACTIVE,TRAJECTORY_COMPLETE,24.0,44,10,-1,0.4,44,0,0.0,0.0,0.0,0.0,0.0,0.0
2026-07-30T11:04:08.969,1682.75,103,open,ACTUATOR_ACTIVE,TRAJECTORY_COMPLETE,24.0,44,10,1,-0.02,44,0,0.0,0.0,0.0,0.0,0.0,0.0
2026-07-30T11:04:09.465,1683.25,103,open,ACTUATOR_ACTIVE,TRAJECTORY_COMPLETE,24.0,44,9,0,-0.02,44,0,0.0,0.0,0.0,0.0,0.0,0.0
2026-07-30T11:04:09.964,1683.75,103,open,ACTUATOR_ACTIVE,TRAJECTORY_COMPLETE,24.0,44,9,0,-0.23,44,0,0.0,0.0,0.0,0.0,0.0,0.0
2026-07-30T11:04:10.464,1684.25,103,open,ACTUATOR_ACTIVE,TRAJECTORY_COMPLETE,24.0,44,9,1,0.12,44,0,0.0,0.0,0.0,0.0,0.0,0.0
2026-07-30T11:04:10.963,1684.75,103,open,ACTUATOR_ACTIVE,TRAJECTORY_COMPLETE,24.0,44,10,1,-0.2,44,0,0.0,0.0,0.0,0.0,0.0,0.0
2026-07-30T11:04:11.460,1685.235,103,open,ACTUATOR_ACTIVE,TRAJECTORY_COMPLETE,24.0,44,9,-1,0.08,44,0,0.0,0.0,0.0,0.0,0.0,0.0
2026-07-30T11:04:11.975,1685.75,103,open,ACTUATOR_ACTIVE,TRAJECTORY_COMPLETE,24.0,44,9,0,1.26,44,0,0.0,0.0,0.0,0.0,0.0,0.0
2026-07-30T11:04:12.473,1686.25,103,open,ACTUATOR_ACTIVE,TRAJECTORY_COMPLETE,24.0,42,9,0,0.08,42,0,0.0,0.0,0.0,0.0,0.0,0.0
2026-07-30T11:04:12.969,1686.75,103,open,ACTUATOR_ACTIVE,TRAJECTORY_COMPLETE,24.0,42,9,0,-0.81,42,0,0.0,0.0,0.0,0.0,0.0,0.0
2026-07-30T11:04:13.578,1687.36,104,close,ACTUATOR_ACTIVE,TRAJECTORY_RUNNING,24.0,42,10,7,0.79,42,0,0.0,0.0,0.0,0.0,0.0,0.0
2026-07-30T11:04:14.071,1687.844,104,close,ACTUATOR_ACTIVE,TRAJECTORY_RUNNING,24.0,42,12,2,1.55,42,0,0.0,0.0,0.0,0.0,0.0,0.0
2026-07-30T11:04:14.587,1688.36,104,close,ACTUATOR_ACTIVE,TRAJECTORY_RUNNING,24.0,42,14,2,1.11,42,0,0.0,0.0,0.0,0.0,0.0,0.0
2026-07-30T11:04:15.082,1688.86,104,close,ACTUATOR_ACTIVE,TRAJECTORY_RUNNING,24.0,42,16,5,1.29,42,0,0.0,0.0,0.0,0.0,0.0,0.0
2026-07-30T11:04:15.581,1689.36,104,close,ACTUATOR_ACTIVE,TRAJECTORY_RUNNING,24.0,42,19,8,1.18,42,0,0.0,0.0,0.0,0.0,0.0,0.0
2026-07-30T11:04:16.078,1689.86,104,close,ACTUATOR_ACTIVE,TRAJECTORY_RUNNING,24.0,42,23,7,1.07,42,0,0.0,0.0,0.0,0.0,0.0,0.0
2026-07-30T11:04:16.573,1690.36,104,close,ACTUATOR_ACTIVE,TRAJECTORY_RUNNING,24.0,45,27,9,1.52,45,0,0.0,0.0,0.0,0.0,0.0,0.0
2026-07-30T11:04:17.069,1690.844,104,close,ACTUATOR_ACTIVE,TRAJECTORY_RUNNING,24.0,45,30,0,5.63,45,0,0.0,0.0,0.0,0.0,0.0,0.0
2026-07-30T11:04:17.578,1691.36,104,close,ACTUATOR_ACTIVE,TRAJECTORY_RUNNING,24.0,45,30,0,2.84,45,0,0.0,0.0,0.0,0.0,0.0,0.0
2026-07-30T11:04:18.072,1691.86,104,close,ACTUATOR_ACTIVE,TRAJECTORY_RUNNING,24.0,45,30,0,1.97,45,0,0.0,0.0,0.0,0.0,0.0,0.0
2026-07-30T11:04:18.564,1692.344,104,close,ACTUATOR_ACTIVE,TRAJECTORY_RUNNING,24.0,45,30,1,1.75,45,0,0.0,0.0,0.0,0.0,0.0,0.0
2026-07-30T11:04:19.078,1692.86,104,close,ACTUATOR_ACTIVE,TRAJECTORY_RUNNING,24.0,45,30,0,1.96,45,0,0.0,0.0,0.0,0.0,0.0,0.0
2026-07-30T11:04:19.572,1693.36,104,close,ACTUATOR_ACTIVE,TRAJECTORY_RUNNING,24.0,45,30,0,2.11,45,0,0.0,0.0,0.0,0.0,0.0,0.0
2026-07-30T11:04:20.067,1693.844,104,close,ACTUATOR_ACTIVE,TRAJECTORY_RUNNING,24.0,45,30,1,1.87,45,0,0.0,0.0,0.0,0.0,0.0,0.0
2026-07-30T11:04:20.581,1694.36,104,close,ACTUATOR_ACTIVE,TRAJECTORY_STOPPED,24.0,46,30,0,1.99,46,0,0.0,0.0,0.0,0.0,0.0,0.0
2026-07-30T11:04:21.078,1694.86,104,close,ACTUATOR_ACTIVE,TRAJECTORY_RUNNING,24.0,46,30,0,1.75,46,0,0.0,0.0,0.0,0.0,0.0,0.0
2026-07-30T11:04:21.680,1695.453,104,open,ACTUATOR_ACTIVE,TRAJECTORY_RUNNING,24.0,46,30,0,0.94,46,0,0.0,0.0,0.0,0.0,0.0,0.0
2026-07-30T11:04:22.192,1695.969,104,open,ACTUATOR_ACTIVE,TRAJECTORY_RUNNING,24.0,46,25,-11,-1.66,46,0,0.0,0.0,0.0,0.0,0.0,0.0
2026-07-30T11:04:22.688,1696.469,104,open,ACTUATOR_ACTIVE,TRAJECTORY_RUNNING,24.0,46,20,-11,-0.17,46,0,0.0,0.0,0.0,0.0,0.0,0.0
2026-07-30T11:04:23.180,1696.953,104,open,ACTUATOR_ACTIVE,TRAJECTORY_RUNNING,24.0,46,14,-11,-1.53,46,0,0.0,0.0,0.0,0.0,0.0,0.0
2026-07-30T11:04:23.678,1697.453,104,open,ACTUATOR_ACTIVE,TRAJECTORY_COMPLETE,24.0,46,9,1,0.36,46,0,0.0,0.0,0.0,0.0,0.0,0.0
2026-07-30T11:04:24.189,1697.969,104,open,ACTUATOR_ACTIVE,TRAJECTORY_COMPLETE,24.0,46,10,0,-1.31,46,0,0.0,0.0,0.0,0.0,0.0,0.0
2026-07-30T11:04:24.681,1698.469,104,open,ACTUATOR_ACTIVE,TRAJECTORY_COMPLETE,24.0,43,9,0,0.07,43,0,0.0,0.0,0.0,0.0,0.0,0.0
2026-07-30T11:04:25.176,1698.953,104,open,ACTUATOR_ACTIVE,TRAJECTORY_COMPLETE,24.0,43,10,0,0.01,43,0,0.0,0.0,0.0,0.0,0.0,0.0
2026-07-30T11:04:25.691,1699.469,104,open,ACTUATOR_ACTIVE,TRAJECTORY_COMPLETE,24.0,43,9,0,-0.27,43,0,0.0,0.0,0.0,0.0,0.0,0.0
2026-07-30T11:04:26.184,1699.969,104,open,ACTUATOR_ACTIVE,TRAJECTORY_COMPLETE,24.0,43,9,0,0.29,43,0,0.0,0.0,0.0,0.0,0.0,0.0
2026-07-30T11:04:26.685,1700.469,104,open,ACTUATOR_ACTIVE,TRAJECTORY_COMPLETE,24.0,43,9,0,0.22,43,0,0.0,0.0,0.0,0.0,0.0,0.0
2026-07-30T11:04:27.186,1700.969,104,open,ACTUATOR_ACTIVE,TRAJECTORY_COMPLETE,24.0,43,9,1,-0.1,43,0,0.0,0.0,0.0,0.0,0.0,0.0
2026-07-30T11:04:27.684,1701.469,104,open,ACTUATOR_ACTIVE,TRAJECTORY_COMPLETE,24.0,43,9,0,0.04,43,0,0.0,0.0,0.0,0.0,0.0,0.0
2026-07-30T11:04:28.177,1701.953,104,open,ACTUATOR_ACTIVE,TRAJECTORY_COMPLETE,24.0,43,9,0,-0.14,43,0,0.0,0.0,0.0,0.0,0.0,0.0
2026-07-30T11:04:28.692,1702.469,104,open,ACTUATOR_ACTIVE,TRAJECTORY_COMPLETE,24.0,43,9,0,-0.2,43,0,0.0,0.0,0.0,0.0,0.0,0.0
2026-07-30T11:04:29.184,1702.969,104,open,ACTUATOR_ACTIVE,TRAJECTORY_COMPLETE,24.0,43,9,0,0.41,43,0,0.0,0.0,0.0,0.0,0.0,0.0
2026-07-30T11:04:29.790,1703.563,105,close,ACTUATOR_ACTIVE,TRAJECTORY_RUNNING,24.0,43,10,6,2.44,43,0,0.0,0.0,0.0,0.0,0.0,0.0
2026-07-30T11:04:30.307,1704.094,105,close,ACTUATOR_ACTIVE,TRAJECTORY_RUNNING,24.0,43,14,9,3.01,43,0,0.0,0.0,0.0,0.0,0.0,0.0
2026-07-30T11:04:30.790,1704.563,105,close,ACTUATOR_ACTIVE,TRAJECTORY_RUNNING,24.0,43,18,9,0.94,43,0,0.0,0.0,0.0,0.0,0.0,0.0
2026-07-30T11:04:31.303,1705.078,105,close,ACTUATOR_ACTIVE,TRAJECTORY_RUNNING,24.0,43,23,8,1.75,43,0,0.0,0.0,0.0,0.0,0.0,0.0
2026-07-30T11:04:31.800,1705.578,105,close,ACTUATOR_ACTIVE,TRAJECTORY_RUNNING,24.0,43,28,10,2.07,43,0,0.0,0.0,0.0,0.0,0.0,0.0
2026-07-30T11:04:32.295,1706.078,105,close,ACTUATOR_ACTIVE,TRAJECTORY_RUNNING,24.0,43,31,2,22.86,43,0,0.0,0.0,0.0,0.0,0.0,0.0
2026-07-30T11:04:32.787,1706.563,105,close,ACTUATOR_ACTIVE,TRAJECTORY_RUNNING,24.0,44,31,0,29.24,44,0,0.0,0.0,0.0,0.0,0.0,0.0
2026-07-30T11:04:33.298,1707.078,105,close,ACTUATOR_ACTIVE,TRAJECTORY_RUNNING,24.0,44,31,0,32.34,44,0,0.0,0.0,0.0,0.0,0.0,0.0
2026-07-30T11:04:33.795,1707.578,105,close,ACTUATOR_ACTIVE,TRAJECTORY_RUNNING,24.0,44,31,0,29.09,44,0,0.0,0.0,0.0,0.0,0.0,0.0
2026-07-30T11:04:34.294,1708.078,105,close,ACTUATOR_ACTIVE,TRAJECTORY_RUNNING,24.0,44,31,0,28.16,44,0,0.0,0.0,0.0,0.0,0.0,0.0
2026-07-30T11:04:34.790,1708.563,105,close,ACTUATOR_ACTIVE,TRAJECTORY_RUNNING,24.0,44,31,0,28.05,44,0,0.0,0.0,0.0,0.0,0.0,0.0
2026-07-30T11:04:35.299,1709.078,105,close,ACTUATOR_ACTIVE,TRAJECTORY_RUNNING,24.0,44,31,0,29.39,44,0,0.0,0.0,0.0,0.0,0.0,0.0
2026-07-30T11:04:35.798,1709.578,105,close,ACTUATOR_ACTIVE,TRAJECTORY_RUNNING,24.0,44,31,0,28.51,44,0,0.0,0.0,0.0,0.0,0.0,0.0
2026-07-30T11:04:36.299,1710.078,105,close,ACTUATOR_ACTIVE,TRAJECTORY_RUNNING,24.0,44,31,0,30.72,44,0,0.0,0.0,0.0,0.0,0.0,0.0
2026-07-30T11:04:36.793,1710.578,105,close,ACTUATOR_ACTIVE,TRAJECTORY_RUNNING,24.0,44,31,1,31.4,44,0,0.0,0.0,0.0,0.0,0.0,0.0
2026-07-30T11:04:37.292,1711.078,105,close,ACTUATOR_ACTIVE,TRAJECTORY_RUNNING,24.0,44,31,0,32.1,44,0,0.0,0.0,0.0,0.0,0.0,0.0
2026-07-30T11:04:37.894,1711.672,105,open,ACTUATOR_ACTIVE,TRAJECTORY_RUNNING,24.0,44,31,0,4.51,44,0,0.0,0.0,0.0,0.0,0.0,0.0
2026-07-30T11:04:38.402,1712.188,105,open,ACTUATOR_ACTIVE,TRAJECTORY_RUNNING,24.0,44,27,-11,-0.84,44,0,0.0,0.0,0.0,0.0,0.0,0.0
2026-07-30T11:04:38.901,1712.688,105,open,ACTUATOR_ACTIVE,TRAJECTORY_RUNNING,24.0,44,21,-13,-2.55,44,0,0.0,0.0,0.0,0.0,0.0,0.0
2026-07-30T11:04:39.393,1713.172,105,open,ACTUATOR_ACTIVE,TRAJECTORY_RUNNING,24.0,44,15,-11,-2.52,44,0,0.0,0.0,0.0,0.0,0.0,0.0
2026-07-30T11:04:39.906,1713.688,105,open,ACTUATOR_ACTIVE,TRAJECTORY_RUNNING,24.0,44,10,-10,-2.85,44,0,0.0,0.0,0.0,0.0,0.0,0.0
2026-07-30T11:04:40.403,1714.188,105,open,ACTUATOR_ACTIVE,TRAJECTORY_COMPLETE,24.0,43,9,0,0.63,43,0,0.0,0.0,0.0,0.0,0.0,0.0
2026-07-30T11:04:40.899,1714.672,105,open,ACTUATOR_ACTIVE,TRAJECTORY_COMPLETE,24.0,43,9,1,0.28,43,0,0.0,0.0,0.0,0.0,0.0,0.0
2026-07-30T11:04:41.415,1715.188,105,open,ACTUATOR_ACTIVE,TRAJECTORY_COMPLETE,24.0,43,10,0,0.25,43,0,0.0,0.0,0.0,0.0,0.0,0.0
2026-07-30T11:04:41.908,1715.688,105,open,ACTUATOR_ACTIVE,TRAJECTORY_COMPLETE,24.0,43,10,0,0.38,43,0,0.0,0.0,0.0,0.0,0.0,0.0
2026-07-30T11:04:42.406,1716.188,105,open,ACTUATOR_ACTIVE,TRAJECTORY_COMPLETE,24.0,43,10,-1,-0.16,43,0,0.0,0.0,0.0,0.0,0.0,0.0
2026-07-30T11:04:42.901,1716.688,105,open,ACTUATOR_ACTIVE,TRAJECTORY_COMPLETE,24.0,43,10,-1,1.49,43,0,0.0,0.0,0.0,0.0,0.0,0.0
2026-07-30T11:04:43.397,1717.172,105,open,ACTUATOR_ACTIVE,TRAJECTORY_COMPLETE,24.0,43,10,0,-0.06,43,0,0.0,0.0,0.0,0.0,0.0,0.0
2026-07-30T11:04:43.911,1717.688,105,open,ACTUATOR_ACTIVE,TRAJECTORY_COMPLETE,24.0,43,10,0,0.16,43,0,0.0,0.0,0.0,0.0,0.0,0.0
2026-07-30T11:04:44.408,1718.188,105,open,ACTUATOR_ACTIVE,TRAJECTORY_COMPLETE,24.0,47,10,-1,-0.03,47,0,0.0,0.0,0.0,0.0,0.0,0.0
2026-07-30T11:04:44.904,1718.688,105,open,ACTUATOR_ACTIVE,TRAJECTORY_COMPLETE,24.0,47,10,0,0.36,47,0,0.0,0.0,0.0,0.0,0.0,0.0
2026-07-30T11:04:45.396,1719.172,105,open,ACTUATOR_ACTIVE,TRAJECTORY_COMPLETE,24.0,47,10,1,0.14,47,0,0.0,0.0,0.0,0.0,0.0,0.0
2026-07-30T11:04:46.014,1719.797,106,close,ACTUATOR_ACTIVE,TRAJECTORY_RUNNING,24.0,47,10,6,1.44,47,0,0.0,0.0,0.0,0.0,0.0,0.0
2026-07-30T11:04:46.508,1720.281,106,close,ACTUATOR_ACTIVE,TRAJECTORY_RUNNING,24.0,47,14,9,1.74,47,0,0.0,0.0,0.0,0.0,0.0,0.0
2026-07-30T11:04:47.019,1720.797,106,close,ACTUATOR_ACTIVE,TRAJECTORY_RUNNING,24.0,47,18,9,0.82,47,0,0.0,0.0,0.0,0.0,0.0,0.0
2026-07-30T11:04:47.517,1721.297,106,close,ACTUATOR_ACTIVE,TRAJECTORY_RUNNING,24.0,47,23,10,2.38,47,0,0.0,0.0,0.0,0.0,0.0,0.0
2026-07-30T11:04:48.014,1721.797,106,close,ACTUATOR_ACTIVE,TRAJECTORY_RUNNING,24.0,47,27,9,1.68,47,0,0.0,0.0,0.0,0.0,0.0,0.0
2026-07-30T11:04:48.511,1722.297,106,close,ACTUATOR_ACTIVE,TRAJECTORY_RUNNING,24.0,43,31,2,22.97,43,0,0.0,0.0,0.0,0.0,0.0,0.0
2026-07-30T11:04:49.011,1722.797,106,close,ACTUATOR_ACTIVE,TRAJECTORY_RUNNING,24.0,43,31,0,29.28,43,0,0.0,0.0,0.0,0.0,0.0,0.0
2026-07-30T11:04:49.509,1723.281,106,close,ACTUATOR_ACTIVE,TRAJECTORY_RUNNING,24.0,43,31,0,31.63,43,0,0.0,0.0,0.0,0.0,0.0,0.0
2026-07-30T11:04:50.020,1723.797,106,close,ACTUATOR_ACTIVE,TRAJECTORY_RUNNING,24.0,43,31,0,29.83,43,0,0.0,0.0,0.0,0.0,0.0,0.0
2026-07-30T11:04:50.513,1724.297,106,close,ACTUATOR_ACTIVE,TRAJECTORY_RUNNING,24.0,43,31,0,28.49,43,0,0.0,0.0,0.0,0.0,0.0,0.0
2026-07-30T11:04:51.010,1724.797,106,close,ACTUATOR_ACTIVE,TRAJECTORY_RUNNING,24.0,43,31,0,31.56,43,0,0.0,0.0,0.0,0.0,0.0,0.0
2026-07-30T11:04:51.501,1725.281,106,close,ACTUATOR_ACTIVE,TRAJECTORY_RUNNING,24.0,43,31,0,29.08,43,0,0.0,0.0,0.0,0.0,0.0,0.0
2026-07-30T11:04:52.014,1725.797,106,close,ACTUATOR_ACTIVE,TRAJECTORY_RUNNING,24.0,43,31,1,30.75,43,0,0.0,0.0,0.0,0.0,0.0,0.0
2026-07-30T11:04:52.514,1726.297,106,close,ACTUATOR_ACTIVE,TRAJECTORY_RUNNING,24.0,48,31,0,28.85,48,0,0.0,0.0,0.0,0.0,0.0,0.0
2026-07-30T11:04:53.011,1726.797,106,close,ACTUATOR_ACTIVE,TRAJECTORY_RUNNING,24.0,48,31,1,29.9,48,0,0.0,0.0,0.0,0.0,0.0,0.0
2026-07-30T11:04:53.507,1727.281,106,close,ACTUATOR_ACTIVE,TRAJECTORY_RUNNING,24.0,48,31,0,30.43,48,0,0.0,0.0,0.0,0.0,0.0,0.0
2026-07-30T11:04:54.132,1727.906,106,open,ACTUATOR_ACTIVE,TRAJECTORY_RUNNING,24.0,48,31,0,5.48,48,0,0.0,0.0,0.0,0.0,0.0,0.0
2026-07-30T11:04:54.628,1728.406,106,open,ACTUATOR_ACTIVE,TRAJECTORY_RUNNING,24.0,48,27,-12,-1.1,48,0,0.0,0.0,0.0,0.0,0.0,0.0
2026-07-30T11:04:55.122,1728.906,106,open,ACTUATOR_ACTIVE,TRAJECTORY_RUNNING,24.0,48,21,-11,-2.01,48,0,0.0,0.0,0.0,0.0,0.0,0.0
2026-07-30T11:04:55.621,1729.406,106,open,ACTUATOR_ACTIVE,TRAJECTORY_RUNNING,24.0,48,16,-12,-1.94,48,0,0.0,0.0,0.0,0.0,0.0,0.0
2026-07-30T11:04:56.120,1729.906,106,open,ACTUATOR_ACTIVE,TRAJECTORY_RUNNING,24.0,48,10,-10,-1.16,48,0,0.0,0.0,0.0,0.0,0.0,0.0
2026-07-30T11:04:56.622,1730.406,106,open,ACTUATOR_ACTIVE,TRAJECTORY_COMPLETE,24.0,46,10,0,1.03,46,0,0.0,0.0,0.0,0.0,0.0,0.0
2026-07-30T11:04:57.120,1730.906,106,open,ACTUATOR_ACTIVE,TRAJECTORY_COMPLETE,24.0,46,10,0,0.58,46,0,0.0,0.0,0.0,0.0,0.0,0.0
2026-07-30T11:04:57.617,1731.391,106,open,ACTUATOR_ACTIVE,TRAJECTORY_COMPLETE,24.0,46,9,0,0.09,46,0,0.0,0.0,0.0,0.0,0.0,0.0
2026-07-30T11:04:58.127,1731.906,106,open,ACTUATOR_ACTIVE,TRAJECTORY_COMPLETE,24.0,46,9,0,-0.86,46,0,0.0,0.0,0.0,0.0,0.0,0.0
2026-07-30T11:04:58.624,1732.406,106,open,ACTUATOR_ACTIVE,TRAJECTORY_COMPLETE,24.0,46,9,0,-0.01,46,0,0.0,0.0,0.0,0.0,0.0,0.0
2026-07-30T11:04:59.117,1732.891,106,open,ACTUATOR_ACTIVE,TRAJECTORY_COMPLETE,24.0,46,9,0,0.18,46,0,0.0,0.0,0.0,0.0,0.0,0.0
2026-07-30T11:04:59.632,1733.406,106,open,ACTUATOR_ACTIVE,TRAJECTORY_COMPLETE,24.0,46,9,0,-1.39,46,0,0.0,0.0,0.0,0.0,0.0,0.0
2026-07-30T11:05:00.133,1733.906,106,open,ACTUATOR_ACTIVE,TRAJECTORY_COMPLETE,24.0,46,9,0,0.06,46,0,0.0,0.0,0.0,0.0,0.0,0.0
2026-07-30T11:05:00.628,1734.406,106,open,ACTUATOR_ACTIVE,TRAJECTORY_COMPLETE,24.0,43,9,-1,-1.23,43,0,0.0,0.0,0.0,0.0,0.0,0.0
2026-07-30T11:05:01.126,1734.906,106,open,ACTUATOR_ACTIVE,TRAJECTORY_COMPLETE,24.0,43,9,0,-0.03,43,0,0.0,0.0,0.0,0.0,0.0,0.0
2026-07-30T11:05:01.621,1735.406,106,open,ACTUATOR_ACTIVE,TRAJECTORY_COMPLETE,24.0,43,9,0,0.06,43,0,0.0,0.0,0.0,0.0,0.0,0.0
2026-07-30T11:05:02.221,1736.0,107,close,ACTUATOR_ACTIVE,TRAJECTORY_RUNNING,24.0,43,10,7,1.88,43,0,0.0,0.0,0.0,0.0,0.0,0.0
2026-07-30T11:05:02.731,1736.516,107,close,ACTUATOR_ACTIVE,TRAJECTORY_RUNNING,24.0,43,12,5,1.6,43,0,0.0,0.0,0.0,0.0,0.0,0.0
2026-07-30T11:05:03.222,1737.0,107,close,ACTUATOR_ACTIVE,TRAJECTORY_RUNNING,24.0,43,14,4,1.69,43,0,0.0,0.0,0.0,0.0,0.0,0.0
2026-07-30T11:05:03.730,1737.516,107,close,ACTUATOR_ACTIVE,TRAJECTORY_RUNNING,24.0,43,16,7,2.33,43,0,0.0,0.0,0.0,0.0,0.0,0.0
2026-07-30T11:05:04.225,1738.0,107,close,ACTUATOR_ACTIVE,TRAJECTORY_RUNNING,24.0,43,20,8,2.28,43,0,0.0,0.0,0.0,0.0,0.0,0.0
2026-07-30T11:05:04.737,1738.516,107,close,ACTUATOR_ACTIVE,TRAJECTORY_RUNNING,24.0,44,24,8,2.12,44,0,0.0,0.0,0.0,0.0,0.0,0.0
2026-07-30T11:05:05.231,1739.016,107,close,ACTUATOR_ACTIVE,TRAJECTORY_RUNNING,24.0,44,28,7,3.34,44,0,0.0,0.0,0.0,0.0,0.0,0.0
2026-07-30T11:05:05.730,1739.516,107,close,ACTUATOR_ACTIVE,TRAJECTORY_RUNNING,24.0,44,30,0,4.94,44,0,0.0,0.0,0.0,0.0,0.0,0.0
2026-07-30T11:05:06.225,1740.0,107,close,ACTUATOR_ACTIVE,TRAJECTORY_RUNNING,24.0,44,30,0,2.42,44,0,0.0,0.0,0.0,0.0,0.0,0.0
2026-07-30T11:05:06.738,1740.516,107,close,ACTUATOR_ACTIVE,TRAJECTORY_RUNNING,24.0,44,30,0,1.81,44,0,0.0,0.0,0.0,0.0,0.0,0.0
2026-07-30T11:05:07.235,1741.016,107,close,ACTUATOR_ACTIVE,TRAJECTORY_RUNNING,24.0,44,30,1,2.0,44,0,0.0,0.0,0.0,0.0,0.0,0.0
2026-07-30T11:05:07.729,1741.516,107,close,ACTUATOR_ACTIVE,TRAJECTORY_RUNNING,24.0,44,30,1,1.77,44,0,0.0,0.0,0.0,0.0,0.0,0.0
2026-07-30T11:05:08.223,1742.0,107,close,ACTUATOR_ACTIVE,TRAJECTORY_RUNNING,24.0,44,30,0,2.12,44,0,0.0,0.0,0.0,0.0,0.0,0.0
2026-07-30T11:05:08.737,1742.516,107,close,ACTUATOR_ACTIVE,TRAJECTORY_STOPPED,24.0,47,30,0,1.82,47,0,0.0,0.0,0.0,0.0,0.0,0.0
2026-07-30T11:05:09.231,1743.016,107,close,ACTUATOR_ACTIVE,TRAJECTORY_RUNNING,24.0,47,30,-1,1.62,47,0,0.0,0.0,0.0,0.0,0.0,0.0
2026-07-30T11:05:09.725,1743.5,107,close,ACTUATOR_ACTIVE,TRAJECTORY_RUNNING,24.0,47,30,0,2.45,47,0,0.0,0.0,0.0,0.0,0.0,0.0
2026-07-30T11:05:10.344,1744.125,107,open,ACTUATOR_ACTIVE,TRAJECTORY_RUNNING,24.0,47,30,0,0.8,47,0,0.0,0.0,0.0,0.0,0.0,0.0
2026-07-30T11:05:10.843,1744.625,107,open,ACTUATOR_ACTIVE,TRAJECTORY_RUNNING,24.0,47,26,-13,-1.62,47,0,0.0,0.0,0.0,0.0,0.0,0.0
2026-07-30T11:05:11.340,1745.125,107,open,ACTUATOR_ACTIVE,TRAJECTORY_RUNNING,24.0,47,20,-12,-2.64,47,0,0.0,0.0,0.0,0.0,0.0,0.0
2026-07-30T11:05:11.833,1745.61,107,open,ACTUATOR_ACTIVE,TRAJECTORY_RUNNING,24.0,47,14,-12,-0.14,47,0,0.0,0.0,0.0,0.0,0.0,0.0
2026-07-30T11:05:12.347,1746.125,107,open,ACTUATOR_ACTIVE,TRAJECTORY_COMPLETE,24.0,47,9,0,1.94,47,0,0.0,0.0,0.0,0.0,0.0,0.0
2026-07-30T11:05:12.842,1746.625,107,open,ACTUATOR_ACTIVE,TRAJECTORY_COMPLETE,24.0,44,10,0,0.14,44,0,0.0,0.0,0.0,0.0,0.0,0.0
2026-07-30T11:05:13.341,1747.125,107,open,ACTUATOR_ACTIVE,TRAJECTORY_COMPLETE,24.0,44,10,1,0.46,44,0,0.0,0.0,0.0,0.0,0.0,0.0
2026-07-30T11:05:13.841,1747.625,107,open,ACTUATOR_ACTIVE,TRAJECTORY_COMPLETE,24.0,44,9,0,-0.19,44,0,0.0,0.0,0.0,0.0,0.0,0.0
2026-07-30T11:05:14.339,1748.125,107,open,ACTUATOR_ACTIVE,TRAJECTORY_COMPLETE,24.0,44,9,0,0.04,44,0,0.0,0.0,0.0,0.0,0.0,0.0
2026-07-30T11:05:14.835,1748.61,107,open,ACTUATOR_ACTIVE,TRAJECTORY_COMPLETE,24.0,44,10,0,0.91,44,0,0.0,0.0,0.0,0.0,0.0,0.0
2026-07-30T11:05:15.349,1749.125,107,open,ACTUATOR_ACTIVE,TRAJECTORY_COMPLETE,24.0,44,10,1,-0.22,44,0,0.0,0.0,0.0,0.0,0.0,0.0
2026-07-30T11:05:15.847,1749.625,107,open,ACTUATOR_ACTIVE,TRAJECTORY_COMPLETE,24.0,44,10,0,-0.41,44,0,0.0,0.0,0.0,0.0,0.0,0.0
2026-07-30T11:05:16.345,1750.125,107,open,ACTUATOR_ACTIVE,TRAJECTORY_COMPLETE,24.0,44,10,1,0.45,44,0,0.0,0.0,0.0,0.0,0.0,0.0
2026-07-30T11:05:16.839,1750.625,107,open,ACTUATOR_ACTIVE,TRAJECTORY_COMPLETE,24.0,45,10,0,-1.17,45,0,0.0,0.0,0.0,0.0,0.0,0.0
2026-07-30T11:05:17.330,1751.11,107,open,ACTUATOR_ACTIVE,TRAJECTORY_COMPLETE,24.0,45,10,0,0.08,45,0,0.0,0.0,0.0,0.0,0.0,0.0
2026-07-30T11:05:17.844,1751.625,107,open,ACTUATOR_ACTIVE,TRAJECTORY_COMPLETE,24.0,45,10,0,0.02,45,0,0.0,0.0,0.0,0.0,0.0,0.0
2026-07-30T11:05:18.455,1752.235,108,close,ACTUATOR_ACTIVE,TRAJECTORY_RUNNING,24.0,45,10,7,0.82,45,0,0.0,0.0,0.0,0.0,0.0,0.0
2026-07-30T11:05:18.948,1752.735,108,close,ACTUATOR_ACTIVE,TRAJECTORY_RUNNING,24.0,45,12,4,1.25,45,0,0.0,0.0,0.0,0.0,0.0,0.0
2026-07-30T11:05:19.440,1753.219,108,close,ACTUATOR_ACTIVE,TRAJECTORY_RUNNING,24.0,45,14,5,1.99,45,0,0.0,0.0,0.0,0.0,0.0,0.0
2026-07-30T11:05:19.954,1753.735,108,close,ACTUATOR_ACTIVE,TRAJECTORY_RUNNING,24.0,45,16,5,0.88,45,0,0.0,0.0,0.0,0.0,0.0,0.0
2026-07-30T11:05:20.443,1754.219,108,close,ACTUATOR_ACTIVE,TRAJECTORY_RUNNING,24.0,43,20,8,2.45,43,0,0.0,0.0,0.0,0.0,0.0,0.0
2026-07-30T11:05:20.955,1754.735,108,close,ACTUATOR_ACTIVE,TRAJECTORY_RUNNING,24.0,43,24,8,1.43,43,0,0.0,0.0,0.0,0.0,0.0,0.0
2026-07-30T11:05:21.450,1755.235,108,close,ACTUATOR_ACTIVE,TRAJECTORY_RUNNING,24.0,43,28,9,1.17,43,0,0.0,0.0,0.0,0.0,0.0,0.0
2026-07-30T11:05:21.941,1755.719,108,close,ACTUATOR_ACTIVE,TRAJECTORY_RUNNING,24.0,43,30,0,3.94,43,0,0.0,0.0,0.0,0.0,0.0,0.0
2026-07-30T11:05:22.448,1756.235,108,close,ACTUATOR_ACTIVE,TRAJECTORY_RUNNING,24.0,43,30,0,2.09,43,0,0.0,0.0,0.0,0.0,0.0,0.0
2026-07-30T11:05:22.939,1756.719,108,close,ACTUATOR_ACTIVE,TRAJECTORY_RUNNING,24.0,43,30,0,1.91,43,0,0.0,0.0,0.0,0.0,0.0,0.0
2026-07-30T11:05:23.448,1757.235,108,close,ACTUATOR_ACTIVE,TRAJECTORY_RUNNING,24.0,43,30,0,1.66,43,0,0.0,0.0,0.0,0.0,0.0,0.0
2026-07-30T11:05:23.938,1757.719,108,close,ACTUATOR_ACTIVE,TRAJECTORY_RUNNING,24.0,43,30,-1,1.92,43,0,0.0,0.0,0.0,0.0,0.0,0.0
2026-07-30T11:05:24.448,1758.235,108,close,ACTUATOR_ACTIVE,TRAJECTORY_STOPPED,24.0,47,30,0,1.82,47,0,0.0,0.0,0.0,0.0,0.0,0.0
2026-07-30T11:05:24.945,1758.719,108,close,ACTUATOR_ACTIVE,TRAJECTORY_RUNNING,24.0,47,30,0,1.43,47,0,0.0,0.0,0.0,0.0,0.0,0.0
2026-07-30T11:05:25.456,1759.235,108,close,ACTUATOR_ACTIVE,TRAJECTORY_RUNNING,24.0,47,30,0,1.68,47,0,0.0,0.0,0.0,0.0,0.0,0.0
2026-07-30T11:05:25.952,1759.735,108,close,ACTUATOR_ACTIVE,TRAJECTORY_STOPPED,24.0,47,30,0,1.7,47,0,0.0,0.0,0.0,0.0,0.0,0.0
2026-07-30T11:05:26.553,1760.328,108,open,ACTUATOR_ACTIVE,TRAJECTORY_RUNNING,24.0,47,30,0,0.94,47,0,0.0,0.0,0.0,0.0,0.0,0.0
2026-07-30T11:05:27.067,1760.844,108,open,ACTUATOR_ACTIVE,TRAJECTORY_RUNNING,24.0,47,26,-11,-2.38,47,0,0.0,0.0,0.0,0.0,0.0,0.0
2026-07-30T11:05:27.560,1761.344,108,open,ACTUATOR_ACTIVE,TRAJECTORY_RUNNING,24.0,47,20,-11,-1.72,47,0,0.0,0.0,0.0,0.0,0.0,0.0
2026-07-30T11:05:28.056,1761.844,108,open,ACTUATOR_ACTIVE,TRAJECTORY_RUNNING,24.0,47,14,-11,-4.15,47,0,0.0,0.0,0.0,0.0,0.0,0.0
2026-07-30T11:05:28.554,1762.328,108,open,ACTUATOR_ACTIVE,TRAJECTORY_COMPLETE,24.0,43,9,0,0.86,43,0,0.0,0.0,0.0,0.0,0.0,0.0
2026-07-30T11:05:29.067,1762.844,108,open,ACTUATOR_ACTIVE,TRAJECTORY_COMPLETE,24.0,43,10,0,0.11,43,0,0.0,0.0,0.0,0.0,0.0,0.0
2026-07-30T11:05:29.561,1763.344,108,open,ACTUATOR_ACTIVE,TRAJECTORY_COMPLETE,24.0,43,10,-2,-0.35,43,0,0.0,0.0,0.0,0.0,0.0,0.0
2026-07-30T11:05:30.059,1763.844,108,open,ACTUATOR_ACTIVE,TRAJECTORY_COMPLETE,24.0,43,10,-1,-0.9,43,0,0.0,0.0,0.0,0.0,0.0,0.0
2026-07-30T11:05:30.555,1764.328,108,open,ACTUATOR_ACTIVE,TRAJECTORY_COMPLETE,24.0,43,10,0,0.04,43,0,0.0,0.0,0.0,0.0,0.0,0.0
2026-07-30T11:05:31.070,1764.844,108,open,ACTUATOR_ACTIVE,TRAJECTORY_COMPLETE,24.0,43,10,0,0.06,43,0,0.0,0.0,0.0,0.0,0.0,0.0
2026-07-30T11:05:31.564,1765.344,108,open,ACTUATOR_ACTIVE,TRAJECTORY_COMPLETE,24.0,43,10,0,0.05,43,0,0.0,0.0,0.0,0.0,0.0,0.0
2026-07-30T11:05:32.059,1765.844,108,open,ACTUATOR_ACTIVE,TRAJECTORY_COMPLETE,24.0,43,10,0,0.5,43,0,0.0,0.0,0.0,0.0,0.0,0.0
2026-07-30T11:05:32.558,1766.344,108,open,ACTUATOR_ACTIVE,TRAJECTORY_COMPLETE,24.0,48,10,1,-0.5,48,0,0.0,0.0,0.0,0.0,0.0,0.0
2026-07-30T11:05:33.053,1766.828,108,open,ACTUATOR_ACTIVE,TRAJECTORY_COMPLETE,24.0,48,10,0,-0.07,48,0,0.0,0.0,0.0,0.0,0.0,0.0
2026-07-30T11:05:33.568,1767.344,108,open,ACTUATOR_ACTIVE,TRAJECTORY_COMPLETE,24.0,48,10,0,0.0,48,0,0.0,0.0,0.0,0.0,0.0,0.0
2026-07-30T11:05:34.065,1767.844,108,open,ACTUATOR_ACTIVE,TRAJECTORY_COMPLETE,24.0,48,10,0,-0.61,48,0,0.0,0.0,0.0,0.0,0.0,0.0
2026-07-30T11:05:34.674,1768.453,109,close,ACTUATOR_ACTIVE,TRAJECTORY_RUNNING,24.0,48,10,6,1.18,48,0,0.0,0.0,0.0,0.0,0.0,0.0
2026-07-30T11:05:35.168,1768.953,109,close,ACTUATOR_ACTIVE,TRAJECTORY_RUNNING,24.0,48,12,2,1.65,48,0,0.0,0.0,0.0,0.0,0.0,0.0
2026-07-30T11:05:35.668,1769.453,109,close,ACTUATOR_ACTIVE,TRAJECTORY_RUNNING,24.0,48,13,3,0.74,48,0,0.0,0.0,0.0,0.0,0.0,0.0
2026-07-30T11:05:36.163,1769.938,109,close,ACTUATOR_ACTIVE,TRAJECTORY_RUNNING,24.0,48,16,7,1.36,48,0,0.0,0.0,0.0,0.0,0.0,0.0
2026-07-30T11:05:36.672,1770.453,109,close,ACTUATOR_ACTIVE,TRAJECTORY_RUNNING,24.0,44,19,7,1.46,44,0,0.0,0.0,0.0,0.0,0.0,0.0
2026-07-30T11:05:37.164,1770.938,109,close,ACTUATOR_ACTIVE,TRAJECTORY_RUNNING,24.0,44,23,9,2.58,44,0,0.0,0.0,0.0,0.0,0.0,0.0
2026-07-30T11:05:37.675,1771.453,109,close,ACTUATOR_ACTIVE,TRAJECTORY_RUNNING,24.0,44,27,8,2.82,44,0,0.0,0.0,0.0,0.0,0.0,0.0
2026-07-30T11:05:38.173,1771.953,109,close,ACTUATOR_ACTIVE,TRAJECTORY_RUNNING,24.0,44,30,0,6.2,44,0,0.0,0.0,0.0,0.0,0.0,0.0
2026-07-30T11:05:38.666,1772.453,109,close,ACTUATOR_ACTIVE,TRAJECTORY_RUNNING,24.0,44,30,0,2.21,44,0,0.0,0.0,0.0,0.0,0.0,0.0
2026-07-30T11:05:39.161,1772.938,109,close,ACTUATOR_ACTIVE,TRAJECTORY_RUNNING,24.0,44,30,0,2.05,44,0,0.0,0.0,0.0,0.0,0.0,0.0
2026-07-30T11:05:39.666,1773.453,109,close,ACTUATOR_ACTIVE,TRAJECTORY_RUNNING,24.0,44,30,0,1.81,44,0,0.0,0.0,0.0,0.0,0.0,0.0
2026-07-30T11:05:40.164,1773.938,109,close,ACTUATOR_ACTIVE,TRAJECTORY_RUNNING,24.0,44,30,0,2.58,44,0,0.0,0.0,0.0,0.0,0.0,0.0
2026-07-30T11:05:40.674,1774.453,109,close,ACTUATOR_ACTIVE,TRAJECTORY_RUNNING,24.0,45,30,0,1.82,45,0,0.0,0.0,0.0,0.0,0.0,0.0
2026-07-30T11:05:41.171,1774.953,109,close,ACTUATOR_ACTIVE,TRAJECTORY_RUNNING,24.0,45,30,1,2.0,45,0,0.0,0.0,0.0,0.0,0.0,0.0
2026-07-30T11:05:41.672,1775.453,109,close,ACTUATOR_ACTIVE,TRAJECTORY_RUNNING,24.0,45,30,0,1.95,45,0,0.0,0.0,0.0,0.0,0.0,0.0
2026-07-30T11:05:42.173,1775.953,109,close,ACTUATOR_ACTIVE,TRAJECTORY_RUNNING,24.0,45,30,0,1.96,45,0,0.0,0.0,0.0,0.0,0.0,0.0
2026-07-30T11:05:42.781,1776.563,109,open,ACTUATOR_ACTIVE,TRAJECTORY_RUNNING,24.0,45,30,0,0.91,45,0,0.0,0.0,0.0,0.0,0.0,0.0
2026-07-30T11:05:43.278,1777.063,109,open,ACTUATOR_ACTIVE,TRAJECTORY_RUNNING,24.0,45,26,-10,-1.5,45,0,0.0,0.0,0.0,0.0,0.0,0.0
2026-07-30T11:05:43.777,1777.563,109,open,ACTUATOR_ACTIVE,TRAJECTORY_RUNNING,24.0,45,20,-13,-1.58,45,0,0.0,0.0,0.0,0.0,0.0,0.0
2026-07-30T11:05:44.275,1778.047,109,open,ACTUATOR_ACTIVE,TRAJECTORY_RUNNING,24.0,45,14,-10,-1.52,45,0,0.0,0.0,0.0,0.0,0.0,0.0
2026-07-30T11:05:44.790,1778.563,109,open,ACTUATOR_ACTIVE,TRAJECTORY_COMPLETE,24.0,46,9,1,0.6,46,0,0.0,0.0,0.0,0.0,0.0,0.0
2026-07-30T11:05:45.288,1779.063,109,open,ACTUATOR_ACTIVE,TRAJECTORY_COMPLETE,24.0,46,10,0,0.47,46,0,0.0,0.0,0.0,0.0,0.0,0.0
2026-07-30T11:05:45.784,1779.563,109,open,ACTUATOR_ACTIVE,TRAJECTORY_COMPLETE,24.0,46,10,0,0.31,46,0,0.0,0.0,0.0,0.0,0.0,0.0
2026-07-30T11:05:46.280,1780.063,109,open,ACTUATOR_ACTIVE,TRAJECTORY_COMPLETE,24.0,46,9,0,-0.11,46,0,0.0,0.0,0.0,0.0,0.0,0.0
2026-07-30T11:05:46.771,1780.547,109,open,ACTUATOR_ACTIVE,TRAJECTORY_COMPLETE,24.0,46,9,0,0.55,46,0,0.0,0.0,0.0,0.0,0.0,0.0
2026-07-30T11:05:47.281,1781.063,109,open,ACTUATOR_ACTIVE,TRAJECTORY_COMPLETE,24.0,46,9,0,-0.26,46,0,0.0,0.0,0.0,0.0,0.0,0.0
2026-07-30T11:05:47.776,1781.563,109,open,ACTUATOR_ACTIVE,TRAJECTORY_COMPLETE,24.0,46,9,0,0.19,46,0,0.0,0.0,0.0,0.0,0.0,0.0
2026-07-30T11:05:48.272,1782.047,109,open,ACTUATOR_ACTIVE,TRAJECTORY_COMPLETE,24.0,46,9,0,0.05,46,0,0.0,0.0,0.0,0.0,0.0,0.0
2026-07-30T11:05:48.783,1782.563,109,open,ACTUATOR_ACTIVE,TRAJECTORY_COMPLETE,24.0,46,9,0,-0.08,46,0,0.0,0.0,0.0,0.0,0.0,0.0
2026-07-30T11:05:49.275,1783.047,109,open,ACTUATOR_ACTIVE,TRAJECTORY_COMPLETE,24.0,46,9,0,-0.28,46,0,0.0,0.0,0.0,0.0,0.0,0.0
2026-07-30T11:05:49.789,1783.563,109,open,ACTUATOR_ACTIVE,TRAJECTORY_COMPLETE,24.0,46,9,0,-0.59,46,0,0.0,0.0,0.0,0.0,0.0,0.0
2026-07-30T11:05:50.285,1784.063,109,open,ACTUATOR_ACTIVE,TRAJECTORY_COMPLETE,24.0,46,9,1,0.25,46,0,0.0,0.0,0.0,0.0,0.0,0.0
2026-07-30T11:05:50.895,1784.672,110,close,ACTUATOR_ACTIVE,TRAJECTORY_RUNNING,24.0,46,10,7,0.84,46,0,0.0,0.0,0.0,0.0,0.0,0.0
2026-07-30T11:05:51.389,1785.172,110,close,ACTUATOR_ACTIVE,TRAJECTORY_RUNNING,24.0,46,12,5,1.53,46,0,0.0,0.0,0.0,0.0,0.0,0.0
2026-07-30T11:05:51.883,1785.656,110,close,ACTUATOR_ACTIVE,TRAJECTORY_RUNNING,24.0,46,14,6,1.56,46,0,0.0,0.0,0.0,0.0,0.0,0.0
2026-07-30T11:05:52.396,1786.172,110,close,ACTUATOR_ACTIVE,TRAJECTORY_RUNNING,24.0,40,16,7,1.01,40,0,0.0,0.0,0.0,0.0,0.0,0.0
2026-07-30T11:05:52.894,1786.672,110,close,ACTUATOR_ACTIVE,TRAJECTORY_RUNNING,24.0,40,20,7,1.39,40,0,0.0,0.0,0.0,0.0,0.0,0.0
2026-07-30T11:05:53.395,1787.172,110,close,ACTUATOR_ACTIVE,TRAJECTORY_RUNNING,24.0,40,24,9,1.64,40,0,0.0,0.0,0.0,0.0,0.0,0.0
2026-07-30T11:05:53.892,1787.672,110,close,ACTUATOR_ACTIVE,TRAJECTORY_RUNNING,24.0,40,28,9,1.65,40,0,0.0,0.0,0.0,0.0,0.0,0.0
2026-07-30T11:05:54.392,1788.172,110,close,ACTUATOR_ACTIVE,TRAJECTORY_RUNNING,24.0,40,30,-1,3.89,40,0,0.0,0.0,0.0,0.0,0.0,0.0
2026-07-30T11:05:54.889,1788.672,110,close,ACTUATOR_ACTIVE,TRAJECTORY_RUNNING,24.0,40,30,0,2.0,40,0,0.0,0.0,0.0,0.0,0.0,0.0
2026-07-30T11:05:55.387,1789.172,110,close,ACTUATOR_ACTIVE,TRAJECTORY_RUNNING,24.0,40,30,0,1.78,40,0,0.0,0.0,0.0,0.0,0.0,0.0
2026-07-30T11:05:55.884,1789.656,110,close,ACTUATOR_ACTIVE,TRAJECTORY_RUNNING,24.0,40,30,0,2.12,40,0,0.0,0.0,0.0,0.0,0.0,0.0
2026-07-30T11:05:56.396,1790.172,110,close,ACTUATOR_ACTIVE,TRAJECTORY_RUNNING,24.0,46,30,0,1.75,46,0,0.0,0.0,0.0,0.0,0.0,0.0
2026-07-30T11:05:56.889,1790.672,110,close,ACTUATOR_ACTIVE,TRAJECTORY_RUNNING,24.0,46,30,0,1.78,46,0,0.0,0.0,0.0,0.0,0.0,0.0
2026-07-30T11:05:57.387,1791.172,110,close,ACTUATOR_ACTIVE,TRAJECTORY_RUNNING,24.0,46,30,0,2.24,46,0,0.0,0.0,0.0,0.0,0.0,0.0
2026-07-30T11:05:57.882,1791.656,110,close,ACTUATOR_ACTIVE,TRAJECTORY_RUNNING,24.0,46,30,0,1.95,46,0,0.0,0.0,0.0,0.0,0.0,0.0
2026-07-30T11:05:58.389,1792.172,110,close,ACTUATOR_ACTIVE,TRAJECTORY_RUNNING,24.0,46,30,0,1.79,46,0,0.0,0.0,0.0,0.0,0.0,0.0
2026-07-30T11:05:58.997,1792.781,110,open,ACTUATOR_ACTIVE,TRAJECTORY_RUNNING,24.0,46,30,0,0.59,46,0,0.0,0.0,0.0,0.0,0.0,0.0
2026-07-30T11:05:59.494,1793.281,110,open,ACTUATOR_ACTIVE,TRAJECTORY_RUNNING,24.0,46,26,-11,-1.37,46,0,0.0,0.0,0.0,0.0,0.0,0.0
2026-07-30T11:05:59.992,1793.766,110,open,ACTUATOR_ACTIVE,TRAJECTORY_RUNNING,24.0,46,20,-11,-0.03,46,0,0.0,0.0,0.0,0.0,0.0,0.0
2026-07-30T11:06:00.502,1794.281,110,open,ACTUATOR_ACTIVE,TRAJECTORY_RUNNING,24.0,36,14,-11,-2.86,36,0,0.0,0.0,0.0,0.0,0.0,0.0
2026-07-30T11:06:01.000,1794.781,110,open,ACTUATOR_ACTIVE,TRAJECTORY_COMPLETE,24.0,36,9,0,1.1,36,0,0.0,0.0,0.0,0.0,0.0,0.0
2026-07-30T11:06:01.495,1795.281,110,open,ACTUATOR_ACTIVE,TRAJECTORY_COMPLETE,24.0,36,9,0,0.28,36,0,0.0,0.0,0.0,0.0,0.0,0.0
2026-07-30T11:06:01.990,1795.766,110,open,ACTUATOR_ACTIVE,TRAJECTORY_COMPLETE,24.0,36,9,0,0.7,36,0,0.0,0.0,0.0,0.0,0.0,0.0
2026-07-30T11:06:02.498,1796.281,110,open,ACTUATOR_ACTIVE,TRAJECTORY_COMPLETE,24.0,36,9,0,0.19,36,0,0.0,0.0,0.0,0.0,0.0,0.0
2026-07-30T11:06:02.997,1796.781,110,open,ACTUATOR_ACTIVE,TRAJECTORY_COMPLETE,24.0,36,10,0,-0.14,36,0,0.0,0.0,0.0,0.0,0.0,0.0
2026-07-30T11:06:03.496,1797.281,110,open,ACTUATOR_ACTIVE,TRAJECTORY_COMPLETE,24.0,36,10,0,-0.12,36,0,0.0,0.0,0.0,0.0,0.0,0.0
2026-07-30T11:06:03.991,1797.766,110,open,ACTUATOR_ACTIVE,TRAJECTORY_COMPLETE,24.0,36,10,1,0.44,36,0,0.0,0.0,0.0,0.0,0.0,0.0
2026-07-30T11:06:04.505,1798.281,110,open,ACTUATOR_ACTIVE,TRAJECTORY_COMPLETE,24.0,43,10,0,-0.08,43,0,0.0,0.0,0.0,0.0,0.0,0.0
2026-07-30T11:06:05.004,1798.781,110,open,ACTUATOR_ACTIVE,TRAJECTORY_COMPLETE,24.0,43,10,0,-0.03,43,0,0.0,0.0,0.0,0.0,0.0,0.0
2026-07-30T11:06:05.507,1799.281,110,open,ACTUATOR_ACTIVE,TRAJECTORY_COMPLETE,24.0,43,10,0,0.1,43,0,0.0,0.0,0.0,0.0,0.0,0.0
2026-07-30T11:06:06.004,1799.781,110,open,ACTUATOR_ACTIVE,TRAJECTORY_COMPLETE,24.0,43,10,0,-0.04,43,0,0.0,0.0,0.0,0.0,0.0,0.0
2026-07-30T11:06:06.505,1800.281,110,open,ACTUATOR_ACTIVE,TRAJECTORY_COMPLETE,24.0,43,10,0,0.12,43,0,0.0,0.0,0.0,0.0,0.0,0.0
2026-07-30T11:06:07.110,1800.891,111,close,ACTUATOR_ACTIVE,TRAJECTORY_RUNNING,24.0,43,10,7,1.98,43,0,0.0,0.0,0.0,0.0,0.0,0.0
2026-07-30T11:06:07.611,1801.391,111,close,ACTUATOR_ACTIVE,TRAJECTORY_RUNNING,24.0,43,14,9,3.0,43,0,0.0,0.0,0.0,0.0,0.0,0.0
2026-07-30T11:06:08.105,1801.891,111,close,ACTUATOR_ACTIVE,TRAJECTORY_RUNNING,24.0,43,19,7,1.79,43,0,0.0,0.0,0.0,0.0,0.0,0.0
2026-07-30T11:06:08.598,1802.375,111,close,ACTUATOR_ACTIVE,TRAJECTORY_RUNNING,24.0,44,23,9,1.59,44,0,0.0,0.0,0.0,0.0,0.0,0.0
2026-07-30T11:06:09.113,1802.891,111,close,ACTUATOR_ACTIVE,TRAJECTORY_RUNNING,24.0,44,28,10,1.46,44,0,0.0,0.0,0.0,0.0,0.0,0.0
2026-07-30T11:06:09.609,1803.391,111,close,ACTUATOR_ACTIVE,TRAJECTORY_RUNNING,24.0,44,31,1,24.66,44,0,0.0,0.0,0.0,0.0,0.0,0.0
2026-07-30T11:06:10.103,1803.891,111,close,ACTUATOR_ACTIVE,TRAJECTORY_RUNNING,24.0,44,31,0,29.93,44,0,0.0,0.0,0.0,0.0,0.0,0.0
2026-07-30T11:06:10.603,1804.391,111,close,ACTUATOR_ACTIVE,TRAJECTORY_RUNNING,24.0,44,31,0,30.14,44,0,0.0,0.0,0.0,0.0,0.0,0.0
2026-07-30T11:06:11.102,1804.875,111,close,ACTUATOR_ACTIVE,TRAJECTORY_RUNNING,24.0,44,31,0,30.61,44,0,0.0,0.0,0.0,0.0,0.0,0.0
2026-07-30T11:06:11.614,1805.391,111,close,ACTUATOR_ACTIVE,TRAJECTORY_RUNNING,24.0,44,31,0,29.44,44,0,0.0,0.0,0.0,0.0,0.0,0.0
2026-07-30T11:06:12.113,1805.891,111,close,ACTUATOR_ACTIVE,TRAJECTORY_RUNNING,24.0,44,31,0,32.13,44,0,0.0,0.0,0.0,0.0,0.0,0.0
2026-07-30T11:06:12.614,1806.391,111,close,ACTUATOR_ACTIVE,TRAJECTORY_RUNNING,24.0,41,31,0,28.06,41,0,0.0,0.0,0.0,0.0,0.0,0.0
2026-07-30T11:06:13.110,1806.891,111,close,ACTUATOR_ACTIVE,TRAJECTORY_RUNNING,24.0,41,31,0,31.69,41,0,0.0,0.0,0.0,0.0,0.0,0.0
2026-07-30T11:06:13.610,1807.391,111,close,ACTUATOR_ACTIVE,TRAJECTORY_RUNNING,24.0,41,31,0,30.72,41,0,0.0,0.0,0.0,0.0,0.0,0.0
2026-07-30T11:06:14.110,1807.891,111,close,ACTUATOR_ACTIVE,TRAJECTORY_RUNNING,24.0,41,31,0,27.35,41,0,0.0,0.0,0.0,0.0,0.0,0.0
2026-07-30T11:06:14.611,1808.391,111,close,ACTUATOR_ACTIVE,TRAJECTORY_RUNNING,24.0,41,31,0,28.27,41,0,0.0,0.0,0.0,0.0,0.0,0.0
2026-07-30T11:06:15.222,1809.0,111,open,ACTUATOR_ACTIVE,TRAJECTORY_RUNNING,24.0,41,31,0,4.04,41,0,0.0,0.0,0.0,0.0,0.0,0.0
2026-07-30T11:06:15.719,1809.5,111,open,ACTUATOR_ACTIVE,TRAJECTORY_RUNNING,24.0,41,27,-11,-2.27,41,0,0.0,0.0,0.0,0.0,0.0,0.0
2026-07-30T11:06:16.218,1810.0,111,open,ACTUATOR_ACTIVE,TRAJECTORY_RUNNING,24.0,41,21,-11,-1.97,41,0,0.0,0.0,0.0,0.0,0.0,0.0
2026-07-30T11:06:16.718,1810.5,111,open,ACTUATOR_ACTIVE,TRAJECTORY_RUNNING,24.0,45,16,-10,-3.25,45,0,0.0,0.0,0.0,0.0,0.0,0.0
2026-07-30T11:06:17.216,1811.0,111,open,ACTUATOR_ACTIVE,TRAJECTORY_RUNNING,24.0,45,10,-10,-3.3,45,0,0.0,0.0,0.0,0.0,0.0,0.0
2026-07-30T11:06:17.714,1811.5,111,open,ACTUATOR_ACTIVE,TRAJECTORY_COMPLETE,24.0,45,10,0,-0.21,45,0,0.0,0.0,0.0,0.0,0.0,0.0
2026-07-30T11:06:18.211,1811.985,111,open,ACTUATOR_ACTIVE,TRAJECTORY_COMPLETE,24.0,45,9,0,0.01,45,0,0.0,0.0,0.0,0.0,0.0,0.0
2026-07-30T11:06:18.727,1812.5,111,open,ACTUATOR_ACTIVE,TRAJECTORY_COMPLETE,24.0,45,9,0,0.19,45,0,0.0,0.0,0.0,0.0,0.0,0.0
2026-07-30T11:06:19.226,1813.0,111,open,ACTUATOR_ACTIVE,TRAJECTORY_COMPLETE,24.0,45,10,0,0.4,45,0,0.0,0.0,0.0,0.0,0.0,0.0
2026-07-30T11:06:19.726,1813.5,111,open,ACTUATOR_ACTIVE,TRAJECTORY_COMPLETE,24.0,45,10,0,-0.14,45,0,0.0,0.0,0.0,0.0,0.0,0.0
2026-07-30T11:06:20.223,1814.0,111,open,ACTUATOR_ACTIVE,TRAJECTORY_COMPLETE,24.0,45,10,0,0.34,45,0,0.0,0.0,0.0,0.0,0.0,0.0
2026-07-30T11:06:20.722,1814.5,111,open,ACTUATOR_ACTIVE,TRAJECTORY_COMPLETE,24.0,40,10,0,-0.02,40,0,0.0,0.0,0.0,0.0,0.0,0.0
2026-07-30T11:06:21.215,1815.0,111,open,ACTUATOR_ACTIVE,TRAJECTORY_COMPLETE,24.0,40,10,-1,0.19,40,0,0.0,0.0,0.0,0.0,0.0,0.0
2026-07-30T11:06:21.711,1815.485,111,open,ACTUATOR_ACTIVE,TRAJECTORY_COMPLETE,24.0,40,10,0,0.01,40,0,0.0,0.0,0.0,0.0,0.0,0.0
2026-07-30T11:06:22.216,1816.0,111,open,ACTUATOR_ACTIVE,TRAJECTORY_COMPLETE,24.0,40,10,0,-0.22,40,0,0.0,0.0,0.0,0.0,0.0,0.0
2026-07-30T11:06:22.713,1816.5,111,open,ACTUATOR_ACTIVE,TRAJECTORY_COMPLETE,24.0,40,10,0,-0.01,40,0,0.0,0.0,0.0,0.0,0.0,0.0
2026-07-30T11:06:23.319,1817.094,112,close,ACTUATOR_ACTIVE,TRAJECTORY_RUNNING,24.0,40,10,6,2.11,40,0,0.0,0.0,0.0,0.0,0.0,0.0
2026-07-30T11:06:23.827,1817.61,112,close,ACTUATOR_ACTIVE,TRAJECTORY_RUNNING,24.0,40,14,9,1.58,40,0,0.0,0.0,0.0,0.0,0.0,0.0
2026-07-30T11:06:24.325,1818.11,112,close,ACTUATOR_ACTIVE,TRAJECTORY_RUNNING,24.0,40,19,10,2.33,40,0,0.0,0.0,0.0,0.0,0.0,0.0
2026-07-30T11:06:24.821,1818.594,112,close,ACTUATOR_ACTIVE,TRAJECTORY_RUNNING,24.0,45,23,9,1.02,45,0,0.0,0.0,0.0,0.0,0.0,0.0
2026-07-30T11:06:25.330,1819.11,112,close,ACTUATOR_ACTIVE,TRAJECTORY_RUNNING,24.0,45,28,8,1.51,45,0,0.0,0.0,0.0,0.0,0.0,0.0
2026-07-30T11:06:25.823,1819.61,112,close,ACTUATOR_ACTIVE,TRAJECTORY_RUNNING,24.0,45,31,3,23.13,45,0,0.0,0.0,0.0,0.0,0.0,0.0
2026-07-30T11:06:26.319,1820.094,112,close,ACTUATOR_ACTIVE,TRAJECTORY_RUNNING,24.0,45,31,0,29.1,45,0,0.0,0.0,0.0,0.0,0.0,0.0
2026-07-30T11:06:26.833,1820.61,112,close,ACTUATOR_ACTIVE,TRAJECTORY_RUNNING,24.0,45,31,0,29.69,45,0,0.0,0.0,0.0,0.0,0.0,0.0
2026-07-30T11:06:27.332,1821.11,112,close,ACTUATOR_ACTIVE,TRAJECTORY_RUNNING,24.0,45,31,0,28.06,45,0,0.0,0.0,0.0,0.0,0.0,0.0
2026-07-30T11:06:27.829,1821.61,112,close,ACTUATOR_ACTIVE,TRAJECTORY_RUNNING,24.0,45,31,0,32.37,45,0,0.0,0.0,0.0,0.0,0.0,0.0
2026-07-30T11:06:28.324,1822.11,112,close,ACTUATOR_ACTIVE,TRAJECTORY_RUNNING,24.0,45,31,0,27.2,45,0,0.0,0.0,0.0,0.0,0.0,0.0
2026-07-30T11:06:28.815,1822.594,112,close,ACTUATOR_ACTIVE,TRAJECTORY_RUNNING,24.0,45,31,0,30.59,45,0,0.0,0.0,0.0,0.0,0.0,0.0
2026-07-30T11:06:29.321,1823.094,112,close,ACTUATOR_ACTIVE,TRAJECTORY_RUNNING,24.0,45,31,0,30.07,45,0,0.0,0.0,0.0,0.0,0.0,0.0
2026-07-30T11:06:29.832,1823.61,112,close,ACTUATOR_ACTIVE,TRAJECTORY_RUNNING,24.0,45,31,0,30.31,45,0,0.0,0.0,0.0,0.0,0.0,0.0
2026-07-30T11:06:30.328,1824.11,112,close,ACTUATOR_ACTIVE,TRAJECTORY_RUNNING,24.0,45,31,0,29.34,45,0,0.0,0.0,0.0,0.0,0.0,0.0
2026-07-30T11:06:30.821,1824.594,112,close,ACTUATOR_ACTIVE,TRAJECTORY_RUNNING,24.0,45,31,0,29.41,45,0,0.0,0.0,0.0,0.0,0.0,0.0
2026-07-30T11:06:31.446,1825.219,112,open,ACTUATOR_ACTIVE,TRAJECTORY_RUNNING,24.0,45,31,-2,3.5,45,0,0.0,0.0,0.0,0.0,0.0,0.0
2026-07-30T11:06:31.961,1825.735,112,open,ACTUATOR_ACTIVE,TRAJECTORY_RUNNING,24.0,45,27,-13,-1.91,45,0,0.0,0.0,0.0,0.0,0.0,0.0
2026-07-30T11:06:32.457,1826.235,112,open,ACTUATOR_ACTIVE,TRAJECTORY_RUNNING,24.0,45,21,-11,-1.5,45,0,0.0,0.0,0.0,0.0,0.0,0.0
2026-07-30T11:06:32.954,1826.735,112,open,ACTUATOR_ACTIVE,TRAJECTORY_RUNNING,24.0,45,15,-10,-1.6,45,0,0.0,0.0,0.0,0.0,0.0,0.0
2026-07-30T11:06:33.445,1827.219,112,open,ACTUATOR_ACTIVE,TRAJECTORY_RUNNING,24.0,45,10,-12,-2.76,45,0,0.0,0.0,0.0,0.0,0.0,0.0
2026-07-30T11:06:33.954,1827.735,112,open,ACTUATOR_ACTIVE,TRAJECTORY_COMPLETE,24.0,45,9,0,0.21,45,0,0.0,0.0,0.0,0.0,0.0,0.0
2026-07-30T11:06:34.449,1828.235,112,open,ACTUATOR_ACTIVE,TRAJECTORY_COMPLETE,24.0,45,9,0,-0.25,45,0,0.0,0.0,0.0,0.0,0.0,0.0
2026-07-30T11:06:34.939,1828.719,112,open,ACTUATOR_ACTIVE,TRAJECTORY_COMPLETE,24.0,45,10,0,-0.16,45,0,0.0,0.0,0.0,0.0,0.0,0.0
2026-07-30T11:06:35.447,1829.235,112,open,ACTUATOR_ACTIVE,TRAJECTORY_COMPLETE,24.0,45,10,0,0.11,45,0,0.0,0.0,0.0,0.0,0.0,0.0
2026-07-30T11:06:35.942,1829.719,112,open,ACTUATOR_ACTIVE,TRAJECTORY_COMPLETE,24.0,45,10,0,0.14,45,0,0.0,0.0,0.0,0.0,0.0,0.0
2026-07-30T11:06:36.456,1830.235,112,open,ACTUATOR_ACTIVE,TRAJECTORY_COMPLETE,24.0,45,10,-1,0.1,45,0,0.0,0.0,0.0,0.0,0.0,0.0
2026-07-30T11:06:36.951,1830.735,112,open,ACTUATOR_ACTIVE,TRAJECTORY_COMPLETE,24.0,45,9,0,0.25,45,0,0.0,0.0,0.0,0.0,0.0,0.0
2026-07-30T11:06:37.448,1831.235,112,open,ACTUATOR_ACTIVE,TRAJECTORY_COMPLETE,24.0,45,9,1,0.97,45,0,0.0,0.0,0.0,0.0,0.0,0.0
2026-07-30T11:06:37.946,1831.719,112,open,ACTUATOR_ACTIVE,TRAJECTORY_COMPLETE,24.0,45,10,-1,0.22,45,0,0.0,0.0,0.0,0.0,0.0,0.0
2026-07-30T11:06:38.458,1832.235,112,open,ACTUATOR_ACTIVE,TRAJECTORY_COMPLETE,24.0,45,9,0,0.73,45,0,0.0,0.0,0.0,0.0,0.0,0.0
2026-07-30T11:06:38.954,1832.735,112,open,ACTUATOR_ACTIVE,TRAJECTORY_COMPLETE,24.0,45,9,0,0.38,45,0,0.0,0.0,0.0,0.0,0.0,0.0
2026-07-30T11:06:39.558,1833.344,113,close,ACTUATOR_ACTIVE,TRAJECTORY_RUNNING,24.0,45,10,5,1.71,45,0,0.0,0.0,0.0,0.0,0.0,0.0
2026-07-30T11:06:40.056,1833.828,113,close,ACTUATOR_ACTIVE,TRAJECTORY_RUNNING,24.0,45,12,4,1.24,45,0,0.0,0.0,0.0,0.0,0.0,0.0
2026-07-30T11:06:40.571,1834.344,113,close,ACTUATOR_ACTIVE,TRAJECTORY_RUNNING,24.0,47,15,7,1.03,47,0,0.0,0.0,0.0,0.0,0.0,0.0
2026-07-30T11:06:41.071,1834.844,113,close,ACTUATOR_ACTIVE,TRAJECTORY_RUNNING,24.0,47,18,8,1.39,47,0,0.0,0.0,0.0,0.0,0.0,0.0
2026-07-30T11:06:41.570,1835.344,113,close,ACTUATOR_ACTIVE,TRAJECTORY_RUNNING,24.0,47,22,8,1.66,47,0,0.0,0.0,0.0,0.0,0.0,0.0
2026-07-30T11:06:42.063,1835.844,113,close,ACTUATOR_ACTIVE,TRAJECTORY_RUNNING,24.0,47,26,8,0.65,47,0,0.0,0.0,0.0,0.0,0.0,0.0
2026-07-30T11:06:42.564,1836.344,113,close,ACTUATOR_ACTIVE,TRAJECTORY_RUNNING,24.0,47,30,2,7.58,47,0,0.0,0.0,0.0,0.0,0.0,0.0
2026-07-30T11:06:43.056,1836.828,113,close,ACTUATOR_ACTIVE,TRAJECTORY_RUNNING,24.0,47,30,0,2.53,47,0,0.0,0.0,0.0,0.0,0.0,0.0
2026-07-30T11:06:43.569,1837.344,113,close,ACTUATOR_ACTIVE,TRAJECTORY_RUNNING,24.0,47,30,0,2.71,47,0,0.0,0.0,0.0,0.0,0.0,0.0
2026-07-30T11:06:44.070,1837.844,113,close,ACTUATOR_ACTIVE,TRAJECTORY_RUNNING,24.0,47,30,0,1.59,47,0,0.0,0.0,0.0,0.0,0.0,0.0
2026-07-30T11:06:44.566,1838.344,113,close,ACTUATOR_ACTIVE,TRAJECTORY_RUNNING,24.0,44,30,0,1.86,44,0,0.0,0.0,0.0,0.0,0.0,0.0
2026-07-30T11:06:45.064,1838.844,113,close,ACTUATOR_ACTIVE,TRAJECTORY_RUNNING,24.0,44,30,0,1.66,44,0,0.0,0.0,0.0,0.0,0.0,0.0
2026-07-30T11:06:45.561,1839.344,113,close,ACTUATOR_ACTIVE,TRAJECTORY_RUNNING,24.0,44,30,0,1.37,44,0,0.0,0.0,0.0,0.0,0.0,0.0
2026-07-30T11:06:46.056,1839.828,113,close,ACTUATOR_ACTIVE,TRAJECTORY_RUNNING,24.0,44,30,0,1.58,44,0,0.0,0.0,0.0,0.0,0.0,0.0
2026-07-30T11:06:46.566,1840.344,113,close,ACTUATOR_ACTIVE,TRAJECTORY_RUNNING,24.0,44,30,0,1.59,44,0,0.0,0.0,0.0,0.0,0.0,0.0
2026-07-30T11:06:47.058,1840.844,113,close,ACTUATOR_ACTIVE,TRAJECTORY_RUNNING,24.0,44,30,0,1.78,44,0,0.0,0.0,0.0,0.0,0.0,0.0
2026-07-30T11:06:47.660,1841.438,113,open,ACTUATOR_ACTIVE,TRAJECTORY_RUNNING,24.0,44,30,0,1.06,44,0,0.0,0.0,0.0,0.0,0.0,0.0
2026-07-30T11:06:48.172,1841.953,113,open,ACTUATOR_ACTIVE,TRAJECTORY_RUNNING,24.0,44,30,0,-1.04,44,0,0.0,0.0,0.0,0.0,0.0,0.0
2026-07-30T11:06:48.666,1842.453,113,open,ACTUATOR_ACTIVE,TRAJECTORY_RUNNING,24.0,47,29,-1,-0.96,47,0,0.0,0.0,0.0,0.0,0.0,0.0
2026-07-30T11:06:49.162,1842.938,113,open,ACTUATOR_ACTIVE,TRAJECTORY_RUNNING,24.0,47,28,-3,-0.64,47,0,0.0,0.0,0.0,0.0,0.0,0.0
2026-07-30T11:06:49.675,1843.453,113,open,ACTUATOR_ACTIVE,TRAJECTORY_RUNNING,24.0,47,26,-3,-1.06,47,0,0.0,0.0,0.0,0.0,0.0,0.0
2026-07-30T11:06:50.167,1843.953,113,open,ACTUATOR_ACTIVE,TRAJECTORY_RUNNING,24.0,47,23,-6,-1.51,47,0,0.0,0.0,0.0,0.0,0.0,0.0
2026-07-30T11:06:50.664,1844.438,113,open,ACTUATOR_ACTIVE,TRAJECTORY_RUNNING,24.0,47,20,-8,-1.92,47,0,0.0,0.0,0.0,0.0,0.0,0.0
2026-07-30T11:06:51.177,1844.953,113,open,ACTUATOR_ACTIVE,TRAJECTORY_RUNNING,24.0,47,15,-8,-1.3,47,0,0.0,0.0,0.0,0.0,0.0,0.0
2026-07-30T11:06:51.672,1845.453,113,open,ACTUATOR_ACTIVE,TRAJECTORY_RUNNING,24.0,47,11,-9,-2.61,47,0,0.0,0.0,0.0,0.0,0.0,0.0
2026-07-30T11:06:52.173,1845.953,113,open,ACTUATOR_ACTIVE,TRAJECTORY_RUNNING,24.0,47,9,0,-1.9,47,0,0.0,0.0,0.0,0.0,0.0,0.0
2026-07-30T11:06:52.674,1846.453,113,open,ACTUATOR_ACTIVE,TRAJECTORY_RUNNING,24.0,46,9,0,0.18,46,0,0.0,0.0,0.0,0.0,0.0,0.0
2026-07-30T11:06:53.168,1846.953,113,open,ACTUATOR_ACTIVE,TRAJECTORY_RUNNING,24.0,46,9,0,1.34,46,0,0.0,0.0,0.0,0.0,0.0,0.0
2026-07-30T11:06:53.663,1847.438,113,open,ACTUATOR_ACTIVE,TRAJECTORY_RUNNING,24.0,46,9,0,1.22,46,0,0.0,0.0,0.0,0.0,0.0,0.0
2026-07-30T11:06:54.177,1847.953,113,open,ACTUATOR_ACTIVE,TRAJECTORY_RUNNING,24.0,46,9,0,1.1,46,0,0.0,0.0,0.0,0.0,0.0,0.0
2026-07-30T11:06:54.678,1848.453,113,open,ACTUATOR_ACTIVE,TRAJECTORY_COMPLETE,24.0,46,10,0,1.26,46,0,0.0,0.0,0.0,0.0,0.0,0.0
2026-07-30T11:06:55.178,1848.953,113,open,ACTUATOR_ACTIVE,TRAJECTORY_COMPLETE,24.0,46,10,0,-0.37,46,0,0.0,0.0,0.0,0.0,0.0,0.0
2026-07-30T11:06:55.786,1849.563,114,close,ACTUATOR_ACTIVE,TRAJECTORY_RUNNING,24.0,46,10,7,1.23,46,0,0.0,0.0,0.0,0.0,0.0,0.0
2026-07-30T11:06:56.286,1850.063,114,close,ACTUATOR_ACTIVE,TRAJECTORY_RUNNING,24.0,46,14,9,2.73,46,0,0.0,0.0,0.0,0.0,0.0,0.0
2026-07-30T11:06:56.780,1850.563,114,close,ACTUATOR_ACTIVE,TRAJECTORY_RUNNING,24.0,46,18,9,1.0,46,0,0.0,0.0,0.0,0.0,0.0,0.0
2026-07-30T11:06:57.276,1851.063,114,close,ACTUATOR_ACTIVE,TRAJECTORY_RUNNING,24.0,46,23,9,2.5,46,0,0.0,0.0,0.0,0.0,0.0,0.0
2026-07-30T11:06:57.776,1851.563,114,close,ACTUATOR_ACTIVE,TRAJECTORY_RUNNING,24.0,46,27,7,2.36,46,0,0.0,0.0,0.0,0.0,0.0,0.0
2026-07-30T11:06:58.269,1852.047,114,close,ACTUATOR_ACTIVE,TRAJECTORY_RUNNING,24.0,46,31,1,24.92,46,0,0.0,0.0,0.0,0.0,0.0,0.0
2026-07-30T11:06:58.780,1852.563,114,close,ACTUATOR_ACTIVE,TRAJECTORY_RUNNING,24.0,46,31,0,27.7,46,0,0.0,0.0,0.0,0.0,0.0,0.0
2026-07-30T11:06:59.281,1853.063,114,close,ACTUATOR_ACTIVE,TRAJECTORY_RUNNING,24.0,46,31,0,30.31,46,0,0.0,0.0,0.0,0.0,0.0,0.0
2026-07-30T11:06:59.779,1853.563,114,close,ACTUATOR_ACTIVE,TRAJECTORY_RUNNING,24.0,46,31,0,30.82,46,0,0.0,0.0,0.0,0.0,0.0,0.0
2026-07-30T11:07:00.277,1854.063,114,close,ACTUATOR_ACTIVE,TRAJECTORY_RUNNING,24.0,46,31,0,31.2,46,0,0.0,0.0,0.0,0.0,0.0,0.0
2026-07-30T11:07:00.769,1854.547,114,close,ACTUATOR_ACTIVE,TRAJECTORY_RUNNING,24.0,46,31,0,29.21,46,0,0.0,0.0,0.0,0.0,0.0,0.0
2026-07-30T11:07:01.284,1855.063,114,close,ACTUATOR_ACTIVE,TRAJECTORY_RUNNING,24.0,46,31,0,29.29,46,0,0.0,0.0,0.0,0.0,0.0,0.0
2026-07-30T11:07:01.780,1855.563,114,close,ACTUATOR_ACTIVE,TRAJECTORY_RUNNING,24.0,46,31,0,29.66,46,0,0.0,0.0,0.0,0.0,0.0,0.0
2026-07-30T11:07:02.276,1856.063,114,close,ACTUATOR_ACTIVE,TRAJECTORY_RUNNING,24.0,46,31,0,30.59,46,0,0.0,0.0,0.0,0.0,0.0,0.0
2026-07-30T11:07:02.772,1856.547,114,close,ACTUATOR_ACTIVE,TRAJECTORY_RUNNING,24.0,46,31,0,27.12,46,0,0.0,0.0,0.0,0.0,0.0,0.0
2026-07-30T11:07:03.285,1857.063,114,close,ACTUATOR_ACTIVE,TRAJECTORY_RUNNING,24.0,46,31,0,29.44,46,0,0.0,0.0,0.0,0.0,0.0,0.0
2026-07-30T11:07:03.894,1857.672,114,open,ACTUATOR_ACTIVE,TRAJECTORY_RUNNING,24.0,46,31,0,5.03,46,0,0.0,0.0,0.0,0.0,0.0,0.0
2026-07-30T11:07:04.393,1858.172,114,open,ACTUATOR_ACTIVE,TRAJECTORY_RUNNING,24.0,43,27,-12,-1.72,43,0,0.0,0.0,0.0,0.0,0.0,0.0
2026-07-30T11:07:04.890,1858.672,114,open,ACTUATOR_ACTIVE,TRAJECTORY_RUNNING,24.0,43,21,-11,-2.17,43,0,0.0,0.0,0.0,0.0,0.0,0.0
2026-07-30T11:07:05.388,1859.172,114,open,ACTUATOR_ACTIVE,TRAJECTORY_RUNNING,24.0,43,16,-11,-2.83,43,0,0.0,0.0,0.0,0.0,0.0,0.0
2026-07-30T11:07:05.885,1859.672,114,open,ACTUATOR_ACTIVE,TRAJECTORY_RUNNING,24.0,43,10,-11,-2.69,43,0,0.0,0.0,0.0,0.0,0.0,0.0
2026-07-30T11:07:06.384,1860.156,114,open,ACTUATOR_ACTIVE,TRAJECTORY_COMPLETE,24.0,43,9,0,0.07,43,0,0.0,0.0,0.0,0.0,0.0,0.0
2026-07-30T11:07:06.898,1860.672,114,open,ACTUATOR_ACTIVE,TRAJECTORY_COMPLETE,24.0,43,9,-1,0.05,43,0,0.0,0.0,0.0,0.0,0.0,0.0
2026-07-30T11:07:07.395,1861.172,114,open,ACTUATOR_ACTIVE,TRAJECTORY_COMPLETE,24.0,43,9,-1,0.12,43,0,0.0,0.0,0.0,0.0,0.0,0.0
2026-07-30T11:07:07.892,1861.672,114,open,ACTUATOR_ACTIVE,TRAJECTORY_COMPLETE,24.0,43,10,0,-0.1,43,0,0.0,0.0,0.0,0.0,0.0,0.0
2026-07-30T11:07:08.389,1862.172,114,open,ACTUATOR_ACTIVE,TRAJECTORY_COMPLETE,24.0,43,10,0,0.19,43,0,0.0,0.0,0.0,0.0,0.0,0.0
2026-07-30T11:07:08.889,1862.672,114,open,ACTUATOR_ACTIVE,TRAJECTORY_COMPLETE,24.0,43,10,0,0.28,43,0,0.0,0.0,0.0,0.0,0.0,0.0
2026-07-30T11:07:09.386,1863.172,114,open,ACTUATOR_ACTIVE,TRAJECTORY_COMPLETE,24.0,43,10,0,-0.08,43,0,0.0,0.0,0.0,0.0,0.0,0.0
2026-07-30T11:07:09.887,1863.672,114,open,ACTUATOR_ACTIVE,TRAJECTORY_COMPLETE,24.0,43,10,0,-0.33,43,0,0.0,0.0,0.0,0.0,0.0,0.0
2026-07-30T11:07:10.386,1864.172,114,open,ACTUATOR_ACTIVE,TRAJECTORY_COMPLETE,24.0,43,10,0,-1.32,43,0,0.0,0.0,0.0,0.0,0.0,0.0
2026-07-30T11:07:10.883,1864.656,114,open,ACTUATOR_ACTIVE,TRAJECTORY_COMPLETE,24.0,43,10,0,0.04,43,0,0.0,0.0,0.0,0.0,0.0,0.0
2026-07-30T11:07:11.399,1865.172,114,open,ACTUATOR_ACTIVE,TRAJECTORY_COMPLETE,24.0,43,10,0,-0.43,43,0,0.0,0.0,0.0,0.0,0.0,0.0
2026-07-30T11:07:12.006,1865.781,115,close,ACTUATOR_ACTIVE,TRAJECTORY_RUNNING,24.0,43,10,7,2.54,43,0,0.0,0.0,0.0,0.0,0.0,0.0
2026-07-30T11:07:12.519,1866.297,115,close,ACTUATOR_ACTIVE,TRAJECTORY_RUNNING,24.0,48,14,9,2.71,48,0,0.0,0.0,0.0,0.0,0.0,0.0
2026-07-30T11:07:13.019,1866.797,115,close,ACTUATOR_ACTIVE,TRAJECTORY_RUNNING,24.0,48,19,9,2.58,48,0,0.0,0.0,0.0,0.0,0.0,0.0
2026-07-30T11:07:13.519,1867.297,115,close,ACTUATOR_ACTIVE,TRAJECTORY_RUNNING,24.0,48,23,7,1.99,48,0,0.0,0.0,0.0,0.0,0.0,0.0
2026-07-30T11:07:14.014,1867.797,115,close,ACTUATOR_ACTIVE,TRAJECTORY_RUNNING,24.0,48,28,10,3.04,48,0,0.0,0.0,0.0,0.0,0.0,0.0
2026-07-30T11:07:14.512,1868.297,115,close,ACTUATOR_ACTIVE,TRAJECTORY_RUNNING,24.0,48,31,2,24.21,48,0,0.0,0.0,0.0,0.0,0.0,0.0
2026-07-30T11:07:15.011,1868.797,115,close,ACTUATOR_ACTIVE,TRAJECTORY_RUNNING,24.0,48,31,-1,31.28,48,0,0.0,0.0,0.0,0.0,0.0,0.0
2026-07-30T11:07:15.512,1869.297,115,close,ACTUATOR_ACTIVE,TRAJECTORY_RUNNING,24.0,48,31,0,29.86,48,0,0.0,0.0,0.0,0.0,0.0,0.0
2026-07-30T11:07:16.012,1869.797,115,close,ACTUATOR_ACTIVE,TRAJECTORY_RUNNING,24.0,48,31,0,30.23,48,0,0.0,0.0,0.0,0.0,0.0,0.0
2026-07-30T11:07:16.513,1870.297,115,close,ACTUATOR_ACTIVE,TRAJECTORY_RUNNING,24.0,47,31,0,32.23,47,0,0.0,0.0,0.0,0.0,0.0,0.0
2026-07-30T11:07:17.010,1870.797,115,close,ACTUATOR_ACTIVE,TRAJECTORY_RUNNING,24.0,47,31,0,27.74,47,0,0.0,0.0,0.0,0.0,0.0,0.0
2026-07-30T11:07:17.510,1871.297,115,close,ACTUATOR_ACTIVE,TRAJECTORY_RUNNING,24.0,47,31,0,30.43,47,0,0.0,0.0,0.0,0.0,0.0,0.0
2026-07-30T11:07:18.006,1871.781,115,close,ACTUATOR_ACTIVE,TRAJECTORY_RUNNING,24.0,47,31,0,30.42,47,0,0.0,0.0,0.0,0.0,0.0,0.0
2026-07-30T11:07:18.510,1872.297,115,close,ACTUATOR_ACTIVE,TRAJECTORY_RUNNING,24.0,47,31,0,30.26,47,0,0.0,0.0,0.0,0.0,0.0,0.0
2026-07-30T11:07:19.010,1872.797,115,close,ACTUATOR_ACTIVE,TRAJECTORY_RUNNING,24.0,47,31,0,29.63,47,0,0.0,0.0,0.0,0.0,0.0,0.0
2026-07-30T11:07:19.503,1873.281,115,close,ACTUATOR_ACTIVE,TRAJECTORY_RUNNING,24.0,47,31,0,29.89,47,0,0.0,0.0,0.0,0.0,0.0,0.0
2026-07-30T11:07:20.122,1873.906,115,open,ACTUATOR_ACTIVE,TRAJECTORY_RUNNING,24.0,47,31,0,5.2,47,0,0.0,0.0,0.0,0.0,0.0,0.0
2026-07-30T11:07:20.616,1874.391,115,open,ACTUATOR_ACTIVE,TRAJECTORY_RUNNING,24.0,46,27,-12,-2.2,46,0,0.0,0.0,0.0,0.0,0.0,0.0
2026-07-30T11:07:21.124,1874.906,115,open,ACTUATOR_ACTIVE,TRAJECTORY_RUNNING,24.0,46,21,-12,-2.4,46,0,0.0,0.0,0.0,0.0,0.0,0.0
2026-07-30T11:07:21.619,1875.406,115,open,ACTUATOR_ACTIVE,TRAJECTORY_RUNNING,24.0,46,16,-12,-1.02,46,0,0.0,0.0,0.0,0.0,0.0,0.0
2026-07-30T11:07:22.116,1875.891,115,open,ACTUATOR_ACTIVE,TRAJECTORY_RUNNING,24.0,46,10,-10,-2.05,46,0,0.0,0.0,0.0,0.0,0.0,0.0
2026-07-30T11:07:22.628,1876.406,115,open,ACTUATOR_ACTIVE,TRAJECTORY_COMPLETE,24.0,46,9,0,0.68,46,0,0.0,0.0,0.0,0.0,0.0,0.0
2026-07-30T11:07:23.123,1876.906,115,open,ACTUATOR_ACTIVE,TRAJECTORY_COMPLETE,24.0,46,10,0,2.06,46,0,0.0,0.0,0.0,0.0,0.0,0.0
2026-07-30T11:07:23.616,1877.391,115,open,ACTUATOR_ACTIVE,TRAJECTORY_COMPLETE,24.0,46,9,0,0.2,46,0,0.0,0.0,0.0,0.0,0.0,0.0
2026-07-30T11:07:24.129,1877.906,115,open,ACTUATOR_ACTIVE,TRAJECTORY_COMPLETE,24.0,46,9,0,0.08,46,0,0.0,0.0,0.0,0.0,0.0,0.0
2026-07-30T11:07:24.630,1878.406,115,open,ACTUATOR_ACTIVE,TRAJECTORY_COMPLETE,24.0,44,9,0,0.48,44,0,0.0,0.0,0.0,0.0,0.0,0.0
2026-07-30T11:07:25.128,1878.906,115,open,ACTUATOR_ACTIVE,TRAJECTORY_COMPLETE,24.0,44,9,0,0.14,44,0,0.0,0.0,0.0,0.0,0.0,0.0
2026-07-30T11:07:25.630,1879.406,115,open,ACTUATOR_ACTIVE,TRAJECTORY_COMPLETE,24.0,44,9,1,-0.21,44,0,0.0,0.0,0.0,0.0,0.0,0.0
2026-07-30T11:07:26.127,1879.906,115,open,ACTUATOR_ACTIVE,TRAJECTORY_COMPLETE,24.0,44,10,0,0.79,44,0,0.0,0.0,0.0,0.0,0.0,0.0
2026-07-30T11:07:26.627,1880.406,115,open,ACTUATOR_ACTIVE,TRAJECTORY_COMPLETE,24.0,44,9,0,0.03,44,0,0.0,0.0,0.0,0.0,0.0,0.0
2026-07-30T11:07:27.125,1880.906,115,open,ACTUATOR_ACTIVE,TRAJECTORY_COMPLETE,24.0,44,9,0,-0.5,44,0,0.0,0.0,0.0,0.0,0.0,0.0
2026-07-30T11:07:27.623,1881.406,115,open,ACTUATOR_ACTIVE,TRAJECTORY_COMPLETE,24.0,44,9,0,0.12,44,0,0.0,0.0,0.0,0.0,0.0,0.0
2026-07-30T11:07:28.231,1882.016,116,close,ACTUATOR_ACTIVE,TRAJECTORY_RUNNING,24.0,44,10,6,2.35,44,0,0.0,0.0,0.0,0.0,0.0,0.0
2026-07-30T11:07:28.728,1882.516,116,close,ACTUATOR_ACTIVE,TRAJECTORY_RUNNING,24.0,46,14,9,3.81,46,0,0.0,0.0,0.0,0.0,0.0,0.0
2026-07-30T11:07:29.224,1883.0,116,close,ACTUATOR_ACTIVE,TRAJECTORY_RUNNING,24.0,46,19,8,1.81,46,0,0.0,0.0,0.0,0.0,0.0,0.0
2026-07-30T11:07:29.735,1883.516,116,close,ACTUATOR_ACTIVE,TRAJECTORY_RUNNING,24.0,46,23,10,0.72,46,0,0.0,0.0,0.0,0.0,0.0,0.0
2026-07-30T11:07:30.232,1884.016,116,close,ACTUATOR_ACTIVE,TRAJECTORY_RUNNING,24.0,46,27,8,0.86,46,0,0.0,0.0,0.0,0.0,0.0,0.0
2026-07-30T11:07:30.726,1884.5,116,close,ACTUATOR_ACTIVE,TRAJECTORY_RUNNING,24.0,46,31,2,22.55,46,0,0.0,0.0,0.0,0.0,0.0,0.0
2026-07-30T11:07:31.237,1885.016,116,close,ACTUATOR_ACTIVE,TRAJECTORY_RUNNING,24.0,46,31,0,30.59,46,0,0.0,0.0,0.0,0.0,0.0,0.0
2026-07-30T11:07:31.728,1885.5,116,close,ACTUATOR_ACTIVE,TRAJECTORY_RUNNING,24.0,46,31,0,30.63,46,0,0.0,0.0,0.0,0.0,0.0,0.0
2026-07-30T11:07:32.238,1886.016,116,close,ACTUATOR_ACTIVE,TRAJECTORY_RUNNING,24.0,46,31,1,31.47,46,0,0.0,0.0,0.0,0.0,0.0,0.0
2026-07-30T11:07:32.733,1886.516,116,close,ACTUATOR_ACTIVE,TRAJECTORY_RUNNING,24.0,50,31,0,31.64,50,0,0.0,0.0,0.0,0.0,0.0,0.0
2026-07-30T11:07:33.232,1887.016,116,close,ACTUATOR_ACTIVE,TRAJECTORY_RUNNING,24.0,50,31,0,30.23,50,0,0.0,0.0,0.0,0.0,0.0,0.0
2026-07-30T11:07:33.728,1887.5,116,close,ACTUATOR_ACTIVE,TRAJECTORY_RUNNING,24.0,50,31,0,28.22,50,0,0.0,0.0,0.0,0.0,0.0,0.0
2026-07-30T11:07:34.240,1888.016,116,close,ACTUATOR_ACTIVE,TRAJECTORY_RUNNING,24.0,50,31,0,30.76,50,0,0.0,0.0,0.0,0.0,0.0,0.0
2026-07-30T11:07:34.732,1888.516,116,close,ACTUATOR_ACTIVE,TRAJECTORY_RUNNING,24.0,50,31,0,31.42,50,0,0.0,0.0,0.0,0.0,0.0,0.0
2026-07-30T11:07:35.227,1889.0,116,close,ACTUATOR_ACTIVE,TRAJECTORY_RUNNING,24.0,50,31,1,29.42,50,0,0.0,0.0,0.0,0.0,0.0,0.0
2026-07-30T11:07:35.740,1889.516,116,close,ACTUATOR_ACTIVE,TRAJECTORY_RUNNING,24.0,50,31,0,27.64,50,0,0.0,0.0,0.0,0.0,0.0,0.0
2026-07-30T11:07:36.346,1890.125,116,open,ACTUATOR_ACTIVE,TRAJECTORY_RUNNING,24.0,50,31,0,4.57,50,0,0.0,0.0,0.0,0.0,0.0,0.0
2026-07-30T11:07:36.843,1890.625,116,open,ACTUATOR_ACTIVE,TRAJECTORY_RUNNING,24.0,47,27,-12,-0.92,47,0,0.0,0.0,0.0,0.0,0.0,0.0
2026-07-30T11:07:37.333,1891.11,116,open,ACTUATOR_ACTIVE,TRAJECTORY_RUNNING,24.0,47,21,-10,-1.78,47,0,0.0,0.0,0.0,0.0,0.0,0.0
2026-07-30T11:07:37.848,1891.625,116,open,ACTUATOR_ACTIVE,TRAJECTORY_RUNNING,24.0,47,15,-11,-2.5,47,0,0.0,0.0,0.0,0.0,0.0,0.0
2026-07-30T11:07:38.344,1892.125,116,open,ACTUATOR_ACTIVE,TRAJECTORY_RUNNING,24.0,47,10,-10,-1.08,47,0,0.0,0.0,0.0,0.0,0.0,0.0
2026-07-30T11:07:38.840,1892.625,116,open,ACTUATOR_ACTIVE,TRAJECTORY_COMPLETE,24.0,47,9,0,0.47,47,0,0.0,0.0,0.0,0.0,0.0,0.0
2026-07-30T11:07:39.337,1893.125,116,open,ACTUATOR_ACTIVE,TRAJECTORY_COMPLETE,24.0,47,9,0,0.07,47,0,0.0,0.0,0.0,0.0,0.0,0.0
2026-07-30T11:07:39.833,1893.61,116,open,ACTUATOR_ACTIVE,TRAJECTORY_COMPLETE,24.0,47,9,0,0.61,47,0,0.0,0.0,0.0,0.0,0.0,0.0
2026-07-30T11:07:40.345,1894.125,116,open,ACTUATOR_ACTIVE,TRAJECTORY_COMPLETE,24.0,47,10,0,0.26,47,0,0.0,0.0,0.0,0.0,0.0,0.0
2026-07-30T11:07:40.835,1894.61,116,open,ACTUATOR_ACTIVE,TRAJECTORY_COMPLETE,24.0,49,10,0,-0.02,49,0,0.0,0.0,0.0,0.0,0.0,0.0
2026-07-30T11:07:41.346,1895.125,116,open,ACTUATOR_ACTIVE,TRAJECTORY_COMPLETE,24.0,49,10,0,0.21,49,0,0.0,0.0,0.0,0.0,0.0,0.0
2026-07-30T11:07:41.844,1895.625,116,open,ACTUATOR_ACTIVE,TRAJECTORY_COMPLETE,24.0,49,10,0,-0.17,49,0,0.0,0.0,0.0,0.0,0.0,0.0
2026-07-30T11:07:42.342,1896.125,116,open,ACTUATOR_ACTIVE,TRAJECTORY_COMPLETE,24.0,49,10,0,0.13,49,0,0.0,0.0,0.0,0.0,0.0,0.0
2026-07-30T11:07:42.835,1896.61,116,open,ACTUATOR_ACTIVE,TRAJECTORY_COMPLETE,24.0,49,10,0,-0.42,49,0,0.0,0.0,0.0,0.0,0.0,0.0
2026-07-30T11:07:43.349,1897.125,116,open,ACTUATOR_ACTIVE,TRAJECTORY_COMPLETE,24.0,49,10,0,0.41,49,0,0.0,0.0,0.0,0.0,0.0,0.0
2026-07-30T11:07:43.852,1897.625,116,open,ACTUATOR_ACTIVE,TRAJECTORY_COMPLETE,24.0,49,10,-1,0.16,49,0,0.0,0.0,0.0,0.0,0.0,0.0
2026-07-30T11:07:44.457,1898.235,117,close,ACTUATOR_ACTIVE,TRAJECTORY_RUNNING,24.0,47,10,5,1.99,47,0,0.0,0.0,0.0,0.0,0.0,0.0
2026-07-30T11:07:44.975,1898.75,117,close,ACTUATOR_ACTIVE,TRAJECTORY_RUNNING,24.0,47,11,2,2.28,47,0,0.0,0.0,0.0,0.0,0.0,0.0
2026-07-30T11:07:45.472,1899.25,117,close,ACTUATOR_ACTIVE,TRAJECTORY_RUNNING,24.0,47,13,5,1.36,47,0,0.0,0.0,0.0,0.0,0.0,0.0
2026-07-30T11:07:45.973,1899.75,117,close,ACTUATOR_ACTIVE,TRAJECTORY_RUNNING,24.0,47,16,6,2.61,47,0,0.0,0.0,0.0,0.0,0.0,0.0
2026-07-30T11:07:46.469,1900.25,117,close,ACTUATOR_ACTIVE,TRAJECTORY_RUNNING,24.0,47,19,7,0.68,47,0,0.0,0.0,0.0,0.0,0.0,0.0
2026-07-30T11:07:46.968,1900.75,117,close,ACTUATOR_ACTIVE,TRAJECTORY_RUNNING,24.0,47,23,8,1.43,47,0,0.0,0.0,0.0,0.0,0.0,0.0
2026-07-30T11:07:47.468,1901.25,117,close,ACTUATOR_ACTIVE,TRAJECTORY_RUNNING,24.0,47,27,9,3.06,47,0,0.0,0.0,0.0,0.0,0.0,0.0
2026-07-30T11:07:47.966,1901.75,117,close,ACTUATOR_ACTIVE,TRAJECTORY_RUNNING,24.0,47,30,0,6.56,47,0,0.0,0.0,0.0,0.0,0.0,0.0
2026-07-30T11:07:48.461,1902.235,117,close,ACTUATOR_ACTIVE,TRAJECTORY_RUNNING,24.0,45,30,1,2.32,45,0,0.0,0.0,0.0,0.0,0.0,0.0
2026-07-30T11:07:48.971,1902.75,117,close,ACTUATOR_ACTIVE,TRAJECTORY_RUNNING,24.0,45,30,0,2.05,45,0,0.0,0.0,0.0,0.0,0.0,0.0
2026-07-30T11:07:49.464,1903.25,117,close,ACTUATOR_ACTIVE,TRAJECTORY_STOPPED,24.0,45,30,0,2.14,45,0,0.0,0.0,0.0,0.0,0.0,0.0
2026-07-30T11:07:49.961,1903.735,117,close,ACTUATOR_ACTIVE,TRAJECTORY_RUNNING,24.0,45,30,0,1.89,45,0,0.0,0.0,0.0,0.0,0.0,0.0
2026-07-30T11:07:50.472,1904.25,117,close,ACTUATOR_ACTIVE,TRAJECTORY_RUNNING,24.0,45,30,0,2.16,45,0,0.0,0.0,0.0,0.0,0.0,0.0
2026-07-30T11:07:50.969,1904.75,117,close,ACTUATOR_ACTIVE,TRAJECTORY_RUNNING,24.0,45,30,0,2.92,45,0,0.0,0.0,0.0,0.0,0.0,0.0
2026-07-30T11:07:51.465,1905.25,117,close,ACTUATOR_ACTIVE,TRAJECTORY_RUNNING,24.0,45,30,0,1.92,45,0,0.0,0.0,0.0,0.0,0.0,0.0
2026-07-30T11:07:51.959,1905.735,117,close,ACTUATOR_ACTIVE,TRAJECTORY_RUNNING,24.0,45,30,1,1.9,45,0,0.0,0.0,0.0,0.0,0.0,0.0
2026-07-30T11:07:52.582,1906.36,117,open,ACTUATOR_ACTIVE,TRAJECTORY_RUNNING,24.0,46,30,0,1.16,46,0,0.0,0.0,0.0,0.0,0.0,0.0
2026-07-30T11:07:53.077,1906.86,117,open,ACTUATOR_ACTIVE,TRAJECTORY_RUNNING,24.0,46,30,0,-0.62,46,0,0.0,0.0,0.0,0.0,0.0,0.0
2026-07-30T11:07:53.571,1907.344,117,open,ACTUATOR_ACTIVE,TRAJECTORY_RUNNING,24.0,46,29,-1,-0.56,46,0,0.0,0.0,0.0,0.0,0.0,0.0
2026-07-30T11:07:54.081,1907.86,117,open,ACTUATOR_ACTIVE,TRAJECTORY_RUNNING,24.0,46,28,-3,-1.19,46,0,0.0,0.0,0.0,0.0,0.0,0.0
2026-07-30T11:07:54.579,1908.36,117,open,ACTUATOR_ACTIVE,TRAJECTORY_RUNNING,24.0,46,26,-7,-1.54,46,0,0.0,0.0,0.0,0.0,0.0,0.0
2026-07-30T11:07:55.071,1908.844,117,open,ACTUATOR_ACTIVE,TRAJECTORY_RUNNING,24.0,46,23,-6,-0.64,46,0,0.0,0.0,0.0,0.0,0.0,0.0
2026-07-30T11:07:55.581,1909.36,117,open,ACTUATOR_ACTIVE,TRAJECTORY_RUNNING,24.0,46,19,-9,-1.19,46,0,0.0,0.0,0.0,0.0,0.0,0.0
2026-07-30T11:07:56.079,1909.86,117,open,ACTUATOR_ACTIVE,TRAJECTORY_RUNNING,24.0,46,14,-11,-1.64,46,0,0.0,0.0,0.0,0.0,0.0,0.0
2026-07-30T11:07:56.573,1910.36,117,open,ACTUATOR_ACTIVE,TRAJECTORY_RUNNING,24.0,44,10,-8,-2.56,44,0,0.0,0.0,0.0,0.0,0.0,0.0
2026-07-30T11:07:57.067,1910.844,117,open,ACTUATOR_ACTIVE,TRAJECTORY_RUNNING,24.0,44,9,0,-0.94,44,0,0.0,0.0,0.0,0.0,0.0,0.0
2026-07-30T11:07:57.578,1911.36,117,open,ACTUATOR_ACTIVE,TRAJECTORY_RUNNING,24.0,44,9,0,0.23,44,0,0.0,0.0,0.0,0.0,0.0,0.0
2026-07-30T11:07:58.072,1911.86,117,open,ACTUATOR_ACTIVE,TRAJECTORY_RUNNING,24.0,44,9,0,1.27,44,0,0.0,0.0,0.0,0.0,0.0,0.0
2026-07-30T11:07:58.570,1912.344,117,open,ACTUATOR_ACTIVE,TRAJECTORY_RUNNING,24.0,44,9,0,1.6,44,0,0.0,0.0,0.0,0.0,0.0,0.0
2026-07-30T11:07:59.076,1912.86,117,open,ACTUATOR_ACTIVE,TRAJECTORY_RUNNING,24.0,44,9,0,1.79,44,0,0.0,0.0,0.0,0.0,0.0,0.0
2026-07-30T11:07:59.572,1913.36,117,open,ACTUATOR_ACTIVE,TRAJECTORY_RUNNING,24.0,44,9,0,1.36,44,0,0.0,0.0,0.0,0.0,0.0,0.0
2026-07-30T11:08:00.065,1913.844,117,open,ACTUATOR_ACTIVE,TRAJECTORY_RUNNING,24.0,44,9,1,1.16,44,0,0.0,0.0,0.0,0.0,0.0,0.0
2026-07-30T11:08:00.684,1914.469,118,close,ACTUATOR_ACTIVE,TRAJECTORY_RUNNING,24.0,45,10,7,1.24,45,0,0.0,0.0,0.0,0.0,0.0,0.0
2026-07-30T11:08:01.181,1914.969,118,close,ACTUATOR_ACTIVE,TRAJECTORY_RUNNING,24.0,45,14,9,1.39,45,0,0.0,0.0,0.0,0.0,0.0,0.0
2026-07-30T11:08:01.678,1915.453,118,close,ACTUATOR_ACTIVE,TRAJECTORY_RUNNING,24.0,45,19,9,2.91,45,0,0.0,0.0,0.0,0.0,0.0,0.0
2026-07-30T11:08:02.192,1915.969,118,close,ACTUATOR_ACTIVE,TRAJECTORY_RUNNING,24.0,45,23,10,2.42,45,0,0.0,0.0,0.0,0.0,0.0,0.0
2026-07-30T11:08:02.683,1916.469,118,close,ACTUATOR_ACTIVE,TRAJECTORY_RUNNING,24.0,45,28,8,1.67,45,0,0.0,0.0,0.0,0.0,0.0,0.0
2026-07-30T11:08:03.178,1916.953,118,close,ACTUATOR_ACTIVE,TRAJECTORY_RUNNING,24.0,45,31,2,23.39,45,0,0.0,0.0,0.0,0.0,0.0,0.0
2026-07-30T11:08:03.695,1917.469,118,close,ACTUATOR_ACTIVE,TRAJECTORY_RUNNING,24.0,45,31,0,28.26,45,0,0.0,0.0,0.0,0.0,0.0,0.0
2026-07-30T11:08:04.190,1917.969,118,close,ACTUATOR_ACTIVE,TRAJECTORY_RUNNING,24.0,45,31,0,28.21,45,0,0.0,0.0,0.0,0.0,0.0,0.0
2026-07-30T11:08:04.682,1918.469,118,close,ACTUATOR_ACTIVE,TRAJECTORY_RUNNING,24.0,44,31,0,30.88,44,0,0.0,0.0,0.0,0.0,0.0,0.0
2026-07-30T11:08:05.181,1918.969,118,close,ACTUATOR_ACTIVE,TRAJECTORY_RUNNING,24.0,44,31,0,28.27,44,0,0.0,0.0,0.0,0.0,0.0,0.0
2026-07-30T11:08:05.674,1919.453,118,close,ACTUATOR_ACTIVE,TRAJECTORY_RUNNING,24.0,44,31,0,31.53,44,0,0.0,0.0,0.0,0.0,0.0,0.0
2026-07-30T11:08:06.183,1919.969,118,close,ACTUATOR_ACTIVE,TRAJECTORY_RUNNING,24.0,44,31,0,29.59,44,0,0.0,0.0,0.0,0.0,0.0,0.0
2026-07-30T11:08:06.678,1920.453,118,close,ACTUATOR_ACTIVE,TRAJECTORY_RUNNING,24.0,44,31,0,31.9,44,0,0.0,0.0,0.0,0.0,0.0,0.0
2026-07-30T11:08:07.190,1920.969,118,close,ACTUATOR_ACTIVE,TRAJECTORY_RUNNING,24.0,44,31,0,28.65,44,0,0.0,0.0,0.0,0.0,0.0,0.0
2026-07-30T11:08:07.687,1921.469,118,close,ACTUATOR_ACTIVE,TRAJECTORY_RUNNING,24.0,44,31,0,31.37,44,0,0.0,0.0,0.0,0.0,0.0,0.0
2026-07-30T11:08:08.185,1921.969,118,close,ACTUATOR_ACTIVE,TRAJECTORY_RUNNING,24.0,44,31,0,28.65,44,0,0.0,0.0,0.0,0.0,0.0,0.0
2026-07-30T11:08:08.787,1922.563,118,open,ACTUATOR_ACTIVE,TRAJECTORY_RUNNING,24.0,47,31,-2,4.38,47,0,0.0,0.0,0.0,0.0,0.0,0.0
2026-07-30T11:08:09.294,1923.078,118,open,ACTUATOR_ACTIVE,TRAJECTORY_RUNNING,24.0,47,30,-2,0.45,47,0,0.0,0.0,0.0,0.0,0.0,0.0
2026-07-30T11:08:09.790,1923.578,118,open,ACTUATOR_ACTIVE,TRAJECTORY_RUNNING,24.0,47,30,-1,-0.98,47,0,0.0,0.0,0.0,0.0,0.0,0.0
2026-07-30T11:08:10.285,1924.063,118,open,ACTUATOR_ACTIVE,TRAJECTORY_RUNNING,24.0,47,28,-2,-1.24,47,0,0.0,0.0,0.0,0.0,0.0,0.0
2026-07-30T11:08:10.798,1924.578,118,open,ACTUATOR_ACTIVE,TRAJECTORY_RUNNING,24.0,47,27,-4,-0.73,47,0,0.0,0.0,0.0,0.0,0.0,0.0
2026-07-30T11:08:11.296,1925.078,118,open,ACTUATOR_ACTIVE,TRAJECTORY_RUNNING,24.0,47,24,-7,-1.11,47,0,0.0,0.0,0.0,0.0,0.0,0.0
2026-07-30T11:08:11.796,1925.578,118,open,ACTUATOR_ACTIVE,TRAJECTORY_RUNNING,24.0,47,20,-10,-1.83,47,0,0.0,0.0,0.0,0.0,0.0,0.0
2026-07-30T11:08:12.287,1926.063,118,open,ACTUATOR_ACTIVE,TRAJECTORY_RUNNING,24.0,47,15,-8,-2.3,47,0,0.0,0.0,0.0,0.0,0.0,0.0
2026-07-30T11:08:12.796,1926.578,118,open,ACTUATOR_ACTIVE,TRAJECTORY_RUNNING,24.0,46,11,-8,-1.44,46,0,0.0,0.0,0.0,0.0,0.0,0.0
2026-07-30T11:08:13.295,1927.078,118,open,ACTUATOR_ACTIVE,TRAJECTORY_RUNNING,24.0,46,8,0,-1.9,46,0,0.0,0.0,0.0,0.0,0.0,0.0
2026-07-30T11:08:13.787,1927.563,118,open,ACTUATOR_ACTIVE,TRAJECTORY_RUNNING,24.0,46,9,0,-0.05,46,0,0.0,0.0,0.0,0.0,0.0,0.0
2026-07-30T11:08:14.298,1928.078,118,open,ACTUATOR_ACTIVE,TRAJECTORY_RUNNING,24.0,46,9,0,1.41,46,0,0.0,0.0,0.0,0.0,0.0,0.0
2026-07-30T11:08:14.801,1928.578,118,open,ACTUATOR_ACTIVE,TRAJECTORY_RUNNING,24.0,46,9,0,1.44,46,0,0.0,0.0,0.0,0.0,0.0,0.0
2026-07-30T11:08:15.300,1929.078,118,open,ACTUATOR_ACTIVE,TRAJECTORY_RUNNING,24.0,46,9,-1,1.5,46,0,0.0,0.0,0.0,0.0,0.0,0.0
2026-07-30T11:08:15.800,1929.578,118,open,ACTUATOR_ACTIVE,TRAJECTORY_RUNNING,24.0,46,9,1,1.59,46,0,0.0,0.0,0.0,0.0,0.0,0.0
2026-07-30T11:08:16.299,1930.078,118,open,ACTUATOR_ACTIVE,TRAJECTORY_COMPLETE,24.0,46,10,0,1.4,46,0,0.0,0.0,0.0,0.0,0.0,0.0
2026-07-30T11:08:16.909,1930.688,119,close,ACTUATOR_ACTIVE,TRAJECTORY_RUNNING,24.0,46,10,6,2.29,46,0,0.0,0.0,0.0,0.0,0.0,0.0
2026-07-30T11:08:17.407,1931.188,119,close,ACTUATOR_ACTIVE,TRAJECTORY_RUNNING,24.0,46,14,7,2.11,46,0,0.0,0.0,0.0,0.0,0.0,0.0
2026-07-30T11:08:17.903,1931.688,119,close,ACTUATOR_ACTIVE,TRAJECTORY_RUNNING,24.0,46,18,9,0.73,46,0,0.0,0.0,0.0,0.0,0.0,0.0
2026-07-30T11:08:18.400,1932.188,119,close,ACTUATOR_ACTIVE,TRAJECTORY_RUNNING,24.0,46,23,9,2.6,46,0,0.0,0.0,0.0,0.0,0.0,0.0
2026-07-30T11:08:18.897,1932.672,119,close,ACTUATOR_ACTIVE,TRAJECTORY_RUNNING,24.0,46,27,10,2.42,46,0,0.0,0.0,0.0,0.0,0.0,0.0
2026-07-30T11:08:19.409,1933.188,119,close,ACTUATOR_ACTIVE,TRAJECTORY_RUNNING,24.0,46,31,1,23.27,46,0,0.0,0.0,0.0,0.0,0.0,0.0
2026-07-30T11:08:19.905,1933.688,119,close,ACTUATOR_ACTIVE,TRAJECTORY_RUNNING,24.0,46,31,0,28.5,46,0,0.0,0.0,0.0,0.0,0.0,0.0
2026-07-30T11:08:20.399,1934.172,119,close,ACTUATOR_ACTIVE,TRAJECTORY_RUNNING,24.0,47,31,-1,31.72,47,0,0.0,0.0,0.0,0.0,0.0,0.0
2026-07-30T11:08:20.909,1934.688,119,close,ACTUATOR_ACTIVE,TRAJECTORY_RUNNING,24.0,47,31,0,31.18,47,0,0.0,0.0,0.0,0.0,0.0,0.0
2026-07-30T11:08:21.409,1935.188,119,close,ACTUATOR_ACTIVE,TRAJECTORY_RUNNING,24.0,47,31,0,27.68,47,0,0.0,0.0,0.0,0.0,0.0,0.0
2026-07-30T11:08:21.907,1935.688,119,close,ACTUATOR_ACTIVE,TRAJECTORY_RUNNING,24.0,47,31,0,31.31,47,0,0.0,0.0,0.0,0.0,0.0,0.0
2026-07-30T11:08:22.398,1936.172,119,close,ACTUATOR_ACTIVE,TRAJECTORY_RUNNING,24.0,47,31,0,31.0,47,0,0.0,0.0,0.0,0.0,0.0,0.0
2026-07-30T11:08:22.910,1936.688,119,close,ACTUATOR_ACTIVE,TRAJECTORY_RUNNING,24.0,47,31,0,30.09,47,0,0.0,0.0,0.0,0.0,0.0,0.0
2026-07-30T11:08:23.398,1937.172,119,close,ACTUATOR_ACTIVE,TRAJECTORY_RUNNING,24.0,47,31,0,30.59,47,0,0.0,0.0,0.0,0.0,0.0,0.0
2026-07-30T11:08:23.908,1937.688,119,close,ACTUATOR_ACTIVE,TRAJECTORY_RUNNING,24.0,47,31,0,31.56,47,0,0.0,0.0,0.0,0.0,0.0,0.0
2026-07-30T11:08:24.402,1938.188,119,close,ACTUATOR_ACTIVE,TRAJECTORY_RUNNING,24.0,46,31,0,28.98,46,0,0.0,0.0,0.0,0.0,0.0,0.0
2026-07-30T11:08:25.005,1938.781,119,open,ACTUATOR_ACTIVE,TRAJECTORY_RUNNING,24.0,46,31,0,5.15,46,0,0.0,0.0,0.0,0.0,0.0,0.0
2026-07-30T11:08:25.517,1939.297,119,open,ACTUATOR_ACTIVE,TRAJECTORY_RUNNING,24.0,46,27,-11,-0.49,46,0,0.0,0.0,0.0,0.0,0.0,0.0
2026-07-30T11:08:26.017,1939.797,119,open,ACTUATOR_ACTIVE,TRAJECTORY_RUNNING,24.0,46,21,-11,-1.45,46,0,0.0,0.0,0.0,0.0,0.0,0.0
2026-07-30T11:08:26.516,1940.297,119,open,ACTUATOR_ACTIVE,TRAJECTORY_RUNNING,24.0,46,15,-11,-2.12,46,0,0.0,0.0,0.0,0.0,0.0,0.0
2026-07-30T11:08:27.014,1940.797,119,open,ACTUATOR_ACTIVE,TRAJECTORY_RUNNING,24.0,46,10,-11,-2.57,46,0,0.0,0.0,0.0,0.0,0.0,0.0
2026-07-30T11:08:27.507,1941.281,119,open,ACTUATOR_ACTIVE,TRAJECTORY_COMPLETE,24.0,46,10,0,0.65,46,0,0.0,0.0,0.0,0.0,0.0,0.0
2026-07-30T11:08:28.016,1941.797,119,open,ACTUATOR_ACTIVE,TRAJECTORY_COMPLETE,24.0,46,9,0,0.11,46,0,0.0,0.0,0.0,0.0,0.0,0.0
2026-07-30T11:08:28.509,1942.281,119,open,ACTUATOR_ACTIVE,TRAJECTORY_COMPLETE,24.0,47,9,0,-0.31,47,0,0.0,0.0,0.0,0.0,0.0,0.0
2026-07-30T11:08:29.019,1942.797,119,open,ACTUATOR_ACTIVE,TRAJECTORY_COMPLETE,24.0,47,9,0,0.38,47,0,0.0,0.0,0.0,0.0,0.0,0.0
2026-07-30T11:08:29.515,1943.297,119,open,ACTUATOR_ACTIVE,TRAJECTORY_COMPLETE,24.0,47,10,0,-0.8,47,0,0.0,0.0,0.0,0.0,0.0,0.0
2026-07-30T11:08:30.013,1943.797,119,open,ACTUATOR_ACTIVE,TRAJECTORY_COMPLETE,24.0,47,9,0,-0.05,47,0,0.0,0.0,0.0,0.0,0.0,0.0
2026-07-30T11:08:30.508,1944.281,119,open,ACTUATOR_ACTIVE,TRAJECTORY_COMPLETE,24.0,47,10,0,-1.0,47,0,0.0,0.0,0.0,0.0,0.0,0.0
2026-07-30T11:08:31.015,1944.797,119,open,ACTUATOR_ACTIVE,TRAJECTORY_COMPLETE,24.0,47,10,0,0.58,47,0,0.0,0.0,0.0,0.0,0.0,0.0
2026-07-30T11:08:31.507,1945.281,119,open,ACTUATOR_ACTIVE,TRAJECTORY_COMPLETE,24.0,47,9,0,0.54,47,0,0.0,0.0,0.0,0.0,0.0,0.0
2026-07-30T11:08:32.020,1945.797,119,open,ACTUATOR_ACTIVE,TRAJECTORY_COMPLETE,24.0,47,9,0,0.11,47,0,0.0,0.0,0.0,0.0,0.0,0.0
2026-07-30T11:08:32.512,1946.297,119,open,ACTUATOR_ACTIVE,TRAJECTORY_COMPLETE,24.0,44,10,0,0.12,44,0,0.0,0.0,0.0,0.0,0.0,0.0
2026-07-30T11:08:33.122,1946.906,120,close,ACTUATOR_ACTIVE,TRAJECTORY_RUNNING,24.0,44,10,6,0.36,44,0,0.0,0.0,0.0,0.0,0.0,0.0
2026-07-30T11:08:33.619,1947.406,120,close,ACTUATOR_ACTIVE,TRAJECTORY_RUNNING,24.0,44,12,4,1.52,44,0,0.0,0.0,0.0,0.0,0.0,0.0
2026-07-30T11:08:34.120,1947.906,120,close,ACTUATOR_ACTIVE,TRAJECTORY_RUNNING,24.0,44,14,3,1.98,44,0,0.0,0.0,0.0,0.0,0.0,0.0
2026-07-30T11:08:34.617,1948.391,120,close,ACTUATOR_ACTIVE,TRAJECTORY_RUNNING,24.0,44,16,5,2.59,44,0,0.0,0.0,0.0,0.0,0.0,0.0
2026-07-30T11:08:35.129,1948.906,120,close,ACTUATOR_ACTIVE,TRAJECTORY_RUNNING,24.0,44,20,8,1.31,44,0,0.0,0.0,0.0,0.0,0.0,0.0
2026-07-30T11:08:35.624,1949.406,120,close,ACTUATOR_ACTIVE,TRAJECTORY_RUNNING,24.0,44,23,8,1.27,44,0,0.0,0.0,0.0,0.0,0.0,0.0
2026-07-30T11:08:36.115,1949.891,120,close,ACTUATOR_ACTIVE,TRAJECTORY_RUNNING,24.0,44,28,9,1.74,44,0,0.0,0.0,0.0,0.0,0.0,0.0
2026-07-30T11:08:36.632,1950.406,120,close,ACTUATOR_ACTIVE,TRAJECTORY_RUNNING,24.0,52,30,0,4.93,52,0,0.0,0.0,0.0,0.0,0.0,0.0
2026-07-30T11:08:37.133,1950.906,120,close,ACTUATOR_ACTIVE,TRAJECTORY_RUNNING,24.0,52,30,0,1.93,52,0,0.0,0.0,0.0,0.0,0.0,0.0
2026-07-30T11:08:37.633,1951.406,120,close,ACTUATOR_ACTIVE,TRAJECTORY_RUNNING,24.0,52,30,0,1.57,52,0,0.0,0.0,0.0,0.0,0.0,0.0
2026-07-30T11:08:38.122,1951.906,120,close,ACTUATOR_ACTIVE,TRAJECTORY_RUNNING,24.0,52,30,0,1.52,52,0,0.0,0.0,0.0,0.0,0.0,0.0
2026-07-30T11:08:38.613,1952.391,120,close,ACTUATOR_ACTIVE,TRAJECTORY_RUNNING,24.0,52,30,0,2.06,52,0,0.0,0.0,0.0,0.0,0.0,0.0
2026-07-30T11:08:39.118,1952.891,120,close,ACTUATOR_ACTIVE,TRAJECTORY_RUNNING,24.0,52,30,0,1.72,52,0,0.0,0.0,0.0,0.0,0.0,0.0
2026-07-30T11:08:39.626,1953.406,120,close,ACTUATOR_ACTIVE,TRAJECTORY_RUNNING,24.0,52,30,0,1.73,52,0,0.0,0.0,0.0,0.0,0.0,0.0
2026-07-30T11:08:40.119,1953.906,120,close,ACTUATOR_ACTIVE,TRAJECTORY_RUNNING,24.0,52,30,0,1.91,52,0,0.0,0.0,0.0,0.0,0.0,0.0
2026-07-30T11:08:40.617,1954.391,120,close,ACTUATOR_ACTIVE,TRAJECTORY_RUNNING,24.0,44,30,0,1.99,44,0,0.0,0.0,0.0,0.0,0.0,0.0
2026-07-30T11:08:41.244,1955.031,120,open,ACTUATOR_ACTIVE,TRAJECTORY_RUNNING,24.0,44,30,0,0.57,44,0,0.0,0.0,0.0,0.0,0.0,0.0
2026-07-30T11:08:41.741,1955.516,120,open,ACTUATOR_ACTIVE,TRAJECTORY_RUNNING,24.0,44,26,-10,-2.21,44,0,0.0,0.0,0.0,0.0,0.0,0.0
2026-07-30T11:08:42.248,1956.031,120,open,ACTUATOR_ACTIVE,TRAJECTORY_RUNNING,24.0,44,20,-10,-0.87,44,0,0.0,0.0,0.0,0.0,0.0,0.0
2026-07-30T11:08:42.747,1956.531,120,open,ACTUATOR_ACTIVE,TRAJECTORY_RUNNING,24.0,44,14,-9,-1.19,44,0,0.0,0.0,0.0,0.0,0.0,0.0
2026-07-30T11:08:43.241,1957.016,120,open,ACTUATOR_ACTIVE,TRAJECTORY_COMPLETE,24.0,44,9,0,0.51,44,0,0.0,0.0,0.0,0.0,0.0,0.0
2026-07-30T11:08:43.754,1957.531,120,open,ACTUATOR_ACTIVE,TRAJECTORY_COMPLETE,24.0,44,10,0,-0.03,44,0,0.0,0.0,0.0,0.0,0.0,0.0
2026-07-30T11:08:44.251,1958.031,120,open,ACTUATOR_ACTIVE,TRAJECTORY_COMPLETE,24.0,44,9,0,0.07,44,0,0.0,0.0,0.0,0.0,0.0,0.0
2026-07-30T11:08:44.748,1958.531,120,open,ACTUATOR_ACTIVE,TRAJECTORY_COMPLETE,24.0,43,9,0,-1.23,43,0,0.0,0.0,0.0,0.0,0.0,0.0
2026-07-30T11:08:45.248,1959.031,120,open,ACTUATOR_ACTIVE,TRAJECTORY_COMPLETE,24.0,43,9,0,0.49,43,0,0.0,0.0,0.0,0.0,0.0,0.0
2026-07-30T11:08:45.745,1959.531,120,open,ACTUATOR_ACTIVE,TRAJECTORY_COMPLETE,24.0,43,9,0,-0.52,43,0,0.0,0.0,0.0,0.0,0.0,0.0
2026-07-30T11:08:46.245,1960.031,120,open,ACTUATOR_ACTIVE,TRAJECTORY_COMPLETE,24.0,43,9,0,0.2,43,0,0.0,0.0,0.0,0.0,0.0,0.0
2026-07-30T11:08:46.740,1960.516,120,open,ACTUATOR_ACTIVE,TRAJECTORY_COMPLETE,24.0,43,9,0,0.17,43,0,0.0,0.0,0.0,0.0,0.0,0.0
2026-07-30T11:08:47.252,1961.031,120,open,ACTUATOR_ACTIVE,TRAJECTORY_COMPLETE,24.0,43,9,0,-0.14,43,0,0.0,0.0,0.0,0.0,0.0,0.0
2026-07-30T11:08:47.748,1961.531,120,open,ACTUATOR_ACTIVE,TRAJECTORY_COMPLETE,24.0,43,9,0,-0.57,43,0,0.0,0.0,0.0,0.0,0.0,0.0
2026-07-30T11:08:48.242,1962.016,120,open,ACTUATOR_ACTIVE,TRAJECTORY_COMPLETE,24.0,43,9,0,0.14,43,0,0.0,0.0,0.0,0.0,0.0,0.0
2026-07-30T11:08:48.756,1962.531,120,open,ACTUATOR_ACTIVE,TRAJECTORY_COMPLETE,24.0,47,9,0,-0.19,47,0,0.0,0.0,0.0,0.0,0.0,0.0
2026-07-30T11:08:49.359,1963.141,121,close,ACTUATOR_ACTIVE,TRAJECTORY_RUNNING,24.0,47,10,7,1.53,47,0,0.0,0.0,0.0,0.0,0.0,0.0
2026-07-30T11:08:49.851,1963.625,121,close,ACTUATOR_ACTIVE,TRAJECTORY_RUNNING,24.0,47,12,4,1.48,47,0,0.0,0.0,0.0,0.0,0.0,0.0
2026-07-30T11:08:50.364,1964.141,121,close,ACTUATOR_ACTIVE,TRAJECTORY_RUNNING,24.0,47,14,5,1.94,47,0,0.0,0.0,0.0,0.0,0.0,0.0
2026-07-30T11:08:50.857,1964.641,121,close,ACTUATOR_ACTIVE,TRAJECTORY_RUNNING,24.0,47,16,6,1.47,47,0,0.0,0.0,0.0,0.0,0.0,0.0
2026-07-30T11:08:51.357,1965.141,121,close,ACTUATOR_ACTIVE,TRAJECTORY_RUNNING,24.0,47,20,7,1.05,47,0,0.0,0.0,0.0,0.0,0.0,0.0
2026-07-30T11:08:51.856,1965.641,121,close,ACTUATOR_ACTIVE,TRAJECTORY_RUNNING,24.0,47,24,7,2.01,47,0,0.0,0.0,0.0,0.0,0.0,0.0
2026-07-30T11:08:52.351,1966.125,121,close,ACTUATOR_ACTIVE,TRAJECTORY_RUNNING,24.0,47,28,9,1.89,47,0,0.0,0.0,0.0,0.0,0.0,0.0
2026-07-30T11:08:52.862,1966.641,121,close,ACTUATOR_ACTIVE,TRAJECTORY_RUNNING,24.0,47,30,0,3.8,47,0,0.0,0.0,0.0,0.0,0.0,0.0
2026-07-30T11:08:53.362,1967.141,121,close,ACTUATOR_ACTIVE,TRAJECTORY_RUNNING,24.0,47,30,-1,1.84,47,0,0.0,0.0,0.0,0.0,0.0,0.0
2026-07-30T11:08:53.855,1967.641,121,close,ACTUATOR_ACTIVE,TRAJECTORY_RUNNING,24.0,47,30,-1,2.56,47,0,0.0,0.0,0.0,0.0,0.0,0.0
2026-07-30T11:08:54.349,1968.125,121,close,ACTUATOR_ACTIVE,TRAJECTORY_RUNNING,24.0,47,30,0,1.63,47,0,0.0,0.0,0.0,0.0,0.0,0.0
2026-07-30T11:08:54.857,1968.641,121,close,ACTUATOR_ACTIVE,TRAJECTORY_RUNNING,24.0,47,30,0,1.46,47,0,0.0,0.0,0.0,0.0,0.0,0.0
2026-07-30T11:08:55.356,1969.141,121,close,ACTUATOR_ACTIVE,TRAJECTORY_RUNNING,24.0,47,30,0,1.8,47,0,0.0,0.0,0.0,0.0,0.0,0.0
2026-07-30T11:08:55.852,1969.625,121,close,ACTUATOR_ACTIVE,TRAJECTORY_RUNNING,24.0,47,30,0,2.54,47,0,0.0,0.0,0.0,0.0,0.0,0.0
2026-07-30T11:08:56.367,1970.141,121,close,ACTUATOR_ACTIVE,TRAJECTORY_RUNNING,24.0,47,30,0,2.99,45,0,0.0,0.0,0.0,0.0,0.0,0.0
2026-07-30T11:08:56.865,1970.641,121,close,ACTUATOR_ACTIVE,TRAJECTORY_RUNNING,24.0,45,30,2,2.1,45,0,0.0,0.0,0.0,0.0,0.0,0.0
2026-07-30T11:08:57.472,1971.25,121,open,ACTUATOR_ACTIVE,TRAJECTORY_RUNNING,24.0,45,30,-1,0.63,45,0,0.0,0.0,0.0,0.0,0.0,0.0
2026-07-30T11:08:57.985,1971.766,121,open,ACTUATOR_ACTIVE,TRAJECTORY_RUNNING,24.0,45,25,-11,-2.6,45,0,0.0,0.0,0.0,0.0,0.0,0.0
2026-07-30T11:08:58.479,1972.266,121,open,ACTUATOR_ACTIVE,TRAJECTORY_RUNNING,24.0,45,20,-11,-2.36,45,0,0.0,0.0,0.0,0.0,0.0,0.0
2026-07-30T11:08:58.975,1972.75,121,open,ACTUATOR_ACTIVE,TRAJECTORY_RUNNING,24.0,45,14,-11,-1.25,45,0,0.0,0.0,0.0,0.0,0.0,0.0
2026-07-30T11:08:59.487,1973.266,121,open,ACTUATOR_ACTIVE,TRAJECTORY_COMPLETE,24.0,45,9,0,0.85,45,0,0.0,0.0,0.0,0.0,0.0,0.0
2026-07-30T11:08:59.982,1973.766,121,open,ACTUATOR_ACTIVE,TRAJECTORY_COMPLETE,24.0,45,9,2,0.06,45,0,0.0,0.0,0.0,0.0,0.0,0.0
2026-07-30T11:09:00.480,1974.266,121,open,ACTUATOR_ACTIVE,TRAJECTORY_COMPLETE,24.0,42,9,1,0.1,42,0,0.0,0.0,0.0,0.0,0.0,0.0
2026-07-30T11:09:00.971,1974.75,121,open,ACTUATOR_ACTIVE,TRAJECTORY_COMPLETE,24.0,42,9,-1,-0.0,42,0,0.0,0.0,0.0,0.0,0.0,0.0
2026-07-30T11:09:01.479,1975.266,121,open,ACTUATOR_ACTIVE,TRAJECTORY_COMPLETE,24.0,42,10,0,0.4,42,0,0.0,0.0,0.0,0.0,0.0,0.0
2026-07-30T11:09:01.976,1975.75,121,open,ACTUATOR_ACTIVE,TRAJECTORY_COMPLETE,24.0,42,10,1,0.04,42,0,0.0,0.0,0.0,0.0,0.0,0.0
2026-07-30T11:09:02.484,1976.266,121,open,ACTUATOR_ACTIVE,TRAJECTORY_COMPLETE,24.0,42,10,0,-0.04,42,0,0.0,0.0,0.0,0.0,0.0,0.0
2026-07-30T11:09:02.978,1976.766,121,open,ACTUATOR_ACTIVE,TRAJECTORY_COMPLETE,24.0,42,10,0,0.2,42,0,0.0,0.0,0.0,0.0,0.0,0.0
2026-07-30T11:09:03.472,1977.25,121,open,ACTUATOR_ACTIVE,TRAJECTORY_COMPLETE,24.0,42,10,0,-0.26,42,0,0.0,0.0,0.0,0.0,0.0,0.0
2026-07-30T11:09:03.991,1977.766,121,open,ACTUATOR_ACTIVE,TRAJECTORY_COMPLETE,24.0,42,10,0,0.16,42,0,0.0,0.0,0.0,0.0,0.0,0.0
2026-07-30T11:09:04.491,1978.266,121,open,ACTUATOR_ACTIVE,TRAJECTORY_COMPLETE,24.0,44,10,0,0.1,44,0,0.0,0.0,0.0,0.0,0.0,0.0
2026-07-30T11:09:04.988,1978.766,121,open,ACTUATOR_ACTIVE,TRAJECTORY_COMPLETE,24.0,44,10,0,0.28,44,0,0.0,0.0,0.0,0.0,0.0,0.0
2026-07-30T11:09:05.591,1979.375,122,close,ACTUATOR_ACTIVE,TRAJECTORY_RUNNING,24.0,44,10,7,1.72,44,0,0.0,0.0,0.0,0.0,0.0,0.0
2026-07-30T11:09:06.090,1979.875,122,close,ACTUATOR_ACTIVE,TRAJECTORY_RUNNING,24.0,44,11,2,1.0,44,0,0.0,0.0,0.0,0.0,0.0,0.0
2026-07-30T11:09:06.586,1980.36,122,close,ACTUATOR_ACTIVE,TRAJECTORY_RUNNING,24.0,44,13,5,0.74,44,0,0.0,0.0,0.0,0.0,0.0,0.0
2026-07-30T11:09:07.099,1980.875,122,close,ACTUATOR_ACTIVE,TRAJECTORY_RUNNING,24.0,44,16,6,1.7,44,0,0.0,0.0,0.0,0.0,0.0,0.0
2026-07-30T11:09:07.593,1981.375,122,close,ACTUATOR_ACTIVE,TRAJECTORY_RUNNING,24.0,44,19,7,2.08,44,0,0.0,0.0,0.0,0.0,0.0,0.0
2026-07-30T11:09:08.089,1981.875,122,close,ACTUATOR_ACTIVE,TRAJECTORY_RUNNING,24.0,44,23,8,2.49,44,0,0.0,0.0,0.0,0.0,0.0,0.0
2026-07-30T11:09:08.583,1982.36,122,close,ACTUATOR_ACTIVE,TRAJECTORY_RUNNING,24.0,44,27,9,2.64,44,0,0.0,0.0,0.0,0.0,0.0,0.0
2026-07-30T11:09:09.091,1982.875,122,close,ACTUATOR_ACTIVE,TRAJECTORY_RUNNING,24.0,44,30,0,6.32,44,0,0.0,0.0,0.0,0.0,0.0,0.0
2026-07-30T11:09:09.588,1983.375,122,close,ACTUATOR_ACTIVE,TRAJECTORY_RUNNING,24.0,44,30,0,2.01,44,0,0.0,0.0,0.0,0.0,0.0,0.0
2026-07-30T11:09:10.084,1983.86,122,close,ACTUATOR_ACTIVE,TRAJECTORY_RUNNING,24.0,44,30,-1,1.91,44,0,0.0,0.0,0.0,0.0,0.0,0.0
2026-07-30T11:09:10.594,1984.375,122,close,ACTUATOR_ACTIVE,TRAJECTORY_RUNNING,24.0,44,30,0,1.85,44,0,0.0,0.0,0.0,0.0,0.0,0.0
2026-07-30T11:09:11.089,1984.875,122,close,ACTUATOR_ACTIVE,TRAJECTORY_RUNNING,24.0,44,30,0,2.27,44,0,0.0,0.0,0.0,0.0,0.0,0.0
2026-07-30T11:09:11.590,1985.375,122,close,ACTUATOR_ACTIVE,TRAJECTORY_RUNNING,24.0,44,30,0,1.71,44,0,0.0,0.0,0.0,0.0,0.0,0.0
2026-07-30T11:09:12.084,1985.86,122,close,ACTUATOR_ACTIVE,TRAJECTORY_RUNNING,24.0,44,30,0,1.74,44,0,0.0,0.0,0.0,0.0,0.0,0.0
2026-07-30T11:09:12.597,1986.375,122,close,ACTUATOR_ACTIVE,TRAJECTORY_RUNNING,24.0,47,30,0,1.7,47,0,0.0,0.0,0.0,0.0,0.0,0.0
2026-07-30T11:09:13.092,1986.875,122,close,ACTUATOR_ACTIVE,TRAJECTORY_RUNNING,24.0,47,30,0,2.72,47,0,0.0,0.0,0.0,0.0,0.0,0.0
2026-07-30T11:09:13.698,1987.485,122,open,ACTUATOR_ACTIVE,TRAJECTORY_RUNNING,24.0,47,30,1,0.76,47,0,0.0,0.0,0.0,0.0,0.0,0.0
2026-07-30T11:09:14.188,1987.969,122,open,ACTUATOR_ACTIVE,TRAJECTORY_RUNNING,24.0,47,26,-9,-1.78,47,0,0.0,0.0,0.0,0.0,0.0,0.0
2026-07-30T11:09:14.692,1988.469,122,open,ACTUATOR_ACTIVE,TRAJECTORY_RUNNING,24.0,47,20,-10,-1.26,47,0,0.0,0.0,0.0,0.0,0.0,0.0
2026-07-30T11:09:15.207,1988.985,122,open,ACTUATOR_ACTIVE,TRAJECTORY_RUNNING,24.0,47,14,-11,-1.74,47,0,0.0,0.0,0.0,0.0,0.0,0.0
2026-07-30T11:09:15.704,1989.485,122,open,ACTUATOR_ACTIVE,TRAJECTORY_COMPLETE,24.0,47,9,0,0.64,47,0,0.0,0.0,0.0,0.0,0.0,0.0
2026-07-30T11:09:16.201,1989.985,122,open,ACTUATOR_ACTIVE,TRAJECTORY_COMPLETE,24.0,47,9,0,0.48,47,0,0.0,0.0,0.0,0.0,0.0,0.0
2026-07-30T11:09:16.697,1990.485,122,open,ACTUATOR_ACTIVE,TRAJECTORY_COMPLETE,24.0,45,10,0,0.1,45,0,0.0,0.0,0.0,0.0,0.0,0.0
2026-07-30T11:09:17.187,1990.969,122,open,ACTUATOR_ACTIVE,TRAJECTORY_COMPLETE,24.0,45,10,0,0.28,45,0,0.0,0.0,0.0,0.0,0.0,0.0
2026-07-30T11:09:17.701,1991.485,122,open,ACTUATOR_ACTIVE,TRAJECTORY_COMPLETE,24.0,45,9,0,0.02,45,0,0.0,0.0,0.0,0.0,0.0,0.0
2026-07-30T11:09:18.195,1991.969,122,open,ACTUATOR_ACTIVE,TRAJECTORY_COMPLETE,24.0,45,9,0,0.72,45,0,0.0,0.0,0.0,0.0,0.0,0.0
2026-07-30T11:09:18.706,1992.485,122,open,ACTUATOR_ACTIVE,TRAJECTORY_COMPLETE,24.0,45,9,0,0.55,45,0,0.0,0.0,0.0,0.0,0.0,0.0
2026-07-30T11:09:19.205,1992.985,122,open,ACTUATOR_ACTIVE,TRAJECTORY_COMPLETE,24.0,45,9,0,0.36,45,0,0.0,0.0,0.0,0.0,0.0,0.0
2026-07-30T11:09:19.701,1993.485,122,open,ACTUATOR_ACTIVE,TRAJECTORY_COMPLETE,24.0,45,9,0,1.52,45,0,0.0,0.0,0.0,0.0,0.0,0.0
2026-07-30T11:09:20.200,1993.985,122,open,ACTUATOR_ACTIVE,TRAJECTORY_COMPLETE,24.0,45,9,0,-0.04,45,0,0.0,0.0,0.0,0.0,0.0,0.0
2026-07-30T11:09:20.693,1994.469,122,open,ACTUATOR_ACTIVE,TRAJECTORY_COMPLETE,24.0,42,9,0,-0.19,42,0,0.0,0.0,0.0,0.0,0.0,0.0
2026-07-30T11:09:21.204,1994.985,122,open,ACTUATOR_ACTIVE,TRAJECTORY_COMPLETE,24.0,42,9,0,0.49,42,0,0.0,0.0,0.0,0.0,0.0,0.0
2026-07-30T11:09:21.814,1995.594,123,close,ACTUATOR_ACTIVE,TRAJECTORY_RUNNING,24.0,42,10,6,0.56,42,0,0.0,0.0,0.0,0.0,0.0,0.0
2026-07-30T11:09:22.314,1996.094,123,close,ACTUATOR_ACTIVE,TRAJECTORY_RUNNING,24.0,42,12,4,2.09,42,0,0.0,0.0,0.0,0.0,0.0,0.0
2026-07-30T11:09:22.813,1996.594,123,close,ACTUATOR_ACTIVE,TRAJECTORY_RUNNING,24.0,42,14,5,0.98,42,0,0.0,0.0,0.0,0.0,0.0,0.0
2026-07-30T11:09:23.311,1997.094,123,close,ACTUATOR_ACTIVE,TRAJECTORY_RUNNING,24.0,42,17,7,1.32,42,0,0.0,0.0,0.0,0.0,0.0,0.0
2026-07-30T11:09:23.808,1997.594,123,close,ACTUATOR_ACTIVE,TRAJECTORY_RUNNING,24.0,42,21,8,2.7,42,0,0.0,0.0,0.0,0.0,0.0,0.0
2026-07-30T11:09:24.307,1998.094,123,close,ACTUATOR_ACTIVE,TRAJECTORY_RUNNING,24.0,42,25,9,2.43,42,0,0.0,0.0,0.0,0.0,0.0,0.0
2026-07-30T11:09:24.804,1998.578,123,close,ACTUATOR_ACTIVE,TRAJECTORY_RUNNING,24.0,43,29,7,3.24,43,0,0.0,0.0,0.0,0.0,0.0,0.0
2026-07-30T11:09:25.315,1999.094,123,close,ACTUATOR_ACTIVE,TRAJECTORY_RUNNING,24.0,43,30,0,2.78,43,0,0.0,0.0,0.0,0.0,0.0,0.0
2026-07-30T11:09:25.815,1999.594,123,close,ACTUATOR_ACTIVE,TRAJECTORY_RUNNING,24.0,43,30,-1,2.15,43,0,0.0,0.0,0.0,0.0,0.0,0.0
2026-07-30T11:09:26.309,2000.094,123,close,ACTUATOR_ACTIVE,TRAJECTORY_RUNNING,24.0,43,30,0,3.24,43,0,0.0,0.0,0.0,0.0,0.0,0.0
2026-07-30T11:09:26.801,2000.578,123,close,ACTUATOR_ACTIVE,TRAJECTORY_RUNNING,24.0,43,30,0,1.83,43,0,0.0,0.0,0.0,0.0,0.0,0.0
2026-07-30T11:09:27.307,2001.094,123,close,ACTUATOR_ACTIVE,TRAJECTORY_RUNNING,24.0,43,30,0,1.88,43,0,0.0,0.0,0.0,0.0,0.0,0.0
2026-07-30T11:09:27.804,2001.578,123,close,ACTUATOR_ACTIVE,TRAJECTORY_RUNNING,24.0,43,30,0,1.69,43,0,0.0,0.0,0.0,0.0,0.0,0.0
2026-07-30T11:09:28.317,2002.094,123,close,ACTUATOR_ACTIVE,TRAJECTORY_RUNNING,24.0,43,30,0,1.58,43,0,0.0,0.0,0.0,0.0,0.0,0.0
2026-07-30T11:09:28.818,2002.594,123,close,ACTUATOR_ACTIVE,TRAJECTORY_RUNNING,24.0,44,30,0,1.53,44,0,0.0,0.0,0.0,0.0,0.0,0.0
2026-07-30T11:09:29.316,2003.094,123,close,ACTUATOR_ACTIVE,TRAJECTORY_RUNNING,24.0,44,30,0,2.16,44,0,0.0,0.0,0.0,0.0,0.0,0.0
2026-07-30T11:09:29.928,2003.703,123,open,ACTUATOR_ACTIVE,TRAJECTORY_RUNNING,24.0,44,30,0,0.78,44,0,0.0,0.0,0.0,0.0,0.0,0.0
2026-07-30T11:09:30.435,2004.219,123,open,ACTUATOR_ACTIVE,TRAJECTORY_RUNNING,24.0,44,25,-11,-0.81,44,0,0.0,0.0,0.0,0.0,0.0,0.0
2026-07-30T11:09:30.935,2004.719,123,open,ACTUATOR_ACTIVE,TRAJECTORY_RUNNING,24.0,44,20,-11,-2.1,44,0,0.0,0.0,0.0,0.0,0.0,0.0
2026-07-30T11:09:31.436,2005.219,123,open,ACTUATOR_ACTIVE,TRAJECTORY_RUNNING,24.0,44,14,-12,-2.46,44,0,0.0,0.0,0.0,0.0,0.0,0.0
2026-07-30T11:09:31.929,2005.703,123,open,ACTUATOR_ACTIVE,TRAJECTORY_COMPLETE,24.0,44,9,0,0.31,44,0,0.0,0.0,0.0,0.0,0.0,0.0
2026-07-30T11:09:32.445,2006.219,123,open,ACTUATOR_ACTIVE,TRAJECTORY_COMPLETE,24.0,43,10,0,0.5,43,0,0.0,0.0,0.0,0.0,0.0,0.0
2026-07-30T11:09:32.941,2006.719,123,open,ACTUATOR_ACTIVE,TRAJECTORY_COMPLETE,24.0,43,9,1,0.11,43,0,0.0,0.0,0.0,0.0,0.0,0.0
2026-07-30T11:09:33.439,2007.219,123,open,ACTUATOR_ACTIVE,TRAJECTORY_COMPLETE,24.0,43,9,0,-0.02,43,0,0.0,0.0,0.0,0.0,0.0,0.0
2026-07-30T11:09:33.932,2007.719,123,open,ACTUATOR_ACTIVE,TRAJECTORY_COMPLETE,24.0,43,10,0,0.93,43,0,0.0,0.0,0.0,0.0,0.0,0.0
2026-07-30T11:09:34.427,2008.203,123,open,ACTUATOR_ACTIVE,TRAJECTORY_COMPLETE,24.0,43,9,1,0.68,43,0,0.0,0.0,0.0,0.0,0.0,0.0
2026-07-30T11:09:34.939,2008.719,123,open,ACTUATOR_ACTIVE,TRAJECTORY_COMPLETE,24.0,43,9,0,0.51,43,0,0.0,0.0,0.0,0.0,0.0,0.0
2026-07-30T11:09:35.441,2009.219,123,open,ACTUATOR_ACTIVE,TRAJECTORY_COMPLETE,24.0,43,9,0,-0.05,43,0,0.0,0.0,0.0,0.0,0.0,0.0
2026-07-30T11:09:35.941,2009.719,123,open,ACTUATOR_ACTIVE,TRAJECTORY_COMPLETE,24.0,43,10,-1,0.78,43,0,0.0,0.0,0.0,0.0,0.0,0.0
2026-07-30T11:09:36.436,2010.219,123,open,ACTUATOR_ACTIVE,TRAJECTORY_COMPLETE,24.0,50,10,0,0.11,50,0,0.0,0.0,0.0,0.0,0.0,0.0
2026-07-30T11:09:36.934,2010.719,123,open,ACTUATOR_ACTIVE,TRAJECTORY_COMPLETE,24.0,50,9,0,-0.94,50,0,0.0,0.0,0.0,0.0,0.0,0.0
2026-07-30T11:09:37.432,2011.219,123,open,ACTUATOR_ACTIVE,TRAJECTORY_COMPLETE,24.0,50,9,-1,1.96,50,0,0.0,0.0,0.0,0.0,0.0,0.0
2026-07-30T11:09:38.033,2011.813,124,close,ACTUATOR_ACTIVE,TRAJECTORY_RUNNING,24.0,50,10,7,0.56,50,0,0.0,0.0,0.0,0.0,0.0,0.0
2026-07-30T11:09:38.546,2012.328,124,close,ACTUATOR_ACTIVE,TRAJECTORY_RUNNING,24.0,50,12,4,1.37,50,0,0.0,0.0,0.0,0.0,0.0,0.0
2026-07-30T11:09:39.045,2012.828,124,close,ACTUATOR_ACTIVE,TRAJECTORY_RUNNING,24.0,50,14,5,1.81,50,0,0.0,0.0,0.0,0.0,0.0,0.0
2026-07-30T11:09:39.544,2013.328,124,close,ACTUATOR_ACTIVE,TRAJECTORY_RUNNING,24.0,50,16,5,1.19,50,0,0.0,0.0,0.0,0.0,0.0,0.0
2026-07-30T11:09:40.041,2013.828,124,close,ACTUATOR_ACTIVE,TRAJECTORY_RUNNING,24.0,50,20,6,2.01,50,0,0.0,0.0,0.0,0.0,0.0,0.0
2026-07-30T11:09:40.535,2014.313,124,close,ACTUATOR_ACTIVE,TRAJECTORY_RUNNING,24.0,45,24,9,3.07,45,0,0.0,0.0,0.0,0.0,0.0,0.0
2026-07-30T11:09:41.047,2014.828,124,close,ACTUATOR_ACTIVE,TRAJECTORY_RUNNING,24.0,45,28,9,1.73,45,0,0.0,0.0,0.0,0.0,0.0,0.0
2026-07-30T11:09:41.543,2015.328,124,close,ACTUATOR_ACTIVE,TRAJECTORY_RUNNING,24.0,45,30,0,3.38,45,0,0.0,0.0,0.0,0.0,0.0,0.0
2026-07-30T11:09:42.043,2015.828,124,close,ACTUATOR_ACTIVE,TRAJECTORY_RUNNING,24.0,45,30,0,1.9,45,0,0.0,0.0,0.0,0.0,0.0,0.0
2026-07-30T11:09:42.539,2016.313,124,close,ACTUATOR_ACTIVE,TRAJECTORY_RUNNING,24.0,45,30,0,3.1,45,0,0.0,0.0,0.0,0.0,0.0,0.0
2026-07-30T11:09:43.050,2016.828,124,close,ACTUATOR_ACTIVE,TRAJECTORY_RUNNING,24.0,45,30,0,1.92,45,0,0.0,0.0,0.0,0.0,0.0,0.0
2026-07-30T11:09:43.544,2017.328,124,close,ACTUATOR_ACTIVE,TRAJECTORY_STOPPED,24.0,45,30,0,2.02,45,0,0.0,0.0,0.0,0.0,0.0,0.0
2026-07-30T11:09:44.039,2017.813,124,close,ACTUATOR_ACTIVE,TRAJECTORY_RUNNING,24.0,45,30,0,2.06,45,0,0.0,0.0,0.0,0.0,0.0,0.0
2026-07-30T11:09:44.550,2018.328,124,close,ACTUATOR_ACTIVE,TRAJECTORY_RUNNING,24.0,46,30,0,1.62,46,0,0.0,0.0,0.0,0.0,0.0,0.0
2026-07-30T11:09:45.047,2018.828,124,close,ACTUATOR_ACTIVE,TRAJECTORY_STOPPED,24.0,46,30,0,2.43,46,0,0.0,0.0,0.0,0.0,0.0,0.0
2026-07-30T11:09:45.545,2019.328,124,close,ACTUATOR_ACTIVE,TRAJECTORY_RUNNING,24.0,46,30,0,2.18,46,0,0.0,0.0,0.0,0.0,0.0,0.0
2026-07-30T11:09:46.158,2019.938,124,open,ACTUATOR_ACTIVE,TRAJECTORY_RUNNING,24.0,46,30,0,0.87,46,0,0.0,0.0,0.0,0.0,0.0,0.0
2026-07-30T11:09:46.650,2020.438,124,open,ACTUATOR_ACTIVE,TRAJECTORY_RUNNING,24.0,46,26,-12,-1.98,46,0,0.0,0.0,0.0,0.0,0.0,0.0
2026-07-30T11:09:47.151,2020.938,124,open,ACTUATOR_ACTIVE,TRAJECTORY_RUNNING,24.0,46,20,-13,-1.84,46,0,0.0,0.0,0.0,0.0,0.0,0.0
2026-07-30T11:09:47.649,2021.422,124,open,ACTUATOR_ACTIVE,TRAJECTORY_RUNNING,24.0,46,14,-11,-1.58,46,0,0.0,0.0,0.0,0.0,0.0,0.0
2026-07-30T11:09:48.161,2021.938,124,open,ACTUATOR_ACTIVE,TRAJECTORY_COMPLETE,24.0,46,9,0,0.64,46,0,0.0,0.0,0.0,0.0,0.0,0.0
2026-07-30T11:09:48.658,2022.438,124,open,ACTUATOR_ACTIVE,TRAJECTORY_COMPLETE,24.0,43,9,1,-0.03,43,0,0.0,0.0,0.0,0.0,0.0,0.0
2026-07-30T11:09:49.149,2022.922,124,open,ACTUATOR_ACTIVE,TRAJECTORY_COMPLETE,24.0,43,9,1,0.23,43,0,0.0,0.0,0.0,0.0,0.0,0.0
2026-07-30T11:09:49.655,2023.438,124,open,ACTUATOR_ACTIVE,TRAJECTORY_COMPLETE,24.0,43,9,-1,0.18,43,0,0.0,0.0,0.0,0.0,0.0,0.0
2026-07-30T11:09:50.150,2023.938,124,open,ACTUATOR_ACTIVE,TRAJECTORY_COMPLETE,24.0,43,9,-1,0.18,43,0,0.0,0.0,0.0,0.0,0.0,0.0
2026-07-30T11:09:50.647,2024.422,124,open,ACTUATOR_ACTIVE,TRAJECTORY_COMPLETE,24.0,43,9,0,-0.21,43,0,0.0,0.0,0.0,0.0,0.0,0.0
2026-07-30T11:09:51.157,2024.938,124,open,ACTUATOR_ACTIVE,TRAJECTORY_COMPLETE,24.0,43,10,0,0.11,43,0,0.0,0.0,0.0,0.0,0.0,0.0
2026-07-30T11:09:51.653,2025.438,124,open,ACTUATOR_ACTIVE,TRAJECTORY_COMPLETE,24.0,43,10,0,-1.29,43,0,0.0,0.0,0.0,0.0,0.0,0.0
2026-07-30T11:09:52.144,2025.922,124,open,ACTUATOR_ACTIVE,TRAJECTORY_COMPLETE,24.0,43,10,0,-0.59,43,0,0.0,0.0,0.0,0.0,0.0,0.0
2026-07-30T11:09:52.657,2026.438,124,open,ACTUATOR_ACTIVE,TRAJECTORY_COMPLETE,24.0,45,10,0,-1.12,45,0,0.0,0.0,0.0,0.0,0.0,0.0
2026-07-30T11:09:53.151,2026.938,124,open,ACTUATOR_ACTIVE,TRAJECTORY_COMPLETE,24.0,45,10,-1,0.39,45,0,0.0,0.0,0.0,0.0,0.0,0.0
2026-07-30T11:09:53.650,2027.438,124,open,ACTUATOR_ACTIVE,TRAJECTORY_COMPLETE,24.0,45,10,0,0.17,45,0,0.0,0.0,0.0,0.0,0.0,0.0
2026-07-30T11:09:54.258,2028.031,125,close,ACTUATOR_ACTIVE,TRAJECTORY_RUNNING,24.0,45,10,6,1.42,45,0,0.0,0.0,0.0,0.0,0.0,0.0
2026-07-30T11:09:54.772,2028.547,125,close,ACTUATOR_ACTIVE,TRAJECTORY_RUNNING,24.0,45,12,4,1.34,45,0,0.0,0.0,0.0,0.0,0.0,0.0
2026-07-30T11:09:55.269,2029.047,125,close,ACTUATOR_ACTIVE,TRAJECTORY_RUNNING,24.0,45,14,5,1.35,45,0,0.0,0.0,0.0,0.0,0.0,0.0
2026-07-30T11:09:55.763,2029.547,125,close,ACTUATOR_ACTIVE,TRAJECTORY_RUNNING,24.0,45,16,7,1.02,45,0,0.0,0.0,0.0,0.0,0.0,0.0
2026-07-30T11:09:56.259,2030.047,125,close,ACTUATOR_ACTIVE,TRAJECTORY_RUNNING,24.0,45,20,8,1.02,45,0,0.0,0.0,0.0,0.0,0.0,0.0
2026-07-30T11:09:56.753,2030.531,125,close,ACTUATOR_ACTIVE,TRAJECTORY_RUNNING,24.0,46,24,8,2.2,46,0,0.0,0.0,0.0,0.0,0.0,0.0
2026-07-30T11:09:57.264,2031.047,125,close,ACTUATOR_ACTIVE,TRAJECTORY_RUNNING,24.0,46,28,9,2.81,46,0,0.0,0.0,0.0,0.0,0.0,0.0
2026-07-30T11:09:57.761,2031.547,125,close,ACTUATOR_ACTIVE,TRAJECTORY_RUNNING,24.0,46,30,0,4.43,46,0,0.0,0.0,0.0,0.0,0.0,0.0
2026-07-30T11:09:58.258,2032.031,125,close,ACTUATOR_ACTIVE,TRAJECTORY_RUNNING,24.0,46,30,0,3.17,46,0,0.0,0.0,0.0,0.0,0.0,0.0
2026-07-30T11:09:58.773,2032.547,125,close,ACTUATOR_ACTIVE,TRAJECTORY_STOPPED,24.0,46,30,0,1.87,46,0,0.0,0.0,0.0,0.0,0.0,0.0
2026-07-30T11:09:59.265,2033.047,125,close,ACTUATOR_ACTIVE,TRAJECTORY_RUNNING,24.0,46,30,0,2.04,46,0,0.0,0.0,0.0,0.0,0.0,0.0
2026-07-30T11:09:59.764,2033.547,125,close,ACTUATOR_ACTIVE,TRAJECTORY_RUNNING,24.0,46,30,1,1.65,46,0,0.0,0.0,0.0,0.0,0.0,0.0
2026-07-30T11:10:00.263,2034.047,125,close,ACTUATOR_ACTIVE,TRAJECTORY_RUNNING,24.0,46,30,0,1.94,46,0,0.0,0.0,0.0,0.0,0.0,0.0
2026-07-30T11:10:00.760,2034.547,125,close,ACTUATOR_ACTIVE,TRAJECTORY_RUNNING,24.0,42,30,0,1.95,42,0,0.0,0.0,0.0,0.0,0.0,0.0
2026-07-30T11:10:01.255,2035.031,125,close,ACTUATOR_ACTIVE,TRAJECTORY_STOPPED,24.0,42,30,0,1.99,42,0,0.0,0.0,0.0,0.0,0.0,0.0
2026-07-30T11:10:01.771,2035.547,125,close,ACTUATOR_ACTIVE,TRAJECTORY_RUNNING,24.0,42,30,0,1.79,42,0,0.0,0.0,0.0,0.0,0.0,0.0
2026-07-30T11:10:02.382,2036.156,125,open,ACTUATOR_ACTIVE,TRAJECTORY_RUNNING,24.0,42,30,0,0.83,42,0,0.0,0.0,0.0,0.0,0.0,0.0
2026-07-30T11:10:02.889,2036.672,125,open,ACTUATOR_ACTIVE,TRAJECTORY_RUNNING,24.0,42,25,-11,-2.49,42,0,0.0,0.0,0.0,0.0,0.0,0.0
2026-07-30T11:10:03.381,2037.156,125,open,ACTUATOR_ACTIVE,TRAJECTORY_RUNNING,24.0,42,20,-12,-1.63,42,0,0.0,0.0,0.0,0.0,0.0,0.0
2026-07-30T11:10:03.889,2037.672,125,open,ACTUATOR_ACTIVE,TRAJECTORY_RUNNING,24.0,42,14,-13,-2.05,42,0,0.0,0.0,0.0,0.0,0.0,0.0
2026-07-30T11:10:04.382,2038.156,125,open,ACTUATOR_ACTIVE,TRAJECTORY_COMPLETE,24.0,43,9,0,0.7,43,0,0.0,0.0,0.0,0.0,0.0,0.0
2026-07-30T11:10:04.897,2038.672,125,open,ACTUATOR_ACTIVE,TRAJECTORY_COMPLETE,24.0,43,9,0,0.69,43,0,0.0,0.0,0.0,0.0,0.0,0.0
2026-07-30T11:10:05.396,2039.172,125,open,ACTUATOR_ACTIVE,TRAJECTORY_COMPLETE,24.0,43,9,0,0.28,43,0,0.0,0.0,0.0,0.0,0.0,0.0
2026-07-30T11:10:05.896,2039.672,125,open,ACTUATOR_ACTIVE,TRAJECTORY_COMPLETE,24.0,43,10,0,-0.05,43,0,0.0,0.0,0.0,0.0,0.0,0.0
2026-07-30T11:10:06.395,2040.172,125,open,ACTUATOR_ACTIVE,TRAJECTORY_COMPLETE,24.0,43,9,0,0.14,43,0,0.0,0.0,0.0,0.0,0.0,0.0
2026-07-30T11:10:06.892,2040.672,125,open,ACTUATOR_ACTIVE,TRAJECTORY_COMPLETE,24.0,43,9,0,0.19,43,0,0.0,0.0,0.0,0.0,0.0,0.0
2026-07-30T11:10:07.391,2041.172,125,open,ACTUATOR_ACTIVE,TRAJECTORY_COMPLETE,24.0,43,9,0,-0.13,43,0,0.0,0.0,0.0,0.0,0.0,0.0
2026-07-30T11:10:07.886,2041.672,125,open,ACTUATOR_ACTIVE,TRAJECTORY_COMPLETE,24.0,43,9,0,-0.0,43,0,0.0,0.0,0.0,0.0,0.0,0.0
2026-07-30T11:10:08.380,2042.156,125,open,ACTUATOR_ACTIVE,TRAJECTORY_COMPLETE,24.0,41,9,1,0.17,41,0,0.0,0.0,0.0,0.0,0.0,0.0
2026-07-30T11:10:08.894,2042.672,125,open,ACTUATOR_ACTIVE,TRAJECTORY_COMPLETE,24.0,41,9,0,-1.28,41,0,0.0,0.0,0.0,0.0,0.0,0.0
2026-07-30T11:10:09.389,2043.172,125,open,ACTUATOR_ACTIVE,TRAJECTORY_COMPLETE,24.0,41,9,0,0.03,41,0,0.0,0.0,0.0,0.0,0.0,0.0
2026-07-30T11:10:09.886,2043.672,125,open,ACTUATOR_ACTIVE,TRAJECTORY_COMPLETE,24.0,41,9,0,0.07,41,0,0.0,0.0,0.0,0.0,0.0,0.0
2026-07-30T11:10:10.496,2044.281,126,close,ACTUATOR_ACTIVE,TRAJECTORY_RUNNING,24.0,41,10,6,0.82,41,0,0.0,0.0,0.0,0.0,0.0,0.0
2026-07-30T11:10:10.995,2044.781,126,close,ACTUATOR_ACTIVE,TRAJECTORY_RUNNING,24.0,41,12,4,0.75,41,0,0.0,0.0,0.0,0.0,0.0,0.0
2026-07-30T11:10:11.496,2045.281,126,close,ACTUATOR_ACTIVE,TRAJECTORY_RUNNING,24.0,41,14,4,1.19,41,0,0.0,0.0,0.0,0.0,0.0,0.0
2026-07-30T11:10:11.996,2045.781,126,close,ACTUATOR_ACTIVE,TRAJECTORY_RUNNING,24.0,41,16,5,1.7,41,0,0.0,0.0,0.0,0.0,0.0,0.0
2026-07-30T11:10:12.496,2046.281,126,close,ACTUATOR_ACTIVE,TRAJECTORY_RUNNING,24.0,43,20,7,2.54,43,0,0.0,0.0,0.0,0.0,0.0,0.0
2026-07-30T11:10:12.994,2046.781,126,close,ACTUATOR_ACTIVE,TRAJECTORY_RUNNING,24.0,43,24,9,0.51,43,0,0.0,0.0,0.0,0.0,0.0,0.0
2026-07-30T11:10:13.492,2047.266,126,close,ACTUATOR_ACTIVE,TRAJECTORY_RUNNING,24.0,43,28,7,1.47,43,0,0.0,0.0,0.0,0.0,0.0,0.0
2026-07-30T11:10:14.005,2047.781,126,close,ACTUATOR_ACTIVE,TRAJECTORY_RUNNING,24.0,43,30,0,3.37,43,0,0.0,0.0,0.0,0.0,0.0,0.0
2026-07-30T11:10:14.503,2048.281,126,close,ACTUATOR_ACTIVE,TRAJECTORY_RUNNING,24.0,43,30,0,2.42,43,0,0.0,0.0,0.0,0.0,0.0,0.0
2026-07-30T11:10:14.996,2048.781,126,close,ACTUATOR_ACTIVE,TRAJECTORY_RUNNING,24.0,43,30,0,1.94,43,0,0.0,0.0,0.0,0.0,0.0,0.0
2026-07-30T11:10:15.494,2049.281,126,close,ACTUATOR_ACTIVE,TRAJECTORY_RUNNING,24.0,43,30,0,2.0,43,0,0.0,0.0,0.0,0.0,0.0,0.0
2026-07-30T11:10:15.994,2049.781,126,close,ACTUATOR_ACTIVE,TRAJECTORY_RUNNING,24.0,43,30,0,1.8,43,0,0.0,0.0,0.0,0.0,0.0,0.0
2026-07-30T11:10:16.489,2050.266,126,close,ACTUATOR_ACTIVE,TRAJECTORY_RUNNING,24.0,47,30,0,1.92,47,0,0.0,0.0,0.0,0.0,0.0,0.0
2026-07-30T11:10:17.001,2050.781,126,close,ACTUATOR_ACTIVE,TRAJECTORY_RUNNING,24.0,47,30,0,1.94,47,0,0.0,0.0,0.0,0.0,0.0,0.0
2026-07-30T11:10:17.496,2051.281,126,close,ACTUATOR_ACTIVE,TRAJECTORY_RUNNING,24.0,47,30,0,2.14,47,0,0.0,0.0,0.0,0.0,0.0,0.0
2026-07-30T11:10:17.988,2051.766,126,close,ACTUATOR_ACTIVE,TRAJECTORY_STOPPED,24.0,47,30,1,2.13,47,0,0.0,0.0,0.0,0.0,0.0,0.0
2026-07-30T11:10:18.605,2052.391,126,open,ACTUATOR_ACTIVE,TRAJECTORY_RUNNING,24.0,47,30,0,0.87,47,0,0.0,0.0,0.0,0.0,0.0,0.0
2026-07-30T11:10:19.102,2052.875,126,open,ACTUATOR_ACTIVE,TRAJECTORY_RUNNING,24.0,47,26,-11,-1.93,47,0,0.0,0.0,0.0,0.0,0.0,0.0
2026-07-30T11:10:19.618,2053.391,126,open,ACTUATOR_ACTIVE,TRAJECTORY_RUNNING,24.0,47,20,-11,-1.09,47,0,0.0,0.0,0.0,0.0,0.0,0.0
2026-07-30T11:10:20.116,2053.891,126,open,ACTUATOR_ACTIVE,TRAJECTORY_RUNNING,24.0,47,14,-12,-3.44,47,0,0.0,0.0,0.0,0.0,0.0,0.0
2026-07-30T11:10:20.614,2054.391,126,open,ACTUATOR_ACTIVE,TRAJECTORY_COMPLETE,24.0,47,9,0,0.71,47,0,0.0,0.0,0.0,0.0,0.0,0.0
2026-07-30T11:10:21.116,2054.891,126,open,ACTUATOR_ACTIVE,TRAJECTORY_COMPLETE,24.0,47,10,0,0.28,47,0,0.0,0.0,0.0,0.0,0.0,0.0
2026-07-30T11:10:21.612,2055.391,126,open,ACTUATOR_ACTIVE,TRAJECTORY_COMPLETE,24.0,47,10,0,0.47,47,0,0.0,0.0,0.0,0.0,0.0,0.0
2026-07-30T11:10:22.111,2055.891,126,open,ACTUATOR_ACTIVE,TRAJECTORY_COMPLETE,24.0,47,10,0,1.32,47,0,0.0,0.0,0.0,0.0,0.0,0.0
2026-07-30T11:10:22.612,2056.391,126,open,ACTUATOR_ACTIVE,TRAJECTORY_COMPLETE,24.0,47,9,0,0.45,47,0,0.0,0.0,0.0,0.0,0.0,0.0
2026-07-30T11:10:23.111,2056.891,126,open,ACTUATOR_ACTIVE,TRAJECTORY_COMPLETE,24.0,47,9,1,0.22,47,0,0.0,0.0,0.0,0.0,0.0,0.0
2026-07-30T11:10:23.607,2057.391,126,open,ACTUATOR_ACTIVE,TRAJECTORY_COMPLETE,24.0,47,10,0,0.04,47,0,0.0,0.0,0.0,0.0,0.0,0.0
2026-07-30T11:10:24.108,2057.891,126,open,ACTUATOR_ACTIVE,TRAJECTORY_COMPLETE,24.0,47,10,0,0.43,47,0,0.0,0.0,0.0,0.0,0.0,0.0
2026-07-30T11:10:24.608,2058.391,126,open,ACTUATOR_ACTIVE,TRAJECTORY_COMPLETE,24.0,43,10,0,0.12,43,0,0.0,0.0,0.0,0.0,0.0,0.0
2026-07-30T11:10:25.104,2058.891,126,open,ACTUATOR_ACTIVE,TRAJECTORY_COMPLETE,24.0,43,10,0,-0.17,43,0,0.0,0.0,0.0,0.0,0.0,0.0
2026-07-30T11:10:25.601,2059.375,126,open,ACTUATOR_ACTIVE,TRAJECTORY_COMPLETE,24.0,43,10,0,0.32,43,0,0.0,0.0,0.0,0.0,0.0,0.0
2026-07-30T11:10:26.115,2059.891,126,open,ACTUATOR_ACTIVE,TRAJECTORY_COMPLETE,24.0,43,10,0,0.14,43,0,0.0,0.0,0.0,0.0,0.0,0.0
2026-07-30T11:10:26.720,2060.5,127,close,ACTUATOR_ACTIVE,TRAJECTORY_RUNNING,24.0,43,10,6,2.13,43,0,0.0,0.0,0.0,0.0,0.0,0.0
2026-07-30T11:10:27.212,2060.985,127,close,ACTUATOR_ACTIVE,TRAJECTORY_RUNNING,24.0,43,14,8,1.97,43,0,0.0,0.0,0.0,0.0,0.0,0.0
2026-07-30T11:10:27.724,2061.5,127,close,ACTUATOR_ACTIVE,TRAJECTORY_RUNNING,24.0,43,18,10,0.56,43,0,0.0,0.0,0.0,0.0,0.0,0.0
2026-07-30T11:10:28.221,2062.0,127,close,ACTUATOR_ACTIVE,TRAJECTORY_RUNNING,24.0,43,23,10,2.54,43,0,0.0,0.0,0.0,0.0,0.0,0.0
2026-07-30T11:10:28.713,2062.5,127,close,ACTUATOR_ACTIVE,TRAJECTORY_RUNNING,24.0,43,27,8,2.56,43,0,0.0,0.0,0.0,0.0,0.0,0.0
2026-07-30T11:10:29.205,2062.985,127,close,ACTUATOR_ACTIVE,TRAJECTORY_RUNNING,24.0,43,31,0,22.78,43,0,0.0,0.0,0.0,0.0,0.0,0.0
2026-07-30T11:10:29.718,2063.5,127,close,ACTUATOR_ACTIVE,TRAJECTORY_RUNNING,24.0,43,31,0,32.17,43,0,0.0,0.0,0.0,0.0,0.0,0.0
2026-07-30T11:10:30.214,2064.0,127,close,ACTUATOR_ACTIVE,TRAJECTORY_RUNNING,24.0,43,31,0,31.17,43,0,0.0,0.0,0.0,0.0,0.0,0.0
2026-07-30T11:10:30.710,2064.485,127,close,ACTUATOR_ACTIVE,TRAJECTORY_RUNNING,24.0,43,31,0,27.76,43,0,0.0,0.0,0.0,0.0,0.0,0.0
2026-07-30T11:10:31.221,2065.0,127,close,ACTUATOR_ACTIVE,TRAJECTORY_RUNNING,24.0,43,31,0,28.18,43,0,0.0,0.0,0.0,0.0,0.0,0.0
2026-07-30T11:10:31.718,2065.5,127,close,ACTUATOR_ACTIVE,TRAJECTORY_RUNNING,24.0,43,31,0,31.08,43,0,0.0,0.0,0.0,0.0,0.0,0.0
2026-07-30T11:10:32.216,2066.0,127,close,ACTUATOR_ACTIVE,TRAJECTORY_RUNNING,24.0,43,31,0,30.98,43,0,0.0,0.0,0.0,0.0,0.0,0.0
2026-07-30T11:10:32.714,2066.5,127,close,ACTUATOR_ACTIVE,TRAJECTORY_RUNNING,24.0,44,31,0,27.63,44,0,0.0,0.0,0.0,0.0,0.0,0.0
2026-07-30T11:10:33.211,2066.985,127,close,ACTUATOR_ACTIVE,TRAJECTORY_RUNNING,24.0,44,31,0,31.06,44,0,0.0,0.0,0.0,0.0,0.0,0.0
2026-07-30T11:10:33.722,2067.5,127,close,ACTUATOR_ACTIVE,TRAJECTORY_RUNNING,24.0,44,31,0,30.68,44,0,0.0,0.0,0.0,0.0,0.0,0.0
2026-07-30T11:10:34.218,2068.0,127,close,ACTUATOR_ACTIVE,TRAJECTORY_RUNNING,24.0,44,31,0,30.54,44,0,0.0,0.0,0.0,0.0,0.0,0.0
2026-07-30T11:10:34.826,2068.61,127,open,ACTUATOR_ACTIVE,TRAJECTORY_RUNNING,24.0,44,31,0,3.44,44,0,0.0,0.0,0.0,0.0,0.0,0.0
2026-07-30T11:10:35.319,2069.094,127,open,ACTUATOR_ACTIVE,TRAJECTORY_RUNNING,24.0,44,27,-10,-2.47,44,0,0.0,0.0,0.0,0.0,0.0,0.0
2026-07-30T11:10:35.831,2069.61,127,open,ACTUATOR_ACTIVE,TRAJECTORY_RUNNING,24.0,44,21,-12,-2.83,44,0,0.0,0.0,0.0,0.0,0.0,0.0
2026-07-30T11:10:36.330,2070.11,127,open,ACTUATOR_ACTIVE,TRAJECTORY_RUNNING,24.0,44,15,-12,-1.35,44,0,0.0,0.0,0.0,0.0,0.0,0.0
2026-07-30T11:10:36.819,2070.594,127,open,ACTUATOR_ACTIVE,TRAJECTORY_RUNNING,24.0,43,10,-13,-2.02,43,0,0.0,0.0,0.0,0.0,0.0,0.0
2026-07-30T11:10:37.329,2071.11,127,open,ACTUATOR_ACTIVE,TRAJECTORY_COMPLETE,24.0,43,9,0,0.63,43,0,0.0,0.0,0.0,0.0,0.0,0.0
2026-07-30T11:10:37.824,2071.61,127,open,ACTUATOR_ACTIVE,TRAJECTORY_COMPLETE,24.0,43,9,0,0.21,43,0,0.0,0.0,0.0,0.0,0.0,0.0
2026-07-30T11:10:38.314,2072.094,127,open,ACTUATOR_ACTIVE,TRAJECTORY_COMPLETE,24.0,43,10,0,0.35,43,0,0.0,0.0,0.0,0.0,0.0,0.0
2026-07-30T11:10:38.824,2072.61,127,open,ACTUATOR_ACTIVE,TRAJECTORY_COMPLETE,24.0,43,10,0,0.18,43,0,0.0,0.0,0.0,0.0,0.0,0.0
2026-07-30T11:10:39.311,2073.094,127,open,ACTUATOR_ACTIVE,TRAJECTORY_COMPLETE,24.0,43,10,0,0.72,43,0,0.0,0.0,0.0,0.0,0.0,0.0
2026-07-30T11:10:39.820,2073.594,127,open,ACTUATOR_ACTIVE,TRAJECTORY_COMPLETE,24.0,43,10,1,0.87,43,0,0.0,0.0,0.0,0.0,0.0,0.0
2026-07-30T11:10:40.333,2074.11,127,open,ACTUATOR_ACTIVE,TRAJECTORY_COMPLETE,24.0,43,9,0,0.22,43,0,0.0,0.0,0.0,0.0,0.0,0.0
2026-07-30T11:10:40.829,2074.61,127,open,ACTUATOR_ACTIVE,TRAJECTORY_COMPLETE,24.0,42,9,0,0.01,42,0,0.0,0.0,0.0,0.0,0.0,0.0
2026-07-30T11:10:41.321,2075.094,127,open,ACTUATOR_ACTIVE,TRAJECTORY_COMPLETE,24.0,42,10,0,0.51,42,0,0.0,0.0,0.0,0.0,0.0,0.0
2026-07-30T11:10:41.833,2075.61,127,open,ACTUATOR_ACTIVE,TRAJECTORY_COMPLETE,24.0,42,9,0,-0.03,42,0,0.0,0.0,0.0,0.0,0.0,0.0
2026-07-30T11:10:42.329,2076.11,127,open,ACTUATOR_ACTIVE,TRAJECTORY_COMPLETE,24.0,42,10,0,0.12,42,0,0.0,0.0,0.0,0.0,0.0,0.0
2026-07-30T11:10:42.933,2076.719,128,close,ACTUATOR_ACTIVE,TRAJECTORY_RUNNING,24.0,42,10,7,1.69,42,0,0.0,0.0,0.0,0.0,0.0,0.0
2026-07-30T11:10:43.430,2077.203,128,close,ACTUATOR_ACTIVE,TRAJECTORY_RUNNING,24.0,42,12,4,1.09,42,0,0.0,0.0,0.0,0.0,0.0,0.0
2026-07-30T11:10:43.946,2077.719,128,close,ACTUATOR_ACTIVE,TRAJECTORY_RUNNING,24.0,42,14,5,1.34,42,0,0.0,0.0,0.0,0.0,0.0,0.0
2026-07-30T11:10:44.438,2078.219,128,close,ACTUATOR_ACTIVE,TRAJECTORY_RUNNING,24.0,47,17,5,1.46,47,0,0.0,0.0,0.0,0.0,0.0,0.0
2026-07-30T11:10:44.927,2078.703,128,close,ACTUATOR_ACTIVE,TRAJECTORY_RUNNING,24.0,47,20,8,2.07,47,0,0.0,0.0,0.0,0.0,0.0,0.0
2026-07-30T11:10:45.433,2079.219,128,close,ACTUATOR_ACTIVE,TRAJECTORY_RUNNING,24.0,47,24,9,0.84,47,0,0.0,0.0,0.0,0.0,0.0,0.0
2026-07-30T11:10:45.931,2079.719,128,close,ACTUATOR_ACTIVE,TRAJECTORY_RUNNING,24.0,47,28,8,0.6,47,0,0.0,0.0,0.0,0.0,0.0,0.0
2026-07-30T11:10:46.426,2080.203,128,close,ACTUATOR_ACTIVE,TRAJECTORY_RUNNING,24.0,47,30,0,4.96,47,0,0.0,0.0,0.0,0.0,0.0,0.0
2026-07-30T11:10:46.941,2080.719,128,close,ACTUATOR_ACTIVE,TRAJECTORY_RUNNING,24.0,47,30,0,1.87,47,0,0.0,0.0,0.0,0.0,0.0,0.0
2026-07-30T11:10:47.444,2081.219,128,close,ACTUATOR_ACTIVE,TRAJECTORY_RUNNING,24.0,47,30,1,1.94,47,0,0.0,0.0,0.0,0.0,0.0,0.0
2026-07-30T11:10:47.945,2081.719,128,close,ACTUATOR_ACTIVE,TRAJECTORY_RUNNING,24.0,47,30,0,2.13,47,0,0.0,0.0,0.0,0.0,0.0,0.0
2026-07-30T11:10:48.444,2082.219,128,close,ACTUATOR_ACTIVE,TRAJECTORY_RUNNING,24.0,46,30,0,1.69,46,0,0.0,0.0,0.0,0.0,0.0,0.0
2026-07-30T11:10:48.944,2082.719,128,close,ACTUATOR_ACTIVE,TRAJECTORY_STOPPED,24.0,46,30,0,1.92,46,0,0.0,0.0,0.0,0.0,0.0,0.0
2026-07-30T11:10:49.445,2083.219,128,close,ACTUATOR_ACTIVE,TRAJECTORY_RUNNING,24.0,46,30,-1,2.12,46,0,0.0,0.0,0.0,0.0,0.0,0.0
2026-07-30T11:10:49.938,2083.719,128,close,ACTUATOR_ACTIVE,TRAJECTORY_RUNNING,24.0,46,30,0,2.63,46,0,0.0,0.0,0.0,0.0,0.0,0.0
2026-07-30T11:10:50.434,2084.219,128,close,ACTUATOR_ACTIVE,TRAJECTORY_STOPPED,24.0,46,30,0,1.49,46,0,0.0,0.0,0.0,0.0,0.0,0.0
2026-07-30T11:10:51.037,2084.813,128,open,ACTUATOR_ACTIVE,TRAJECTORY_RUNNING,24.0,46,30,0,1.02,46,0,0.0,0.0,0.0,0.0,0.0,0.0
2026-07-30T11:10:51.548,2085.328,128,open,ACTUATOR_ACTIVE,TRAJECTORY_RUNNING,24.0,46,25,-11,-1.41,46,0,0.0,0.0,0.0,0.0,0.0,0.0
2026-07-30T11:10:52.045,2085.828,128,open,ACTUATOR_ACTIVE,TRAJECTORY_RUNNING,24.0,46,20,-11,-2.55,46,0,0.0,0.0,0.0,0.0,0.0,0.0
2026-07-30T11:10:52.542,2086.328,128,open,ACTUATOR_ACTIVE,TRAJECTORY_RUNNING,24.0,44,14,-10,-1.61,44,0,0.0,0.0,0.0,0.0,0.0,0.0
2026-07-30T11:10:53.032,2086.813,128,open,ACTUATOR_ACTIVE,TRAJECTORY_COMPLETE,24.0,44,9,0,0.5,44,0,0.0,0.0,0.0,0.0,0.0,0.0
2026-07-30T11:10:53.539,2087.313,128,open,ACTUATOR_ACTIVE,TRAJECTORY_COMPLETE,24.0,44,9,0,0.57,44,0,0.0,0.0,0.0,0.0,0.0,0.0
2026-07-30T11:10:54.050,2087.828,128,open,ACTUATOR_ACTIVE,TRAJECTORY_COMPLETE,24.0,44,9,0,0.29,44,0,0.0,0.0,0.0,0.0,0.0,0.0
2026-07-30T11:10:54.543,2088.328,128,open,ACTUATOR_ACTIVE,TRAJECTORY_COMPLETE,24.0,44,9,0,0.16,44,0,0.0,0.0,0.0,0.0,0.0,0.0
2026-07-30T11:10:55.043,2088.828,128,open,ACTUATOR_ACTIVE,TRAJECTORY_COMPLETE,24.0,44,9,-1,-0.13,44,0,0.0,0.0,0.0,0.0,0.0,0.0
2026-07-30T11:10:55.542,2089.328,128,open,ACTUATOR_ACTIVE,TRAJECTORY_COMPLETE,24.0,44,9,0,0.3,44,0,0.0,0.0,0.0,0.0,0.0,0.0
2026-07-30T11:10:56.042,2089.828,128,open,ACTUATOR_ACTIVE,TRAJECTORY_COMPLETE,24.0,44,10,0,0.07,44,0,0.0,0.0,0.0,0.0,0.0,0.0
2026-07-30T11:10:56.538,2090.313,128,open,ACTUATOR_ACTIVE,TRAJECTORY_COMPLETE,24.0,42,10,0,-0.23,42,0,0.0,0.0,0.0,0.0,0.0,0.0
2026-07-30T11:10:57.049,2090.828,128,open,ACTUATOR_ACTIVE,TRAJECTORY_COMPLETE,24.0,42,10,0,0.19,42,0,0.0,0.0,0.0,0.0,0.0,0.0
2026-07-30T11:10:57.549,2091.328,128,open,ACTUATOR_ACTIVE,TRAJECTORY_COMPLETE,24.0,42,10,0,0.19,42,0,0.0,0.0,0.0,0.0,0.0,0.0
2026-07-30T11:10:58.045,2091.828,128,open,ACTUATOR_ACTIVE,TRAJECTORY_COMPLETE,24.0,42,10,0,0.06,42,0,0.0,0.0,0.0,0.0,0.0,0.0
2026-07-30T11:10:58.539,2092.313,128,open,ACTUATOR_ACTIVE,TRAJECTORY_COMPLETE,24.0,42,10,-1,-0.03,42,0,0.0,0.0,0.0,0.0,0.0,0.0
2026-07-30T11:10:59.164,2092.938,129,close,ACTUATOR_ACTIVE,TRAJECTORY_RUNNING,24.0,42,10,7,1.06,42,0,0.0,0.0,0.0,0.0,0.0,0.0
2026-07-30T11:10:59.678,2093.453,129,close,ACTUATOR_ACTIVE,TRAJECTORY_RUNNING,24.0,42,12,5,1.65,42,0,0.0,0.0,0.0,0.0,0.0,0.0
2026-07-30T11:11:00.177,2093.953,129,close,ACTUATOR_ACTIVE,TRAJECTORY_RUNNING,24.0,42,14,5,1.86,42,0,0.0,0.0,0.0,0.0,0.0,0.0
2026-07-30T11:11:00.675,2094.453,129,close,ACTUATOR_ACTIVE,TRAJECTORY_RUNNING,24.0,47,16,5,0.91,47,0,0.0,0.0,0.0,0.0,0.0,0.0
2026-07-30T11:11:01.168,2094.953,129,close,ACTUATOR_ACTIVE,TRAJECTORY_RUNNING,24.0,47,20,8,1.46,47,0,0.0,0.0,0.0,0.0,0.0,0.0
2026-07-30T11:11:01.664,2095.438,129,close,ACTUATOR_ACTIVE,TRAJECTORY_RUNNING,24.0,47,24,7,2.33,47,0,0.0,0.0,0.0,0.0,0.0,0.0
2026-07-30T11:11:02.172,2095.953,129,close,ACTUATOR_ACTIVE,TRAJECTORY_RUNNING,24.0,47,28,9,0.08,47,0,0.0,0.0,0.0,0.0,0.0,0.0
2026-07-30T11:11:02.666,2096.453,129,close,ACTUATOR_ACTIVE,TRAJECTORY_RUNNING,24.0,47,30,0,4.06,47,0,0.0,0.0,0.0,0.0,0.0,0.0
2026-07-30T11:11:03.158,2096.938,129,close,ACTUATOR_ACTIVE,TRAJECTORY_RUNNING,24.0,47,30,0,1.95,47,0,0.0,0.0,0.0,0.0,0.0,0.0
2026-07-30T11:11:03.667,2097.453,129,close,ACTUATOR_ACTIVE,TRAJECTORY_STOPPED,24.0,47,30,-1,1.79,47,0,0.0,0.0,0.0,0.0,0.0,0.0
2026-07-30T11:11:04.160,2097.938,129,close,ACTUATOR_ACTIVE,TRAJECTORY_RUNNING,24.0,47,30,0,1.86,47,0,0.0,0.0,0.0,0.0,0.0,0.0
2026-07-30T11:11:04.668,2098.453,129,close,ACTUATOR_ACTIVE,TRAJECTORY_RUNNING,24.0,43,30,-1,1.49,43,0,0.0,0.0,0.0,0.0,0.0,0.0
2026-07-30T11:11:05.161,2098.938,129,close,ACTUATOR_ACTIVE,TRAJECTORY_RUNNING,24.0,43,30,0,1.7,43,0,0.0,0.0,0.0,0.0,0.0,0.0
2026-07-30T11:11:05.672,2099.453,129,close,ACTUATOR_ACTIVE,TRAJECTORY_RUNNING,24.0,43,30,0,2.54,43,0,0.0,0.0,0.0,0.0,0.0,0.0
2026-07-30T11:11:06.167,2099.953,129,close,ACTUATOR_ACTIVE,TRAJECTORY_RUNNING,24.0,43,30,0,2.04,43,0,0.0,0.0,0.0,0.0,0.0,0.0
2026-07-30T11:11:06.666,2100.453,129,close,ACTUATOR_ACTIVE,TRAJECTORY_RUNNING,24.0,43,30,0,2.01,43,0,0.0,0.0,0.0,0.0,0.0,0.0
2026-07-30T11:11:07.268,2101.047,129,open,ACTUATOR_ACTIVE,TRAJECTORY_RUNNING,24.0,43,30,0,1.0,43,0,0.0,0.0,0.0,0.0,0.0,0.0
2026-07-30T11:11:07.783,2101.563,129,open,ACTUATOR_ACTIVE,TRAJECTORY_RUNNING,24.0,43,30,-1,-1.09,43,0,0.0,0.0,0.0,0.0,0.0,0.0
2026-07-30T11:11:08.276,2102.063,129,open,ACTUATOR_ACTIVE,TRAJECTORY_RUNNING,24.0,43,29,-2,-1.2,43,0,0.0,0.0,0.0,0.0,0.0,0.0
2026-07-30T11:11:08.771,2102.547,129,open,ACTUATOR_ACTIVE,TRAJECTORY_RUNNING,24.0,42,28,-1,-0.78,42,0,0.0,0.0,0.0,0.0,0.0,0.0
2026-07-30T11:11:09.283,2103.063,129,open,ACTUATOR_ACTIVE,TRAJECTORY_RUNNING,24.0,42,26,-4,-0.79,42,0,0.0,0.0,0.0,0.0,0.0,0.0
2026-07-30T11:11:09.778,2103.563,129,open,ACTUATOR_ACTIVE,TRAJECTORY_RUNNING,24.0,42,23,-6,-1.71,42,0,0.0,0.0,0.0,0.0,0.0,0.0
2026-07-30T11:11:10.273,2104.047,129,open,ACTUATOR_ACTIVE,TRAJECTORY_RUNNING,24.0,42,20,-8,-0.94,42,0,0.0,0.0,0.0,0.0,0.0,0.0
2026-07-30T11:11:10.789,2104.563,129,open,ACTUATOR_ACTIVE,TRAJECTORY_RUNNING,24.0,42,15,-9,-1.08,42,0,0.0,0.0,0.0,0.0,0.0,0.0
2026-07-30T11:11:11.281,2105.063,129,open,ACTUATOR_ACTIVE,TRAJECTORY_RUNNING,24.0,42,11,-9,-1.97,42,0,0.0,0.0,0.0,0.0,0.0,0.0
2026-07-30T11:11:11.775,2105.563,129,open,ACTUATOR_ACTIVE,TRAJECTORY_RUNNING,24.0,42,9,0,-1.99,42,0,0.0,0.0,0.0,0.0,0.0,0.0
2026-07-30T11:11:12.270,2106.047,129,open,ACTUATOR_ACTIVE,TRAJECTORY_RUNNING,24.0,42,9,0,0.14,42,0,0.0,0.0,0.0,0.0,0.0,0.0
2026-07-30T11:11:12.784,2106.563,129,open,ACTUATOR_ACTIVE,TRAJECTORY_RUNNING,24.0,43,9,0,1.24,43,0,0.0,0.0,0.0,0.0,0.0,0.0
2026-07-30T11:11:13.279,2107.063,129,open,ACTUATOR_ACTIVE,TRAJECTORY_RUNNING,24.0,43,9,0,1.31,43,0,0.0,0.0,0.0,0.0,0.0,0.0
2026-07-30T11:11:13.772,2107.547,129,open,ACTUATOR_ACTIVE,TRAJECTORY_RUNNING,24.0,43,9,0,1.18,43,0,0.0,0.0,0.0,0.0,0.0,0.0
2026-07-30T11:11:14.281,2108.063,129,open,ACTUATOR_ACTIVE,TRAJECTORY_RUNNING,24.0,43,9,1,0.81,43,0,0.0,0.0,0.0,0.0,0.0,0.0
2026-07-30T11:11:14.773,2108.547,129,open,ACTUATOR_ACTIVE,TRAJECTORY_COMPLETE,24.0,43,10,0,0.24,43,0,0.0,0.0,0.0,0.0,0.0,0.0
2026-07-30T11:11:15.392,2109.172,130,close,ACTUATOR_ACTIVE,TRAJECTORY_RUNNING,24.0,43,10,5,2.14,43,0,0.0,0.0,0.0,0.0,0.0,0.0
2026-07-30T11:11:15.887,2109.672,130,close,ACTUATOR_ACTIVE,TRAJECTORY_RUNNING,24.0,43,14,9,1.49,43,0,0.0,0.0,0.0,0.0,0.0,0.0
2026-07-30T11:11:16.384,2110.156,130,close,ACTUATOR_ACTIVE,TRAJECTORY_RUNNING,24.0,43,18,9,2.23,43,0,0.0,0.0,0.0,0.0,0.0,0.0
2026-07-30T11:11:16.895,2110.672,130,close,ACTUATOR_ACTIVE,TRAJECTORY_RUNNING,24.0,43,23,10,2.23,43,0,0.0,0.0,0.0,0.0,0.0,0.0
2026-07-30T11:11:17.393,2111.172,130,close,ACTUATOR_ACTIVE,TRAJECTORY_RUNNING,24.0,43,27,8,1.74,43,0,0.0,0.0,0.0,0.0,0.0,0.0
2026-07-30T11:11:17.887,2111.672,130,close,ACTUATOR_ACTIVE,TRAJECTORY_RUNNING,24.0,43,31,2,22.9,43,0,0.0,0.0,0.0,0.0,0.0,0.0
2026-07-30T11:11:18.389,2112.172,130,close,ACTUATOR_ACTIVE,TRAJECTORY_RUNNING,24.0,43,31,0,29.41,43,0,0.0,0.0,0.0,0.0,0.0,0.0
2026-07-30T11:11:18.887,2112.672,130,close,ACTUATOR_ACTIVE,TRAJECTORY_RUNNING,24.0,43,31,0,29.7,43,0,0.0,0.0,0.0,0.0,0.0,0.0
2026-07-30T11:11:19.382,2113.156,130,close,ACTUATOR_ACTIVE,TRAJECTORY_RUNNING,24.0,43,31,0,31.28,43,0,0.0,0.0,0.0,0.0,0.0,0.0
2026-07-30T11:11:19.893,2113.672,130,close,ACTUATOR_ACTIVE,TRAJECTORY_RUNNING,24.0,43,31,0,30.26,43,0,0.0,0.0,0.0,0.0,0.0,0.0
2026-07-30T11:11:20.390,2114.172,130,close,ACTUATOR_ACTIVE,TRAJECTORY_RUNNING,24.0,39,31,0,31.25,39,0,0.0,0.0,0.0,0.0,0.0,0.0
2026-07-30T11:11:20.888,2114.672,130,close,ACTUATOR_ACTIVE,TRAJECTORY_RUNNING,24.0,39,31,0,28.56,39,0,0.0,0.0,0.0,0.0,0.0,0.0
2026-07-30T11:11:21.376,2115.156,130,close,ACTUATOR_ACTIVE,TRAJECTORY_RUNNING,24.0,39,31,0,30.29,39,0,0.0,0.0,0.0,0.0,0.0,0.0
2026-07-30T11:11:21.887,2115.672,130,close,ACTUATOR_ACTIVE,TRAJECTORY_RUNNING,24.0,39,31,0,29.26,39,0,0.0,0.0,0.0,0.0,0.0,0.0
2026-07-30T11:11:22.383,2116.156,130,close,ACTUATOR_ACTIVE,TRAJECTORY_RUNNING,24.0,39,31,0,29.25,39,0,0.0,0.0,0.0,0.0,0.0,0.0
2026-07-30T11:11:22.893,2116.672,130,close,ACTUATOR_ACTIVE,TRAJECTORY_RUNNING,24.0,39,31,0,29.67,39,0,0.0,0.0,0.0,0.0,0.0,0.0
2026-07-30T11:11:23.499,2117.281,130,open,ACTUATOR_ACTIVE,TRAJECTORY_RUNNING,24.0,39,31,-2,5.07,39,0,0.0,0.0,0.0,0.0,0.0,0.0
2026-07-30T11:11:23.995,2117.781,130,open,ACTUATOR_ACTIVE,TRAJECTORY_RUNNING,24.0,39,27,-10,-2.46,39,0,0.0,0.0,0.0,0.0,0.0,0.0
2026-07-30T11:11:24.491,2118.266,130,open,ACTUATOR_ACTIVE,TRAJECTORY_RUNNING,24.0,48,21,-11,-0.69,48,0,0.0,0.0,0.0,0.0,0.0,0.0
2026-07-30T11:11:24.995,2118.781,130,open,ACTUATOR_ACTIVE,TRAJECTORY_RUNNING,24.0,48,15,-11,-2.2,48,0,0.0,0.0,0.0,0.0,0.0,0.0
2026-07-30T11:11:25.494,2119.281,130,open,ACTUATOR_ACTIVE,TRAJECTORY_RUNNING,24.0,48,10,-12,-3.74,48,0,0.0,0.0,0.0,0.0,0.0,0.0
2026-07-30T11:11:25.988,2119.766,130,open,ACTUATOR_ACTIVE,TRAJECTORY_COMPLETE,24.0,48,9,0,0.38,48,0,0.0,0.0,0.0,0.0,0.0,0.0
2026-07-30T11:11:26.504,2120.281,130,open,ACTUATOR_ACTIVE,TRAJECTORY_COMPLETE,24.0,48,9,1,0.88,48,0,0.0,0.0,0.0,0.0,0.0,0.0
2026-07-30T11:11:27.001,2120.781,130,open,ACTUATOR_ACTIVE,TRAJECTORY_COMPLETE,24.0,48,10,0,-0.07,48,0,0.0,0.0,0.0,0.0,0.0,0.0
2026-07-30T11:11:27.497,2121.281,130,open,ACTUATOR_ACTIVE,TRAJECTORY_COMPLETE,24.0,48,10,0,0.22,48,0,0.0,0.0,0.0,0.0,0.0,0.0
2026-07-30T11:11:27.994,2121.781,130,open,ACTUATOR_ACTIVE,TRAJECTORY_COMPLETE,24.0,48,10,0,0.08,48,0,0.0,0.0,0.0,0.0,0.0,0.0
2026-07-30T11:11:28.495,2122.281,130,open,ACTUATOR_ACTIVE,TRAJECTORY_COMPLETE,24.0,45,10,0,0.01,45,0,0.0,0.0,0.0,0.0,0.0,0.0
2026-07-30T11:11:28.995,2122.781,130,open,ACTUATOR_ACTIVE,TRAJECTORY_COMPLETE,24.0,45,10,0,0.21,45,0,0.0,0.0,0.0,0.0,0.0,0.0
2026-07-30T11:11:29.496,2123.281,130,open,ACTUATOR_ACTIVE,TRAJECTORY_COMPLETE,24.0,45,10,0,0.17,45,0,0.0,0.0,0.0,0.0,0.0,0.0
2026-07-30T11:11:29.996,2123.781,130,open,ACTUATOR_ACTIVE,TRAJECTORY_COMPLETE,24.0,45,10,0,0.01,45,0,0.0,0.0,0.0,0.0,0.0,0.0
2026-07-30T11:11:30.493,2124.266,130,open,ACTUATOR_ACTIVE,TRAJECTORY_COMPLETE,24.0,45,9,0,0.03,45,0,0.0,0.0,0.0,0.0,0.0,0.0
2026-07-30T11:11:31.005,2124.781,130,open,ACTUATOR_ACTIVE,TRAJECTORY_COMPLETE,24.0,45,9,-1,0.16,45,0,0.0,0.0,0.0,0.0,0.0,0.0
2026-07-30T11:11:31.608,2125.391,131,close,ACTUATOR_ACTIVE,TRAJECTORY_RUNNING,24.0,45,10,8,1.11,45,0,0.0,0.0,0.0,0.0,0.0,0.0
2026-07-30T11:11:32.104,2125.891,131,close,ACTUATOR_ACTIVE,TRAJECTORY_RUNNING,24.0,45,14,9,2.6,45,0,0.0,0.0,0.0,0.0,0.0,0.0
2026-07-30T11:11:32.602,2126.375,131,close,ACTUATOR_ACTIVE,TRAJECTORY_RUNNING,24.0,45,19,8,2.35,45,0,0.0,0.0,0.0,0.0,0.0,0.0
2026-07-30T11:11:33.113,2126.891,131,close,ACTUATOR_ACTIVE,TRAJECTORY_RUNNING,24.0,45,23,8,1.96,45,0,0.0,0.0,0.0,0.0,0.0,0.0
2026-07-30T11:11:33.609,2127.391,131,close,ACTUATOR_ACTIVE,TRAJECTORY_RUNNING,24.0,45,28,9,2.02,45,0,0.0,0.0,0.0,0.0,0.0,0.0
2026-07-30T11:11:34.106,2127.891,131,close,ACTUATOR_ACTIVE,TRAJECTORY_RUNNING,24.0,45,31,3,23.09,45,0,0.0,0.0,0.0,0.0,0.0,0.0
2026-07-30T11:11:34.605,2128.391,131,close,ACTUATOR_ACTIVE,TRAJECTORY_STOPPED,24.0,45,31,1,29.75,45,0,0.0,0.0,0.0,0.0,0.0,0.0
2026-07-30T11:11:35.101,2128.875,131,close,ACTUATOR_ACTIVE,TRAJECTORY_RUNNING,24.0,45,31,0,30.79,45,0,0.0,0.0,0.0,0.0,0.0,0.0
2026-07-30T11:11:35.614,2129.391,131,close,ACTUATOR_ACTIVE,TRAJECTORY_RUNNING,24.0,45,31,0,26.87,45,0,0.0,0.0,0.0,0.0,0.0,0.0
2026-07-30T11:11:36.114,2129.891,131,close,ACTUATOR_ACTIVE,TRAJECTORY_RUNNING,24.0,45,31,0,28.34,45,0,0.0,0.0,0.0,0.0,0.0,0.0
2026-07-30T11:11:36.610,2130.391,131,close,ACTUATOR_ACTIVE,TRAJECTORY_RUNNING,24.0,46,31,0,31.86,46,0,0.0,0.0,0.0,0.0,0.0,0.0
2026-07-30T11:11:37.108,2130.891,131,close,ACTUATOR_ACTIVE,TRAJECTORY_RUNNING,24.0,46,31,0,28.13,46,0,0.0,0.0,0.0,0.0,0.0,0.0
2026-07-30T11:11:37.610,2131.391,131,close,ACTUATOR_ACTIVE,TRAJECTORY_RUNNING,24.0,46,31,0,30.9,46,0,0.0,0.0,0.0,0.0,0.0,0.0
2026-07-30T11:11:38.110,2131.891,131,close,ACTUATOR_ACTIVE,TRAJECTORY_RUNNING,24.0,46,31,0,29.39,46,0,0.0,0.0,0.0,0.0,0.0,0.0
2026-07-30T11:11:38.610,2132.391,131,close,ACTUATOR_ACTIVE,TRAJECTORY_RUNNING,24.0,46,31,0,32.11,46,0,0.0,0.0,0.0,0.0,0.0,0.0
2026-07-30T11:11:39.113,2132.891,131,close,ACTUATOR_ACTIVE,TRAJECTORY_RUNNING,24.0,46,31,0,28.27,46,0,0.0,0.0,0.0,0.0,0.0,0.0
2026-07-30T11:11:39.721,2133.5,131,open,ACTUATOR_ACTIVE,TRAJECTORY_RUNNING,24.0,46,31,-1,4.03,46,0,0.0,0.0,0.0,0.0,0.0,0.0
2026-07-30T11:11:40.221,2134.0,131,open,ACTUATOR_ACTIVE,TRAJECTORY_RUNNING,24.0,46,30,-2,0.49,46,0,0.0,0.0,0.0,0.0,0.0,0.0
2026-07-30T11:11:40.715,2134.5,131,open,ACTUATOR_ACTIVE,TRAJECTORY_RUNNING,24.0,43,30,-2,-0.43,43,0,0.0,0.0,0.0,0.0,0.0,0.0
2026-07-30T11:11:41.215,2135.0,131,open,ACTUATOR_ACTIVE,TRAJECTORY_RUNNING,24.0,43,28,-2,-1.12,43,0,0.0,0.0,0.0,0.0,0.0,0.0
2026-07-30T11:11:41.713,2135.5,131,open,ACTUATOR_ACTIVE,TRAJECTORY_RUNNING,24.0,43,27,-6,-1.51,43,0,0.0,0.0,0.0,0.0,0.0,0.0
2026-07-30T11:11:42.211,2135.985,131,open,ACTUATOR_ACTIVE,TRAJECTORY_RUNNING,24.0,43,24,-8,-1.92,43,0,0.0,0.0,0.0,0.0,0.0,0.0
2026-07-30T11:11:42.717,2136.5,131,open,ACTUATOR_ACTIVE,TRAJECTORY_RUNNING,24.0,43,20,-8,-1.68,43,0,0.0,0.0,0.0,0.0,0.0,0.0
2026-07-30T11:11:43.209,2136.985,131,open,ACTUATOR_ACTIVE,TRAJECTORY_RUNNING,24.0,43,15,-9,-2.03,43,0,0.0,0.0,0.0,0.0,0.0,0.0
2026-07-30T11:11:43.725,2137.5,131,open,ACTUATOR_ACTIVE,TRAJECTORY_RUNNING,24.0,43,11,-8,-2.69,43,0,0.0,0.0,0.0,0.0,0.0,0.0
2026-07-30T11:11:44.224,2138.0,131,open,ACTUATOR_ACTIVE,TRAJECTORY_RUNNING,24.0,43,9,0,-1.29,43,0,0.0,0.0,0.0,0.0,0.0,0.0
2026-07-30T11:11:44.718,2138.5,131,open,ACTUATOR_ACTIVE,TRAJECTORY_RUNNING,24.0,40,9,0,0.1,40,0,0.0,0.0,0.0,0.0,0.0,0.0
2026-07-30T11:11:45.217,2139.0,131,open,ACTUATOR_ACTIVE,TRAJECTORY_RUNNING,24.0,40,9,1,1.24,40,0,0.0,0.0,0.0,0.0,0.0,0.0
2026-07-30T11:11:45.711,2139.485,131,open,ACTUATOR_ACTIVE,TRAJECTORY_RUNNING,24.0,40,9,0,1.51,40,0,0.0,0.0,0.0,0.0,0.0,0.0
2026-07-30T11:11:46.220,2140.0,131,open,ACTUATOR_ACTIVE,TRAJECTORY_RUNNING,24.0,40,9,0,2.0,40,0,0.0,0.0,0.0,0.0,0.0,0.0
2026-07-30T11:11:46.716,2140.5,131,open,ACTUATOR_ACTIVE,TRAJECTORY_RUNNING,24.0,40,9,1,1.05,40,0,0.0,0.0,0.0,0.0,0.0,0.0
2026-07-30T11:11:47.209,2140.985,131,open,ACTUATOR_ACTIVE,TRAJECTORY_COMPLETE,24.0,40,10,0,0.32,40,0,0.0,0.0,0.0,0.0,0.0,0.0
2026-07-30T11:11:47.829,2141.61,132,close,ACTUATOR_ACTIVE,TRAJECTORY_RUNNING,24.0,40,10,5,2.61,40,0,0.0,0.0,0.0,0.0,0.0,0.0
2026-07-30T11:11:48.344,2142.125,132,close,ACTUATOR_ACTIVE,TRAJECTORY_RUNNING,24.0,40,14,8,2.39,40,0,0.0,0.0,0.0,0.0,0.0,0.0
2026-07-30T11:11:48.841,2142.625,132,close,ACTUATOR_ACTIVE,TRAJECTORY_RUNNING,24.0,45,18,8,1.25,45,0,0.0,0.0,0.0,0.0,0.0,0.0
2026-07-30T11:11:49.339,2143.125,132,close,ACTUATOR_ACTIVE,TRAJECTORY_RUNNING,24.0,45,23,10,1.96,45,0,0.0,0.0,0.0,0.0,0.0,0.0
2026-07-30T11:11:49.836,2143.61,132,close,ACTUATOR_ACTIVE,TRAJECTORY_RUNNING,24.0,45,27,10,1.47,45,0,0.0,0.0,0.0,0.0,0.0,0.0
2026-07-30T11:11:50.350,2144.125,132,close,ACTUATOR_ACTIVE,TRAJECTORY_RUNNING,24.0,45,31,2,23.4,45,0,0.0,0.0,0.0,0.0,0.0,0.0
2026-07-30T11:11:50.847,2144.625,132,close,ACTUATOR_ACTIVE,TRAJECTORY_RUNNING,24.0,45,31,0,31.31,45,0,0.0,0.0,0.0,0.0,0.0,0.0
2026-07-30T11:11:51.337,2145.11,132,close,ACTUATOR_ACTIVE,TRAJECTORY_RUNNING,24.0,45,31,1,29.35,45,0,0.0,0.0,0.0,0.0,0.0,0.0
2026-07-30T11:11:51.847,2145.625,132,close,ACTUATOR_ACTIVE,TRAJECTORY_RUNNING,24.0,45,31,0,31.19,45,0,0.0,0.0,0.0,0.0,0.0,0.0
2026-07-30T11:11:52.345,2146.125,132,close,ACTUATOR_ACTIVE,TRAJECTORY_RUNNING,24.0,45,31,0,30.92,45,0,0.0,0.0,0.0,0.0,0.0,0.0
2026-07-30T11:11:52.844,2146.625,132,close,ACTUATOR_ACTIVE,TRAJECTORY_RUNNING,24.0,43,31,-1,29.88,43,0,0.0,0.0,0.0,0.0,0.0,0.0
2026-07-30T11:11:53.340,2147.125,132,close,ACTUATOR_ACTIVE,TRAJECTORY_RUNNING,24.0,43,31,0,30.0,43,0,0.0,0.0,0.0,0.0,0.0,0.0
2026-07-30T11:11:53.840,2147.625,132,close,ACTUATOR_ACTIVE,TRAJECTORY_RUNNING,24.0,43,31,0,30.82,43,0,0.0,0.0,0.0,0.0,0.0,0.0
2026-07-30T11:11:54.338,2148.125,132,close,ACTUATOR_ACTIVE,TRAJECTORY_RUNNING,24.0,43,31,0,29.67,43,0,0.0,0.0,0.0,0.0,0.0,0.0
2026-07-30T11:11:54.838,2148.625,132,close,ACTUATOR_ACTIVE,TRAJECTORY_RUNNING,24.0,43,31,0,30.99,43,0,0.0,0.0,0.0,0.0,0.0,0.0
2026-07-30T11:11:55.332,2149.11,132,close,ACTUATOR_ACTIVE,TRAJECTORY_RUNNING,24.0,43,31,-1,28.85,43,0,0.0,0.0,0.0,0.0,0.0,0.0
2026-07-30T11:11:55.954,2149.735,132,open,ACTUATOR_ACTIVE,TRAJECTORY_RUNNING,24.0,43,31,-1,4.51,43,0,0.0,0.0,0.0,0.0,0.0,0.0
2026-07-30T11:11:56.452,2150.235,132,open,ACTUATOR_ACTIVE,TRAJECTORY_RUNNING,24.0,45,27,-10,-1.54,45,0,0.0,0.0,0.0,0.0,0.0,0.0
2026-07-30T11:11:56.945,2150.719,132,open,ACTUATOR_ACTIVE,TRAJECTORY_RUNNING,24.0,45,21,-12,-1.72,45,0,0.0,0.0,0.0,0.0,0.0,0.0
2026-07-30T11:11:57.459,2151.235,132,open,ACTUATOR_ACTIVE,TRAJECTORY_RUNNING,24.0,45,15,-13,-1.37,45,0,0.0,0.0,0.0,0.0,0.0,0.0
2026-07-30T11:11:57.951,2151.735,132,open,ACTUATOR_ACTIVE,TRAJECTORY_RUNNING,24.0,45,10,-12,-1.48,45,0,0.0,0.0,0.0,0.0,0.0,0.0
2026-07-30T11:11:58.446,2152.219,132,open,ACTUATOR_ACTIVE,TRAJECTORY_COMPLETE,24.0,45,9,0,0.13,45,0,0.0,0.0,0.0,0.0,0.0,0.0
2026-07-30T11:11:58.957,2152.735,132,open,ACTUATOR_ACTIVE,TRAJECTORY_COMPLETE,24.0,45,10,0,2.13,45,0,0.0,0.0,0.0,0.0,0.0,0.0
2026-07-30T11:11:59.449,2153.235,132,open,ACTUATOR_ACTIVE,TRAJECTORY_COMPLETE,24.0,45,10,-1,-0.13,45,0,0.0,0.0,0.0,0.0,0.0,0.0
2026-07-30T11:11:59.943,2153.719,132,open,ACTUATOR_ACTIVE,TRAJECTORY_COMPLETE,24.0,45,10,0,0.14,45,0,0.0,0.0,0.0,0.0,0.0,0.0
2026-07-30T11:12:00.456,2154.235,132,open,ACTUATOR_ACTIVE,TRAJECTORY_COMPLETE,24.0,47,10,0,0.02,47,0,0.0,0.0,0.0,0.0,0.0,0.0
2026-07-30T11:12:00.953,2154.735,132,open,ACTUATOR_ACTIVE,TRAJECTORY_COMPLETE,24.0,47,10,0,0.28,47,0,0.0,0.0,0.0,0.0,0.0,0.0
2026-07-30T11:12:01.449,2155.235,132,open,ACTUATOR_ACTIVE,TRAJECTORY_COMPLETE,24.0,47,10,0,0.36,47,0,0.0,0.0,0.0,0.0,0.0,0.0
2026-07-30T11:12:01.943,2155.719,132,open,ACTUATOR_ACTIVE,TRAJECTORY_COMPLETE,24.0,47,10,0,-0.23,47,0,0.0,0.0,0.0,0.0,0.0,0.0
2026-07-30T11:12:02.454,2156.235,132,open,ACTUATOR_ACTIVE,TRAJECTORY_COMPLETE,24.0,47,9,0,-0.06,47,0,0.0,0.0,0.0,0.0,0.0,0.0
2026-07-30T11:12:02.949,2156.735,132,open,ACTUATOR_ACTIVE,TRAJECTORY_COMPLETE,24.0,47,10,0,0.07,47,0,0.0,0.0,0.0,0.0,0.0,0.0
2026-07-30T11:12:03.443,2157.219,132,open,ACTUATOR_ACTIVE,TRAJECTORY_COMPLETE,24.0,47,10,1,-0.11,47,0,0.0,0.0,0.0,0.0,0.0,0.0
2026-07-30T11:12:04.067,2157.844,133,close,ACTUATOR_ACTIVE,TRAJECTORY_RUNNING,24.0,47,10,7,2.06,47,0,0.0,0.0,0.0,0.0,0.0,0.0
2026-07-30T11:12:04.564,2158.344,133,close,ACTUATOR_ACTIVE,TRAJECTORY_RUNNING,24.0,45,12,2,1.89,45,0,0.0,0.0,0.0,0.0,0.0,0.0
2026-07-30T11:12:05.064,2158.844,133,close,ACTUATOR_ACTIVE,TRAJECTORY_RUNNING,24.0,45,14,3,3.25,45,0,0.0,0.0,0.0,0.0,0.0,0.0
2026-07-30T11:12:05.565,2159.344,133,close,ACTUATOR_ACTIVE,TRAJECTORY_RUNNING,24.0,45,16,7,1.91,45,0,0.0,0.0,0.0,0.0,0.0,0.0
2026-07-30T11:12:06.061,2159.844,133,close,ACTUATOR_ACTIVE,TRAJECTORY_RUNNING,24.0,45,19,7,2.41,45,0,0.0,0.0,0.0,0.0,0.0,0.0
2026-07-30T11:12:06.558,2160.344,133,close,ACTUATOR_ACTIVE,TRAJECTORY_RUNNING,24.0,45,23,9,1.84,45,0,0.0,0.0,0.0,0.0,0.0,0.0
2026-07-30T11:12:07.054,2160.828,133,close,ACTUATOR_ACTIVE,TRAJECTORY_RUNNING,24.0,45,27,10,2.87,45,0,0.0,0.0,0.0,0.0,0.0,0.0
2026-07-30T11:12:07.566,2161.344,133,close,ACTUATOR_ACTIVE,TRAJECTORY_RUNNING,24.0,45,30,1,4.56,45,0,0.0,0.0,0.0,0.0,0.0,0.0
2026-07-30T11:12:08.060,2161.844,133,close,ACTUATOR_ACTIVE,TRAJECTORY_RUNNING,24.0,45,30,0,2.03,45,0,0.0,0.0,0.0,0.0,0.0,0.0
2026-07-30T11:12:08.554,2162.328,133,close,ACTUATOR_ACTIVE,TRAJECTORY_RUNNING,24.0,44,30,0,1.45,44,0,0.0,0.0,0.0,0.0,0.0,0.0
2026-07-30T11:12:09.064,2162.844,133,close,ACTUATOR_ACTIVE,TRAJECTORY_STOPPED,24.0,44,30,-1,2.14,44,0,0.0,0.0,0.0,0.0,0.0,0.0
2026-07-30T11:12:09.560,2163.344,133,close,ACTUATOR_ACTIVE,TRAJECTORY_RUNNING,24.0,44,30,0,1.96,44,0,0.0,0.0,0.0,0.0,0.0,0.0
2026-07-30T11:12:10.059,2163.844,133,close,ACTUATOR_ACTIVE,TRAJECTORY_RUNNING,24.0,44,30,0,1.96,44,0,0.0,0.0,0.0,0.0,0.0,0.0
2026-07-30T11:12:10.554,2164.328,133,close,ACTUATOR_ACTIVE,TRAJECTORY_RUNNING,24.0,44,30,0,1.43,44,0,0.0,0.0,0.0,0.0,0.0,0.0
2026-07-30T11:12:11.067,2164.844,133,close,ACTUATOR_ACTIVE,TRAJECTORY_RUNNING,24.0,44,30,0,1.74,44,0,0.0,0.0,0.0,0.0,0.0,0.0
2026-07-30T11:12:11.562,2165.344,133,close,ACTUATOR_ACTIVE,TRAJECTORY_RUNNING,24.0,44,30,0,2.38,44,0,0.0,0.0,0.0,0.0,0.0,0.0
2026-07-30T11:12:12.165,2165.938,133,open,ACTUATOR_ACTIVE,TRAJECTORY_RUNNING,24.0,44,30,0,0.84,44,0,0.0,0.0,0.0,0.0,0.0,0.0
2026-07-30T11:12:12.677,2166.453,133,open,ACTUATOR_ACTIVE,TRAJECTORY_RUNNING,24.0,45,26,-11,-1.79,45,0,0.0,0.0,0.0,0.0,0.0,0.0
2026-07-30T11:12:13.177,2166.953,133,open,ACTUATOR_ACTIVE,TRAJECTORY_RUNNING,24.0,45,20,-12,-1.37,45,0,0.0,0.0,0.0,0.0,0.0,0.0
2026-07-30T11:12:13.671,2167.453,133,open,ACTUATOR_ACTIVE,TRAJECTORY_RUNNING,24.0,45,14,-11,-1.73,45,0,0.0,0.0,0.0,0.0,0.0,0.0
2026-07-30T11:12:14.172,2167.953,133,open,ACTUATOR_ACTIVE,TRAJECTORY_COMPLETE,24.0,45,9,0,1.12,45,0,0.0,0.0,0.0,0.0,0.0,0.0
2026-07-30T11:12:14.670,2168.453,133,open,ACTUATOR_ACTIVE,TRAJECTORY_COMPLETE,24.0,45,10,0,1.55,45,0,0.0,0.0,0.0,0.0,0.0,0.0
2026-07-30T11:12:15.168,2168.953,133,open,ACTUATOR_ACTIVE,TRAJECTORY_COMPLETE,24.0,45,9,1,0.73,45,0,0.0,0.0,0.0,0.0,0.0,0.0
2026-07-30T11:12:15.668,2169.453,133,open,ACTUATOR_ACTIVE,TRAJECTORY_COMPLETE,24.0,45,9,-1,0.51,45,0,0.0,0.0,0.0,0.0,0.0,0.0
2026-07-30T11:12:16.164,2169.938,133,open,ACTUATOR_ACTIVE,TRAJECTORY_COMPLETE,24.0,45,9,0,0.03,45,0,0.0,0.0,0.0,0.0,0.0,0.0
2026-07-30T11:12:16.676,2170.453,133,open,ACTUATOR_ACTIVE,TRAJECTORY_COMPLETE,24.0,46,9,0,-0.77,46,0,0.0,0.0,0.0,0.0,0.0,0.0
2026-07-30T11:12:17.173,2170.953,133,open,ACTUATOR_ACTIVE,TRAJECTORY_COMPLETE,24.0,46,9,0,-0.49,46,0,0.0,0.0,0.0,0.0,0.0,0.0
2026-07-30T11:12:17.670,2171.453,133,open,ACTUATOR_ACTIVE,TRAJECTORY_COMPLETE,24.0,46,10,0,1.28,46,0,0.0,0.0,0.0,0.0,0.0,0.0
2026-07-30T11:12:18.169,2171.953,133,open,ACTUATOR_ACTIVE,TRAJECTORY_COMPLETE,24.0,46,9,-1,0.15,46,0,0.0,0.0,0.0,0.0,0.0,0.0
2026-07-30T11:12:18.667,2172.453,133,open,ACTUATOR_ACTIVE,TRAJECTORY_COMPLETE,24.0,46,10,0,0.35,46,0,0.0,0.0,0.0,0.0,0.0,0.0
2026-07-30T11:12:19.163,2172.938,133,open,ACTUATOR_ACTIVE,TRAJECTORY_COMPLETE,24.0,46,9,0,-0.08,46,0,0.0,0.0,0.0,0.0,0.0,0.0
2026-07-30T11:12:19.675,2173.453,133,open,ACTUATOR_ACTIVE,TRAJECTORY_COMPLETE,24.0,46,9,0,-0.38,46,0,0.0,0.0,0.0,0.0,0.0,0.0
2026-07-30T11:12:20.286,2174.063,134,close,ACTUATOR_ACTIVE,TRAJECTORY_RUNNING,24.0,46,10,8,1.23,46,0,0.0,0.0,0.0,0.0,0.0,0.0
2026-07-30T11:12:20.782,2174.563,134,close,ACTUATOR_ACTIVE,TRAJECTORY_RUNNING,24.0,45,12,5,1.96,45,0,0.0,0.0,0.0,0.0,0.0,0.0
2026-07-30T11:12:21.280,2175.063,134,close,ACTUATOR_ACTIVE,TRAJECTORY_RUNNING,24.0,45,14,2,1.98,45,0,0.0,0.0,0.0,0.0,0.0,0.0
2026-07-30T11:12:21.776,2175.563,134,close,ACTUATOR_ACTIVE,TRAJECTORY_RUNNING,24.0,45,17,6,1.04,45,0,0.0,0.0,0.0,0.0,0.0,0.0
2026-07-30T11:12:22.272,2176.047,134,close,ACTUATOR_ACTIVE,TRAJECTORY_RUNNING,24.0,45,21,8,1.21,45,0,0.0,0.0,0.0,0.0,0.0,0.0
2026-07-30T11:12:22.787,2176.563,134,close,ACTUATOR_ACTIVE,TRAJECTORY_RUNNING,24.0,45,25,8,1.53,45,0,0.0,0.0,0.0,0.0,0.0,0.0
2026-07-30T11:12:23.286,2177.063,134,close,ACTUATOR_ACTIVE,TRAJECTORY_RUNNING,24.0,45,29,8,3.77,45,0,0.0,0.0,0.0,0.0,0.0,0.0
2026-07-30T11:12:23.784,2177.563,134,close,ACTUATOR_ACTIVE,TRAJECTORY_RUNNING,24.0,45,30,1,2.49,45,0,0.0,0.0,0.0,0.0,0.0,0.0
2026-07-30T11:12:24.283,2178.063,134,close,ACTUATOR_ACTIVE,TRAJECTORY_RUNNING,24.0,45,30,0,2.28,45,0,0.0,0.0,0.0,0.0,0.0,0.0
2026-07-30T11:12:24.778,2178.563,134,close,ACTUATOR_ACTIVE,TRAJECTORY_RUNNING,24.0,44,30,-1,1.88,44,0,0.0,0.0,0.0,0.0,0.0,0.0
2026-07-30T11:12:25.272,2179.047,134,close,ACTUATOR_ACTIVE,TRAJECTORY_RUNNING,24.0,44,30,0,1.43,44,0,0.0,0.0,0.0,0.0,0.0,0.0
2026-07-30T11:12:25.781,2179.563,134,close,ACTUATOR_ACTIVE,TRAJECTORY_RUNNING,24.0,44,30,0,1.28,44,0,0.0,0.0,0.0,0.0,0.0,0.0
2026-07-30T11:12:26.275,2180.063,134,close,ACTUATOR_ACTIVE,TRAJECTORY_RUNNING,24.0,44,30,0,2.57,44,0,0.0,0.0,0.0,0.0,0.0,0.0
2026-07-30T11:12:26.772,2180.547,134,close,ACTUATOR_ACTIVE,TRAJECTORY_RUNNING,24.0,44,30,0,1.89,44,0,0.0,0.0,0.0,0.0,0.0,0.0
2026-07-30T11:12:27.288,2181.063,134,close,ACTUATOR_ACTIVE,TRAJECTORY_RUNNING,24.0,44,30,0,2.51,44,0,0.0,0.0,0.0,0.0,0.0,0.0
2026-07-30T11:12:27.781,2181.563,134,close,ACTUATOR_ACTIVE,TRAJECTORY_RUNNING,24.0,44,30,0,1.91,44,0,0.0,0.0,0.0,0.0,0.0,0.0
2026-07-30T11:12:28.385,2182.172,134,open,ACTUATOR_ACTIVE,TRAJECTORY_RUNNING,24.0,47,30,0,0.95,47,0,0.0,0.0,0.0,0.0,0.0,0.0
2026-07-30T11:12:28.879,2182.656,134,open,ACTUATOR_ACTIVE,TRAJECTORY_RUNNING,24.0,47,26,-10,-1.64,47,0,0.0,0.0,0.0,0.0,0.0,0.0
2026-07-30T11:12:29.390,2183.172,134,open,ACTUATOR_ACTIVE,TRAJECTORY_RUNNING,24.0,47,20,-13,-1.49,47,0,0.0,0.0,0.0,0.0,0.0,0.0
2026-07-30T11:12:29.885,2183.672,134,open,ACTUATOR_ACTIVE,TRAJECTORY_RUNNING,24.0,47,14,-11,-1.93,47,0,0.0,0.0,0.0,0.0,0.0,0.0
2026-07-30T11:12:30.380,2184.156,134,open,ACTUATOR_ACTIVE,TRAJECTORY_COMPLETE,24.0,47,9,0,0.89,47,0,0.0,0.0,0.0,0.0,0.0,0.0
2026-07-30T11:12:30.893,2184.672,134,open,ACTUATOR_ACTIVE,TRAJECTORY_COMPLETE,24.0,47,9,0,0.53,47,0,0.0,0.0,0.0,0.0,0.0,0.0
2026-07-30T11:12:31.391,2185.172,134,open,ACTUATOR_ACTIVE,TRAJECTORY_COMPLETE,24.0,47,9,0,-0.39,47,0,0.0,0.0,0.0,0.0,0.0,0.0
2026-07-30T11:12:31.889,2185.672,134,open,ACTUATOR_ACTIVE,TRAJECTORY_COMPLETE,24.0,47,10,0,0.73,47,0,0.0,0.0,0.0,0.0,0.0,0.0
2026-07-30T11:12:32.382,2186.156,134,open,ACTUATOR_ACTIVE,TRAJECTORY_COMPLETE,24.0,43,10,1,2.93,43,0,0.0,0.0,0.0,0.0,0.0,0.0
2026-07-30T11:12:32.888,2186.672,134,open,ACTUATOR_ACTIVE,TRAJECTORY_COMPLETE,24.0,43,9,0,0.74,43,0,0.0,0.0,0.0,0.0,0.0,0.0
2026-07-30T11:12:33.383,2187.156,134,open,ACTUATOR_ACTIVE,TRAJECTORY_COMPLETE,24.0,43,9,-1,0.2,43,0,0.0,0.0,0.0,0.0,0.0,0.0
2026-07-30T11:12:33.894,2187.672,134,open,ACTUATOR_ACTIVE,TRAJECTORY_COMPLETE,24.0,43,9,0,0.24,43,0,0.0,0.0,0.0,0.0,0.0,0.0
2026-07-30T11:12:34.389,2188.172,134,open,ACTUATOR_ACTIVE,TRAJECTORY_COMPLETE,24.0,43,10,0,0.19,43,0,0.0,0.0,0.0,0.0,0.0,0.0
2026-07-30T11:12:34.884,2188.656,134,open,ACTUATOR_ACTIVE,TRAJECTORY_COMPLETE,24.0,43,10,0,-0.12,43,0,0.0,0.0,0.0,0.0,0.0,0.0
2026-07-30T11:12:35.394,2189.172,134,open,ACTUATOR_ACTIVE,TRAJECTORY_COMPLETE,24.0,43,10,-1,-0.1,43,0,0.0,0.0,0.0,0.0,0.0,0.0
2026-07-30T11:12:35.888,2189.672,134,open,ACTUATOR_ACTIVE,TRAJECTORY_COMPLETE,24.0,43,10,-1,-0.26,43,0,0.0,0.0,0.0,0.0,0.0,0.0
2026-07-30T11:12:36.489,2190.266,135,close,ACTUATOR_ACTIVE,TRAJECTORY_RUNNING,24.0,47,10,5,1.9,47,0,0.0,0.0,0.0,0.0,0.0,0.0
2026-07-30T11:12:37.000,2190.781,135,close,ACTUATOR_ACTIVE,TRAJECTORY_RUNNING,24.0,47,14,10,2.02,47,0,0.0,0.0,0.0,0.0,0.0,0.0
2026-07-30T11:12:37.489,2191.266,135,close,ACTUATOR_ACTIVE,TRAJECTORY_RUNNING,24.0,47,19,9,1.24,47,0,0.0,0.0,0.0,0.0,0.0,0.0
2026-07-30T11:12:38.000,2191.781,135,close,ACTUATOR_ACTIVE,TRAJECTORY_RUNNING,24.0,47,23,8,1.68,47,0,0.0,0.0,0.0,0.0,0.0,0.0
2026-07-30T11:12:38.500,2192.281,135,close,ACTUATOR_ACTIVE,TRAJECTORY_RUNNING,24.0,47,28,10,1.44,47,0,0.0,0.0,0.0,0.0,0.0,0.0
2026-07-30T11:12:38.997,2192.781,135,close,ACTUATOR_ACTIVE,TRAJECTORY_RUNNING,24.0,47,31,2,21.75,47,0,0.0,0.0,0.0,0.0,0.0,0.0
2026-07-30T11:12:39.489,2193.266,135,close,ACTUATOR_ACTIVE,TRAJECTORY_RUNNING,24.0,47,31,0,29.04,47,0,0.0,0.0,0.0,0.0,0.0,0.0
2026-07-30T11:12:40.002,2193.781,135,close,ACTUATOR_ACTIVE,TRAJECTORY_RUNNING,24.0,47,31,0,31.22,47,0,0.0,0.0,0.0,0.0,0.0,0.0
2026-07-30T11:12:40.500,2194.281,135,close,ACTUATOR_ACTIVE,TRAJECTORY_RUNNING,24.0,46,31,0,31.98,46,0,0.0,0.0,0.0,0.0,0.0,0.0
2026-07-30T11:12:40.996,2194.781,135,close,ACTUATOR_ACTIVE,TRAJECTORY_RUNNING,24.0,46,31,0,30.68,46,0,0.0,0.0,0.0,0.0,0.0,0.0
2026-07-30T11:12:41.492,2195.266,135,close,ACTUATOR_ACTIVE,TRAJECTORY_RUNNING,24.0,46,31,0,27.85,46,0,0.0,0.0,0.0,0.0,0.0,0.0
2026-07-30T11:12:42.002,2195.781,135,close,ACTUATOR_ACTIVE,TRAJECTORY_RUNNING,24.0,46,31,0,30.29,46,0,0.0,0.0,0.0,0.0,0.0,0.0
2026-07-30T11:12:42.495,2196.281,135,close,ACTUATOR_ACTIVE,TRAJECTORY_RUNNING,24.0,46,31,-1,30.88,46,0,0.0,0.0,0.0,0.0,0.0,0.0
2026-07-30T11:12:42.992,2196.766,135,close,ACTUATOR_ACTIVE,TRAJECTORY_RUNNING,24.0,46,31,0,31.27,46,0,0.0,0.0,0.0,0.0,0.0,0.0
2026-07-30T11:12:43.500,2197.281,135,close,ACTUATOR_ACTIVE,TRAJECTORY_RUNNING,24.0,46,31,0,29.61,46,0,0.0,0.0,0.0,0.0,0.0,0.0
2026-07-30T11:12:43.992,2197.766,135,close,ACTUATOR_ACTIVE,TRAJECTORY_RUNNING,24.0,46,31,0,31.06,46,0,0.0,0.0,0.0,0.0,0.0,0.0
2026-07-30T11:12:44.612,2198.391,135,open,ACTUATOR_ACTIVE,TRAJECTORY_RUNNING,24.0,43,31,-1,4.97,43,0,0.0,0.0,0.0,0.0,0.0,0.0
2026-07-30T11:12:45.121,2198.906,135,open,ACTUATOR_ACTIVE,TRAJECTORY_RUNNING,24.0,43,30,0,-0.31,43,0,0.0,0.0,0.0,0.0,0.0,0.0
2026-07-30T11:12:45.616,2199.391,135,open,ACTUATOR_ACTIVE,TRAJECTORY_RUNNING,24.0,43,30,-2,-1.31,43,0,0.0,0.0,0.0,0.0,0.0,0.0
2026-07-30T11:12:46.127,2199.906,135,open,ACTUATOR_ACTIVE,TRAJECTORY_RUNNING,24.0,43,28,-3,-1.74,43,0,0.0,0.0,0.0,0.0,0.0,0.0
2026-07-30T11:12:46.625,2200.406,135,open,ACTUATOR_ACTIVE,TRAJECTORY_RUNNING,24.0,43,26,-5,-1.5,43,0,0.0,0.0,0.0,0.0,0.0,0.0
2026-07-30T11:12:47.124,2200.906,135,open,ACTUATOR_ACTIVE,TRAJECTORY_RUNNING,24.0,43,23,-6,-1.24,43,0,0.0,0.0,0.0,0.0,0.0,0.0
2026-07-30T11:12:47.624,2201.406,135,open,ACTUATOR_ACTIVE,TRAJECTORY_RUNNING,24.0,43,20,-7,-1.9,43,0,0.0,0.0,0.0,0.0,0.0,0.0
2026-07-30T11:12:48.124,2201.906,135,open,ACTUATOR_ACTIVE,TRAJECTORY_RUNNING,24.0,43,15,-10,-1.61,43,0,0.0,0.0,0.0,0.0,0.0,0.0
2026-07-30T11:12:48.621,2202.406,135,open,ACTUATOR_ACTIVE,TRAJECTORY_RUNNING,24.0,45,11,-10,-2.57,45,0,0.0,0.0,0.0,0.0,0.0,0.0
2026-07-30T11:12:49.118,2202.891,135,open,ACTUATOR_ACTIVE,TRAJECTORY_RUNNING,24.0,45,9,0,-1.84,45,0,0.0,0.0,0.0,0.0,0.0,0.0
2026-07-30T11:12:49.632,2203.406,135,open,ACTUATOR_ACTIVE,TRAJECTORY_RUNNING,24.0,45,9,0,0.12,45,0,0.0,0.0,0.0,0.0,0.0,0.0
2026-07-30T11:12:50.129,2203.906,135,open,ACTUATOR_ACTIVE,TRAJECTORY_RUNNING,24.0,45,9,0,1.15,45,0,0.0,0.0,0.0,0.0,0.0,0.0
2026-07-30T11:12:50.625,2204.406,135,open,ACTUATOR_ACTIVE,TRAJECTORY_RUNNING,24.0,45,9,0,1.48,45,0,0.0,0.0,0.0,0.0,0.0,0.0
2026-07-30T11:12:51.124,2204.906,135,open,ACTUATOR_ACTIVE,TRAJECTORY_RUNNING,24.0,45,9,0,1.7,45,0,0.0,0.0,0.0,0.0,0.0,0.0
2026-07-30T11:12:51.619,2205.406,135,open,ACTUATOR_ACTIVE,TRAJECTORY_RUNNING,24.0,45,9,0,1.33,45,0,0.0,0.0,0.0,0.0,0.0,0.0
2026-07-30T11:12:52.117,2205.891,135,open,ACTUATOR_ACTIVE,TRAJECTORY_COMPLETE,24.0,45,10,1,1.39,45,0,0.0,0.0,0.0,0.0,0.0,0.0
2026-07-30T11:12:52.740,2206.516,136,close,ACTUATOR_ACTIVE,TRAJECTORY_RUNNING,24.0,46,10,6,1.53,46,0,0.0,0.0,0.0,0.0,0.0,0.0
2026-07-30T11:12:53.231,2207.016,136,close,ACTUATOR_ACTIVE,TRAJECTORY_RUNNING,24.0,46,11,3,2.25,46,0,0.0,0.0,0.0,0.0,0.0,0.0
2026-07-30T11:12:53.729,2207.516,136,close,ACTUATOR_ACTIVE,TRAJECTORY_RUNNING,24.0,46,13,5,1.2,46,0,0.0,0.0,0.0,0.0,0.0,0.0
2026-07-30T11:12:54.221,2208.0,136,close,ACTUATOR_ACTIVE,TRAJECTORY_RUNNING,24.0,46,15,4,1.66,46,0,0.0,0.0,0.0,0.0,0.0,0.0
2026-07-30T11:12:54.734,2208.516,136,close,ACTUATOR_ACTIVE,TRAJECTORY_RUNNING,24.0,46,18,6,1.15,46,0,0.0,0.0,0.0,0.0,0.0,0.0
2026-07-30T11:12:55.230,2209.016,136,close,ACTUATOR_ACTIVE,TRAJECTORY_RUNNING,24.0,46,22,9,1.13,46,0,0.0,0.0,0.0,0.0,0.0,0.0
2026-07-30T11:12:55.727,2209.5,136,close,ACTUATOR_ACTIVE,TRAJECTORY_RUNNING,24.0,46,26,8,2.08,46,0,0.0,0.0,0.0,0.0,0.0,0.0
2026-07-30T11:12:56.241,2210.016,136,close,ACTUATOR_ACTIVE,TRAJECTORY_RUNNING,24.0,46,30,3,4.78,46,0,0.0,0.0,0.0,0.0,0.0,0.0
2026-07-30T11:12:56.735,2210.516,136,close,ACTUATOR_ACTIVE,TRAJECTORY_RUNNING,24.0,45,30,0,2.35,45,0,0.0,0.0,0.0,0.0,0.0,0.0
2026-07-30T11:12:57.227,2211.0,136,close,ACTUATOR_ACTIVE,TRAJECTORY_RUNNING,24.0,45,30,0,3.12,45,0,0.0,0.0,0.0,0.0,0.0,0.0
2026-07-30T11:12:57.746,2211.531,136,close,ACTUATOR_ACTIVE,TRAJECTORY_RUNNING,24.0,45,30,0,1.87,45,0,0.0,0.0,0.0,0.0,0.0,0.0
2026-07-30T11:12:58.231,2212.016,136,close,ACTUATOR_ACTIVE,TRAJECTORY_STOPPED,24.0,45,30,0,2.72,45,0,0.0,0.0,0.0,0.0,0.0,0.0
2026-07-30T11:12:58.725,2212.5,136,close,ACTUATOR_ACTIVE,TRAJECTORY_RUNNING,24.0,45,30,0,2.02,45,0,0.0,0.0,0.0,0.0,0.0,0.0
2026-07-30T11:12:59.237,2213.016,136,close,ACTUATOR_ACTIVE,TRAJECTORY_RUNNING,24.0,45,30,0,1.79,45,0,0.0,0.0,0.0,0.0,0.0,0.0
2026-07-30T11:12:59.735,2213.516,136,close,ACTUATOR_ACTIVE,TRAJECTORY_RUNNING,24.0,45,30,0,1.78,45,0,0.0,0.0,0.0,0.0,0.0,0.0
2026-07-30T11:13:00.232,2214.016,136,close,ACTUATOR_ACTIVE,TRAJECTORY_RUNNING,24.0,45,30,0,2.43,45,0,0.0,0.0,0.0,0.0,0.0,0.0
2026-07-30T11:13:00.841,2214.625,136,open,ACTUATOR_ACTIVE,TRAJECTORY_RUNNING,24.0,43,30,0,0.79,43,0,0.0,0.0,0.0,0.0,0.0,0.0
2026-07-30T11:13:01.336,2215.11,136,open,ACTUATOR_ACTIVE,TRAJECTORY_RUNNING,24.0,43,26,-10,-1.38,43,0,0.0,0.0,0.0,0.0,0.0,0.0
2026-07-30T11:13:01.846,2215.625,136,open,ACTUATOR_ACTIVE,TRAJECTORY_RUNNING,24.0,43,20,-12,-1.53,43,0,0.0,0.0,0.0,0.0,0.0,0.0
2026-07-30T11:13:02.347,2216.125,136,open,ACTUATOR_ACTIVE,TRAJECTORY_RUNNING,24.0,43,14,-11,-1.48,43,0,0.0,0.0,0.0,0.0,0.0,0.0
2026-07-30T11:13:02.841,2216.625,136,open,ACTUATOR_ACTIVE,TRAJECTORY_COMPLETE,24.0,43,9,0,0.71,43,0,0.0,0.0,0.0,0.0,0.0,0.0
2026-07-30T11:13:03.340,2217.125,136,open,ACTUATOR_ACTIVE,TRAJECTORY_COMPLETE,24.0,43,10,0,0.37,43,0,0.0,0.0,0.0,0.0,0.0,0.0
2026-07-30T11:13:03.838,2217.625,136,open,ACTUATOR_ACTIVE,TRAJECTORY_COMPLETE,24.0,43,9,0,0.2,43,0,0.0,0.0,0.0,0.0,0.0,0.0
2026-07-30T11:13:04.334,2218.11,136,open,ACTUATOR_ACTIVE,TRAJECTORY_COMPLETE,24.0,43,9,0,-0.0,43,0,0.0,0.0,0.0,0.0,0.0,0.0
2026-07-30T11:13:04.843,2218.625,136,open,ACTUATOR_ACTIVE,TRAJECTORY_COMPLETE,24.0,46,9,0,0.19,46,0,0.0,0.0,0.0,0.0,0.0,0.0
2026-07-30T11:13:05.339,2219.125,136,open,ACTUATOR_ACTIVE,TRAJECTORY_COMPLETE,24.0,46,9,0,0.31,46,0,0.0,0.0,0.0,0.0,0.0,0.0
2026-07-30T11:13:05.839,2219.625,136,open,ACTUATOR_ACTIVE,TRAJECTORY_COMPLETE,24.0,46,9,0,0.44,46,0,0.0,0.0,0.0,0.0,0.0,0.0
2026-07-30T11:13:06.336,2220.11,136,open,ACTUATOR_ACTIVE,TRAJECTORY_COMPLETE,24.0,46,9,0,0.09,46,0,0.0,0.0,0.0,0.0,0.0,0.0
2026-07-30T11:13:06.848,2220.625,136,open,ACTUATOR_ACTIVE,TRAJECTORY_COMPLETE,24.0,46,9,0,0.04,46,0,0.0,0.0,0.0,0.0,0.0,0.0
2026-07-30T11:13:07.342,2221.125,136,open,ACTUATOR_ACTIVE,TRAJECTORY_COMPLETE,24.0,46,9,0,-0.12,46,0,0.0,0.0,0.0,0.0,0.0,0.0
2026-07-30T11:13:07.838,2221.625,136,open,ACTUATOR_ACTIVE,TRAJECTORY_COMPLETE,24.0,46,9,0,0.23,46,0,0.0,0.0,0.0,0.0,0.0,0.0
2026-07-30T11:13:08.336,2222.11,136,open,ACTUATOR_ACTIVE,TRAJECTORY_COMPLETE,24.0,46,9,0,0.27,46,0,0.0,0.0,0.0,0.0,0.0,0.0
2026-07-30T11:13:08.958,2222.735,137,close,ACTUATOR_ACTIVE,TRAJECTORY_RUNNING,24.0,43,10,7,1.25,43,0,0.0,0.0,0.0,0.0,0.0,0.0
2026-07-30T11:13:09.470,2223.25,137,close,ACTUATOR_ACTIVE,TRAJECTORY_RUNNING,24.0,43,14,9,1.88,43,0,0.0,0.0,0.0,0.0,0.0,0.0
2026-07-30T11:13:09.965,2223.75,137,close,ACTUATOR_ACTIVE,TRAJECTORY_RUNNING,24.0,43,19,9,2.31,43,0,0.0,0.0,0.0,0.0,0.0,0.0
2026-07-30T11:13:10.456,2224.235,137,close,ACTUATOR_ACTIVE,TRAJECTORY_RUNNING,24.0,43,23,8,1.73,43,0,0.0,0.0,0.0,0.0,0.0,0.0
2026-07-30T11:13:10.960,2224.735,137,close,ACTUATOR_ACTIVE,TRAJECTORY_RUNNING,24.0,43,28,8,0.99,43,0,0.0,0.0,0.0,0.0,0.0,0.0
2026-07-30T11:13:11.473,2225.25,137,close,ACTUATOR_ACTIVE,TRAJECTORY_RUNNING,24.0,43,31,1,24.17,43,0,0.0,0.0,0.0,0.0,0.0,0.0
2026-07-30T11:13:11.968,2225.75,137,close,ACTUATOR_ACTIVE,TRAJECTORY_RUNNING,24.0,43,31,0,30.48,43,0,0.0,0.0,0.0,0.0,0.0,0.0
2026-07-30T11:13:12.463,2226.25,137,close,ACTUATOR_ACTIVE,TRAJECTORY_RUNNING,24.0,44,31,0,29.43,44,0,0.0,0.0,0.0,0.0,0.0,0.0
2026-07-30T11:13:12.962,2226.735,137,close,ACTUATOR_ACTIVE,TRAJECTORY_RUNNING,24.0,44,31,0,31.57,44,0,0.0,0.0,0.0,0.0,0.0,0.0
2026-07-30T11:13:13.474,2227.25,137,close,ACTUATOR_ACTIVE,TRAJECTORY_RUNNING,24.0,44,31,0,29.88,44,0,0.0,0.0,0.0,0.0,0.0,0.0
2026-07-30T11:13:13.971,2227.75,137,close,ACTUATOR_ACTIVE,TRAJECTORY_RUNNING,24.0,44,31,0,28.26,44,0,0.0,0.0,0.0,0.0,0.0,0.0
2026-07-30T11:13:14.470,2228.25,137,close,ACTUATOR_ACTIVE,TRAJECTORY_RUNNING,24.0,44,31,0,30.24,44,0,0.0,0.0,0.0,0.0,0.0,0.0
2026-07-30T11:13:14.966,2228.75,137,close,ACTUATOR_ACTIVE,TRAJECTORY_RUNNING,24.0,44,31,0,31.42,44,0,0.0,0.0,0.0,0.0,0.0,0.0
2026-07-30T11:13:15.460,2229.235,137,close,ACTUATOR_ACTIVE,TRAJECTORY_RUNNING,24.0,44,31,0,25.42,44,0,0.0,0.0,0.0,0.0,0.0,0.0
2026-07-30T11:13:15.967,2229.75,137,close,ACTUATOR_ACTIVE,TRAJECTORY_RUNNING,24.0,44,31,0,28.62,44,0,0.0,0.0,0.0,0.0,0.0,0.0
2026-07-30T11:13:16.466,2230.25,137,close,ACTUATOR_ACTIVE,TRAJECTORY_RUNNING,24.0,41,31,0,31.74,41,0,0.0,0.0,0.0,0.0,0.0,0.0
2026-07-30T11:13:17.075,2230.86,137,open,ACTUATOR_ACTIVE,TRAJECTORY_RUNNING,24.0,41,31,0,3.46,41,0,0.0,0.0,0.0,0.0,0.0,0.0
2026-07-30T11:13:17.570,2231.344,137,open,ACTUATOR_ACTIVE,TRAJECTORY_RUNNING,24.0,41,27,-9,-1.07,41,0,0.0,0.0,0.0,0.0,0.0,0.0
2026-07-30T11:13:18.083,2231.86,137,open,ACTUATOR_ACTIVE,TRAJECTORY_RUNNING,24.0,41,21,-13,-2.83,41,0,0.0,0.0,0.0,0.0,0.0,0.0
2026-07-30T11:13:18.581,2232.36,137,open,ACTUATOR_ACTIVE,TRAJECTORY_RUNNING,24.0,41,15,-11,-2.46,41,0,0.0,0.0,0.0,0.0,0.0,0.0
2026-07-30T11:13:19.082,2232.86,137,open,ACTUATOR_ACTIVE,TRAJECTORY_RUNNING,24.0,41,10,-12,-1.69,41,0,0.0,0.0,0.0,0.0,0.0,0.0
2026-07-30T11:13:19.577,2233.36,137,open,ACTUATOR_ACTIVE,TRAJECTORY_COMPLETE,24.0,41,10,0,-0.08,41,0,0.0,0.0,0.0,0.0,0.0,0.0
2026-07-30T11:13:20.072,2233.86,137,open,ACTUATOR_ACTIVE,TRAJECTORY_COMPLETE,24.0,41,10,0,-0.06,41,0,0.0,0.0,0.0,0.0,0.0,0.0
2026-07-30T11:13:20.572,2234.36,137,open,ACTUATOR_ACTIVE,TRAJECTORY_COMPLETE,24.0,47,10,0,0.02,47,0,0.0,0.0,0.0,0.0,0.0,0.0
2026-07-30T11:13:21.065,2234.844,137,open,ACTUATOR_ACTIVE,TRAJECTORY_COMPLETE,24.0,47,10,0,-0.99,47,0,0.0,0.0,0.0,0.0,0.0,0.0
2026-07-30T11:13:21.578,2235.36,137,open,ACTUATOR_ACTIVE,TRAJECTORY_COMPLETE,24.0,47,10,0,-0.0,47,0,0.0,0.0,0.0,0.0,0.0,0.0
2026-07-30T11:13:22.074,2235.86,137,open,ACTUATOR_ACTIVE,TRAJECTORY_COMPLETE,24.0,47,10,0,0.08,47,0,0.0,0.0,0.0,0.0,0.0,0.0
2026-07-30T11:13:22.568,2236.344,137,open,ACTUATOR_ACTIVE,TRAJECTORY_COMPLETE,24.0,47,9,0,-0.02,47,0,0.0,0.0,0.0,0.0,0.0,0.0
2026-07-30T11:13:23.079,2236.86,137,open,ACTUATOR_ACTIVE,TRAJECTORY_COMPLETE,24.0,47,9,0,0.08,47,0,0.0,0.0,0.0,0.0,0.0,0.0
2026-07-30T11:13:23.570,2237.344,137,open,ACTUATOR_ACTIVE,TRAJECTORY_COMPLETE,24.0,47,9,0,0.19,47,0,0.0,0.0,0.0,0.0,0.0,0.0
2026-07-30T11:13:24.085,2237.86,137,open,ACTUATOR_ACTIVE,TRAJECTORY_COMPLETE,24.0,47,9,-2,-1.2,47,0,0.0,0.0,0.0,0.0,0.0,0.0
2026-07-30T11:13:24.581,2238.36,137,open,ACTUATOR_ACTIVE,TRAJECTORY_COMPLETE,24.0,43,9,0,0.15,43,0,0.0,0.0,0.0,0.0,0.0,0.0
2026-07-30T11:13:25.189,2238.969,138,close,ACTUATOR_ACTIVE,TRAJECTORY_RUNNING,24.0,43,10,7,2.04,43,0,0.0,0.0,0.0,0.0,0.0,0.0
2026-07-30T11:13:25.681,2239.469,138,close,ACTUATOR_ACTIVE,TRAJECTORY_RUNNING,24.0,43,11,4,1.43,43,0,0.0,0.0,0.0,0.0,0.0,0.0
2026-07-30T11:13:26.180,2239.953,138,close,ACTUATOR_ACTIVE,TRAJECTORY_RUNNING,24.0,43,13,4,0.71,43,0,0.0,0.0,0.0,0.0,0.0,0.0
2026-07-30T11:13:26.698,2240.485,138,close,ACTUATOR_ACTIVE,TRAJECTORY_RUNNING,24.0,43,16,6,1.6,43,0,0.0,0.0,0.0,0.0,0.0,0.0
2026-07-30T11:13:27.180,2240.953,138,close,ACTUATOR_ACTIVE,TRAJECTORY_RUNNING,24.0,43,20,8,2.46,43,0,0.0,0.0,0.0,0.0,0.0,0.0
2026-07-30T11:13:27.695,2241.469,138,close,ACTUATOR_ACTIVE,TRAJECTORY_RUNNING,24.0,43,24,6,1.91,43,0,0.0,0.0,0.0,0.0,0.0,0.0
2026-07-30T11:13:28.191,2241.969,138,close,ACTUATOR_ACTIVE,TRAJECTORY_RUNNING,24.0,43,28,7,1.71,43,0,0.0,0.0,0.0,0.0,0.0,0.0
2026-07-30T11:13:28.682,2242.469,138,close,ACTUATOR_ACTIVE,TRAJECTORY_RUNNING,24.0,47,30,0,3.89,47,0,0.0,0.0,0.0,0.0,0.0,0.0
2026-07-30T11:13:29.180,2242.953,138,close,ACTUATOR_ACTIVE,TRAJECTORY_RUNNING,24.0,47,30,0,2.09,47,0,0.0,0.0,0.0,0.0,0.0,0.0
2026-07-30T11:13:29.694,2243.469,138,close,ACTUATOR_ACTIVE,TRAJECTORY_RUNNING,24.0,47,30,1,1.74,47,0,0.0,0.0,0.0,0.0,0.0,0.0
2026-07-30T11:13:30.190,2243.969,138,close,ACTUATOR_ACTIVE,TRAJECTORY_RUNNING,24.0,47,30,0,1.96,47,0,0.0,0.0,0.0,0.0,0.0,0.0
2026-07-30T11:13:30.686,2244.469,138,close,ACTUATOR_ACTIVE,TRAJECTORY_RUNNING,24.0,47,30,0,2.31,47,0,0.0,0.0,0.0,0.0,0.0,0.0
2026-07-30T11:13:31.180,2244.953,138,close,ACTUATOR_ACTIVE,TRAJECTORY_RUNNING,24.0,47,30,0,1.83,47,0,0.0,0.0,0.0,0.0,0.0,0.0
2026-07-30T11:13:31.690,2245.469,138,close,ACTUATOR_ACTIVE,TRAJECTORY_RUNNING,24.0,47,30,0,1.94,47,0,0.0,0.0,0.0,0.0,0.0,0.0
2026-07-30T11:13:32.185,2245.969,138,close,ACTUATOR_ACTIVE,TRAJECTORY_RUNNING,24.0,47,30,0,1.81,47,0,0.0,0.0,0.0,0.0,0.0,0.0
2026-07-30T11:13:32.678,2246.453,138,close,ACTUATOR_ACTIVE,TRAJECTORY_RUNNING,24.0,43,30,0,2.32,43,0,0.0,0.0,0.0,0.0,0.0,0.0
2026-07-30T11:13:33.304,2247.078,138,open,ACTUATOR_ACTIVE,TRAJECTORY_RUNNING,24.0,43,30,0,0.88,43,0,0.0,0.0,0.0,0.0,0.0,0.0
2026-07-30T11:13:33.815,2247.594,138,open,ACTUATOR_ACTIVE,TRAJECTORY_RUNNING,24.0,43,25,-10,-1.96,43,0,0.0,0.0,0.0,0.0,0.0,0.0
2026-07-30T11:13:34.315,2248.094,138,open,ACTUATOR_ACTIVE,TRAJECTORY_RUNNING,24.0,43,20,-12,-0.42,43,0,0.0,0.0,0.0,0.0,0.0,0.0
2026-07-30T11:13:34.810,2248.594,138,open,ACTUATOR_ACTIVE,TRAJECTORY_RUNNING,24.0,43,14,-12,-0.55,43,0,0.0,0.0,0.0,0.0,0.0,0.0
2026-07-30T11:13:35.310,2249.094,138,open,ACTUATOR_ACTIVE,TRAJECTORY_COMPLETE,24.0,43,9,2,0.77,43,0,0.0,0.0,0.0,0.0,0.0,0.0
2026-07-30T11:13:35.809,2249.594,138,open,ACTUATOR_ACTIVE,TRAJECTORY_COMPLETE,24.0,43,10,0,0.83,43,0,0.0,0.0,0.0,0.0,0.0,0.0
2026-07-30T11:13:36.306,2250.078,138,open,ACTUATOR_ACTIVE,TRAJECTORY_COMPLETE,24.0,43,10,0,0.14,43,0,0.0,0.0,0.0,0.0,0.0,0.0
2026-07-30T11:13:36.817,2250.594,138,open,ACTUATOR_ACTIVE,TRAJECTORY_COMPLETE,24.0,48,10,0,-0.29,48,0,0.0,0.0,0.0,0.0,0.0,0.0
2026-07-30T11:13:37.314,2251.094,138,open,ACTUATOR_ACTIVE,TRAJECTORY_COMPLETE,24.0,48,10,-1,0.15,48,0,0.0,0.0,0.0,0.0,0.0,0.0
2026-07-30T11:13:37.809,2251.594,138,open,ACTUATOR_ACTIVE,TRAJECTORY_COMPLETE,24.0,48,10,0,-0.47,48,0,0.0,0.0,0.0,0.0,0.0,0.0
2026-07-30T11:13:38.307,2252.094,138,open,ACTUATOR_ACTIVE,TRAJECTORY_COMPLETE,24.0,48,9,0,-0.1,48,0,0.0,0.0,0.0,0.0,0.0,0.0
2026-07-30T11:13:38.806,2252.594,138,open,ACTUATOR_ACTIVE,TRAJECTORY_COMPLETE,24.0,48,9,0,-0.17,48,0,0.0,0.0,0.0,0.0,0.0,0.0
2026-07-30T11:13:39.304,2253.078,138,open,ACTUATOR_ACTIVE,TRAJECTORY_COMPLETE,24.0,48,9,-1,0.22,48,0,0.0,0.0,0.0,0.0,0.0,0.0
2026-07-30T11:13:39.816,2253.594,138,open,ACTUATOR_ACTIVE,TRAJECTORY_COMPLETE,24.0,48,9,-1,-0.13,48,0,0.0,0.0,0.0,0.0,0.0,0.0
2026-07-30T11:13:40.315,2254.094,138,open,ACTUATOR_ACTIVE,TRAJECTORY_COMPLETE,24.0,48,9,0,-0.02,48,0,0.0,0.0,0.0,0.0,0.0,0.0
2026-07-30T11:13:40.805,2254.578,138,open,ACTUATOR_ACTIVE,TRAJECTORY_COMPLETE,24.0,44,9,-1,0.16,44,0,0.0,0.0,0.0,0.0,0.0,0.0
2026-07-30T11:13:41.422,2255.203,139,close,ACTUATOR_ACTIVE,TRAJECTORY_RUNNING,24.0,44,10,7,2.06,44,0,0.0,0.0,0.0,0.0,0.0,0.0
2026-07-30T11:13:41.920,2255.703,139,close,ACTUATOR_ACTIVE,TRAJECTORY_RUNNING,24.0,44,11,3,0.9,44,0,0.0,0.0,0.0,0.0,0.0,0.0
2026-07-30T11:13:42.417,2256.203,139,close,ACTUATOR_ACTIVE,TRAJECTORY_RUNNING,24.0,44,14,5,0.91,44,0,0.0,0.0,0.0,0.0,0.0,0.0
2026-07-30T11:13:42.916,2256.703,139,close,ACTUATOR_ACTIVE,TRAJECTORY_RUNNING,24.0,44,16,4,2.2,44,0,0.0,0.0,0.0,0.0,0.0,0.0
2026-07-30T11:13:43.409,2257.188,139,close,ACTUATOR_ACTIVE,TRAJECTORY_RUNNING,24.0,44,19,7,1.97,44,0,0.0,0.0,0.0,0.0,0.0,0.0
2026-07-30T11:13:43.917,2257.703,139,close,ACTUATOR_ACTIVE,TRAJECTORY_RUNNING,24.0,44,23,9,0.83,44,0,0.0,0.0,0.0,0.0,0.0,0.0
2026-07-30T11:13:44.412,2258.188,139,close,ACTUATOR_ACTIVE,TRAJECTORY_RUNNING,24.0,46,27,10,2.44,46,0,0.0,0.0,0.0,0.0,0.0,0.0
2026-07-30T11:13:44.922,2258.703,139,close,ACTUATOR_ACTIVE,TRAJECTORY_RUNNING,24.0,46,30,-1,4.74,46,0,0.0,0.0,0.0,0.0,0.0,0.0
2026-07-30T11:13:45.420,2259.203,139,close,ACTUATOR_ACTIVE,TRAJECTORY_RUNNING,24.0,46,30,0,3.16,46,0,0.0,0.0,0.0,0.0,0.0,0.0
2026-07-30T11:13:45.916,2259.703,139,close,ACTUATOR_ACTIVE,TRAJECTORY_RUNNING,24.0,46,30,0,2.09,46,0,0.0,0.0,0.0,0.0,0.0,0.0
2026-07-30T11:13:46.416,2260.203,139,close,ACTUATOR_ACTIVE,TRAJECTORY_RUNNING,24.0,46,30,1,1.76,46,0,0.0,0.0,0.0,0.0,0.0,0.0
2026-07-30T11:13:46.909,2260.688,139,close,ACTUATOR_ACTIVE,TRAJECTORY_RUNNING,24.0,46,30,0,1.92,46,0,0.0,0.0,0.0,0.0,0.0,0.0
2026-07-30T11:13:47.422,2261.203,139,close,ACTUATOR_ACTIVE,TRAJECTORY_RUNNING,24.0,46,30,0,2.31,46,0,0.0,0.0,0.0,0.0,0.0,0.0
2026-07-30T11:13:47.916,2261.703,139,close,ACTUATOR_ACTIVE,TRAJECTORY_RUNNING,24.0,46,30,0,2.34,46,0,0.0,0.0,0.0,0.0,0.0,0.0
2026-07-30T11:13:48.412,2262.188,139,close,ACTUATOR_ACTIVE,TRAJECTORY_RUNNING,24.0,47,30,0,1.71,47,0,0.0,0.0,0.0,0.0,0.0,0.0
2026-07-30T11:13:48.916,2262.703,139,close,ACTUATOR_ACTIVE,TRAJECTORY_RUNNING,24.0,47,30,-1,1.96,47,0,0.0,0.0,0.0,0.0,0.0,0.0
2026-07-30T11:13:49.527,2263.313,139,open,ACTUATOR_ACTIVE,TRAJECTORY_RUNNING,24.0,47,30,0,0.87,47,0,0.0,0.0,0.0,0.0,0.0,0.0
2026-07-30T11:13:50.022,2263.797,139,open,ACTUATOR_ACTIVE,TRAJECTORY_RUNNING,24.0,47,26,-10,-0.84,47,0,0.0,0.0,0.0,0.0,0.0,0.0
2026-07-30T11:13:50.535,2264.313,139,open,ACTUATOR_ACTIVE,TRAJECTORY_RUNNING,24.0,47,20,-11,-0.17,47,0,0.0,0.0,0.0,0.0,0.0,0.0
2026-07-30T11:13:51.026,2264.813,139,open,ACTUATOR_ACTIVE,TRAJECTORY_RUNNING,24.0,47,14,-11,-1.76,47,0,0.0,0.0,0.0,0.0,0.0,0.0
2026-07-30T11:13:51.523,2265.297,139,open,ACTUATOR_ACTIVE,TRAJECTORY_COMPLETE,24.0,47,9,0,0.35,47,0,0.0,0.0,0.0,0.0,0.0,0.0
2026-07-30T11:13:52.035,2265.813,139,open,ACTUATOR_ACTIVE,TRAJECTORY_COMPLETE,24.0,47,10,0,0.54,47,0,0.0,0.0,0.0,0.0,0.0,0.0
2026-07-30T11:13:52.532,2266.313,139,open,ACTUATOR_ACTIVE,TRAJECTORY_COMPLETE,24.0,46,9,0,0.21,46,0,0.0,0.0,0.0,0.0,0.0,0.0
2026-07-30T11:13:53.028,2266.813,139,open,ACTUATOR_ACTIVE,TRAJECTORY_COMPLETE,24.0,46,10,1,0.56,46,0,0.0,0.0,0.0,0.0,0.0,0.0
2026-07-30T11:13:53.523,2267.297,139,open,ACTUATOR_ACTIVE,TRAJECTORY_COMPLETE,24.0,46,9,0,0.36,46,0,0.0,0.0,0.0,0.0,0.0,0.0
2026-07-30T11:13:54.035,2267.813,139,open,ACTUATOR_ACTIVE,TRAJECTORY_COMPLETE,24.0,46,10,0,0.33,46,0,0.0,0.0,0.0,0.0,0.0,0.0
2026-07-30T11:13:54.526,2268.313,139,open,ACTUATOR_ACTIVE,TRAJECTORY_COMPLETE,24.0,46,10,0,1.06,46,0,0.0,0.0,0.0,0.0,0.0,0.0
2026-07-30T11:13:55.020,2268.797,139,open,ACTUATOR_ACTIVE,TRAJECTORY_COMPLETE,24.0,46,9,-1,0.14,46,0,0.0,0.0,0.0,0.0,0.0,0.0
2026-07-30T11:13:55.530,2269.313,139,open,ACTUATOR_ACTIVE,TRAJECTORY_COMPLETE,24.0,46,10,0,0.2,46,0,0.0,0.0,0.0,0.0,0.0,0.0
2026-07-30T11:13:56.027,2269.813,139,open,ACTUATOR_ACTIVE,TRAJECTORY_COMPLETE,24.0,46,10,0,0.25,46,0,0.0,0.0,0.0,0.0,0.0,0.0
2026-07-30T11:13:56.519,2270.297,139,open,ACTUATOR_ACTIVE,TRAJECTORY_COMPLETE,24.0,48,10,1,0.24,48,0,0.0,0.0,0.0,0.0,0.0,0.0
2026-07-30T11:13:57.033,2270.813,139,open,ACTUATOR_ACTIVE,TRAJECTORY_COMPLETE,24.0,48,10,0,0.83,48,0,0.0,0.0,0.0,0.0,0.0,0.0
2026-07-30T11:13:57.634,2271.406,140,close,ACTUATOR_ACTIVE,TRAJECTORY_RUNNING,24.0,48,10,6,1.13,48,0,0.0,0.0,0.0,0.0,0.0,0.0
2026-07-30T11:13:58.144,2271.922,140,close,ACTUATOR_ACTIVE,TRAJECTORY_RUNNING,24.0,48,12,4,1.96,48,0,0.0,0.0,0.0,0.0,0.0,0.0
2026-07-30T11:13:58.641,2272.422,140,close,ACTUATOR_ACTIVE,TRAJECTORY_RUNNING,24.0,48,14,5,2.75,48,0,0.0,0.0,0.0,0.0,0.0,0.0
2026-07-30T11:13:59.140,2272.922,140,close,ACTUATOR_ACTIVE,TRAJECTORY_RUNNING,24.0,48,16,7,1.68,48,0,0.0,0.0,0.0,0.0,0.0,0.0
2026-07-30T11:13:59.634,2273.422,140,close,ACTUATOR_ACTIVE,TRAJECTORY_RUNNING,24.0,48,20,7,0.49,48,0,0.0,0.0,0.0,0.0,0.0,0.0
2026-07-30T11:14:00.126,2273.906,140,close,ACTUATOR_ACTIVE,TRAJECTORY_RUNNING,24.0,48,24,9,2.04,48,0,0.0,0.0,0.0,0.0,0.0,0.0
2026-07-30T11:14:00.640,2274.422,140,close,ACTUATOR_ACTIVE,TRAJECTORY_RUNNING,24.0,41,28,10,2.33,41,0,0.0,0.0,0.0,0.0,0.0,0.0
2026-07-30T11:14:01.138,2274.922,140,close,ACTUATOR_ACTIVE,TRAJECTORY_RUNNING,24.0,41,30,0,3.9,41,0,0.0,0.0,0.0,0.0,0.0,0.0
2026-07-30T11:14:01.635,2275.422,140,close,ACTUATOR_ACTIVE,TRAJECTORY_RUNNING,24.0,41,30,0,2.01,41,0,0.0,0.0,0.0,0.0,0.0,0.0
2026-07-30T11:14:02.131,2275.906,140,close,ACTUATOR_ACTIVE,TRAJECTORY_RUNNING,24.0,41,30,0,2.44,41,0,0.0,0.0,0.0,0.0,0.0,0.0
2026-07-30T11:14:02.647,2276.422,140,close,ACTUATOR_ACTIVE,TRAJECTORY_RUNNING,24.0,41,30,1,2.2,41,0,0.0,0.0,0.0,0.0,0.0,0.0
2026-07-30T11:14:03.141,2276.922,140,close,ACTUATOR_ACTIVE,TRAJECTORY_RUNNING,24.0,41,30,0,1.58,41,0,0.0,0.0,0.0,0.0,0.0,0.0
2026-07-30T11:14:03.634,2277.422,140,close,ACTUATOR_ACTIVE,TRAJECTORY_RUNNING,24.0,41,30,0,2.13,41,0,0.0,0.0,0.0,0.0,0.0,0.0
2026-07-30T11:14:04.129,2277.906,140,close,ACTUATOR_ACTIVE,TRAJECTORY_STOPPED,24.0,41,30,0,2.15,41,0,0.0,0.0,0.0,0.0,0.0,0.0
2026-07-30T11:14:04.644,2278.422,140,close,ACTUATOR_ACTIVE,TRAJECTORY_RUNNING,24.0,46,30,0,1.87,46,0,0.0,0.0,0.0,0.0,0.0,0.0
2026-07-30T11:14:05.141,2278.922,140,close,ACTUATOR_ACTIVE,TRAJECTORY_RUNNING,24.0,46,30,0,2.11,46,0,0.0,0.0,0.0,0.0,0.0,0.0
2026-07-30T11:14:05.748,2279.531,140,open,ACTUATOR_ACTIVE,TRAJECTORY_RUNNING,24.0,46,30,0,1.21,46,0,0.0,0.0,0.0,0.0,0.0,0.0
2026-07-30T11:14:06.247,2280.031,140,open,ACTUATOR_ACTIVE,TRAJECTORY_RUNNING,24.0,46,26,-10,-1.16,46,0,0.0,0.0,0.0,0.0,0.0,0.0
2026-07-30T11:14:06.745,2280.531,140,open,ACTUATOR_ACTIVE,TRAJECTORY_RUNNING,24.0,46,20,-12,-1.64,46,0,0.0,0.0,0.0,0.0,0.0,0.0
2026-07-30T11:14:07.242,2281.016,140,open,ACTUATOR_ACTIVE,TRAJECTORY_RUNNING,24.0,46,14,-11,-2.51,46,0,0.0,0.0,0.0,0.0,0.0,0.0
2026-07-30T11:14:07.753,2281.531,140,open,ACTUATOR_ACTIVE,TRAJECTORY_COMPLETE,24.0,46,9,1,0.8,46,0,0.0,0.0,0.0,0.0,0.0,0.0
2026-07-30T11:14:08.248,2282.031,140,open,ACTUATOR_ACTIVE,TRAJECTORY_COMPLETE,24.0,46,10,0,0.71,46,0,0.0,0.0,0.0,0.0,0.0,0.0
2026-07-30T11:14:08.744,2282.531,140,open,ACTUATOR_ACTIVE,TRAJECTORY_COMPLETE,24.0,48,10,0,-0.28,48,0,0.0,0.0,0.0,0.0,0.0,0.0
2026-07-30T11:14:09.238,2283.016,140,open,ACTUATOR_ACTIVE,TRAJECTORY_COMPLETE,24.0,48,10,0,0.04,48,0,0.0,0.0,0.0,0.0,0.0,0.0
2026-07-30T11:14:09.752,2283.531,140,open,ACTUATOR_ACTIVE,TRAJECTORY_COMPLETE,24.0,48,10,0,-0.04,48,0,0.0,0.0,0.0,0.0,0.0,0.0
2026-07-30T11:14:10.245,2284.031,140,open,ACTUATOR_ACTIVE,TRAJECTORY_COMPLETE,24.0,48,10,0,0.12,48,0,0.0,0.0,0.0,0.0,0.0,0.0
2026-07-30T11:14:10.741,2284.516,140,open,ACTUATOR_ACTIVE,TRAJECTORY_COMPLETE,24.0,48,10,1,-0.01,48,0,0.0,0.0,0.0,0.0,0.0,0.0
2026-07-30T11:14:11.253,2285.031,140,open,ACTUATOR_ACTIVE,TRAJECTORY_COMPLETE,24.0,48,10,0,-0.03,48,0,0.0,0.0,0.0,0.0,0.0,0.0
2026-07-30T11:14:11.751,2285.531,140,open,ACTUATOR_ACTIVE,TRAJECTORY_COMPLETE,24.0,48,10,0,-0.35,48,0,0.0,0.0,0.0,0.0,0.0,0.0
2026-07-30T11:14:12.246,2286.031,140,open,ACTUATOR_ACTIVE,TRAJECTORY_COMPLETE,24.0,48,10,0,-0.14,48,0,0.0,0.0,0.0,0.0,0.0,0.0
2026-07-30T11:14:12.740,2286.516,140,open,ACTUATOR_ACTIVE,TRAJECTORY_COMPLETE,24.0,45,10,0,0.06,45,0,0.0,0.0,0.0,0.0,0.0,0.0
2026-07-30T11:14:13.250,2287.031,140,open,ACTUATOR_ACTIVE,TRAJECTORY_COMPLETE,24.0,45,10,0,-0.15,45,0,0.0,0.0,0.0,0.0,0.0,0.0
2026-07-30T11:14:13.858,2287.641,141,close,ACTUATOR_ACTIVE,TRAJECTORY_RUNNING,24.0,45,10,7,-0.08,45,0,0.0,0.0,0.0,0.0,0.0,0.0
2026-07-30T11:14:14.356,2288.141,141,close,ACTUATOR_ACTIVE,TRAJECTORY_RUNNING,24.0,45,12,4,1.41,45,0,0.0,0.0,0.0,0.0,0.0,0.0
2026-07-30T11:14:14.848,2288.625,141,close,ACTUATOR_ACTIVE,TRAJECTORY_RUNNING,24.0,45,14,6,0.52,45,0,0.0,0.0,0.0,0.0,0.0,0.0
2026-07-30T11:14:15.358,2289.141,141,close,ACTUATOR_ACTIVE,TRAJECTORY_RUNNING,24.0,45,17,6,1.72,45,0,0.0,0.0,0.0,0.0,0.0,0.0
2026-07-30T11:14:15.854,2289.641,141,close,ACTUATOR_ACTIVE,TRAJECTORY_RUNNING,24.0,45,20,9,1.04,45,0,0.0,0.0,0.0,0.0,0.0,0.0
2026-07-30T11:14:16.347,2290.125,141,close,ACTUATOR_ACTIVE,TRAJECTORY_RUNNING,24.0,45,24,8,1.19,45,0,0.0,0.0,0.0,0.0,0.0,0.0
2026-07-30T11:14:16.859,2290.641,141,close,ACTUATOR_ACTIVE,TRAJECTORY_RUNNING,24.0,47,28,8,3.4,47,0,0.0,0.0,0.0,0.0,0.0,0.0
2026-07-30T11:14:17.354,2291.141,141,close,ACTUATOR_ACTIVE,TRAJECTORY_RUNNING,24.0,47,30,0,3.96,47,0,0.0,0.0,0.0,0.0,0.0,0.0
2026-07-30T11:14:17.849,2291.625,141,close,ACTUATOR_ACTIVE,TRAJECTORY_RUNNING,24.0,47,30,0,2.95,47,0,0.0,0.0,0.0,0.0,0.0,0.0
2026-07-30T11:14:18.358,2292.141,141,close,ACTUATOR_ACTIVE,TRAJECTORY_RUNNING,24.0,47,30,0,1.72,47,0,0.0,0.0,0.0,0.0,0.0,0.0
2026-07-30T11:14:18.854,2292.641,141,close,ACTUATOR_ACTIVE,TRAJECTORY_RUNNING,24.0,47,30,0,1.68,47,0,0.0,0.0,0.0,0.0,0.0,0.0
2026-07-30T11:14:19.354,2293.141,141,close,ACTUATOR_ACTIVE,TRAJECTORY_RUNNING,24.0,47,30,0,1.75,47,0,0.0,0.0,0.0,0.0,0.0,0.0
2026-07-30T11:14:19.852,2293.625,141,close,ACTUATOR_ACTIVE,TRAJECTORY_RUNNING,24.0,47,30,0,1.71,47,0,0.0,0.0,0.0,0.0,0.0,0.0
2026-07-30T11:14:20.365,2294.141,141,close,ACTUATOR_ACTIVE,TRAJECTORY_RUNNING,24.0,43,30,0,1.53,43,0,0.0,0.0,0.0,0.0,0.0,0.0
2026-07-30T11:14:20.862,2294.641,141,close,ACTUATOR_ACTIVE,TRAJECTORY_RUNNING,24.0,43,30,0,2.11,43,0,0.0,0.0,0.0,0.0,0.0,0.0
2026-07-30T11:14:21.359,2295.141,141,close,ACTUATOR_ACTIVE,TRAJECTORY_RUNNING,24.0,43,30,-1,1.8,43,0,0.0,0.0,0.0,0.0,0.0,0.0
2026-07-30T11:14:21.964,2295.75,141,open,ACTUATOR_ACTIVE,TRAJECTORY_RUNNING,24.0,43,30,0,0.83,43,0,0.0,0.0,0.0,0.0,0.0,0.0
2026-07-30T11:14:22.459,2296.235,141,open,ACTUATOR_ACTIVE,TRAJECTORY_RUNNING,24.0,43,26,-10,-1.77,43,0,0.0,0.0,0.0,0.0,0.0,0.0
2026-07-30T11:14:22.972,2296.75,141,open,ACTUATOR_ACTIVE,TRAJECTORY_RUNNING,24.0,43,20,-10,-2.43,43,0,0.0,0.0,0.0,0.0,0.0,0.0
2026-07-30T11:14:23.469,2297.25,141,open,ACTUATOR_ACTIVE,TRAJECTORY_RUNNING,24.0,43,14,-11,-1.67,43,0,0.0,0.0,0.0,0.0,0.0,0.0
2026-07-30T11:14:23.962,2297.735,141,open,ACTUATOR_ACTIVE,TRAJECTORY_COMPLETE,24.0,43,9,2,0.48,43,0,0.0,0.0,0.0,0.0,0.0,0.0
2026-07-30T11:14:24.472,2298.25,141,open,ACTUATOR_ACTIVE,TRAJECTORY_COMPLETE,24.0,44,10,0,0.34,44,0,0.0,0.0,0.0,0.0,0.0,0.0
2026-07-30T11:14:24.966,2298.75,141,open,ACTUATOR_ACTIVE,TRAJECTORY_COMPLETE,24.0,44,10,0,0.31,44,0,0.0,0.0,0.0,0.0,0.0,0.0
2026-07-30T11:14:25.464,2299.25,141,open,ACTUATOR_ACTIVE,TRAJECTORY_COMPLETE,24.0,44,9,0,1.33,44,0,0.0,0.0,0.0,0.0,0.0,0.0
2026-07-30T11:14:25.961,2299.735,141,open,ACTUATOR_ACTIVE,TRAJECTORY_COMPLETE,24.0,44,9,-1,0.12,44,0,0.0,0.0,0.0,0.0,0.0,0.0
2026-07-30T11:14:26.474,2300.25,141,open,ACTUATOR_ACTIVE,TRAJECTORY_COMPLETE,24.0,44,9,0,0.14,44,0,0.0,0.0,0.0,0.0,0.0,0.0
2026-07-30T11:14:26.970,2300.75,141,open,ACTUATOR_ACTIVE,TRAJECTORY_COMPLETE,24.0,44,9,0,0.1,44,0,0.0,0.0,0.0,0.0,0.0,0.0
2026-07-30T11:14:27.468,2301.25,141,open,ACTUATOR_ACTIVE,TRAJECTORY_COMPLETE,24.0,44,9,0,0.13,44,0,0.0,0.0,0.0,0.0,0.0,0.0
2026-07-30T11:14:27.966,2301.75,141,open,ACTUATOR_ACTIVE,TRAJECTORY_COMPLETE,24.0,44,9,0,0.07,44,0,0.0,0.0,0.0,0.0,0.0,0.0
2026-07-30T11:14:28.452,2302.235,141,open,ACTUATOR_ACTIVE,TRAJECTORY_COMPLETE,24.0,45,9,0,0.53,45,0,0.0,0.0,0.0,0.0,0.0,0.0
2026-07-30T11:14:28.963,2302.75,141,open,ACTUATOR_ACTIVE,TRAJECTORY_COMPLETE,24.0,45,10,0,0.1,45,0,0.0,0.0,0.0,0.0,0.0,0.0
2026-07-30T11:14:29.458,2303.235,141,open,ACTUATOR_ACTIVE,TRAJECTORY_COMPLETE,24.0,45,10,0,-0.22,45,0,0.0,0.0,0.0,0.0,0.0,0.0
2026-07-30T11:14:30.080,2303.86,142,close,ACTUATOR_ACTIVE,TRAJECTORY_RUNNING,24.0,45,10,6,0.55,45,0,0.0,0.0,0.0,0.0,0.0,0.0
2026-07-30T11:14:30.574,2304.36,142,close,ACTUATOR_ACTIVE,TRAJECTORY_RUNNING,24.0,45,12,3,1.77,45,0,0.0,0.0,0.0,0.0,0.0,0.0
2026-07-30T11:14:31.068,2304.844,142,close,ACTUATOR_ACTIVE,TRAJECTORY_RUNNING,24.0,45,15,5,1.95,45,0,0.0,0.0,0.0,0.0,0.0,0.0
2026-07-30T11:14:31.576,2305.36,142,close,ACTUATOR_ACTIVE,TRAJECTORY_RUNNING,24.0,45,18,7,1.5,45,0,0.0,0.0,0.0,0.0,0.0,0.0
2026-07-30T11:14:32.067,2305.844,142,close,ACTUATOR_ACTIVE,TRAJECTORY_RUNNING,24.0,45,22,7,2.55,45,0,0.0,0.0,0.0,0.0,0.0,0.0
2026-07-30T11:14:32.581,2306.36,142,close,ACTUATOR_ACTIVE,TRAJECTORY_RUNNING,24.0,45,26,9,2.84,45,0,0.0,0.0,0.0,0.0,0.0,0.0
2026-07-30T11:14:33.077,2306.86,142,close,ACTUATOR_ACTIVE,TRAJECTORY_RUNNING,24.0,45,30,4,6.69,45,0,0.0,0.0,0.0,0.0,0.0,0.0
2026-07-30T11:14:33.572,2307.36,142,close,ACTUATOR_ACTIVE,TRAJECTORY_RUNNING,24.0,45,30,0,2.62,45,0,0.0,0.0,0.0,0.0,0.0,0.0
2026-07-30T11:14:34.064,2307.844,142,close,ACTUATOR_ACTIVE,TRAJECTORY_RUNNING,24.0,45,30,0,2.13,45,0,0.0,0.0,0.0,0.0,0.0,0.0
2026-07-30T11:14:34.574,2308.36,142,close,ACTUATOR_ACTIVE,TRAJECTORY_RUNNING,24.0,45,30,0,2.18,45,0,0.0,0.0,0.0,0.0,0.0,0.0
2026-07-30T11:14:35.065,2308.844,142,close,ACTUATOR_ACTIVE,TRAJECTORY_STOPPED,24.0,45,30,0,1.79,45,0,0.0,0.0,0.0,0.0,0.0,0.0
2026-07-30T11:14:35.569,2309.344,142,close,ACTUATOR_ACTIVE,TRAJECTORY_RUNNING,24.0,45,30,0,1.85,45,0,0.0,0.0,0.0,0.0,0.0,0.0
2026-07-30T11:14:36.072,2309.86,142,close,ACTUATOR_ACTIVE,TRAJECTORY_RUNNING,24.0,45,30,0,1.91,45,0,0.0,0.0,0.0,0.0,0.0,0.0
2026-07-30T11:14:36.570,2310.344,142,close,ACTUATOR_ACTIVE,TRAJECTORY_RUNNING,24.0,43,30,0,2.46,43,0,0.0,0.0,0.0,0.0,0.0,0.0
2026-07-30T11:14:37.079,2310.86,142,close,ACTUATOR_ACTIVE,TRAJECTORY_RUNNING,24.0,43,30,0,1.8,43,0,0.0,0.0,0.0,0.0,0.0,0.0
2026-07-30T11:14:37.576,2311.36,142,close,ACTUATOR_ACTIVE,TRAJECTORY_STOPPED,24.0,43,30,0,1.86,43,0,0.0,0.0,0.0,0.0,0.0,0.0
2026-07-30T11:14:38.175,2311.953,142,open,ACTUATOR_ACTIVE,TRAJECTORY_RUNNING,24.0,43,30,0,0.58,43,0,0.0,0.0,0.0,0.0,0.0,0.0
2026-07-30T11:14:38.683,2312.469,142,open,ACTUATOR_ACTIVE,TRAJECTORY_RUNNING,24.0,43,30,-1,-1.64,43,0,0.0,0.0,0.0,0.0,0.0,0.0
2026-07-30T11:14:39.180,2312.953,142,open,ACTUATOR_ACTIVE,TRAJECTORY_RUNNING,24.0,43,29,-1,-1.34,43,0,0.0,0.0,0.0,0.0,0.0,0.0
2026-07-30T11:14:39.686,2313.469,142,open,ACTUATOR_ACTIVE,TRAJECTORY_RUNNING,24.0,43,28,-4,-0.81,43,0,0.0,0.0,0.0,0.0,0.0,0.0
2026-07-30T11:14:40.177,2313.953,142,open,ACTUATOR_ACTIVE,TRAJECTORY_RUNNING,24.0,43,26,-5,-1.47,43,0,0.0,0.0,0.0,0.0,0.0,0.0
2026-07-30T11:14:40.691,2314.469,142,open,ACTUATOR_ACTIVE,TRAJECTORY_RUNNING,24.0,42,23,-5,-1.11,42,0,0.0,0.0,0.0,0.0,0.0,0.0
2026-07-30T11:14:41.180,2314.953,142,open,ACTUATOR_ACTIVE,TRAJECTORY_RUNNING,24.0,42,20,-10,-1.45,42,0,0.0,0.0,0.0,0.0,0.0,0.0
2026-07-30T11:14:41.690,2315.469,142,open,ACTUATOR_ACTIVE,TRAJECTORY_RUNNING,24.0,42,15,-9,-2.46,42,0,0.0,0.0,0.0,0.0,0.0,0.0
2026-07-30T11:14:42.180,2315.953,142,open,ACTUATOR_ACTIVE,TRAJECTORY_RUNNING,24.0,42,10,-9,-2.47,42,0,0.0,0.0,0.0,0.0,0.0,0.0
2026-07-30T11:14:42.687,2316.469,142,open,ACTUATOR_ACTIVE,TRAJECTORY_RUNNING,24.0,42,8,0,-2.31,42,0,0.0,0.0,0.0,0.0,0.0,0.0
2026-07-30T11:14:43.184,2316.969,142,open,ACTUATOR_ACTIVE,TRAJECTORY_RUNNING,24.0,42,8,0,0.11,42,0,0.0,0.0,0.0,0.0,0.0,0.0
2026-07-30T11:14:43.683,2317.469,142,open,ACTUATOR_ACTIVE,TRAJECTORY_RUNNING,24.0,42,9,0,0.98,42,0,0.0,0.0,0.0,0.0,0.0,0.0
2026-07-30T11:14:44.179,2317.953,142,open,ACTUATOR_ACTIVE,TRAJECTORY_RUNNING,24.0,42,9,0,2.18,42,0,0.0,0.0,0.0,0.0,0.0,0.0
2026-07-30T11:14:44.690,2318.469,142,open,ACTUATOR_ACTIVE,TRAJECTORY_STOPPED,24.0,52,9,0,1.78,52,0,0.0,0.0,0.0,0.0,0.0,0.0
2026-07-30T11:14:45.187,2318.969,142,open,ACTUATOR_ACTIVE,TRAJECTORY_STOPPED,24.0,52,9,0,1.7,52,0,0.0,0.0,0.0,0.0,0.0,0.0
2026-07-30T11:14:45.684,2319.469,142,open,ACTUATOR_ACTIVE,TRAJECTORY_RUNNING,24.0,52,9,1,2.23,52,0,0.0,0.0,0.0,0.0,0.0,0.0
2026-07-30T11:14:46.294,2320.078,143,close,ACTUATOR_ACTIVE,TRAJECTORY_RUNNING,24.0,52,9,7,2.06,52,0,0.0,0.0,0.0,0.0,0.0,0.0
2026-07-30T11:14:46.788,2320.563,143,close,ACTUATOR_ACTIVE,TRAJECTORY_RUNNING,24.0,52,12,8,1.61,52,0,0.0,0.0,0.0,0.0,0.0,0.0
2026-07-30T11:14:47.290,2321.063,143,close,ACTUATOR_ACTIVE,TRAJECTORY_RUNNING,24.0,52,16,8,1.46,52,0,0.0,0.0,0.0,0.0,0.0,0.0
2026-07-30T11:14:47.800,2321.578,143,close,ACTUATOR_ACTIVE,TRAJECTORY_RUNNING,24.0,52,20,9,2.83,52,0,0.0,0.0,0.0,0.0,0.0,0.0
2026-07-30T11:14:48.300,2322.078,143,close,ACTUATOR_ACTIVE,TRAJECTORY_RUNNING,24.0,52,24,9,1.41,52,0,0.0,0.0,0.0,0.0,0.0,0.0
2026-07-30T11:14:48.797,2322.578,143,close,ACTUATOR_ACTIVE,TRAJECTORY_RUNNING,24.0,43,29,8,0.94,43,0,0.0,0.0,0.0,0.0,0.0,0.0
2026-07-30T11:14:49.285,2323.063,143,close,ACTUATOR_ACTIVE,TRAJECTORY_RUNNING,24.0,43,30,0,3.45,43,0,0.0,0.0,0.0,0.0,0.0,0.0
2026-07-30T11:14:49.794,2323.578,143,close,ACTUATOR_ACTIVE,TRAJECTORY_RUNNING,24.0,43,30,-1,1.96,43,0,0.0,0.0,0.0,0.0,0.0,0.0
2026-07-30T11:14:50.287,2324.063,143,close,ACTUATOR_ACTIVE,TRAJECTORY_RUNNING,24.0,43,30,0,1.86,43,0,0.0,0.0,0.0,0.0,0.0,0.0
2026-07-30T11:14:50.792,2324.578,143,close,ACTUATOR_ACTIVE,TRAJECTORY_STOPPED,24.0,43,30,0,1.51,43,0,0.0,0.0,0.0,0.0,0.0,0.0
2026-07-30T11:14:51.281,2325.063,143,close,ACTUATOR_ACTIVE,TRAJECTORY_RUNNING,24.0,43,30,0,2.46,43,0,0.0,0.0,0.0,0.0,0.0,0.0
2026-07-30T11:14:51.792,2325.578,143,close,ACTUATOR_ACTIVE,TRAJECTORY_RUNNING,24.0,43,30,0,1.89,43,0,0.0,0.0,0.0,0.0,0.0,0.0
2026-07-30T11:14:52.283,2326.063,143,close,ACTUATOR_ACTIVE,TRAJECTORY_RUNNING,24.0,43,30,0,1.62,43,0,0.0,0.0,0.0,0.0,0.0,0.0
2026-07-30T11:14:52.799,2326.578,143,close,ACTUATOR_ACTIVE,TRAJECTORY_RUNNING,24.0,45,30,0,2.78,45,0,0.0,0.0,0.0,0.0,0.0,0.0
2026-07-30T11:14:53.296,2327.078,143,close,ACTUATOR_ACTIVE,TRAJECTORY_RUNNING,24.0,45,30,0,2.2,45,0,0.0,0.0,0.0,0.0,0.0,0.0
2026-07-30T11:14:53.794,2327.578,143,close,ACTUATOR_ACTIVE,TRAJECTORY_RUNNING,24.0,45,30,1,2.36,45,0,0.0,0.0,0.0,0.0,0.0,0.0
2026-07-30T11:14:54.401,2328.188,143,open,ACTUATOR_ACTIVE,TRAJECTORY_RUNNING,24.0,45,30,0,1.02,45,0,0.0,0.0,0.0,0.0,0.0,0.0
2026-07-30T11:14:54.895,2328.672,143,open,ACTUATOR_ACTIVE,TRAJECTORY_RUNNING,24.0,45,26,-12,-2.33,45,0,0.0,0.0,0.0,0.0,0.0,0.0
2026-07-30T11:14:55.409,2329.188,143,open,ACTUATOR_ACTIVE,TRAJECTORY_RUNNING,24.0,45,20,-10,-0.78,45,0,0.0,0.0,0.0,0.0,0.0,0.0
2026-07-30T11:14:55.902,2329.688,143,open,ACTUATOR_ACTIVE,TRAJECTORY_RUNNING,24.0,45,14,-11,-2.25,45,0,0.0,0.0,0.0,0.0,0.0,0.0
2026-07-30T11:14:56.398,2330.172,143,open,ACTUATOR_ACTIVE,TRAJECTORY_COMPLETE,24.0,46,9,0,1.13,46,0,0.0,0.0,0.0,0.0,0.0,0.0
2026-07-30T11:14:56.910,2330.688,143,open,ACTUATOR_ACTIVE,TRAJECTORY_COMPLETE,24.0,46,10,0,0.33,46,0,0.0,0.0,0.0,0.0,0.0,0.0
2026-07-30T11:14:57.399,2331.172,143,open,ACTUATOR_ACTIVE,TRAJECTORY_COMPLETE,24.0,46,9,0,-0.08,46,0,0.0,0.0,0.0,0.0,0.0,0.0
2026-07-30T11:14:57.909,2331.688,143,open,ACTUATOR_ACTIVE,TRAJECTORY_COMPLETE,24.0,46,9,0,0.19,46,0,0.0,0.0,0.0,0.0,0.0,0.0
2026-07-30T11:14:58.399,2332.172,143,open,ACTUATOR_ACTIVE,TRAJECTORY_COMPLETE,24.0,46,9,0,0.36,46,0,0.0,0.0,0.0,0.0,0.0,0.0
2026-07-30T11:14:58.909,2332.688,143,open,ACTUATOR_ACTIVE,TRAJECTORY_COMPLETE,24.0,46,9,0,-0.54,46,0,0.0,0.0,0.0,0.0,0.0,0.0
2026-07-30T11:14:59.399,2333.172,143,open,ACTUATOR_ACTIVE,TRAJECTORY_COMPLETE,24.0,46,9,0,0.01,46,0,0.0,0.0,0.0,0.0,0.0,0.0
2026-07-30T11:14:59.911,2333.688,143,open,ACTUATOR_ACTIVE,TRAJECTORY_COMPLETE,24.0,46,9,0,0.57,46,0,0.0,0.0,0.0,0.0,0.0,0.0
2026-07-30T11:15:00.400,2334.172,143,open,ACTUATOR_ACTIVE,TRAJECTORY_COMPLETE,24.0,44,10,-1,0.08,44,0,0.0,0.0,0.0,0.0,0.0,0.0
2026-07-30T11:15:00.908,2334.688,143,open,ACTUATOR_ACTIVE,TRAJECTORY_COMPLETE,24.0,44,10,0,-0.23,44,0,0.0,0.0,0.0,0.0,0.0,0.0
2026-07-30T11:15:01.400,2335.188,143,open,ACTUATOR_ACTIVE,TRAJECTORY_COMPLETE,24.0,44,9,0,0.01,44,0,0.0,0.0,0.0,0.0,0.0,0.0
2026-07-30T11:15:01.893,2335.672,143,open,ACTUATOR_ACTIVE,TRAJECTORY_COMPLETE,24.0,44,9,0,0.32,44,0,0.0,0.0,0.0,0.0,0.0,0.0
2026-07-30T11:15:02.515,2336.297,144,close,ACTUATOR_ACTIVE,TRAJECTORY_RUNNING,24.0,44,10,7,1.54,44,0,0.0,0.0,0.0,0.0,0.0,0.0
2026-07-30T11:15:03.006,2336.781,144,close,ACTUATOR_ACTIVE,TRAJECTORY_RUNNING,24.0,44,14,9,2.84,44,0,0.0,0.0,0.0,0.0,0.0,0.0
2026-07-30T11:15:03.521,2337.297,144,close,ACTUATOR_ACTIVE,TRAJECTORY_RUNNING,24.0,44,19,9,2.63,44,0,0.0,0.0,0.0,0.0,0.0,0.0
2026-07-30T11:15:04.014,2337.797,144,close,ACTUATOR_ACTIVE,TRAJECTORY_RUNNING,24.0,44,23,9,0.89,44,0,0.0,0.0,0.0,0.0,0.0,0.0
2026-07-30T11:15:04.510,2338.297,144,close,ACTUATOR_ACTIVE,TRAJECTORY_RUNNING,24.0,45,28,8,1.35,45,0,0.0,0.0,0.0,0.0,0.0,0.0
2026-07-30T11:15:05.004,2338.781,144,close,ACTUATOR_ACTIVE,TRAJECTORY_RUNNING,24.0,45,31,1,24.1,45,0,0.0,0.0,0.0,0.0,0.0,0.0
2026-07-30T11:15:05.515,2339.297,144,close,ACTUATOR_ACTIVE,TRAJECTORY_RUNNING,24.0,45,31,0,29.67,45,0,0.0,0.0,0.0,0.0,0.0,0.0
2026-07-30T11:15:06.013,2339.797,144,close,ACTUATOR_ACTIVE,TRAJECTORY_RUNNING,24.0,45,31,0,29.39,45,0,0.0,0.0,0.0,0.0,0.0,0.0
2026-07-30T11:15:06.511,2340.297,144,close,ACTUATOR_ACTIVE,TRAJECTORY_RUNNING,24.0,45,31,-1,30.5,45,0,0.0,0.0,0.0,0.0,0.0,0.0
2026-07-30T11:15:07.001,2340.781,144,close,ACTUATOR_ACTIVE,TRAJECTORY_RUNNING,24.0,45,31,0,30.02,45,0,0.0,0.0,0.0,0.0,0.0,0.0
2026-07-30T11:15:07.508,2341.281,144,close,ACTUATOR_ACTIVE,TRAJECTORY_RUNNING,24.0,45,31,0,29.97,45,0,0.0,0.0,0.0,0.0,0.0,0.0
2026-07-30T11:15:08.021,2341.797,144,close,ACTUATOR_ACTIVE,TRAJECTORY_RUNNING,24.0,45,31,0,29.92,45,0,0.0,0.0,0.0,0.0,0.0,0.0
2026-07-30T11:15:08.513,2342.297,144,close,ACTUATOR_ACTIVE,TRAJECTORY_RUNNING,24.0,46,31,0,30.43,46,0,0.0,0.0,0.0,0.0,0.0,0.0
2026-07-30T11:15:09.004,2342.781,144,close,ACTUATOR_ACTIVE,TRAJECTORY_STOPPED,24.0,46,31,0,32.06,46,0,0.0,0.0,0.0,0.0,0.0,0.0
2026-07-30T11:15:09.517,2343.297,144,close,ACTUATOR_ACTIVE,TRAJECTORY_RUNNING,24.0,46,31,0,32.76,46,0,0.0,0.0,0.0,0.0,0.0,0.0
2026-07-30T11:15:10.016,2343.797,144,close,ACTUATOR_ACTIVE,TRAJECTORY_RUNNING,24.0,46,31,0,29.34,46,0,0.0,0.0,0.0,0.0,0.0,0.0
2026-07-30T11:15:10.627,2344.406,144,open,ACTUATOR_ACTIVE,TRAJECTORY_RUNNING,24.0,46,31,0,4.08,46,0,0.0,0.0,0.0,0.0,0.0,0.0
2026-07-30T11:15:11.122,2344.906,144,open,ACTUATOR_ACTIVE,TRAJECTORY_RUNNING,24.0,46,27,-11,-2.11,46,0,0.0,0.0,0.0,0.0,0.0,0.0
2026-07-30T11:15:11.619,2345.406,144,open,ACTUATOR_ACTIVE,TRAJECTORY_RUNNING,24.0,46,21,-12,-1.86,46,0,0.0,0.0,0.0,0.0,0.0,0.0
2026-07-30T11:15:12.116,2345.891,144,open,ACTUATOR_ACTIVE,TRAJECTORY_RUNNING,24.0,46,15,-11,-2.47,46,0,0.0,0.0,0.0,0.0,0.0,0.0
2026-07-30T11:15:12.633,2346.406,144,open,ACTUATOR_ACTIVE,TRAJECTORY_RUNNING,24.0,42,10,-10,-2.17,42,0,0.0,0.0,0.0,0.0,0.0,0.0
2026-07-30T11:15:13.128,2346.906,144,open,ACTUATOR_ACTIVE,TRAJECTORY_COMPLETE,24.0,42,9,0,0.33,42,0,0.0,0.0,0.0,0.0,0.0,0.0
2026-07-30T11:15:13.624,2347.406,144,open,ACTUATOR_ACTIVE,TRAJECTORY_COMPLETE,24.0,42,10,0,-0.06,42,0,0.0,0.0,0.0,0.0,0.0,0.0
2026-07-30T11:15:14.120,2347.906,144,open,ACTUATOR_ACTIVE,TRAJECTORY_COMPLETE,24.0,42,9,-2,-0.16,42,0,0.0,0.0,0.0,0.0,0.0,0.0
2026-07-30T11:15:14.615,2348.391,144,open,ACTUATOR_ACTIVE,TRAJECTORY_COMPLETE,24.0,42,10,0,0.16,42,0,0.0,0.0,0.0,0.0,0.0,0.0
2026-07-30T11:15:15.123,2348.906,144,open,ACTUATOR_ACTIVE,TRAJECTORY_COMPLETE,24.0,42,9,1,0.13,42,0,0.0,0.0,0.0,0.0,0.0,0.0
2026-07-30T11:15:15.620,2349.406,144,open,ACTUATOR_ACTIVE,TRAJECTORY_COMPLETE,24.0,42,9,0,-0.23,42,0,0.0,0.0,0.0,0.0,0.0,0.0
2026-07-30T11:15:16.116,2349.891,144,open,ACTUATOR_ACTIVE,TRAJECTORY_COMPLETE,24.0,42,9,0,-0.2,42,0,0.0,0.0,0.0,0.0,0.0,0.0
2026-07-30T11:15:16.629,2350.406,144,open,ACTUATOR_ACTIVE,TRAJECTORY_COMPLETE,24.0,46,10,0,0.48,46,0,0.0,0.0,0.0,0.0,0.0,0.0
2026-07-30T11:15:17.121,2350.906,144,open,ACTUATOR_ACTIVE,TRAJECTORY_COMPLETE,24.0,46,9,0,-0.04,46,0,0.0,0.0,0.0,0.0,0.0,0.0
2026-07-30T11:15:17.619,2351.406,144,open,ACTUATOR_ACTIVE,TRAJECTORY_COMPLETE,24.0,46,9,0,-0.15,46,0,0.0,0.0,0.0,0.0,0.0,0.0
2026-07-30T11:15:18.112,2351.891,144,open,ACTUATOR_ACTIVE,TRAJECTORY_COMPLETE,24.0,46,9,-1,0.02,46,0,0.0,0.0,0.0,0.0,0.0,0.0
2026-07-30T11:15:18.737,2352.516,145,close,ACTUATOR_ACTIVE,TRAJECTORY_RUNNING,24.0,46,10,6,1.48,46,0,0.0,0.0,0.0,0.0,0.0,0.0
2026-07-30T11:15:19.234,2353.016,145,close,ACTUATOR_ACTIVE,TRAJECTORY_RUNNING,24.0,46,12,4,0.8,46,0,0.0,0.0,0.0,0.0,0.0,0.0
2026-07-30T11:15:19.729,2353.516,145,close,ACTUATOR_ACTIVE,TRAJECTORY_RUNNING,24.0,46,14,6,1.68,46,0,0.0,0.0,0.0,0.0,0.0,0.0
2026-07-30T11:15:20.225,2354.0,145,close,ACTUATOR_ACTIVE,TRAJECTORY_RUNNING,24.0,46,17,7,1.24,46,0,0.0,0.0,0.0,0.0,0.0,0.0
2026-07-30T11:15:20.738,2354.516,145,close,ACTUATOR_ACTIVE,TRAJECTORY_RUNNING,24.0,45,20,8,2.59,45,0,0.0,0.0,0.0,0.0,0.0,0.0
2026-07-30T11:15:21.231,2355.016,145,close,ACTUATOR_ACTIVE,TRAJECTORY_RUNNING,24.0,45,24,8,1.19,45,0,0.0,0.0,0.0,0.0,0.0,0.0
2026-07-30T11:15:21.729,2355.516,145,close,ACTUATOR_ACTIVE,TRAJECTORY_RUNNING,24.0,45,28,9,1.62,45,0,0.0,0.0,0.0,0.0,0.0,0.0
2026-07-30T11:15:22.226,2356.0,145,close,ACTUATOR_ACTIVE,TRAJECTORY_RUNNING,24.0,45,30,1,4.39,45,0,0.0,0.0,0.0,0.0,0.0,0.0
2026-07-30T11:15:22.738,2356.516,145,close,ACTUATOR_ACTIVE,TRAJECTORY_RUNNING,24.0,45,30,1,2.01,45,0,0.0,0.0,0.0,0.0,0.0,0.0
2026-07-30T11:15:23.234,2357.016,145,close,ACTUATOR_ACTIVE,TRAJECTORY_RUNNING,24.0,45,30,0,1.78,45,0,0.0,0.0,0.0,0.0,0.0,0.0
2026-07-30T11:15:23.733,2357.516,145,close,ACTUATOR_ACTIVE,TRAJECTORY_RUNNING,24.0,45,30,0,2.15,45,0,0.0,0.0,0.0,0.0,0.0,0.0
2026-07-30T11:15:24.231,2358.016,145,close,ACTUATOR_ACTIVE,TRAJECTORY_RUNNING,24.0,45,30,0,1.68,45,0,0.0,0.0,0.0,0.0,0.0,0.0
2026-07-30T11:15:24.728,2358.516,145,close,ACTUATOR_ACTIVE,TRAJECTORY_RUNNING,24.0,47,30,0,2.7,47,0,0.0,0.0,0.0,0.0,0.0,0.0
2026-07-30T11:15:25.220,2359.0,145,close,ACTUATOR_ACTIVE,TRAJECTORY_RUNNING,24.0,47,30,0,1.96,47,0,0.0,0.0,0.0,0.0,0.0,0.0
2026-07-30T11:15:25.736,2359.516,145,close,ACTUATOR_ACTIVE,TRAJECTORY_RUNNING,24.0,47,30,0,1.98,47,0,0.0,0.0,0.0,0.0,0.0,0.0
2026-07-30T11:15:26.231,2360.016,145,close,ACTUATOR_ACTIVE,TRAJECTORY_RUNNING,24.0,47,30,0,1.65,47,0,0.0,0.0,0.0,0.0,0.0,0.0
2026-07-30T11:15:26.836,2360.61,145,open,ACTUATOR_ACTIVE,TRAJECTORY_RUNNING,24.0,47,30,0,0.72,47,0,0.0,0.0,0.0,0.0,0.0,0.0
2026-07-30T11:15:27.344,2361.125,145,open,ACTUATOR_ACTIVE,TRAJECTORY_RUNNING,24.0,47,25,-11,-1.14,47,0,0.0,0.0,0.0,0.0,0.0,0.0
2026-07-30T11:15:27.841,2361.625,145,open,ACTUATOR_ACTIVE,TRAJECTORY_RUNNING,24.0,47,20,-11,-1.22,47,0,0.0,0.0,0.0,0.0,0.0,0.0
2026-07-30T11:15:28.337,2362.11,145,open,ACTUATOR_ACTIVE,TRAJECTORY_RUNNING,24.0,47,14,-11,-1.23,47,0,0.0,0.0,0.0,0.0,0.0,0.0
2026-07-30T11:15:28.836,2362.61,145,open,ACTUATOR_ACTIVE,TRAJECTORY_COMPLETE,24.0,44,9,0,0.39,44,0,0.0,0.0,0.0,0.0,0.0,0.0
2026-07-30T11:15:29.343,2363.125,145,open,ACTUATOR_ACTIVE,TRAJECTORY_COMPLETE,24.0,44,9,1,0.31,44,0,0.0,0.0,0.0,0.0,0.0,0.0
2026-07-30T11:15:29.835,2363.61,145,open,ACTUATOR_ACTIVE,TRAJECTORY_COMPLETE,24.0,44,9,0,-0.29,44,0,0.0,0.0,0.0,0.0,0.0,0.0
2026-07-30T11:15:30.344,2364.125,145,open,ACTUATOR_ACTIVE,TRAJECTORY_COMPLETE,24.0,44,10,0,0.35,44,0,0.0,0.0,0.0,0.0,0.0,0.0
2026-07-30T11:15:30.838,2364.625,145,open,ACTUATOR_ACTIVE,TRAJECTORY_COMPLETE,24.0,44,10,0,0.35,44,0,0.0,0.0,0.0,0.0,0.0,0.0
2026-07-30T11:15:31.333,2365.11,145,open,ACTUATOR_ACTIVE,TRAJECTORY_COMPLETE,24.0,44,10,1,-0.15,44,0,0.0,0.0,0.0,0.0,0.0,0.0
2026-07-30T11:15:31.844,2365.625,145,open,ACTUATOR_ACTIVE,TRAJECTORY_COMPLETE,24.0,44,10,0,0.11,44,0,0.0,0.0,0.0,0.0,0.0,0.0
2026-07-30T11:15:32.341,2366.125,145,open,ACTUATOR_ACTIVE,TRAJECTORY_COMPLETE,24.0,44,10,0,0.14,44,0,0.0,0.0,0.0,0.0,0.0,0.0
2026-07-30T11:15:32.837,2366.61,145,open,ACTUATOR_ACTIVE,TRAJECTORY_COMPLETE,24.0,46,10,0,0.25,46,0,0.0,0.0,0.0,0.0,0.0,0.0
2026-07-30T11:15:33.342,2367.125,145,open,ACTUATOR_ACTIVE,TRAJECTORY_COMPLETE,24.0,46,10,0,-0.12,46,0,0.0,0.0,0.0,0.0,0.0,0.0
2026-07-30T11:15:33.840,2367.625,145,open,ACTUATOR_ACTIVE,TRAJECTORY_COMPLETE,24.0,46,10,0,0.21,46,0,0.0,0.0,0.0,0.0,0.0,0.0
2026-07-30T11:15:34.334,2368.11,145,open,ACTUATOR_ACTIVE,TRAJECTORY_COMPLETE,24.0,46,10,0,-0.07,46,0,0.0,0.0,0.0,0.0,0.0,0.0
2026-07-30T11:15:34.957,2368.735,146,close,ACTUATOR_ACTIVE,TRAJECTORY_RUNNING,24.0,46,10,7,0.83,46,0,0.0,0.0,0.0,0.0,0.0,0.0
2026-07-30T11:15:35.451,2369.235,146,close,ACTUATOR_ACTIVE,TRAJECTORY_RUNNING,24.0,46,12,4,1.42,46,0,0.0,0.0,0.0,0.0,0.0,0.0
2026-07-30T11:15:35.941,2369.719,146,close,ACTUATOR_ACTIVE,TRAJECTORY_RUNNING,24.0,46,14,5,2.81,46,0,0.0,0.0,0.0,0.0,0.0,0.0
2026-07-30T11:15:36.453,2370.235,146,close,ACTUATOR_ACTIVE,TRAJECTORY_RUNNING,24.0,46,16,6,0.55,46,0,0.0,0.0,0.0,0.0,0.0,0.0
2026-07-30T11:15:36.948,2370.735,146,close,ACTUATOR_ACTIVE,TRAJECTORY_RUNNING,24.0,46,20,7,1.05,46,0,0.0,0.0,0.0,0.0,0.0,0.0
2026-07-30T11:15:37.444,2371.219,146,close,ACTUATOR_ACTIVE,TRAJECTORY_RUNNING,24.0,46,24,8,2.07,46,0,0.0,0.0,0.0,0.0,0.0,0.0
2026-07-30T11:15:37.956,2371.735,146,close,ACTUATOR_ACTIVE,TRAJECTORY_RUNNING,24.0,46,28,9,0.79,46,0,0.0,0.0,0.0,0.0,0.0,0.0
2026-07-30T11:15:38.450,2372.235,146,close,ACTUATOR_ACTIVE,TRAJECTORY_RUNNING,24.0,46,30,1,4.72,46,0,0.0,0.0,0.0,0.0,0.0,0.0
2026-07-30T11:15:38.949,2372.735,146,close,ACTUATOR_ACTIVE,TRAJECTORY_RUNNING,24.0,46,30,0,2.02,46,0,0.0,0.0,0.0,0.0,0.0,0.0
2026-07-30T11:15:39.442,2373.219,146,close,ACTUATOR_ACTIVE,TRAJECTORY_RUNNING,24.0,46,30,0,2.02,46,0,0.0,0.0,0.0,0.0,0.0,0.0
2026-07-30T11:15:39.955,2373.735,146,close,ACTUATOR_ACTIVE,TRAJECTORY_RUNNING,24.0,46,30,0,1.89,46,0,0.0,0.0,0.0,0.0,0.0,0.0
2026-07-30T11:15:40.450,2374.235,146,close,ACTUATOR_ACTIVE,TRAJECTORY_RUNNING,24.0,45,30,0,2.51,45,0,0.0,0.0,0.0,0.0,0.0,0.0
2026-07-30T11:15:40.947,2374.735,146,close,ACTUATOR_ACTIVE,TRAJECTORY_RUNNING,24.0,45,30,0,2.16,45,0,0.0,0.0,0.0,0.0,0.0,0.0
2026-07-30T11:15:41.440,2375.219,146,close,ACTUATOR_ACTIVE,TRAJECTORY_RUNNING,24.0,45,30,0,1.9,45,0,0.0,0.0,0.0,0.0,0.0,0.0
2026-07-30T11:15:41.948,2375.735,146,close,ACTUATOR_ACTIVE,TRAJECTORY_RUNNING,24.0,45,30,0,1.65,45,0,0.0,0.0,0.0,0.0,0.0,0.0
2026-07-30T11:15:42.444,2376.219,146,close,ACTUATOR_ACTIVE,TRAJECTORY_RUNNING,24.0,45,30,0,2.1,45,0,0.0,0.0,0.0,0.0,0.0,0.0
2026-07-30T11:15:43.070,2376.844,146,open,ACTUATOR_ACTIVE,TRAJECTORY_RUNNING,24.0,45,30,0,1.05,45,0,0.0,0.0,0.0,0.0,0.0,0.0
2026-07-30T11:15:43.560,2377.344,146,open,ACTUATOR_ACTIVE,TRAJECTORY_RUNNING,24.0,45,30,0,-0.38,45,0,0.0,0.0,0.0,0.0,0.0,0.0
2026-07-30T11:15:44.054,2377.828,146,open,ACTUATOR_ACTIVE,TRAJECTORY_RUNNING,24.0,45,29,-1,-1.06,45,0,0.0,0.0,0.0,0.0,0.0,0.0
2026-07-30T11:15:44.566,2378.344,146,open,ACTUATOR_ACTIVE,TRAJECTORY_RUNNING,24.0,47,28,-3,-0.8,47,0,0.0,0.0,0.0,0.0,0.0,0.0
2026-07-30T11:15:45.066,2378.844,146,open,ACTUATOR_ACTIVE,TRAJECTORY_RUNNING,24.0,47,26,-4,-1.58,47,0,0.0,0.0,0.0,0.0,0.0,0.0
2026-07-30T11:15:45.565,2379.344,146,open,ACTUATOR_ACTIVE,TRAJECTORY_RUNNING,24.0,47,23,-6,-1.38,47,0,0.0,0.0,0.0,0.0,0.0,0.0
2026-07-30T11:15:46.062,2379.844,146,open,ACTUATOR_ACTIVE,TRAJECTORY_RUNNING,24.0,47,20,-8,-1.48,47,0,0.0,0.0,0.0,0.0,0.0,0.0
2026-07-30T11:15:46.555,2380.328,146,open,ACTUATOR_ACTIVE,TRAJECTORY_RUNNING,24.0,47,15,-8,-1.81,47,0,0.0,0.0,0.0,0.0,0.0,0.0
2026-07-30T11:15:47.068,2380.844,146,open,ACTUATOR_ACTIVE,TRAJECTORY_RUNNING,24.0,47,10,-8,-3.27,47,0,0.0,0.0,0.0,0.0,0.0,0.0
2026-07-30T11:15:47.561,2381.344,146,open,ACTUATOR_ACTIVE,TRAJECTORY_RUNNING,24.0,47,8,0,-1.4,47,0,0.0,0.0,0.0,0.0,0.0,0.0
2026-07-30T11:15:48.055,2381.828,146,open,ACTUATOR_ACTIVE,TRAJECTORY_RUNNING,24.0,47,8,0,-0.01,47,0,0.0,0.0,0.0,0.0,0.0,0.0
2026-07-30T11:15:48.569,2382.344,146,open,ACTUATOR_ACTIVE,TRAJECTORY_RUNNING,24.0,46,9,0,1.56,46,0,0.0,0.0,0.0,0.0,0.0,0.0
2026-07-30T11:15:49.068,2382.844,146,open,ACTUATOR_ACTIVE,TRAJECTORY_RUNNING,24.0,46,9,0,2.27,46,0,0.0,0.0,0.0,0.0,0.0,0.0
2026-07-30T11:15:49.567,2383.344,146,open,ACTUATOR_ACTIVE,TRAJECTORY_RUNNING,24.0,46,9,0,2.83,46,0,0.0,0.0,0.0,0.0,0.0,0.0
2026-07-30T11:15:50.065,2383.844,146,open,ACTUATOR_ACTIVE,TRAJECTORY_STOPPED,24.0,46,9,0,2.16,46,0,0.0,0.0,0.0,0.0,0.0,0.0
2026-07-30T11:15:50.563,2384.344,146,open,ACTUATOR_ACTIVE,TRAJECTORY_RUNNING,24.0,46,9,0,2.02,46,0,0.0,0.0,0.0,0.0,0.0,0.0
2026-07-30T11:15:51.165,2384.953,147,close,ACTUATOR_ACTIVE,TRAJECTORY_RUNNING,24.0,46,10,7,2.47,46,0,0.0,0.0,0.0,0.0,0.0,0.0
2026-07-30T11:15:51.662,2385.438,147,close,ACTUATOR_ACTIVE,TRAJECTORY_RUNNING,24.0,46,13,7,2.92,46,0,0.0,0.0,0.0,0.0,0.0,0.0
2026-07-30T11:15:52.174,2385.953,147,close,ACTUATOR_ACTIVE,TRAJECTORY_RUNNING,24.0,46,16,6,1.33,46,0,0.0,0.0,0.0,0.0,0.0,0.0
2026-07-30T11:15:52.667,2386.453,147,close,ACTUATOR_ACTIVE,TRAJECTORY_RUNNING,24.0,46,20,9,0.79,46,0,0.0,0.0,0.0,0.0,0.0,0.0
2026-07-30T11:15:53.162,2386.938,147,close,ACTUATOR_ACTIVE,TRAJECTORY_RUNNING,24.0,46,25,9,1.83,46,0,0.0,0.0,0.0,0.0,0.0,0.0
2026-07-30T11:15:53.670,2387.453,147,close,ACTUATOR_ACTIVE,TRAJECTORY_RUNNING,24.0,46,29,7,2.38,46,0,0.0,0.0,0.0,0.0,0.0,0.0
2026-07-30T11:15:54.169,2387.953,147,close,ACTUATOR_ACTIVE,TRAJECTORY_RUNNING,24.0,46,30,0,2.73,46,0,0.0,0.0,0.0,0.0,0.0,0.0
2026-07-30T11:15:54.665,2388.438,147,close,ACTUATOR_ACTIVE,TRAJECTORY_RUNNING,24.0,46,30,0,1.34,46,0,0.0,0.0,0.0,0.0,0.0,0.0
2026-07-30T11:15:55.177,2388.953,147,close,ACTUATOR_ACTIVE,TRAJECTORY_RUNNING,24.0,46,30,0,1.89,46,0,0.0,0.0,0.0,0.0,0.0,0.0
2026-07-30T11:15:55.672,2389.453,147,close,ACTUATOR_ACTIVE,TRAJECTORY_RUNNING,24.0,46,30,0,1.33,46,0,0.0,0.0,0.0,0.0,0.0,0.0
2026-07-30T11:15:56.173,2389.953,147,close,ACTUATOR_ACTIVE,TRAJECTORY_RUNNING,24.0,46,30,0,3.18,46,0,0.0,0.0,0.0,0.0,0.0,0.0
2026-07-30T11:15:56.669,2390.453,147,close,ACTUATOR_ACTIVE,TRAJECTORY_RUNNING,24.0,44,30,0,1.86,44,0,0.0,0.0,0.0,0.0,0.0,0.0
2026-07-30T11:15:57.164,2390.938,147,close,ACTUATOR_ACTIVE,TRAJECTORY_RUNNING,24.0,44,30,0,2.74,44,0,0.0,0.0,0.0,0.0,0.0,0.0
2026-07-30T11:15:57.676,2391.453,147,close,ACTUATOR_ACTIVE,TRAJECTORY_RUNNING,24.0,44,30,1,2.9,44,0,0.0,0.0,0.0,0.0,0.0,0.0
2026-07-30T11:15:58.171,2391.953,147,close,ACTUATOR_ACTIVE,TRAJECTORY_RUNNING,24.0,44,30,0,1.41,44,0,0.0,0.0,0.0,0.0,0.0,0.0
2026-07-30T11:15:58.668,2392.453,147,close,ACTUATOR_ACTIVE,TRAJECTORY_RUNNING,24.0,44,30,1,2.22,44,0,0.0,0.0,0.0,0.0,0.0,0.0
2026-07-30T11:15:59.269,2393.047,147,open,ACTUATOR_ACTIVE,TRAJECTORY_RUNNING,24.0,44,30,0,0.67,44,0,0.0,0.0,0.0,0.0,0.0,0.0
2026-07-30T11:15:59.778,2393.563,147,open,ACTUATOR_ACTIVE,TRAJECTORY_RUNNING,24.0,44,30,0,-0.28,44,0,0.0,0.0,0.0,0.0,0.0,0.0
2026-07-30T11:16:00.270,2394.047,147,open,ACTUATOR_ACTIVE,TRAJECTORY_RUNNING,24.0,44,29,-1,-1.3,44,0,0.0,0.0,0.0,0.0,0.0,0.0
2026-07-30T11:16:00.784,2394.563,147,open,ACTUATOR_ACTIVE,TRAJECTORY_RUNNING,24.0,40,28,-4,-1.1,40,0,0.0,0.0,0.0,0.0,0.0,0.0
2026-07-30T11:16:01.280,2395.063,147,open,ACTUATOR_ACTIVE,TRAJECTORY_RUNNING,24.0,40,26,-4,-0.89,40,0,0.0,0.0,0.0,0.0,0.0,0.0
2026-07-30T11:16:01.777,2395.563,147,open,ACTUATOR_ACTIVE,TRAJECTORY_RUNNING,24.0,40,23,-7,-1.21,40,0,0.0,0.0,0.0,0.0,0.0,0.0
2026-07-30T11:16:02.270,2396.047,147,open,ACTUATOR_ACTIVE,TRAJECTORY_RUNNING,24.0,40,19,-10,-1.43,40,0,0.0,0.0,0.0,0.0,0.0,0.0
2026-07-30T11:16:02.783,2396.563,147,open,ACTUATOR_ACTIVE,TRAJECTORY_RUNNING,24.0,40,15,-10,-1.82,40,0,0.0,0.0,0.0,0.0,0.0,0.0
2026-07-30T11:16:03.274,2397.047,147,open,ACTUATOR_ACTIVE,TRAJECTORY_RUNNING,24.0,40,10,-8,-2.56,40,0,0.0,0.0,0.0,0.0,0.0,0.0
2026-07-30T11:16:03.781,2397.563,147,open,ACTUATOR_ACTIVE,TRAJECTORY_RUNNING,24.0,40,8,-1,-1.28,40,0,0.0,0.0,0.0,0.0,0.0,0.0
2026-07-30T11:16:04.279,2398.063,147,open,ACTUATOR_ACTIVE,TRAJECTORY_RUNNING,24.0,40,8,0,-0.17,40,0,0.0,0.0,0.0,0.0,0.0,0.0
2026-07-30T11:16:04.777,2398.563,147,open,ACTUATOR_ACTIVE,TRAJECTORY_RUNNING,24.0,45,9,0,1.23,45,0,0.0,0.0,0.0,0.0,0.0,0.0
2026-07-30T11:16:05.272,2399.047,147,open,ACTUATOR_ACTIVE,TRAJECTORY_RUNNING,24.0,45,9,0,1.78,45,0,0.0,0.0,0.0,0.0,0.0,0.0
2026-07-30T11:16:05.787,2399.563,147,open,ACTUATOR_ACTIVE,TRAJECTORY_RUNNING,24.0,45,9,1,1.48,45,0,0.0,0.0,0.0,0.0,0.0,0.0
2026-07-30T11:16:06.287,2400.063,147,open,ACTUATOR_ACTIVE,TRAJECTORY_RUNNING,24.0,45,9,0,1.84,45,0,0.0,0.0,0.0,0.0,0.0,0.0
2026-07-30T11:16:06.787,2400.563,147,open,ACTUATOR_ACTIVE,TRAJECTORY_STOPPED,24.0,45,9,0,2.44,45,0,0.0,0.0,0.0,0.0,0.0,0.0
2026-07-30T11:16:07.395,2401.172,148,close,ACTUATOR_ACTIVE,TRAJECTORY_RUNNING,24.0,45,9,6,1.21,45,0,0.0,0.0,0.0,0.0,0.0,0.0
2026-07-30T11:16:07.890,2401.672,148,close,ACTUATOR_ACTIVE,TRAJECTORY_RUNNING,24.0,45,12,7,0.64,45,0,0.0,0.0,0.0,0.0,0.0,0.0
2026-07-30T11:16:08.388,2402.172,148,close,ACTUATOR_ACTIVE,TRAJECTORY_RUNNING,24.0,44,15,5,1.17,44,0,0.0,0.0,0.0,0.0,0.0,0.0
2026-07-30T11:16:08.884,2402.672,148,close,ACTUATOR_ACTIVE,TRAJECTORY_RUNNING,24.0,44,19,8,2.08,44,0,0.0,0.0,0.0,0.0,0.0,0.0
2026-07-30T11:16:09.381,2403.156,148,close,ACTUATOR_ACTIVE,TRAJECTORY_RUNNING,24.0,44,23,8,2.69,44,0,0.0,0.0,0.0,0.0,0.0,0.0
2026-07-30T11:16:09.893,2403.672,148,close,ACTUATOR_ACTIVE,TRAJECTORY_RUNNING,24.0,44,27,10,1.81,44,0,0.0,0.0,0.0,0.0,0.0,0.0
2026-07-30T11:16:10.392,2404.172,148,close,ACTUATOR_ACTIVE,TRAJECTORY_RUNNING,24.0,44,30,0,6.17,44,0,0.0,0.0,0.0,0.0,0.0,0.0
2026-07-30T11:16:10.892,2404.672,148,close,ACTUATOR_ACTIVE,TRAJECTORY_RUNNING,24.0,44,30,0,1.99,44,0,0.0,0.0,0.0,0.0,0.0,0.0
2026-07-30T11:16:11.392,2405.172,148,close,ACTUATOR_ACTIVE,TRAJECTORY_RUNNING,24.0,44,30,0,2.12,44,0,0.0,0.0,0.0,0.0,0.0,0.0
2026-07-30T11:16:11.886,2405.672,148,close,ACTUATOR_ACTIVE,TRAJECTORY_RUNNING,24.0,44,30,0,2.3,44,0,0.0,0.0,0.0,0.0,0.0,0.0
2026-07-30T11:16:12.383,2406.156,148,close,ACTUATOR_ACTIVE,TRAJECTORY_RUNNING,24.0,48,30,0,2.12,48,0,0.0,0.0,0.0,0.0,0.0,0.0
2026-07-30T11:16:12.891,2406.672,148,close,ACTUATOR_ACTIVE,TRAJECTORY_RUNNING,24.0,48,30,0,1.61,48,0,0.0,0.0,0.0,0.0,0.0,0.0
2026-07-30T11:16:13.387,2407.172,148,close,ACTUATOR_ACTIVE,TRAJECTORY_RUNNING,24.0,48,30,0,1.39,48,0,0.0,0.0,0.0,0.0,0.0,0.0
2026-07-30T11:16:13.885,2407.672,148,close,ACTUATOR_ACTIVE,TRAJECTORY_RUNNING,24.0,48,30,0,2.42,48,0,0.0,0.0,0.0,0.0,0.0,0.0
2026-07-30T11:16:14.384,2408.156,148,close,ACTUATOR_ACTIVE,TRAJECTORY_RUNNING,24.0,48,30,0,1.9,48,0,0.0,0.0,0.0,0.0,0.0,0.0
2026-07-30T11:16:14.895,2408.672,148,close,ACTUATOR_ACTIVE,TRAJECTORY_RUNNING,24.0,48,30,0,1.5,48,0,0.0,0.0,0.0,0.0,0.0,0.0
2026-07-30T11:16:15.503,2409.281,148,open,ACTUATOR_ACTIVE,TRAJECTORY_RUNNING,24.0,48,30,0,1.09,48,0,0.0,0.0,0.0,0.0,0.0,0.0
2026-07-30T11:16:15.997,2409.781,148,open,ACTUATOR_ACTIVE,TRAJECTORY_RUNNING,24.0,48,30,0,-0.84,48,0,0.0,0.0,0.0,0.0,0.0,0.0
2026-07-30T11:16:16.491,2410.266,148,open,ACTUATOR_ACTIVE,TRAJECTORY_RUNNING,24.0,43,29,-1,-1.05,43,0,0.0,0.0,0.0,0.0,0.0,0.0
2026-07-30T11:16:17.004,2410.781,148,open,ACTUATOR_ACTIVE,TRAJECTORY_RUNNING,24.0,43,28,-3,-0.99,43,0,0.0,0.0,0.0,0.0,0.0,0.0
2026-07-30T11:16:17.495,2411.281,148,open,ACTUATOR_ACTIVE,TRAJECTORY_RUNNING,24.0,43,26,-4,-0.94,43,0,0.0,0.0,0.0,0.0,0.0,0.0
2026-07-30T11:16:17.987,2411.766,148,open,ACTUATOR_ACTIVE,TRAJECTORY_RUNNING,24.0,43,23,-5,-0.88,43,0,0.0,0.0,0.0,0.0,0.0,0.0
2026-07-30T11:16:18.495,2412.281,148,open,ACTUATOR_ACTIVE,TRAJECTORY_RUNNING,24.0,43,19,-8,-1.55,43,0,0.0,0.0,0.0,0.0,0.0,0.0
2026-07-30T11:16:18.994,2412.781,148,open,ACTUATOR_ACTIVE,TRAJECTORY_RUNNING,24.0,43,15,-10,-1.41,43,0,0.0,0.0,0.0,0.0,0.0,0.0
2026-07-30T11:16:19.486,2413.266,148,open,ACTUATOR_ACTIVE,TRAJECTORY_RUNNING,24.0,43,10,-8,-1.87,43,0,0.0,0.0,0.0,0.0,0.0,0.0
2026-07-30T11:16:19.997,2413.781,148,open,ACTUATOR_ACTIVE,TRAJECTORY_RUNNING,24.0,43,8,0,-1.34,43,0,0.0,0.0,0.0,0.0,0.0,0.0
2026-07-30T11:16:20.492,2414.266,148,open,ACTUATOR_ACTIVE,TRAJECTORY_RUNNING,24.0,41,8,0,0.19,41,0,0.0,0.0,0.0,0.0,0.0,0.0
2026-07-30T11:16:21.004,2414.781,148,open,ACTUATOR_ACTIVE,TRAJECTORY_RUNNING,24.0,41,9,-1,1.36,41,0,0.0,0.0,0.0,0.0,0.0,0.0
2026-07-30T11:16:21.504,2415.281,148,open,ACTUATOR_ACTIVE,TRAJECTORY_RUNNING,24.0,41,9,0,1.47,41,0,0.0,0.0,0.0,0.0,0.0,0.0
2026-07-30T11:16:22.003,2415.781,148,open,ACTUATOR_ACTIVE,TRAJECTORY_RUNNING,24.0,41,9,0,1.87,41,0,0.0,0.0,0.0,0.0,0.0,0.0
2026-07-30T11:16:22.502,2416.281,148,open,ACTUATOR_ACTIVE,TRAJECTORY_RUNNING,24.0,41,9,0,2.6,41,0,0.0,0.0,0.0,0.0,0.0,0.0
2026-07-30T11:16:22.999,2416.781,148,open,ACTUATOR_ACTIVE,TRAJECTORY_RUNNING,24.0,41,9,0,1.97,41,0,0.0,0.0,0.0,0.0,0.0,0.0
2026-07-30T11:16:23.610,2417.391,149,close,ACTUATOR_ACTIVE,TRAJECTORY_RUNNING,24.0,41,10,8,1.61,41,0,0.0,0.0,0.0,0.0,0.0,0.0
2026-07-30T11:16:24.109,2417.891,149,close,ACTUATOR_ACTIVE,TRAJECTORY_RUNNING,24.0,41,13,7,2.82,41,0,0.0,0.0,0.0,0.0,0.0,0.0
2026-07-30T11:16:24.605,2418.391,149,close,ACTUATOR_ACTIVE,TRAJECTORY_RUNNING,24.0,45,17,9,2.31,45,0,0.0,0.0,0.0,0.0,0.0,0.0
2026-07-30T11:16:25.099,2418.875,149,close,ACTUATOR_ACTIVE,TRAJECTORY_RUNNING,24.0,45,21,9,1.35,45,0,0.0,0.0,0.0,0.0,0.0,0.0
2026-07-30T11:16:25.611,2419.391,149,close,ACTUATOR_ACTIVE,TRAJECTORY_RUNNING,24.0,45,26,7,2.91,45,0,0.0,0.0,0.0,0.0,0.0,0.0
2026-07-30T11:16:26.103,2419.891,149,close,ACTUATOR_ACTIVE,TRAJECTORY_RUNNING,24.0,45,30,5,5.25,45,0,0.0,0.0,0.0,0.0,0.0,0.0
2026-07-30T11:16:26.600,2420.375,149,close,ACTUATOR_ACTIVE,TRAJECTORY_RUNNING,24.0,45,30,0,2.09,45,0,0.0,0.0,0.0,0.0,0.0,0.0
2026-07-30T11:16:27.113,2420.891,149,close,ACTUATOR_ACTIVE,TRAJECTORY_STOPPED,24.0,45,30,0,2.35,45,0,0.0,0.0,0.0,0.0,0.0,0.0
2026-07-30T11:16:27.608,2421.391,149,close,ACTUATOR_ACTIVE,TRAJECTORY_RUNNING,24.0,45,30,0,2.21,45,0,0.0,0.0,0.0,0.0,0.0,0.0
2026-07-30T11:16:28.108,2421.891,149,close,ACTUATOR_ACTIVE,TRAJECTORY_RUNNING,24.0,45,30,0,2.6,45,0,0.0,0.0,0.0,0.0,0.0,0.0
2026-07-30T11:16:28.605,2422.391,149,close,ACTUATOR_ACTIVE,TRAJECTORY_RUNNING,24.0,40,30,-1,1.69,40,0,0.0,0.0,0.0,0.0,0.0,0.0
2026-07-30T11:16:29.098,2422.875,149,close,ACTUATOR_ACTIVE,TRAJECTORY_RUNNING,24.0,40,30,0,2.46,40,0,0.0,0.0,0.0,0.0,0.0,0.0
2026-07-30T11:16:29.611,2423.391,149,close,ACTUATOR_ACTIVE,TRAJECTORY_RUNNING,24.0,40,30,1,1.5,40,0,0.0,0.0,0.0,0.0,0.0,0.0
2026-07-30T11:16:30.109,2423.891,149,close,ACTUATOR_ACTIVE,TRAJECTORY_RUNNING,24.0,40,30,0,1.99,40,0,0.0,0.0,0.0,0.0,0.0,0.0
2026-07-30T11:16:30.601,2424.375,149,close,ACTUATOR_ACTIVE,TRAJECTORY_RUNNING,24.0,40,30,0,1.9,40,0,0.0,0.0,0.0,0.0,0.0,0.0
2026-07-30T11:16:31.115,2424.891,149,close,ACTUATOR_ACTIVE,TRAJECTORY_RUNNING,24.0,40,30,-1,2.12,40,0,0.0,0.0,0.0,0.0,0.0,0.0
2026-07-30T11:16:31.718,2425.5,149,open,ACTUATOR_ACTIVE,TRAJECTORY_RUNNING,24.0,40,30,0,0.84,40,0,0.0,0.0,0.0,0.0,0.0,0.0
2026-07-30T11:16:32.213,2426.0,149,open,ACTUATOR_ACTIVE,TRAJECTORY_RUNNING,24.0,40,26,-12,-2.8,40,0,0.0,0.0,0.0,0.0,0.0,0.0
2026-07-30T11:16:32.702,2426.485,149,open,ACTUATOR_ACTIVE,TRAJECTORY_RUNNING,24.0,46,20,-11,-2.08,46,0,0.0,0.0,0.0,0.0,0.0,0.0
2026-07-30T11:16:33.207,2426.985,149,open,ACTUATOR_ACTIVE,TRAJECTORY_RUNNING,24.0,46,14,-9,-1.67,46,0,0.0,0.0,0.0,0.0,0.0,0.0
2026-07-30T11:16:33.720,2427.5,149,open,ACTUATOR_ACTIVE,TRAJECTORY_COMPLETE,24.0,46,9,0,1.11,46,0,0.0,0.0,0.0,0.0,0.0,0.0
2026-07-30T11:16:34.217,2428.0,149,open,ACTUATOR_ACTIVE,TRAJECTORY_COMPLETE,24.0,46,10,1,0.04,46,0,0.0,0.0,0.0,0.0,0.0,0.0
2026-07-30T11:16:34.715,2428.5,149,open,ACTUATOR_ACTIVE,TRAJECTORY_COMPLETE,24.0,46,9,-1,0.06,46,0,0.0,0.0,0.0,0.0,0.0,0.0
2026-07-30T11:16:35.212,2428.985,149,open,ACTUATOR_ACTIVE,TRAJECTORY_COMPLETE,24.0,46,9,0,0.19,46,0,0.0,0.0,0.0,0.0,0.0,0.0
2026-07-30T11:16:35.725,2429.5,149,open,ACTUATOR_ACTIVE,TRAJECTORY_COMPLETE,24.0,46,9,0,0.36,46,0,0.0,0.0,0.0,0.0,0.0,0.0
2026-07-30T11:16:36.224,2430.0,149,open,ACTUATOR_ACTIVE,TRAJECTORY_COMPLETE,24.0,46,9,0,-0.14,46,0,0.0,0.0,0.0,0.0,0.0,0.0
2026-07-30T11:16:36.714,2430.5,149,open,ACTUATOR_ACTIVE,TRAJECTORY_COMPLETE,24.0,45,9,0,0.03,45,0,0.0,0.0,0.0,0.0,0.0,0.0
2026-07-30T11:16:37.208,2430.985,149,open,ACTUATOR_ACTIVE,TRAJECTORY_COMPLETE,24.0,45,9,0,-0.03,45,0,0.0,0.0,0.0,0.0,0.0,0.0
2026-07-30T11:16:37.721,2431.5,149,open,ACTUATOR_ACTIVE,TRAJECTORY_COMPLETE,24.0,45,9,0,0.15,45,0,0.0,0.0,0.0,0.0,0.0,0.0
2026-07-30T11:16:38.219,2432.0,149,open,ACTUATOR_ACTIVE,TRAJECTORY_COMPLETE,24.0,45,9,0,-0.12,45,0,0.0,0.0,0.0,0.0,0.0,0.0
2026-07-30T11:16:38.717,2432.5,149,open,ACTUATOR_ACTIVE,TRAJECTORY_COMPLETE,24.0,45,9,0,0.31,45,0,0.0,0.0,0.0,0.0,0.0,0.0
2026-07-30T11:16:39.213,2433.0,149,open,ACTUATOR_ACTIVE,TRAJECTORY_COMPLETE,24.0,45,9,0,0.33,45,0,0.0,0.0,0.0,0.0,0.0,0.0
2026-07-30T11:16:39.820,2433.594,150,close,ACTUATOR_ACTIVE,TRAJECTORY_RUNNING,24.0,45,10,7,1.17,45,0,0.0,0.0,0.0,0.0,0.0,0.0
2026-07-30T11:16:40.333,2434.11,150,close,ACTUATOR_ACTIVE,TRAJECTORY_RUNNING,24.0,45,12,4,1.07,45,0,0.0,0.0,0.0,0.0,0.0,0.0
2026-07-30T11:16:40.828,2434.61,150,close,ACTUATOR_ACTIVE,TRAJECTORY_RUNNING,24.0,46,14,5,2.05,46,0,0.0,0.0,0.0,0.0,0.0,0.0
2026-07-30T11:16:41.320,2435.094,150,close,ACTUATOR_ACTIVE,TRAJECTORY_RUNNING,24.0,46,17,4,0.75,46,0,0.0,0.0,0.0,0.0,0.0,0.0
2026-07-30T11:16:41.827,2435.61,150,close,ACTUATOR_ACTIVE,TRAJECTORY_RUNNING,24.0,46,20,9,1.42,46,0,0.0,0.0,0.0,0.0,0.0,0.0
2026-07-30T11:16:42.317,2436.094,150,close,ACTUATOR_ACTIVE,TRAJECTORY_RUNNING,24.0,46,24,7,0.93,46,0,0.0,0.0,0.0,0.0,0.0,0.0
2026-07-30T11:16:42.824,2436.61,150,close,ACTUATOR_ACTIVE,TRAJECTORY_RUNNING,24.0,46,28,6,2.09,46,0,0.0,0.0,0.0,0.0,0.0,0.0
2026-07-30T11:16:43.317,2437.094,150,close,ACTUATOR_ACTIVE,TRAJECTORY_RUNNING,24.0,46,30,0,3.52,46,0,0.0,0.0,0.0,0.0,0.0,0.0
2026-07-30T11:16:43.821,2437.594,150,close,ACTUATOR_ACTIVE,TRAJECTORY_RUNNING,24.0,46,30,-1,2.16,46,0,0.0,0.0,0.0,0.0,0.0,0.0
2026-07-30T11:16:44.331,2438.11,150,close,ACTUATOR_ACTIVE,TRAJECTORY_RUNNING,24.0,46,30,-1,1.96,46,0,0.0,0.0,0.0,0.0,0.0,0.0
2026-07-30T11:16:44.824,2438.61,150,close,ACTUATOR_ACTIVE,TRAJECTORY_RUNNING,24.0,46,30,0,1.99,46,0,0.0,0.0,0.0,0.0,0.0,0.0
2026-07-30T11:16:45.321,2439.094,150,close,ACTUATOR_ACTIVE,TRAJECTORY_RUNNING,24.0,46,30,0,1.79,46,0,0.0,0.0,0.0,0.0,0.0,0.0
2026-07-30T11:16:45.834,2439.61,150,close,ACTUATOR_ACTIVE,TRAJECTORY_RUNNING,24.0,46,30,0,1.79,46,0,0.0,0.0,0.0,0.0,0.0,0.0
2026-07-30T11:16:46.327,2440.11,150,close,ACTUATOR_ACTIVE,TRAJECTORY_RUNNING,24.0,46,30,0,2.23,46,0,0.0,0.0,0.0,0.0,0.0,0.0
2026-07-30T11:16:46.815,2440.594,150,close,ACTUATOR_ACTIVE,TRAJECTORY_STOPPED,24.0,46,30,0,2.11,46,0,0.0,0.0,0.0,0.0,0.0,0.0
2026-07-30T11:16:47.325,2441.11,150,close,ACTUATOR_ACTIVE,TRAJECTORY_RUNNING,24.0,46,30,0,1.84,46,0,0.0,0.0,0.0,0.0,0.0,0.0
2026-07-30T11:16:47.933,2441.719,150,open,ACTUATOR_ACTIVE,TRAJECTORY_RUNNING,24.0,46,30,0,1.83,46,0,0.0,0.0,0.0,0.0,0.0,0.0
2026-07-30T11:16:48.423,2442.203,150,open,ACTUATOR_ACTIVE,TRAJECTORY_RUNNING,24.0,43,26,-11,-1.16,43,0,0.0,0.0,0.0,0.0,0.0,0.0
2026-07-30T11:16:48.936,2442.719,150,open,ACTUATOR_ACTIVE,TRAJECTORY_RUNNING,24.0,43,20,-11,-2.58,43,0,0.0,0.0,0.0,0.0,0.0,0.0
2026-07-30T11:16:49.433,2443.219,150,open,ACTUATOR_ACTIVE,TRAJECTORY_RUNNING,24.0,43,14,-11,-1.58,43,0,0.0,0.0,0.0,0.0,0.0,0.0
2026-07-30T11:16:49.927,2443.703,150,open,ACTUATOR_ACTIVE,TRAJECTORY_COMPLETE,24.0,43,9,0,1.74,43,0,0.0,0.0,0.0,0.0,0.0,0.0
2026-07-30T11:16:50.441,2444.219,150,open,ACTUATOR_ACTIVE,TRAJECTORY_COMPLETE,24.0,43,10,0,0.3,43,0,0.0,0.0,0.0,0.0,0.0,0.0
2026-07-30T11:16:50.939,2444.719,150,open,ACTUATOR_ACTIVE,TRAJECTORY_COMPLETE,24.0,43,9,0,0.02,43,0,0.0,0.0,0.0,0.0,0.0,0.0
2026-07-30T11:16:51.433,2445.219,150,open,ACTUATOR_ACTIVE,TRAJECTORY_COMPLETE,24.0,43,9,0,0.46,43,0,0.0,0.0,0.0,0.0,0.0,0.0
2026-07-30T11:16:51.929,2445.703,150,open,ACTUATOR_ACTIVE,TRAJECTORY_COMPLETE,24.0,43,9,0,1.32,43,0,0.0,0.0,0.0,0.0,0.0,0.0
2026-07-30T11:16:52.442,2446.219,150,open,ACTUATOR_ACTIVE,TRAJECTORY_COMPLETE,24.0,38,9,0,-0.62,38,0,0.0,0.0,0.0,0.0,0.0,0.0
2026-07-30T11:16:52.935,2446.719,150,open,ACTUATOR_ACTIVE,TRAJECTORY_COMPLETE,24.0,38,9,0,0.42,38,0,0.0,0.0,0.0,0.0,0.0,0.0
2026-07-30T11:16:53.428,2447.203,150,open,ACTUATOR_ACTIVE,TRAJECTORY_COMPLETE,24.0,38,9,0,0.24,38,0,0.0,0.0,0.0,0.0,0.0,0.0
2026-07-30T11:16:53.943,2447.719,150,open,ACTUATOR_ACTIVE,TRAJECTORY_COMPLETE,24.0,38,9,0,-0.15,38,0,0.0,0.0,0.0,0.0,0.0,0.0
2026-07-30T11:16:54.438,2448.219,150,open,ACTUATOR_ACTIVE,TRAJECTORY_COMPLETE,24.0,38,10,1,0.71,38,0,0.0,0.0,0.0,0.0,0.0,0.0
2026-07-30T11:16:54.928,2448.703,150,open,ACTUATOR_ACTIVE,TRAJECTORY_COMPLETE,24.0,38,10,0,1.32,38,0,0.0,0.0,0.0,0.0,0.0,0.0
2026-07-30T11:16:55.442,2449.219,150,open,ACTUATOR_ACTIVE,TRAJECTORY_COMPLETE,24.0,38,10,0,0.44,38,0,0.0,0.0,0.0,0.0,0.0,0.0
2026-07-30T11:16:56.051,2449.828,151,close,ACTUATOR_ACTIVE,TRAJECTORY_RUNNING,24.0,38,10,6,1.13,38,0,0.0,0.0,0.0,0.0,0.0,0.0
2026-07-30T11:16:56.547,2450.328,151,close,ACTUATOR_ACTIVE,TRAJECTORY_RUNNING,24.0,44,12,3,1.63,44,0,0.0,0.0,0.0,0.0,0.0,0.0
2026-07-30T11:16:57.045,2450.828,151,close,ACTUATOR_ACTIVE,TRAJECTORY_RUNNING,24.0,44,14,6,1.07,44,0,0.0,0.0,0.0,0.0,0.0,0.0
2026-07-30T11:16:57.540,2451.313,151,close,ACTUATOR_ACTIVE,TRAJECTORY_RUNNING,24.0,44,17,7,1.2,44,0,0.0,0.0,0.0,0.0,0.0,0.0
2026-07-30T11:16:58.049,2451.828,151,close,ACTUATOR_ACTIVE,TRAJECTORY_RUNNING,24.0,44,21,9,1.19,44,0,0.0,0.0,0.0,0.0,0.0,0.0
2026-07-30T11:16:58.546,2452.328,151,close,ACTUATOR_ACTIVE,TRAJECTORY_RUNNING,24.0,44,25,7,2.32,44,0,0.0,0.0,0.0,0.0,0.0,0.0
2026-07-30T11:16:59.043,2452.828,151,close,ACTUATOR_ACTIVE,TRAJECTORY_RUNNING,24.0,44,29,7,3.6,44,0,0.0,0.0,0.0,0.0,0.0,0.0
2026-07-30T11:16:59.538,2453.313,151,close,ACTUATOR_ACTIVE,TRAJECTORY_RUNNING,24.0,44,30,0,2.91,44,0,0.0,0.0,0.0,0.0,0.0,0.0
2026-07-30T11:17:00.049,2453.828,151,close,ACTUATOR_ACTIVE,TRAJECTORY_RUNNING,24.0,44,30,0,2.03,44,0,0.0,0.0,0.0,0.0,0.0,0.0
2026-07-30T11:17:00.543,2454.328,151,close,ACTUATOR_ACTIVE,TRAJECTORY_RUNNING,24.0,44,30,0,2.03,44,0,0.0,0.0,0.0,0.0,0.0,0.0
2026-07-30T11:17:01.038,2454.813,151,close,ACTUATOR_ACTIVE,TRAJECTORY_RUNNING,24.0,44,30,0,2.01,44,0,0.0,0.0,0.0,0.0,0.0,0.0
2026-07-30T11:17:01.547,2455.328,151,close,ACTUATOR_ACTIVE,TRAJECTORY_RUNNING,24.0,44,30,0,2.02,44,0,0.0,0.0,0.0,0.0,0.0,0.0
2026-07-30T11:17:02.044,2455.828,151,close,ACTUATOR_ACTIVE,TRAJECTORY_RUNNING,24.0,44,30,0,2.43,44,0,0.0,0.0,0.0,0.0,0.0,0.0
2026-07-30T11:17:02.544,2456.328,151,close,ACTUATOR_ACTIVE,TRAJECTORY_STOPPED,24.0,44,30,2,2.09,44,0,0.0,0.0,0.0,0.0,0.0,0.0
2026-07-30T11:17:03.033,2456.813,151,close,ACTUATOR_ACTIVE,TRAJECTORY_RUNNING,24.0,44,30,0,2.23,44,0,0.0,0.0,0.0,0.0,0.0,0.0
2026-07-30T11:17:03.545,2457.328,151,close,ACTUATOR_ACTIVE,TRAJECTORY_RUNNING,24.0,44,30,1,2.17,44,0,0.0,0.0,0.0,0.0,0.0,0.0
2026-07-30T11:17:04.154,2457.938,151,open,ACTUATOR_ACTIVE,TRAJECTORY_RUNNING,24.0,44,30,-1,1.1,44,0,0.0,0.0,0.0,0.0,0.0,0.0
2026-07-30T11:17:04.651,2458.438,151,open,ACTUATOR_ACTIVE,TRAJECTORY_RUNNING,24.0,45,26,-11,-2.8,45,0,0.0,0.0,0.0,0.0,0.0,0.0
2026-07-30T11:17:05.152,2458.938,151,open,ACTUATOR_ACTIVE,TRAJECTORY_RUNNING,24.0,45,20,-11,-0.78,45,0,0.0,0.0,0.0,0.0,0.0,0.0
2026-07-30T11:17:05.649,2459.422,151,open,ACTUATOR_ACTIVE,TRAJECTORY_RUNNING,24.0,45,14,-10,-1.69,45,0,0.0,0.0,0.0,0.0,0.0,0.0
2026-07-30T11:17:06.162,2459.938,151,open,ACTUATOR_ACTIVE,TRAJECTORY_COMPLETE,24.0,45,9,2,0.6,45,0,0.0,0.0,0.0,0.0,0.0,0.0
2026-07-30T11:17:06.664,2460.438,151,open,ACTUATOR_ACTIVE,TRAJECTORY_COMPLETE,24.0,45,9,-1,0.41,45,0,0.0,0.0,0.0,0.0,0.0,0.0
2026-07-30T11:17:07.161,2460.938,151,open,ACTUATOR_ACTIVE,TRAJECTORY_COMPLETE,24.0,45,10,0,0.19,45,0,0.0,0.0,0.0,0.0,0.0,0.0
2026-07-30T11:17:07.657,2461.438,151,open,ACTUATOR_ACTIVE,TRAJECTORY_COMPLETE,24.0,45,10,0,-1.33,45,0,0.0,0.0,0.0,0.0,0.0,0.0
2026-07-30T11:17:08.157,2461.938,151,open,ACTUATOR_ACTIVE,TRAJECTORY_COMPLETE,24.0,45,10,0,-0.07,45,0,0.0,0.0,0.0,0.0,0.0,0.0
2026-07-30T11:17:08.652,2462.438,151,open,ACTUATOR_ACTIVE,TRAJECTORY_COMPLETE,24.0,44,10,1,0.02,44,0,0.0,0.0,0.0,0.0,0.0,0.0
2026-07-30T11:17:09.146,2462.922,151,open,ACTUATOR_ACTIVE,TRAJECTORY_COMPLETE,24.0,44,10,0,0.33,44,0,0.0,0.0,0.0,0.0,0.0,0.0
2026-07-30T11:17:09.659,2463.438,151,open,ACTUATOR_ACTIVE,TRAJECTORY_COMPLETE,24.0,44,10,0,0.26,44,0,0.0,0.0,0.0,0.0,0.0,0.0
2026-07-30T11:17:10.155,2463.938,151,open,ACTUATOR_ACTIVE,TRAJECTORY_COMPLETE,24.0,44,10,0,-0.31,44,0,0.0,0.0,0.0,0.0,0.0,0.0
2026-07-30T11:17:10.652,2464.438,151,open,ACTUATOR_ACTIVE,TRAJECTORY_COMPLETE,24.0,44,10,0,0.43,44,0,0.0,0.0,0.0,0.0,0.0,0.0
2026-07-30T11:17:11.148,2464.922,151,open,ACTUATOR_ACTIVE,TRAJECTORY_COMPLETE,24.0,44,10,0,-0.01,44,0,0.0,0.0,0.0,0.0,0.0,0.0
2026-07-30T11:17:11.658,2465.438,151,open,ACTUATOR_ACTIVE,TRAJECTORY_COMPLETE,24.0,44,10,0,0.28,44,0,0.0,0.0,0.0,0.0,0.0,0.0
2026-07-30T11:17:12.262,2466.047,152,close,ACTUATOR_ACTIVE,TRAJECTORY_RUNNING,24.0,44,10,6,1.91,44,0,0.0,0.0,0.0,0.0,0.0,0.0
2026-07-30T11:17:12.760,2466.547,152,close,ACTUATOR_ACTIVE,TRAJECTORY_RUNNING,24.0,43,11,1,1.45,43,0,0.0,0.0,0.0,0.0,0.0,0.0
2026-07-30T11:17:13.259,2467.031,152,close,ACTUATOR_ACTIVE,TRAJECTORY_RUNNING,24.0,43,13,5,0.66,43,0,0.0,0.0,0.0,0.0,0.0,0.0
2026-07-30T11:17:13.775,2467.563,152,close,ACTUATOR_ACTIVE,TRAJECTORY_RUNNING,24.0,43,16,4,2.25,43,0,0.0,0.0,0.0,0.0,0.0,0.0
2026-07-30T11:17:14.256,2468.031,152,close,ACTUATOR_ACTIVE,TRAJECTORY_RUNNING,24.0,43,19,7,1.96,43,0,0.0,0.0,0.0,0.0,0.0,0.0
2026-07-30T11:17:14.769,2468.547,152,close,ACTUATOR_ACTIVE,TRAJECTORY_RUNNING,24.0,43,23,9,1.02,43,0,0.0,0.0,0.0,0.0,0.0,0.0
2026-07-30T11:17:15.265,2469.047,152,close,ACTUATOR_ACTIVE,TRAJECTORY_RUNNING,24.0,43,28,9,2.72,43,0,0.0,0.0,0.0,0.0,0.0,0.0
2026-07-30T11:17:15.760,2469.547,152,close,ACTUATOR_ACTIVE,TRAJECTORY_RUNNING,24.0,43,30,0,4.91,43,0,0.0,0.0,0.0,0.0,0.0,0.0
2026-07-30T11:17:16.258,2470.031,152,close,ACTUATOR_ACTIVE,TRAJECTORY_RUNNING,24.0,43,30,0,2.32,43,0,0.0,0.0,0.0,0.0,0.0,0.0
2026-07-30T11:17:16.772,2470.547,152,close,ACTUATOR_ACTIVE,TRAJECTORY_RUNNING,24.0,44,30,0,2.13,44,0,0.0,0.0,0.0,0.0,0.0,0.0
2026-07-30T11:17:17.267,2471.047,152,close,ACTUATOR_ACTIVE,TRAJECTORY_RUNNING,24.0,44,30,0,1.85,44,0,0.0,0.0,0.0,0.0,0.0,0.0
2026-07-30T11:17:17.763,2471.547,152,close,ACTUATOR_ACTIVE,TRAJECTORY_RUNNING,24.0,44,30,0,1.66,44,0,0.0,0.0,0.0,0.0,0.0,0.0
2026-07-30T11:17:18.259,2472.031,152,close,ACTUATOR_ACTIVE,TRAJECTORY_RUNNING,24.0,44,30,1,2.5,44,0,0.0,0.0,0.0,0.0,0.0,0.0
2026-07-30T11:17:18.772,2472.547,152,close,ACTUATOR_ACTIVE,TRAJECTORY_RUNNING,24.0,44,30,1,2.45,44,0,0.0,0.0,0.0,0.0,0.0,0.0
2026-07-30T11:17:19.267,2473.047,152,close,ACTUATOR_ACTIVE,TRAJECTORY_RUNNING,24.0,44,30,0,1.94,44,0,0.0,0.0,0.0,0.0,0.0,0.0
2026-07-30T11:17:19.763,2473.547,152,close,ACTUATOR_ACTIVE,TRAJECTORY_STOPPED,24.0,44,30,0,1.93,44,0,0.0,0.0,0.0,0.0,0.0,0.0
2026-07-30T11:17:20.367,2474.141,152,open,ACTUATOR_ACTIVE,TRAJECTORY_RUNNING,24.0,45,30,-1,1.16,45,0,0.0,0.0,0.0,0.0,0.0,0.0
2026-07-30T11:17:20.882,2474.656,152,open,ACTUATOR_ACTIVE,TRAJECTORY_RUNNING,24.0,45,25,-11,-2.8,45,0,0.0,0.0,0.0,0.0,0.0,0.0
2026-07-30T11:17:21.380,2475.156,152,open,ACTUATOR_ACTIVE,TRAJECTORY_RUNNING,24.0,45,20,-11,-1.42,45,0,0.0,0.0,0.0,0.0,0.0,0.0
2026-07-30T11:17:21.875,2475.656,152,open,ACTUATOR_ACTIVE,TRAJECTORY_RUNNING,24.0,45,14,-12,-1.51,45,0,0.0,0.0,0.0,0.0,0.0,0.0
2026-07-30T11:17:22.374,2476.156,152,open,ACTUATOR_ACTIVE,TRAJECTORY_COMPLETE,24.0,45,9,0,0.39,45,0,0.0,0.0,0.0,0.0,0.0,0.0
2026-07-30T11:17:22.869,2476.656,152,open,ACTUATOR_ACTIVE,TRAJECTORY_COMPLETE,24.0,45,9,-1,0.1,45,0,0.0,0.0,0.0,0.0,0.0,0.0
2026-07-30T11:17:23.369,2477.156,152,open,ACTUATOR_ACTIVE,TRAJECTORY_COMPLETE,24.0,45,9,0,0.06,45,0,0.0,0.0,0.0,0.0,0.0,0.0
2026-07-30T11:17:23.868,2477.641,152,open,ACTUATOR_ACTIVE,TRAJECTORY_COMPLETE,24.0,45,9,0,1.36,45,0,0.0,0.0,0.0,0.0,0.0,0.0
2026-07-30T11:17:24.380,2478.156,152,open,ACTUATOR_ACTIVE,TRAJECTORY_COMPLETE,24.0,43,10,0,0.16,43,0,0.0,0.0,0.0,0.0,0.0,0.0
2026-07-30T11:17:24.874,2478.656,152,open,ACTUATOR_ACTIVE,TRAJECTORY_COMPLETE,24.0,43,9,0,0.29,43,0,0.0,0.0,0.0,0.0,0.0,0.0
2026-07-30T11:17:25.372,2479.156,152,open,ACTUATOR_ACTIVE,TRAJECTORY_COMPLETE,24.0,43,10,0,0.39,43,0,0.0,0.0,0.0,0.0,0.0,0.0
2026-07-30T11:17:25.870,2479.656,152,open,ACTUATOR_ACTIVE,TRAJECTORY_COMPLETE,24.0,43,10,0,0.39,43,0,0.0,0.0,0.0,0.0,0.0,0.0
2026-07-30T11:17:26.368,2480.141,152,open,ACTUATOR_ACTIVE,TRAJECTORY_COMPLETE,24.0,43,10,0,0.37,43,0,0.0,0.0,0.0,0.0,0.0,0.0
2026-07-30T11:17:26.881,2480.656,152,open,ACTUATOR_ACTIVE,TRAJECTORY_COMPLETE,24.0,43,10,0,-0.09,43,0,0.0,0.0,0.0,0.0,0.0,0.0
2026-07-30T11:17:27.377,2481.156,152,open,ACTUATOR_ACTIVE,TRAJECTORY_COMPLETE,24.0,43,10,0,0.2,43,0,0.0,0.0,0.0,0.0,0.0,0.0
2026-07-30T11:17:27.878,2481.656,152,open,ACTUATOR_ACTIVE,TRAJECTORY_COMPLETE,24.0,43,10,0,0.13,43,0,0.0,0.0,0.0,0.0,0.0,0.0
2026-07-30T11:17:28.488,2482.266,153,close,ACTUATOR_ACTIVE,TRAJECTORY_RUNNING,24.0,45,10,7,2.01,45,0,0.0,0.0,0.0,0.0,0.0,0.0
2026-07-30T11:17:28.986,2482.766,153,close,ACTUATOR_ACTIVE,TRAJECTORY_RUNNING,24.0,45,12,4,1.6,45,0,0.0,0.0,0.0,0.0,0.0,0.0
2026-07-30T11:17:29.484,2483.266,153,close,ACTUATOR_ACTIVE,TRAJECTORY_RUNNING,24.0,45,14,4,2.34,45,0,0.0,0.0,0.0,0.0,0.0,0.0
2026-07-30T11:17:29.974,2483.75,153,close,ACTUATOR_ACTIVE,TRAJECTORY_RUNNING,24.0,45,16,6,1.76,45,0,0.0,0.0,0.0,0.0,0.0,0.0
2026-07-30T11:17:30.484,2484.266,153,close,ACTUATOR_ACTIVE,TRAJECTORY_RUNNING,24.0,45,20,8,1.41,45,0,0.0,0.0,0.0,0.0,0.0,0.0
2026-07-30T11:17:30.984,2484.766,153,close,ACTUATOR_ACTIVE,TRAJECTORY_RUNNING,24.0,45,23,8,1.31,45,0,0.0,0.0,0.0,0.0,0.0,0.0
2026-07-30T11:17:31.482,2485.266,153,close,ACTUATOR_ACTIVE,TRAJECTORY_RUNNING,24.0,45,28,9,1.97,45,0,0.0,0.0,0.0,0.0,0.0,0.0
2026-07-30T11:17:31.975,2485.75,153,close,ACTUATOR_ACTIVE,TRAJECTORY_RUNNING,24.0,45,30,0,5.16,45,0,0.0,0.0,0.0,0.0,0.0,0.0
2026-07-30T11:17:32.488,2486.266,153,close,ACTUATOR_ACTIVE,TRAJECTORY_STOPPED,24.0,45,30,0,2.1,45,0,0.0,0.0,0.0,0.0,0.0,0.0
2026-07-30T11:17:32.989,2486.766,153,close,ACTUATOR_ACTIVE,TRAJECTORY_RUNNING,24.0,45,30,0,2.05,45,0,0.0,0.0,0.0,0.0,0.0,0.0
2026-07-30T11:17:33.486,2487.266,153,close,ACTUATOR_ACTIVE,TRAJECTORY_RUNNING,24.0,45,30,0,1.7,45,0,0.0,0.0,0.0,0.0,0.0,0.0
2026-07-30T11:17:33.986,2487.766,153,close,ACTUATOR_ACTIVE,TRAJECTORY_RUNNING,24.0,45,30,0,1.89,45,0,0.0,0.0,0.0,0.0,0.0,0.0
2026-07-30T11:17:34.480,2488.266,153,close,ACTUATOR_ACTIVE,TRAJECTORY_RUNNING,24.0,45,30,0,1.87,45,0,0.0,0.0,0.0,0.0,0.0,0.0
2026-07-30T11:17:34.970,2488.75,153,close,ACTUATOR_ACTIVE,TRAJECTORY_RUNNING,24.0,45,30,1,2.06,45,0,0.0,0.0,0.0,0.0,0.0,0.0
2026-07-30T11:17:35.482,2489.266,153,close,ACTUATOR_ACTIVE,TRAJECTORY_RUNNING,24.0,45,30,0,2.14,45,0,0.0,0.0,0.0,0.0,0.0,0.0
2026-07-30T11:17:35.979,2489.766,153,close,ACTUATOR_ACTIVE,TRAJECTORY_RUNNING,24.0,45,30,1,1.92,45,0,0.0,0.0,0.0,0.0,0.0,0.0
2026-07-30T11:17:36.584,2490.36,153,open,ACTUATOR_ACTIVE,TRAJECTORY_RUNNING,24.0,43,30,0,0.85,43,0,0.0,0.0,0.0,0.0,0.0,0.0
2026-07-30T11:17:37.092,2490.875,153,open,ACTUATOR_ACTIVE,TRAJECTORY_RUNNING,24.0,43,25,-11,-2.88,43,0,0.0,0.0,0.0,0.0,0.0,0.0
2026-07-30T11:17:37.587,2491.36,153,open,ACTUATOR_ACTIVE,TRAJECTORY_RUNNING,24.0,43,20,-10,-2.75,43,0,0.0,0.0,0.0,0.0,0.0,0.0
2026-07-30T11:17:38.103,2491.891,153,open,ACTUATOR_ACTIVE,TRAJECTORY_RUNNING,24.0,43,14,-12,-2.49,43,0,0.0,0.0,0.0,0.0,0.0,0.0
2026-07-30T11:17:38.584,2492.36,153,open,ACTUATOR_ACTIVE,TRAJECTORY_COMPLETE,24.0,43,9,1,0.8,43,0,0.0,0.0,0.0,0.0,0.0,0.0
2026-07-30T11:17:39.098,2492.875,153,open,ACTUATOR_ACTIVE,TRAJECTORY_COMPLETE,24.0,43,9,0,0.18,43,0,0.0,0.0,0.0,0.0,0.0,0.0
2026-07-30T11:17:39.595,2493.375,153,open,ACTUATOR_ACTIVE,TRAJECTORY_COMPLETE,24.0,43,10,0,0.41,43,0,0.0,0.0,0.0,0.0,0.0,0.0
2026-07-30T11:17:40.090,2493.875,153,open,ACTUATOR_ACTIVE,TRAJECTORY_COMPLETE,24.0,43,9,0,1.75,43,0,0.0,0.0,0.0,0.0,0.0,0.0
2026-07-30T11:17:40.583,2494.36,153,open,ACTUATOR_ACTIVE,TRAJECTORY_COMPLETE,24.0,43,10,0,-0.08,43,0,0.0,0.0,0.0,0.0,0.0,0.0
2026-07-30T11:17:41.091,2494.875,153,open,ACTUATOR_ACTIVE,TRAJECTORY_COMPLETE,24.0,43,10,0,0.5,43,0,0.0,0.0,0.0,0.0,0.0,0.0
2026-07-30T11:17:41.586,2495.36,153,open,ACTUATOR_ACTIVE,TRAJECTORY_COMPLETE,24.0,43,10,1,0.06,43,0,0.0,0.0,0.0,0.0,0.0,0.0
2026-07-30T11:17:42.099,2495.875,153,open,ACTUATOR_ACTIVE,TRAJECTORY_COMPLETE,24.0,43,10,0,0.27,43,0,0.0,0.0,0.0,0.0,0.0,0.0
2026-07-30T11:17:42.594,2496.375,153,open,ACTUATOR_ACTIVE,TRAJECTORY_COMPLETE,24.0,43,9,0,0.41,43,0,0.0,0.0,0.0,0.0,0.0,0.0
2026-07-30T11:17:43.088,2496.875,153,open,ACTUATOR_ACTIVE,TRAJECTORY_COMPLETE,24.0,43,9,0,-0.1,43,0,0.0,0.0,0.0,0.0,0.0,0.0
2026-07-30T11:17:43.583,2497.36,153,open,ACTUATOR_ACTIVE,TRAJECTORY_COMPLETE,24.0,43,9,0,-0.48,43,0,0.0,0.0,0.0,0.0,0.0,0.0
2026-07-30T11:17:44.095,2497.875,153,open,ACTUATOR_ACTIVE,TRAJECTORY_COMPLETE,24.0,43,9,0,0.38,43,0,0.0,0.0,0.0,0.0,0.0,0.0
2026-07-30T11:17:44.700,2498.485,154,close,ACTUATOR_ACTIVE,TRAJECTORY_RUNNING,24.0,42,10,6,1.46,42,0,0.0,0.0,0.0,0.0,0.0,0.0
2026-07-30T11:17:45.197,2498.985,154,close,ACTUATOR_ACTIVE,TRAJECTORY_RUNNING,24.0,42,12,2,2.02,42,0,0.0,0.0,0.0,0.0,0.0,0.0
2026-07-30T11:17:45.689,2499.469,154,close,ACTUATOR_ACTIVE,TRAJECTORY_RUNNING,24.0,42,14,4,2.28,42,0,0.0,0.0,0.0,0.0,0.0,0.0
2026-07-30T11:17:46.197,2499.969,154,close,ACTUATOR_ACTIVE,TRAJECTORY_RUNNING,24.0,42,16,6,0.99,42,0,0.0,0.0,0.0,0.0,0.0,0.0
2026-07-30T11:17:46.702,2500.485,154,close,ACTUATOR_ACTIVE,TRAJECTORY_RUNNING,24.0,42,20,7,1.58,42,0,0.0,0.0,0.0,0.0,0.0,0.0
2026-07-30T11:17:47.197,2500.985,154,close,ACTUATOR_ACTIVE,TRAJECTORY_RUNNING,24.0,42,24,8,2.38,42,0,0.0,0.0,0.0,0.0,0.0,0.0
2026-07-30T11:17:47.689,2501.469,154,close,ACTUATOR_ACTIVE,TRAJECTORY_RUNNING,24.0,42,28,8,1.82,42,0,0.0,0.0,0.0,0.0,0.0,0.0
2026-07-30T11:17:48.196,2501.969,154,close,ACTUATOR_ACTIVE,TRAJECTORY_RUNNING,24.0,42,30,0,4.3,42,0,0.0,0.0,0.0,0.0,0.0,0.0
2026-07-30T11:17:48.707,2502.485,154,close,ACTUATOR_ACTIVE,TRAJECTORY_RUNNING,24.0,43,30,1,2.22,43,0,0.0,0.0,0.0,0.0,0.0,0.0
2026-07-30T11:17:49.200,2502.985,154,close,ACTUATOR_ACTIVE,TRAJECTORY_RUNNING,24.0,43,30,0,1.92,43,0,0.0,0.0,0.0,0.0,0.0,0.0
2026-07-30T11:17:49.698,2503.485,154,close,ACTUATOR_ACTIVE,TRAJECTORY_RUNNING,24.0,43,30,1,1.96,43,0,0.0,0.0,0.0,0.0,0.0,0.0
2026-07-30T11:17:50.190,2503.969,154,close,ACTUATOR_ACTIVE,TRAJECTORY_RUNNING,24.0,43,30,0,1.93,43,0,0.0,0.0,0.0,0.0,0.0,0.0
2026-07-30T11:17:50.702,2504.485,154,close,ACTUATOR_ACTIVE,TRAJECTORY_STOPPED,24.0,43,30,1,1.85,43,0,0.0,0.0,0.0,0.0,0.0,0.0
2026-07-30T11:17:51.198,2504.985,154,close,ACTUATOR_ACTIVE,TRAJECTORY_RUNNING,24.0,43,30,1,1.97,43,0,0.0,0.0,0.0,0.0,0.0,0.0
2026-07-30T11:17:51.692,2505.469,154,close,ACTUATOR_ACTIVE,TRAJECTORY_RUNNING,24.0,43,30,1,2.31,43,0,0.0,0.0,0.0,0.0,0.0,0.0
2026-07-30T11:17:52.200,2505.985,154,close,ACTUATOR_ACTIVE,TRAJECTORY_STOPPED,24.0,43,30,0,1.75,43,0,0.0,0.0,0.0,0.0,0.0,0.0
2026-07-30T11:17:52.800,2506.578,154,open,ACTUATOR_ACTIVE,TRAJECTORY_RUNNING,24.0,41,30,0,1.04,41,0,0.0,0.0,0.0,0.0,0.0,0.0
2026-07-30T11:17:53.314,2507.094,154,open,ACTUATOR_ACTIVE,TRAJECTORY_RUNNING,24.0,41,25,-11,-2.19,41,0,0.0,0.0,0.0,0.0,0.0,0.0
2026-07-30T11:17:53.810,2507.594,154,open,ACTUATOR_ACTIVE,TRAJECTORY_RUNNING,24.0,41,20,-11,-2.14,41,0,0.0,0.0,0.0,0.0,0.0,0.0
2026-07-30T11:17:54.309,2508.094,154,open,ACTUATOR_ACTIVE,TRAJECTORY_RUNNING,24.0,41,14,-11,-1.96,41,0,0.0,0.0,0.0,0.0,0.0,0.0
2026-07-30T11:17:54.808,2508.594,154,open,ACTUATOR_ACTIVE,TRAJECTORY_COMPLETE,24.0,41,9,0,0.63,41,0,0.0,0.0,0.0,0.0,0.0,0.0
2026-07-30T11:17:55.306,2509.078,154,open,ACTUATOR_ACTIVE,TRAJECTORY_COMPLETE,24.0,41,9,0,0.03,41,0,0.0,0.0,0.0,0.0,0.0,0.0
2026-07-30T11:17:55.815,2509.594,154,open,ACTUATOR_ACTIVE,TRAJECTORY_COMPLETE,24.0,41,10,1,0.06,41,0,0.0,0.0,0.0,0.0,0.0,0.0
2026-07-30T11:17:56.315,2510.094,154,open,ACTUATOR_ACTIVE,TRAJECTORY_COMPLETE,24.0,41,9,-1,0.26,41,0,0.0,0.0,0.0,0.0,0.0,0.0
2026-07-30T11:17:56.810,2510.594,154,open,ACTUATOR_ACTIVE,TRAJECTORY_COMPLETE,24.0,44,9,0,0.04,44,0,0.0,0.0,0.0,0.0,0.0,0.0
2026-07-30T11:17:57.300,2511.078,154,open,ACTUATOR_ACTIVE,TRAJECTORY_COMPLETE,24.0,44,9,0,0.66,44,0,0.0,0.0,0.0,0.0,0.0,0.0
2026-07-30T11:17:57.815,2511.594,154,open,ACTUATOR_ACTIVE,TRAJECTORY_COMPLETE,24.0,44,9,0,-0.46,44,0,0.0,0.0,0.0,0.0,0.0,0.0
2026-07-30T11:17:58.313,2512.094,154,open,ACTUATOR_ACTIVE,TRAJECTORY_COMPLETE,24.0,44,9,0,0.23,44,0,0.0,0.0,0.0,0.0,0.0,0.0
2026-07-30T11:17:58.809,2512.594,154,open,ACTUATOR_ACTIVE,TRAJECTORY_COMPLETE,24.0,44,9,0,0.32,44,0,0.0,0.0,0.0,0.0,0.0,0.0
2026-07-30T11:17:59.304,2513.078,154,open,ACTUATOR_ACTIVE,TRAJECTORY_COMPLETE,24.0,44,9,0,-0.22,44,0,0.0,0.0,0.0,0.0,0.0,0.0
2026-07-30T11:17:59.819,2513.594,154,open,ACTUATOR_ACTIVE,TRAJECTORY_COMPLETE,24.0,44,9,-1,-0.8,44,0,0.0,0.0,0.0,0.0,0.0,0.0
2026-07-30T11:18:00.314,2514.094,154,open,ACTUATOR_ACTIVE,TRAJECTORY_COMPLETE,24.0,44,9,0,-0.38,44,0,0.0,0.0,0.0,0.0,0.0,0.0
2026-07-30T11:18:00.918,2514.703,155,close,ACTUATOR_ACTIVE,TRAJECTORY_RUNNING,24.0,39,10,8,2.04,39,0,0.0,0.0,0.0,0.0,0.0,0.0
2026-07-30T11:18:01.413,2515.188,155,close,ACTUATOR_ACTIVE,TRAJECTORY_RUNNING,24.0,39,12,3,1.21,39,0,0.0,0.0,0.0,0.0,0.0,0.0
2026-07-30T11:18:01.926,2515.703,155,close,ACTUATOR_ACTIVE,TRAJECTORY_RUNNING,24.0,39,14,5,1.41,39,0,0.0,0.0,0.0,0.0,0.0,0.0
2026-07-30T11:18:02.425,2516.203,155,close,ACTUATOR_ACTIVE,TRAJECTORY_RUNNING,24.0,39,16,4,1.24,39,0,0.0,0.0,0.0,0.0,0.0,0.0
2026-07-30T11:18:02.922,2516.703,155,close,ACTUATOR_ACTIVE,TRAJECTORY_RUNNING,24.0,39,20,8,2.06,39,0,0.0,0.0,0.0,0.0,0.0,0.0
2026-07-30T11:18:03.415,2517.203,155,close,ACTUATOR_ACTIVE,TRAJECTORY_RUNNING,24.0,39,24,8,1.24,39,0,0.0,0.0,0.0,0.0,0.0,0.0
2026-07-30T11:18:03.907,2517.688,155,close,ACTUATOR_ACTIVE,TRAJECTORY_RUNNING,24.0,39,28,9,2.35,39,0,0.0,0.0,0.0,0.0,0.0,0.0
2026-07-30T11:18:04.420,2518.203,155,close,ACTUATOR_ACTIVE,TRAJECTORY_RUNNING,24.0,45,30,-1,4.21,45,0,0.0,0.0,0.0,0.0,0.0,0.0
2026-07-30T11:18:04.911,2518.688,155,close,ACTUATOR_ACTIVE,TRAJECTORY_RUNNING,24.0,45,30,0,2.75,45,0,0.0,0.0,0.0,0.0,0.0,0.0
2026-07-30T11:18:05.418,2519.203,155,close,ACTUATOR_ACTIVE,TRAJECTORY_RUNNING,24.0,45,30,0,2.31,45,0,0.0,0.0,0.0,0.0,0.0,0.0
2026-07-30T11:18:05.913,2519.688,155,close,ACTUATOR_ACTIVE,TRAJECTORY_RUNNING,24.0,45,30,1,1.87,45,0,0.0,0.0,0.0,0.0,0.0,0.0
2026-07-30T11:18:06.421,2520.203,155,close,ACTUATOR_ACTIVE,TRAJECTORY_RUNNING,24.0,45,30,0,1.59,45,0,0.0,0.0,0.0,0.0,0.0,0.0
2026-07-30T11:18:06.919,2520.703,155,close,ACTUATOR_ACTIVE,TRAJECTORY_RUNNING,24.0,45,30,-1,1.96,45,0,0.0,0.0,0.0,0.0,0.0,0.0
2026-07-30T11:18:07.412,2521.188,155,close,ACTUATOR_ACTIVE,TRAJECTORY_RUNNING,24.0,45,30,0,1.7,45,0,0.0,0.0,0.0,0.0,0.0,0.0
2026-07-30T11:18:07.921,2521.703,155,close,ACTUATOR_ACTIVE,TRAJECTORY_RUNNING,24.0,45,30,0,1.95,45,0,0.0,0.0,0.0,0.0,0.0,0.0
2026-07-30T11:18:08.418,2522.203,155,close,ACTUATOR_ACTIVE,TRAJECTORY_RUNNING,24.0,45,30,0,1.95,45,0,0.0,0.0,0.0,0.0,0.0,0.0
2026-07-30T11:18:09.022,2522.797,155,open,ACTUATOR_ACTIVE,TRAJECTORY_RUNNING,24.0,45,30,0,0.91,45,0,0.0,0.0,0.0,0.0,0.0,0.0
2026-07-30T11:18:09.533,2523.313,155,open,ACTUATOR_ACTIVE,TRAJECTORY_RUNNING,24.0,45,25,-12,-1.14,45,0,0.0,0.0,0.0,0.0,0.0,0.0
2026-07-30T11:18:10.023,2523.797,155,open,ACTUATOR_ACTIVE,TRAJECTORY_RUNNING,24.0,45,20,-13,-2.15,45,0,0.0,0.0,0.0,0.0,0.0,0.0
2026-07-30T11:18:10.529,2524.313,155,open,ACTUATOR_ACTIVE,TRAJECTORY_RUNNING,24.0,45,14,-12,-2.13,45,0,0.0,0.0,0.0,0.0,0.0,0.0
2026-07-30T11:18:11.022,2524.797,155,open,ACTUATOR_ACTIVE,TRAJECTORY_COMPLETE,24.0,45,9,1,1.38,45,0,0.0,0.0,0.0,0.0,0.0,0.0
2026-07-30T11:18:11.530,2525.313,155,open,ACTUATOR_ACTIVE,TRAJECTORY_COMPLETE,24.0,45,9,0,-0.03,45,0,0.0,0.0,0.0,0.0,0.0,0.0
2026-07-30T11:18:12.022,2525.797,155,open,ACTUATOR_ACTIVE,TRAJECTORY_COMPLETE,24.0,45,10,0,0.28,45,0,0.0,0.0,0.0,0.0,0.0,0.0
2026-07-30T11:18:12.532,2526.313,155,open,ACTUATOR_ACTIVE,TRAJECTORY_COMPLETE,24.0,43,9,0,0.15,43,0,0.0,0.0,0.0,0.0,0.0,0.0
2026-07-30T11:18:13.026,2526.813,155,open,ACTUATOR_ACTIVE,TRAJECTORY_COMPLETE,24.0,43,9,0,-0.56,43,0,0.0,0.0,0.0,0.0,0.0,0.0
2026-07-30T11:18:13.521,2527.297,155,open,ACTUATOR_ACTIVE,TRAJECTORY_COMPLETE,24.0,43,10,0,1.38,43,0,0.0,0.0,0.0,0.0,0.0,0.0
2026-07-30T11:18:14.030,2527.813,155,open,ACTUATOR_ACTIVE,TRAJECTORY_COMPLETE,24.0,43,10,0,0.67,43,0,0.0,0.0,0.0,0.0,0.0,0.0
2026-07-30T11:18:14.523,2528.297,155,open,ACTUATOR_ACTIVE,TRAJECTORY_COMPLETE,24.0,43,10,0,-0.04,43,0,0.0,0.0,0.0,0.0,0.0,0.0
2026-07-30T11:18:15.033,2528.813,155,open,ACTUATOR_ACTIVE,TRAJECTORY_COMPLETE,24.0,43,10,0,0.33,43,0,0.0,0.0,0.0,0.0,0.0,0.0
2026-07-30T11:18:15.521,2529.297,155,open,ACTUATOR_ACTIVE,TRAJECTORY_COMPLETE,24.0,43,10,0,-0.06,43,0,0.0,0.0,0.0,0.0,0.0,0.0
2026-07-30T11:18:16.033,2529.813,155,open,ACTUATOR_ACTIVE,TRAJECTORY_COMPLETE,24.0,43,10,0,0.06,43,0,0.0,0.0,0.0,0.0,0.0,0.0
2026-07-30T11:18:16.529,2530.313,155,open,ACTUATOR_ACTIVE,TRAJECTORY_COMPLETE,24.0,45,10,0,0.24,45,0,0.0,0.0,0.0,0.0,0.0,0.0
2026-07-30T11:18:17.134,2530.906,156,close,ACTUATOR_ACTIVE,TRAJECTORY_RUNNING,24.0,45,10,6,2.03,45,0,0.0,0.0,0.0,0.0,0.0,0.0
2026-07-30T11:18:17.646,2531.422,156,close,ACTUATOR_ACTIVE,TRAJECTORY_RUNNING,24.0,45,11,3,2.49,45,0,0.0,0.0,0.0,0.0,0.0,0.0
2026-07-30T11:18:18.142,2531.922,156,close,ACTUATOR_ACTIVE,TRAJECTORY_RUNNING,24.0,45,14,4,1.13,45,0,0.0,0.0,0.0,0.0,0.0,0.0
2026-07-30T11:18:18.639,2532.422,156,close,ACTUATOR_ACTIVE,TRAJECTORY_RUNNING,24.0,45,16,4,1.49,45,0,0.0,0.0,0.0,0.0,0.0,0.0
2026-07-30T11:18:19.139,2532.922,156,close,ACTUATOR_ACTIVE,TRAJECTORY_RUNNING,24.0,45,19,8,1.1,45,0,0.0,0.0,0.0,0.0,0.0,0.0
2026-07-30T11:18:19.637,2533.422,156,close,ACTUATOR_ACTIVE,TRAJECTORY_RUNNING,24.0,45,23,8,1.49,45,0,0.0,0.0,0.0,0.0,0.0,0.0
2026-07-30T11:18:20.136,2533.922,156,close,ACTUATOR_ACTIVE,TRAJECTORY_RUNNING,24.0,45,27,8,1.52,45,0,0.0,0.0,0.0,0.0,0.0,0.0
2026-07-30T11:18:20.632,2534.406,156,close,ACTUATOR_ACTIVE,TRAJECTORY_RUNNING,24.0,41,30,0,5.58,41,0,0.0,0.0,0.0,0.0,0.0,0.0
2026-07-30T11:18:21.142,2534.922,156,close,ACTUATOR_ACTIVE,TRAJECTORY_RUNNING,24.0,41,30,-1,2.2,41,0,0.0,0.0,0.0,0.0,0.0,0.0
2026-07-30T11:18:21.639,2535.422,156,close,ACTUATOR_ACTIVE,TRAJECTORY_STOPPED,24.0,41,30,0,1.93,41,0,0.0,0.0,0.0,0.0,0.0,0.0
2026-07-30T11:18:22.133,2535.906,156,close,ACTUATOR_ACTIVE,TRAJECTORY_RUNNING,24.0,41,30,1,2.1,41,0,0.0,0.0,0.0,0.0,0.0,0.0
2026-07-30T11:18:22.645,2536.422,156,close,ACTUATOR_ACTIVE,TRAJECTORY_STOPPED,24.0,41,30,-1,1.75,41,0,0.0,0.0,0.0,0.0,0.0,0.0
2026-07-30T11:18:23.145,2536.922,156,close,ACTUATOR_ACTIVE,TRAJECTORY_STOPPED,24.0,41,30,0,2.73,41,0,0.0,0.0,0.0,0.0,0.0,0.0
2026-07-30T11:18:23.637,2537.422,156,close,ACTUATOR_ACTIVE,TRAJECTORY_RUNNING,24.0,41,30,0,1.58,41,0,0.0,0.0,0.0,0.0,0.0,0.0
2026-07-30T11:18:24.134,2537.922,156,close,ACTUATOR_ACTIVE,TRAJECTORY_RUNNING,24.0,41,30,0,1.62,41,0,0.0,0.0,0.0,0.0,0.0,0.0
2026-07-30T11:18:24.632,2538.406,156,close,ACTUATOR_ACTIVE,TRAJECTORY_RUNNING,24.0,41,30,0,2.48,41,0,0.0,0.0,0.0,0.0,0.0,0.0
2026-07-30T11:18:25.253,2539.031,156,open,ACTUATOR_ACTIVE,TRAJECTORY_RUNNING,24.0,41,30,0,0.85,41,0,0.0,0.0,0.0,0.0,0.0,0.0
2026-07-30T11:18:25.753,2539.531,156,open,ACTUATOR_ACTIVE,TRAJECTORY_RUNNING,24.0,41,30,0,-0.64,41,0,0.0,0.0,0.0,0.0,0.0,0.0
2026-07-30T11:18:26.250,2540.031,156,open,ACTUATOR_ACTIVE,TRAJECTORY_RUNNING,24.0,41,29,-1,-0.57,41,0,0.0,0.0,0.0,0.0,0.0,0.0
2026-07-30T11:18:26.744,2540.531,156,open,ACTUATOR_ACTIVE,TRAJECTORY_RUNNING,24.0,41,28,-2,-0.67,41,0,0.0,0.0,0.0,0.0,0.0,0.0
2026-07-30T11:18:27.238,2541.016,156,open,ACTUATOR_ACTIVE,TRAJECTORY_RUNNING,24.0,41,26,-7,-1.6,41,0,0.0,0.0,0.0,0.0,0.0,0.0
2026-07-30T11:18:27.750,2541.531,156,open,ACTUATOR_ACTIVE,TRAJECTORY_RUNNING,24.0,41,23,-6,-2.13,41,0,0.0,0.0,0.0,0.0,0.0,0.0
2026-07-30T11:18:28.248,2542.031,156,open,ACTUATOR_ACTIVE,TRAJECTORY_RUNNING,24.0,41,19,-9,-1.27,41,0,0.0,0.0,0.0,0.0,0.0,0.0
2026-07-30T11:18:28.745,2542.531,156,open,ACTUATOR_ACTIVE,TRAJECTORY_RUNNING,24.0,45,15,-9,-1.95,45,0,0.0,0.0,0.0,0.0,0.0,0.0
2026-07-30T11:18:29.239,2543.016,156,open,ACTUATOR_ACTIVE,TRAJECTORY_RUNNING,24.0,45,10,-8,-3.7,45,0,0.0,0.0,0.0,0.0,0.0,0.0
2026-07-30T11:18:29.754,2543.531,156,open,ACTUATOR_ACTIVE,TRAJECTORY_RUNNING,24.0,45,8,0,-1.46,45,0,0.0,0.0,0.0,0.0,0.0,0.0
2026-07-30T11:18:30.245,2544.031,156,open,ACTUATOR_ACTIVE,TRAJECTORY_RUNNING,24.0,45,8,0,-0.03,45,0,0.0,0.0,0.0,0.0,0.0,0.0
2026-07-30T11:18:30.738,2544.516,156,open,ACTUATOR_ACTIVE,TRAJECTORY_RUNNING,24.0,45,9,0,1.15,45,0,0.0,0.0,0.0,0.0,0.0,0.0
2026-07-30T11:18:31.248,2545.031,156,open,ACTUATOR_ACTIVE,TRAJECTORY_RUNNING,24.0,45,9,0,1.62,45,0,0.0,0.0,0.0,0.0,0.0,0.0
2026-07-30T11:18:31.742,2545.516,156,open,ACTUATOR_ACTIVE,TRAJECTORY_RUNNING,24.0,45,9,0,1.68,45,0,0.0,0.0,0.0,0.0,0.0,0.0
2026-07-30T11:18:32.250,2546.031,156,open,ACTUATOR_ACTIVE,TRAJECTORY_RUNNING,24.0,45,9,0,2.05,45,0,0.0,0.0,0.0,0.0,0.0,0.0
2026-07-30T11:18:32.747,2546.531,156,open,ACTUATOR_ACTIVE,TRAJECTORY_RUNNING,24.0,44,9,0,2.59,44,0,0.0,0.0,0.0,0.0,0.0,0.0
2026-07-30T11:18:33.346,2547.125,157,close,ACTUATOR_ACTIVE,TRAJECTORY_RUNNING,24.0,44,10,6,1.28,44,0,0.0,0.0,0.0,0.0,0.0,0.0
2026-07-30T11:18:33.851,2547.625,157,close,ACTUATOR_ACTIVE,TRAJECTORY_RUNNING,24.0,44,13,8,2.64,44,0,0.0,0.0,0.0,0.0,0.0,0.0
2026-07-30T11:18:34.361,2548.141,157,close,ACTUATOR_ACTIVE,TRAJECTORY_RUNNING,24.0,44,16,8,1.6,44,0,0.0,0.0,0.0,0.0,0.0,0.0
2026-07-30T11:18:34.855,2548.641,157,close,ACTUATOR_ACTIVE,TRAJECTORY_RUNNING,24.0,44,20,7,2.98,44,0,0.0,0.0,0.0,0.0,0.0,0.0
2026-07-30T11:18:35.354,2549.141,157,close,ACTUATOR_ACTIVE,TRAJECTORY_RUNNING,24.0,44,25,10,2.2,44,0,0.0,0.0,0.0,0.0,0.0,0.0
2026-07-30T11:18:35.846,2549.625,157,close,ACTUATOR_ACTIVE,TRAJECTORY_RUNNING,24.0,44,29,9,2.07,44,0,0.0,0.0,0.0,0.0,0.0,0.0
2026-07-30T11:18:36.359,2550.141,157,close,ACTUATOR_ACTIVE,TRAJECTORY_RUNNING,24.0,43,30,0,3.45,43,0,0.0,0.0,0.0,0.0,0.0,0.0
2026-07-30T11:18:36.856,2550.641,157,close,ACTUATOR_ACTIVE,TRAJECTORY_RUNNING,24.0,43,30,0,2.55,43,0,0.0,0.0,0.0,0.0,0.0,0.0
2026-07-30T11:18:37.348,2551.125,157,close,ACTUATOR_ACTIVE,TRAJECTORY_RUNNING,24.0,43,30,0,1.89,43,0,0.0,0.0,0.0,0.0,0.0,0.0
2026-07-30T11:18:37.857,2551.641,157,close,ACTUATOR_ACTIVE,TRAJECTORY_RUNNING,24.0,43,30,0,2.05,43,0,0.0,0.0,0.0,0.0,0.0,0.0
2026-07-30T11:18:38.349,2552.125,157,close,ACTUATOR_ACTIVE,TRAJECTORY_STOPPED,24.0,43,30,0,1.89,43,0,0.0,0.0,0.0,0.0,0.0,0.0
2026-07-30T11:18:38.856,2552.641,157,close,ACTUATOR_ACTIVE,TRAJECTORY_RUNNING,24.0,43,30,1,2.05,43,0,0.0,0.0,0.0,0.0,0.0,0.0
2026-07-30T11:18:39.350,2553.125,157,close,ACTUATOR_ACTIVE,TRAJECTORY_RUNNING,24.0,43,30,0,1.69,43,0,0.0,0.0,0.0,0.0,0.0,0.0
2026-07-30T11:18:39.861,2553.641,157,close,ACTUATOR_ACTIVE,TRAJECTORY_RUNNING,24.0,43,30,0,2.3,43,0,0.0,0.0,0.0,0.0,0.0,0.0
2026-07-30T11:18:40.356,2554.141,157,close,ACTUATOR_ACTIVE,TRAJECTORY_RUNNING,24.0,43,30,0,1.99,43,0,0.0,0.0,0.0,0.0,0.0,0.0
2026-07-30T11:18:40.852,2554.625,157,close,ACTUATOR_ACTIVE,TRAJECTORY_RUNNING,24.0,43,30,0,1.85,43,0,0.0,0.0,0.0,0.0,0.0,0.0
2026-07-30T11:18:41.477,2555.25,157,open,ACTUATOR_ACTIVE,TRAJECTORY_RUNNING,24.0,43,30,0,0.44,43,0,0.0,0.0,0.0,0.0,0.0,0.0
2026-07-30T11:18:41.985,2555.766,157,open,ACTUATOR_ACTIVE,TRAJECTORY_RUNNING,24.0,43,25,-11,-2.67,43,0,0.0,0.0,0.0,0.0,0.0,0.0
2026-07-30T11:18:42.476,2556.25,157,open,ACTUATOR_ACTIVE,TRAJECTORY_RUNNING,24.0,43,20,-10,-0.96,43,0,0.0,0.0,0.0,0.0,0.0,0.0
2026-07-30T11:18:42.989,2556.766,157,open,ACTUATOR_ACTIVE,TRAJECTORY_RUNNING,24.0,43,14,-13,-2.36,43,0,0.0,0.0,0.0,0.0,0.0,0.0
2026-07-30T11:18:43.488,2557.266,157,open,ACTUATOR_ACTIVE,TRAJECTORY_COMPLETE,24.0,43,9,1,1.42,43,0,0.0,0.0,0.0,0.0,0.0,0.0
2026-07-30T11:18:43.979,2557.766,157,open,ACTUATOR_ACTIVE,TRAJECTORY_COMPLETE,24.0,43,10,0,0.29,43,0,0.0,0.0,0.0,0.0,0.0,0.0
2026-07-30T11:18:44.478,2558.25,157,open,ACTUATOR_ACTIVE,TRAJECTORY_COMPLETE,24.0,43,10,0,0.67,43,0,0.0,0.0,0.0,0.0,0.0,0.0
2026-07-30T11:18:44.987,2558.766,157,open,ACTUATOR_ACTIVE,TRAJECTORY_COMPLETE,24.0,43,10,0,0.94,43,0,0.0,0.0,0.0,0.0,0.0,0.0
2026-07-30T11:18:45.480,2559.266,157,open,ACTUATOR_ACTIVE,TRAJECTORY_COMPLETE,24.0,43,9,0,0.57,43,0,0.0,0.0,0.0,0.0,0.0,0.0
2026-07-30T11:18:45.978,2559.766,157,open,ACTUATOR_ACTIVE,TRAJECTORY_COMPLETE,24.0,43,9,0,0.27,43,0,0.0,0.0,0.0,0.0,0.0,0.0
2026-07-30T11:18:46.470,2560.25,157,open,ACTUATOR_ACTIVE,TRAJECTORY_COMPLETE,24.0,43,10,0,-0.0,43,0,0.0,0.0,0.0,0.0,0.0,0.0
2026-07-30T11:18:46.981,2560.766,157,open,ACTUATOR_ACTIVE,TRAJECTORY_COMPLETE,24.0,43,10,0,0.0,43,0,0.0,0.0,0.0,0.0,0.0,0.0
2026-07-30T11:18:47.475,2561.25,157,open,ACTUATOR_ACTIVE,TRAJECTORY_COMPLETE,24.0,43,10,0,0.21,43,0,0.0,0.0,0.0,0.0,0.0,0.0
2026-07-30T11:18:47.988,2561.766,157,open,ACTUATOR_ACTIVE,TRAJECTORY_COMPLETE,24.0,43,10,0,0.25,43,0,0.0,0.0,0.0,0.0,0.0,0.0
2026-07-30T11:18:48.485,2562.266,157,open,ACTUATOR_ACTIVE,TRAJECTORY_COMPLETE,24.0,45,10,-1,-0.29,45,0,0.0,0.0,0.0,0.0,0.0,0.0
2026-07-30T11:18:48.983,2562.766,157,open,ACTUATOR_ACTIVE,TRAJECTORY_COMPLETE,24.0,45,10,0,0.01,45,0,0.0,0.0,0.0,0.0,0.0,0.0
2026-07-30T11:18:49.590,2563.375,158,close,ACTUATOR_ACTIVE,TRAJECTORY_RUNNING,24.0,45,10,7,0.68,45,0,0.0,0.0,0.0,0.0,0.0,0.0
2026-07-30T11:18:50.087,2563.86,158,close,ACTUATOR_ACTIVE,TRAJECTORY_RUNNING,24.0,45,12,3,1.49,45,0,0.0,0.0,0.0,0.0,0.0,0.0
2026-07-30T11:18:50.598,2564.375,158,close,ACTUATOR_ACTIVE,TRAJECTORY_RUNNING,24.0,45,14,3,2.07,45,0,0.0,0.0,0.0,0.0,0.0,0.0
2026-07-30T11:18:51.096,2564.875,158,close,ACTUATOR_ACTIVE,TRAJECTORY_RUNNING,24.0,45,16,6,1.36,45,0,0.0,0.0,0.0,0.0,0.0,0.0
2026-07-30T11:18:51.591,2565.375,158,close,ACTUATOR_ACTIVE,TRAJECTORY_RUNNING,24.0,45,20,7,0.72,45,0,0.0,0.0,0.0,0.0,0.0,0.0
2026-07-30T11:18:52.082,2565.86,158,close,ACTUATOR_ACTIVE,TRAJECTORY_RUNNING,24.0,45,24,8,2.62,45,0,0.0,0.0,0.0,0.0,0.0,0.0
2026-07-30T11:18:52.592,2566.375,158,close,ACTUATOR_ACTIVE,TRAJECTORY_RUNNING,24.0,43,28,9,0.76,43,0,0.0,0.0,0.0,0.0,0.0,0.0
2026-07-30T11:18:53.085,2566.86,158,close,ACTUATOR_ACTIVE,TRAJECTORY_RUNNING,24.0,43,30,-1,4.4,43,0,0.0,0.0,0.0,0.0,0.0,0.0
2026-07-30T11:18:53.594,2567.375,158,close,ACTUATOR_ACTIVE,TRAJECTORY_RUNNING,24.0,43,30,-1,2.15,43,0,0.0,0.0,0.0,0.0,0.0,0.0
2026-07-30T11:18:54.090,2567.875,158,close,ACTUATOR_ACTIVE,TRAJECTORY_RUNNING,24.0,43,30,0,2.0,43,0,0.0,0.0,0.0,0.0,0.0,0.0
2026-07-30T11:18:54.587,2568.375,158,close,ACTUATOR_ACTIVE,TRAJECTORY_RUNNING,24.0,43,30,0,1.81,43,0,0.0,0.0,0.0,0.0,0.0,0.0
2026-07-30T11:18:55.081,2568.86,158,close,ACTUATOR_ACTIVE,TRAJECTORY_STOPPED,24.0,43,30,0,1.77,43,0,0.0,0.0,0.0,0.0,0.0,0.0
2026-07-30T11:18:55.591,2569.375,158,close,ACTUATOR_ACTIVE,TRAJECTORY_STOPPED,24.0,43,30,-1,1.9,43,0,0.0,0.0,0.0,0.0,0.0,0.0
2026-07-30T11:18:56.086,2569.86,158,close,ACTUATOR_ACTIVE,TRAJECTORY_RUNNING,24.0,43,30,0,2.0,43,0,0.0,0.0,0.0,0.0,0.0,0.0
2026-07-30T11:18:56.600,2570.375,158,close,ACTUATOR_ACTIVE,TRAJECTORY_RUNNING,24.0,41,30,1,1.77,41,0,0.0,0.0,0.0,0.0,0.0,0.0
2026-07-30T11:18:57.100,2570.875,158,close,ACTUATOR_ACTIVE,TRAJECTORY_RUNNING,24.0,41,30,0,1.91,41,0,0.0,0.0,0.0,0.0,0.0,0.0
2026-07-30T11:18:57.703,2571.485,158,open,ACTUATOR_ACTIVE,TRAJECTORY_RUNNING,24.0,41,30,1,0.82,41,0,0.0,0.0,0.0,0.0,0.0,0.0
2026-07-30T11:18:58.199,2571.985,158,open,ACTUATOR_ACTIVE,TRAJECTORY_RUNNING,24.0,41,26,-11,-1.35,41,0,0.0,0.0,0.0,0.0,0.0,0.0
2026-07-30T11:18:58.693,2572.469,158,open,ACTUATOR_ACTIVE,TRAJECTORY_RUNNING,24.0,41,20,-12,-2.33,41,0,0.0,0.0,0.0,0.0,0.0,0.0
2026-07-30T11:18:59.204,2572.985,158,open,ACTUATOR_ACTIVE,TRAJECTORY_RUNNING,24.0,41,14,-10,-2.29,41,0,0.0,0.0,0.0,0.0,0.0,0.0
2026-07-30T11:18:59.703,2573.485,158,open,ACTUATOR_ACTIVE,TRAJECTORY_COMPLETE,24.0,41,9,0,0.86,41,0,0.0,0.0,0.0,0.0,0.0,0.0
2026-07-30T11:19:00.200,2573.985,158,open,ACTUATOR_ACTIVE,TRAJECTORY_COMPLETE,24.0,41,10,0,0.46,41,0,0.0,0.0,0.0,0.0,0.0,0.0
2026-07-30T11:19:00.696,2574.469,158,open,ACTUATOR_ACTIVE,TRAJECTORY_COMPLETE,24.0,43,9,0,-0.04,43,0,0.0,0.0,0.0,0.0,0.0,0.0
2026-07-30T11:19:01.207,2574.985,158,open,ACTUATOR_ACTIVE,TRAJECTORY_COMPLETE,24.0,43,9,0,-1.27,43,0,0.0,0.0,0.0,0.0,0.0,0.0
2026-07-30T11:19:01.705,2575.485,158,open,ACTUATOR_ACTIVE,TRAJECTORY_COMPLETE,24.0,43,9,0,0.06,43,0,0.0,0.0,0.0,0.0,0.0,0.0
2026-07-30T11:19:02.201,2575.985,158,open,ACTUATOR_ACTIVE,TRAJECTORY_COMPLETE,24.0,43,9,0,0.08,43,0,0.0,0.0,0.0,0.0,0.0,0.0
2026-07-30T11:19:02.701,2576.485,158,open,ACTUATOR_ACTIVE,TRAJECTORY_COMPLETE,24.0,43,9,0,0.1,43,0,0.0,0.0,0.0,0.0,0.0,0.0
2026-07-30T11:19:03.195,2576.969,158,open,ACTUATOR_ACTIVE,TRAJECTORY_COMPLETE,24.0,43,9,0,-0.02,43,0,0.0,0.0,0.0,0.0,0.0,0.0
2026-07-30T11:19:03.700,2577.485,158,open,ACTUATOR_ACTIVE,TRAJECTORY_COMPLETE,24.0,43,9,0,0.29,43,0,0.0,0.0,0.0,0.0,0.0,0.0
2026-07-30T11:19:04.199,2577.985,158,open,ACTUATOR_ACTIVE,TRAJECTORY_COMPLETE,24.0,43,9,0,0.03,43,0,0.0,0.0,0.0,0.0,0.0,0.0
2026-07-30T11:19:04.694,2578.469,158,open,ACTUATOR_ACTIVE,TRAJECTORY_COMPLETE,24.0,45,9,0,0.67,45,0,0.0,0.0,0.0,0.0,0.0,0.0
2026-07-30T11:19:05.206,2578.985,158,open,ACTUATOR_ACTIVE,TRAJECTORY_COMPLETE,24.0,45,9,1,-1.14,45,0,0.0,0.0,0.0,0.0,0.0,0.0
2026-07-30T11:19:05.807,2579.594,159,close,ACTUATOR_ACTIVE,TRAJECTORY_RUNNING,24.0,45,10,7,1.36,45,0,0.0,0.0,0.0,0.0,0.0,0.0
2026-07-30T11:19:06.304,2580.078,159,close,ACTUATOR_ACTIVE,TRAJECTORY_RUNNING,24.0,45,12,4,1.45,45,0,0.0,0.0,0.0,0.0,0.0,0.0
2026-07-30T11:19:06.814,2580.594,159,close,ACTUATOR_ACTIVE,TRAJECTORY_RUNNING,24.0,45,14,5,1.48,45,0,0.0,0.0,0.0,0.0,0.0,0.0
2026-07-30T11:19:07.315,2581.094,159,close,ACTUATOR_ACTIVE,TRAJECTORY_RUNNING,24.0,45,16,5,1.37,45,0,0.0,0.0,0.0,0.0,0.0,0.0
2026-07-30T11:19:07.813,2581.594,159,close,ACTUATOR_ACTIVE,TRAJECTORY_RUNNING,24.0,45,20,7,2.26,45,0,0.0,0.0,0.0,0.0,0.0,0.0
2026-07-30T11:19:08.311,2582.094,159,close,ACTUATOR_ACTIVE,TRAJECTORY_RUNNING,24.0,45,24,8,0.79,45,0,0.0,0.0,0.0,0.0,0.0,0.0
2026-07-30T11:19:08.810,2582.594,159,close,ACTUATOR_ACTIVE,TRAJECTORY_RUNNING,24.0,43,28,9,1.79,43,0,0.0,0.0,0.0,0.0,0.0,0.0
2026-07-30T11:19:09.307,2583.094,159,close,ACTUATOR_ACTIVE,TRAJECTORY_RUNNING,24.0,43,30,0,4.32,43,0,0.0,0.0,0.0,0.0,0.0,0.0
2026-07-30T11:19:09.803,2583.578,159,close,ACTUATOR_ACTIVE,TRAJECTORY_RUNNING,24.0,43,30,0,2.2,43,0,0.0,0.0,0.0,0.0,0.0,0.0
2026-07-30T11:19:10.313,2584.094,159,close,ACTUATOR_ACTIVE,TRAJECTORY_RUNNING,24.0,43,30,-1,1.95,43,0,0.0,0.0,0.0,0.0,0.0,0.0
2026-07-30T11:19:10.808,2584.594,159,close,ACTUATOR_ACTIVE,TRAJECTORY_RUNNING,24.0,43,30,-2,1.83,43,0,0.0,0.0,0.0,0.0,0.0,0.0
2026-07-30T11:19:11.307,2585.094,159,close,ACTUATOR_ACTIVE,TRAJECTORY_RUNNING,24.0,43,30,0,1.85,43,0,0.0,0.0,0.0,0.0,0.0,0.0
2026-07-30T11:19:11.797,2585.578,159,close,ACTUATOR_ACTIVE,TRAJECTORY_RUNNING,24.0,43,30,1,1.77,43,0,0.0,0.0,0.0,0.0,0.0,0.0
2026-07-30T11:19:12.311,2586.094,159,close,ACTUATOR_ACTIVE,TRAJECTORY_RUNNING,24.0,43,30,0,1.98,43,0,0.0,0.0,0.0,0.0,0.0,0.0
2026-07-30T11:19:12.800,2586.578,159,close,ACTUATOR_ACTIVE,TRAJECTORY_RUNNING,24.0,43,30,0,1.98,43,0,0.0,0.0,0.0,0.0,0.0,0.0
2026-07-30T11:19:13.307,2587.094,159,close,ACTUATOR_ACTIVE,TRAJECTORY_RUNNING,24.0,43,30,1,2.14,43,0,0.0,0.0,0.0,0.0,0.0,0.0
2026-07-30T11:19:13.918,2587.703,159,open,ACTUATOR_ACTIVE,TRAJECTORY_RUNNING,24.0,43,30,0,0.79,43,0,0.0,0.0,0.0,0.0,0.0,0.0
2026-07-30T11:19:14.415,2588.188,159,open,ACTUATOR_ACTIVE,TRAJECTORY_RUNNING,24.0,43,25,-10,-2.57,43,0,0.0,0.0,0.0,0.0,0.0,0.0
2026-07-30T11:19:14.926,2588.703,159,open,ACTUATOR_ACTIVE,TRAJECTORY_RUNNING,24.0,43,20,-11,-1.0,43,0,0.0,0.0,0.0,0.0,0.0,0.0
2026-07-30T11:19:15.420,2589.203,159,open,ACTUATOR_ACTIVE,TRAJECTORY_RUNNING,24.0,43,14,-13,-0.12,43,0,0.0,0.0,0.0,0.0,0.0,0.0
2026-07-30T11:19:15.915,2589.688,159,open,ACTUATOR_ACTIVE,TRAJECTORY_COMPLETE,24.0,43,9,1,0.94,43,0,0.0,0.0,0.0,0.0,0.0,0.0
2026-07-30T11:19:16.424,2590.203,159,open,ACTUATOR_ACTIVE,TRAJECTORY_COMPLETE,24.0,45,10,1,0.75,45,0,0.0,0.0,0.0,0.0,0.0,0.0
2026-07-30T11:19:16.917,2590.703,159,open,ACTUATOR_ACTIVE,TRAJECTORY_COMPLETE,24.0,45,10,-2,0.31,45,0,0.0,0.0,0.0,0.0,0.0,0.0
2026-07-30T11:19:17.406,2591.188,159,open,ACTUATOR_ACTIVE,TRAJECTORY_COMPLETE,24.0,45,10,0,1.33,45,0,0.0,0.0,0.0,0.0,0.0,0.0
2026-07-30T11:19:17.912,2591.688,159,open,ACTUATOR_ACTIVE,TRAJECTORY_COMPLETE,24.0,45,9,0,0.28,45,0,0.0,0.0,0.0,0.0,0.0,0.0
2026-07-30T11:19:18.423,2592.203,159,open,ACTUATOR_ACTIVE,TRAJECTORY_COMPLETE,24.0,45,9,1,0.54,45,0,0.0,0.0,0.0,0.0,0.0,0.0
2026-07-30T11:19:18.919,2592.703,159,open,ACTUATOR_ACTIVE,TRAJECTORY_COMPLETE,24.0,45,9,0,1.33,45,0,0.0,0.0,0.0,0.0,0.0,0.0
2026-07-30T11:19:19.410,2593.188,159,open,ACTUATOR_ACTIVE,TRAJECTORY_COMPLETE,24.0,45,10,0,0.28,45,0,0.0,0.0,0.0,0.0,0.0,0.0
2026-07-30T11:19:19.918,2593.703,159,open,ACTUATOR_ACTIVE,TRAJECTORY_COMPLETE,24.0,45,10,0,2.2,45,0,0.0,0.0,0.0,0.0,0.0,0.0
2026-07-30T11:19:20.411,2594.188,159,open,ACTUATOR_ACTIVE,TRAJECTORY_COMPLETE,24.0,42,10,0,0.23,42,0,0.0,0.0,0.0,0.0,0.0,0.0
2026-07-30T11:19:20.921,2594.703,159,open,ACTUATOR_ACTIVE,TRAJECTORY_COMPLETE,24.0,42,10,0,-0.15,42,0,0.0,0.0,0.0,0.0,0.0,0.0
2026-07-30T11:19:21.416,2595.203,159,open,ACTUATOR_ACTIVE,TRAJECTORY_COMPLETE,24.0,42,10,-1,0.14,42,0,0.0,0.0,0.0,0.0,0.0,0.0
2026-07-30T11:19:22.024,2595.797,160,close,ACTUATOR_ACTIVE,TRAJECTORY_RUNNING,24.0,42,10,6,2.1,42,0,0.0,0.0,0.0,0.0,0.0,0.0
2026-07-30T11:19:22.535,2596.313,160,close,ACTUATOR_ACTIVE,TRAJECTORY_RUNNING,24.0,42,12,4,1.51,42,0,0.0,0.0,0.0,0.0,0.0,0.0
2026-07-30T11:19:23.030,2596.813,160,close,ACTUATOR_ACTIVE,TRAJECTORY_RUNNING,24.0,42,14,4,1.98,42,0,0.0,0.0,0.0,0.0,0.0,0.0
2026-07-30T11:19:23.520,2597.297,160,close,ACTUATOR_ACTIVE,TRAJECTORY_RUNNING,24.0,42,16,7,2.04,42,0,0.0,0.0,0.0,0.0,0.0,0.0
2026-07-30T11:19:24.035,2597.813,160,close,ACTUATOR_ACTIVE,TRAJECTORY_RUNNING,24.0,42,20,6,1.37,42,0,0.0,0.0,0.0,0.0,0.0,0.0
2026-07-30T11:19:24.529,2598.313,160,close,ACTUATOR_ACTIVE,TRAJECTORY_RUNNING,24.0,41,24,6,1.74,41,0,0.0,0.0,0.0,0.0,0.0,0.0
2026-07-30T11:19:25.023,2598.797,160,close,ACTUATOR_ACTIVE,TRAJECTORY_RUNNING,24.0,41,28,8,1.19,41,0,0.0,0.0,0.0,0.0,0.0,0.0
2026-07-30T11:19:25.535,2599.313,160,close,ACTUATOR_ACTIVE,TRAJECTORY_RUNNING,24.0,41,30,-1,4.11,41,0,0.0,0.0,0.0,0.0,0.0,0.0
2026-07-30T11:19:26.035,2599.813,160,close,ACTUATOR_ACTIVE,TRAJECTORY_RUNNING,24.0,41,30,0,2.34,41,0,0.0,0.0,0.0,0.0,0.0,0.0
2026-07-30T11:19:26.529,2600.313,160,close,ACTUATOR_ACTIVE,TRAJECTORY_RUNNING,24.0,41,30,0,2.06,41,0,0.0,0.0,0.0,0.0,0.0,0.0
2026-07-30T11:19:27.027,2600.813,160,close,ACTUATOR_ACTIVE,TRAJECTORY_RUNNING,24.0,41,30,0,2.58,41,0,0.0,0.0,0.0,0.0,0.0,0.0
2026-07-30T11:19:27.522,2601.297,160,close,ACTUATOR_ACTIVE,TRAJECTORY_RUNNING,24.0,41,30,0,1.97,41,0,0.0,0.0,0.0,0.0,0.0,0.0
2026-07-30T11:19:28.037,2601.813,160,close,ACTUATOR_ACTIVE,TRAJECTORY_RUNNING,24.0,41,30,0,1.68,41,0,0.0,0.0,0.0,0.0,0.0,0.0
2026-07-30T11:19:28.533,2602.313,160,close,ACTUATOR_ACTIVE,TRAJECTORY_RUNNING,24.0,44,30,0,2.09,44,0,0.0,0.0,0.0,0.0,0.0,0.0
2026-07-30T11:19:29.031,2602.813,160,close,ACTUATOR_ACTIVE,TRAJECTORY_RUNNING,24.0,44,30,-1,1.92,44,0,0.0,0.0,0.0,0.0,0.0,0.0
2026-07-30T11:19:29.519,2603.297,160,close,ACTUATOR_ACTIVE,TRAJECTORY_RUNNING,24.0,44,30,0,2.35,44,0,0.0,0.0,0.0,0.0,0.0,0.0
2026-07-30T11:19:30.132,2603.906,160,open,ACTUATOR_ACTIVE,TRAJECTORY_RUNNING,24.0,44,30,0,1.01,44,0,0.0,0.0,0.0,0.0,0.0,0.0
2026-07-30T11:19:30.644,2604.422,160,open,ACTUATOR_ACTIVE,TRAJECTORY_RUNNING,24.0,44,30,0,-1.3,44,0,0.0,0.0,0.0,0.0,0.0,0.0
2026-07-30T11:19:31.136,2604.922,160,open,ACTUATOR_ACTIVE,TRAJECTORY_RUNNING,24.0,44,29,-1,-0.59,44,0,0.0,0.0,0.0,0.0,0.0,0.0
2026-07-30T11:19:31.634,2605.422,160,open,ACTUATOR_ACTIVE,TRAJECTORY_RUNNING,24.0,44,28,-2,-0.67,44,0,0.0,0.0,0.0,0.0,0.0,0.0
2026-07-30T11:19:32.132,2605.906,160,open,ACTUATOR_ACTIVE,TRAJECTORY_RUNNING,24.0,44,26,-5,-1.97,44,0,0.0,0.0,0.0,0.0,0.0,0.0
2026-07-30T11:19:32.644,2606.422,160,open,ACTUATOR_ACTIVE,TRAJECTORY_RUNNING,24.0,42,23,-6,-1.14,42,0,0.0,0.0,0.0,0.0,0.0,0.0
2026-07-30T11:19:33.142,2606.922,160,open,ACTUATOR_ACTIVE,TRAJECTORY_RUNNING,24.0,42,19,-8,-1.83,42,0,0.0,0.0,0.0,0.0,0.0,0.0
2026-07-30T11:19:33.634,2607.406,160,open,ACTUATOR_ACTIVE,TRAJECTORY_RUNNING,24.0,42,14,-10,-2.1,42,0,0.0,0.0,0.0,0.0,0.0,0.0
2026-07-30T11:19:34.146,2607.922,160,open,ACTUATOR_ACTIVE,TRAJECTORY_COMPLETE,24.0,42,10,-8,-2.23,42,0,0.0,0.0,0.0,0.0,0.0,0.0
2026-07-30T11:19:34.642,2608.422,160,open,ACTUATOR_ACTIVE,TRAJECTORY_RUNNING,24.0,42,8,0,-0.7,42,0,0.0,0.0,0.0,0.0,0.0,0.0
2026-07-30T11:19:35.136,2608.922,160,open,ACTUATOR_ACTIVE,TRAJECTORY_RUNNING,24.0,42,9,0,0.56,42,0,0.0,0.0,0.0,0.0,0.0,0.0
2026-07-30T11:19:35.635,2609.422,160,open,ACTUATOR_ACTIVE,TRAJECTORY_RUNNING,24.0,42,9,0,1.56,42,0,0.0,0.0,0.0,0.0,0.0,0.0
2026-07-30T11:19:36.129,2609.906,160,open,ACTUATOR_ACTIVE,TRAJECTORY_RUNNING,24.0,42,9,0,1.81,42,0,0.0,0.0,0.0,0.0,0.0,0.0
2026-07-30T11:19:36.644,2610.422,160,open,ACTUATOR_ACTIVE,TRAJECTORY_RUNNING,24.0,42,9,0,1.73,42,0,0.0,0.0,0.0,0.0,0.0,0.0
2026-07-30T11:19:37.139,2610.922,160,open,ACTUATOR_ACTIVE,TRAJECTORY_RUNNING,24.0,42,9,0,2.28,42,0,0.0,0.0,0.0,0.0,0.0,0.0
2026-07-30T11:19:37.633,2611.406,160,open,ACTUATOR_ACTIVE,TRAJECTORY_RUNNING,24.0,42,9,0,2.03,42,0,0.0,0.0,0.0,0.0,0.0,0.0
2026-07-30T11:19:38.257,2612.031,161,close,ACTUATOR_ACTIVE,TRAJECTORY_RUNNING,24.0,42,10,7,2.06,42,0,0.0,0.0,0.0,0.0,0.0,0.0
2026-07-30T11:19:38.770,2612.547,161,close,ACTUATOR_ACTIVE,TRAJECTORY_RUNNING,24.0,42,15,9,2.17,42,0,0.0,0.0,0.0,0.0,0.0,0.0
2026-07-30T11:19:39.267,2613.047,161,close,ACTUATOR_ACTIVE,TRAJECTORY_RUNNING,24.0,42,19,9,0.97,42,0,0.0,0.0,0.0,0.0,0.0,0.0
2026-07-30T11:19:39.763,2613.547,161,close,ACTUATOR_ACTIVE,TRAJECTORY_RUNNING,24.0,42,24,9,1.9,42,0,0.0,0.0,0.0,0.0,0.0,0.0
2026-07-30T11:19:40.261,2614.047,161,close,ACTUATOR_ACTIVE,TRAJECTORY_RUNNING,24.0,42,28,8,1.61,42,0,0.0,0.0,0.0,0.0,0.0,0.0
2026-07-30T11:19:40.756,2614.531,161,close,ACTUATOR_ACTIVE,TRAJECTORY_RUNNING,24.0,47,31,1,25.99,47,0,0.0,0.0,0.0,0.0,0.0,0.0
2026-07-30T11:19:41.268,2615.047,161,close,ACTUATOR_ACTIVE,TRAJECTORY_RUNNING,24.0,47,31,0,30.77,47,0,0.0,0.0,0.0,0.0,0.0,0.0
2026-07-30T11:19:41.763,2615.547,161,close,ACTUATOR_ACTIVE,TRAJECTORY_RUNNING,24.0,47,31,0,30.81,47,0,0.0,0.0,0.0,0.0,0.0,0.0
2026-07-30T11:19:42.260,2616.047,161,close,ACTUATOR_ACTIVE,TRAJECTORY_RUNNING,24.0,47,31,0,30.13,47,0,0.0,0.0,0.0,0.0,0.0,0.0
2026-07-30T11:19:42.757,2616.531,161,close,ACTUATOR_ACTIVE,TRAJECTORY_RUNNING,24.0,47,31,0,30.49,47,0,0.0,0.0,0.0,0.0,0.0,0.0
2026-07-30T11:19:43.270,2617.047,161,close,ACTUATOR_ACTIVE,TRAJECTORY_RUNNING,24.0,47,31,0,31.81,47,0,0.0,0.0,0.0,0.0,0.0,0.0
2026-07-30T11:19:43.768,2617.547,161,close,ACTUATOR_ACTIVE,TRAJECTORY_RUNNING,24.0,47,31,0,28.71,47,0,0.0,0.0,0.0,0.0,0.0,0.0
2026-07-30T11:19:44.261,2618.047,161,close,ACTUATOR_ACTIVE,TRAJECTORY_RUNNING,24.0,47,31,0,29.83,47,0,0.0,0.0,0.0,0.0,0.0,0.0
2026-07-30T11:19:44.757,2618.531,161,close,ACTUATOR_ACTIVE,TRAJECTORY_RUNNING,24.0,42,31,0,28.94,42,0,0.0,0.0,0.0,0.0,0.0,0.0
2026-07-30T11:19:45.271,2619.047,161,close,ACTUATOR_ACTIVE,TRAJECTORY_RUNNING,24.0,42,31,0,31.01,42,0,0.0,0.0,0.0,0.0,0.0,0.0
2026-07-30T11:19:45.769,2619.547,161,close,ACTUATOR_ACTIVE,TRAJECTORY_RUNNING,24.0,42,31,0,28.63,42,0,0.0,0.0,0.0,0.0,0.0,0.0
2026-07-30T11:19:46.372,2620.156,161,open,ACTUATOR_ACTIVE,TRAJECTORY_RUNNING,24.0,42,31,-1,5.38,42,0,0.0,0.0,0.0,0.0,0.0,0.0
2026-07-30T11:19:46.863,2620.641,161,open,ACTUATOR_ACTIVE,TRAJECTORY_RUNNING,24.0,42,27,-11,-2.24,42,0,0.0,0.0,0.0,0.0,0.0,0.0
2026-07-30T11:19:47.370,2621.156,161,open,ACTUATOR_ACTIVE,TRAJECTORY_RUNNING,24.0,42,21,-12,-1.08,42,0,0.0,0.0,0.0,0.0,0.0,0.0
2026-07-30T11:19:47.866,2621.641,161,open,ACTUATOR_ACTIVE,TRAJECTORY_RUNNING,24.0,42,16,-11,-2.94,42,0,0.0,0.0,0.0,0.0,0.0,0.0
2026-07-30T11:19:48.379,2622.156,161,open,ACTUATOR_ACTIVE,TRAJECTORY_RUNNING,24.0,44,10,-12,-2.14,44,0,0.0,0.0,0.0,0.0,0.0,0.0
2026-07-30T11:19:48.873,2622.656,161,open,ACTUATOR_ACTIVE,TRAJECTORY_COMPLETE,24.0,44,10,0,-0.28,44,0,0.0,0.0,0.0,0.0,0.0,0.0
2026-07-30T11:19:49.372,2623.156,161,open,ACTUATOR_ACTIVE,TRAJECTORY_COMPLETE,24.0,44,9,0,0.26,44,0,0.0,0.0,0.0,0.0,0.0,0.0
2026-07-30T11:19:49.860,2623.641,161,open,ACTUATOR_ACTIVE,TRAJECTORY_COMPLETE,24.0,44,10,0,1.89,44,0,0.0,0.0,0.0,0.0,0.0,0.0
2026-07-30T11:19:50.375,2624.156,161,open,ACTUATOR_ACTIVE,TRAJECTORY_COMPLETE,24.0,44,10,0,1.85,44,0,0.0,0.0,0.0,0.0,0.0,0.0
2026-07-30T11:19:50.872,2624.656,161,open,ACTUATOR_ACTIVE,TRAJECTORY_COMPLETE,24.0,44,9,1,1.49,44,0,0.0,0.0,0.0,0.0,0.0,0.0
2026-07-30T11:19:51.370,2625.156,161,open,ACTUATOR_ACTIVE,TRAJECTORY_COMPLETE,24.0,44,10,-1,0.42,44,0,0.0,0.0,0.0,0.0,0.0,0.0
2026-07-30T11:19:51.863,2625.641,161,open,ACTUATOR_ACTIVE,TRAJECTORY_COMPLETE,24.0,44,10,1,0.84,44,0,0.0,0.0,0.0,0.0,0.0,0.0
2026-07-30T11:19:52.374,2626.156,161,open,ACTUATOR_ACTIVE,TRAJECTORY_COMPLETE,24.0,45,10,0,0.59,45,0,0.0,0.0,0.0,0.0,0.0,0.0
2026-07-30T11:19:52.870,2626.656,161,open,ACTUATOR_ACTIVE,TRAJECTORY_COMPLETE,24.0,45,9,-1,-0.15,45,0,0.0,0.0,0.0,0.0,0.0,0.0
2026-07-30T11:19:53.368,2627.141,161,open,ACTUATOR_ACTIVE,TRAJECTORY_COMPLETE,24.0,45,9,0,0.35,45,0,0.0,0.0,0.0,0.0,0.0,0.0
2026-07-30T11:19:53.873,2627.656,161,open,ACTUATOR_ACTIVE,TRAJECTORY_COMPLETE,24.0,45,9,0,0.01,45,0,0.0,0.0,0.0,0.0,0.0,0.0
2026-07-30T11:19:54.480,2628.266,162,close,ACTUATOR_ACTIVE,TRAJECTORY_RUNNING,24.0,45,10,5,2.36,45,0,0.0,0.0,0.0,0.0,0.0,0.0
2026-07-30T11:19:54.972,2628.75,162,close,ACTUATOR_ACTIVE,TRAJECTORY_RUNNING,24.0,45,14,8,1.14,45,0,0.0,0.0,0.0,0.0,0.0,0.0
2026-07-30T11:19:55.478,2629.266,162,close,ACTUATOR_ACTIVE,TRAJECTORY_RUNNING,24.0,45,18,9,1.36,45,0,0.0,0.0,0.0,0.0,0.0,0.0
2026-07-30T11:19:55.974,2629.75,162,close,ACTUATOR_ACTIVE,TRAJECTORY_RUNNING,24.0,45,23,8,0.91,45,0,0.0,0.0,0.0,0.0,0.0,0.0
2026-07-30T11:19:56.490,2630.266,162,close,ACTUATOR_ACTIVE,TRAJECTORY_RUNNING,24.0,47,27,9,3.0,47,0,0.0,0.0,0.0,0.0,0.0,0.0
2026-07-30T11:19:56.988,2630.766,162,close,ACTUATOR_ACTIVE,TRAJECTORY_RUNNING,24.0,47,31,3,23.06,47,0,0.0,0.0,0.0,0.0,0.0,0.0
2026-07-30T11:19:57.484,2631.266,162,close,ACTUATOR_ACTIVE,TRAJECTORY_RUNNING,24.0,47,31,0,30.68,47,0,0.0,0.0,0.0,0.0,0.0,0.0
2026-07-30T11:19:57.975,2631.75,162,close,ACTUATOR_ACTIVE,TRAJECTORY_RUNNING,24.0,47,31,-1,28.33,47,0,0.0,0.0,0.0,0.0,0.0,0.0
2026-07-30T11:19:58.481,2632.266,162,close,ACTUATOR_ACTIVE,TRAJECTORY_RUNNING,24.0,47,31,0,27.93,47,0,0.0,0.0,0.0,0.0,0.0,0.0
2026-07-30T11:19:58.975,2632.75,162,close,ACTUATOR_ACTIVE,TRAJECTORY_STOPPED,24.0,47,31,0,29.39,47,0,0.0,0.0,0.0,0.0,0.0,0.0
2026-07-30T11:19:59.489,2633.266,162,close,ACTUATOR_ACTIVE,TRAJECTORY_RUNNING,24.0,47,31,0,32.05,47,0,0.0,0.0,0.0,0.0,0.0,0.0
2026-07-30T11:19:59.985,2633.766,162,close,ACTUATOR_ACTIVE,TRAJECTORY_RUNNING,24.0,47,31,0,29.73,47,0,0.0,0.0,0.0,0.0,0.0,0.0
2026-07-30T11:20:00.482,2634.266,162,close,ACTUATOR_ACTIVE,TRAJECTORY_STOPPED,24.0,46,31,0,31.27,46,0,0.0,0.0,0.0,0.0,0.0,0.0
2026-07-30T11:20:00.977,2634.75,162,close,ACTUATOR_ACTIVE,TRAJECTORY_RUNNING,24.0,46,31,0,28.78,46,0,0.0,0.0,0.0,0.0,0.0,0.0
2026-07-30T11:20:01.490,2635.266,162,close,ACTUATOR_ACTIVE,TRAJECTORY_RUNNING,24.0,46,31,0,31.71,46,0,0.0,0.0,0.0,0.0,0.0,0.0
2026-07-30T11:20:01.986,2635.766,162,close,ACTUATOR_ACTIVE,TRAJECTORY_RUNNING,24.0,46,31,0,30.29,46,0,0.0,0.0,0.0,0.0,0.0,0.0
2026-07-30T11:20:02.593,2636.375,162,open,ACTUATOR_ACTIVE,TRAJECTORY_RUNNING,24.0,46,31,-1,4.38,46,0,0.0,0.0,0.0,0.0,0.0,0.0
2026-07-30T11:20:03.088,2636.875,162,open,ACTUATOR_ACTIVE,TRAJECTORY_RUNNING,24.0,46,27,-11,-0.13,46,0,0.0,0.0,0.0,0.0,0.0,0.0
2026-07-30T11:20:03.587,2637.375,162,open,ACTUATOR_ACTIVE,TRAJECTORY_RUNNING,24.0,46,21,-11,-1.23,46,0,0.0,0.0,0.0,0.0,0.0,0.0
2026-07-30T11:20:04.084,2637.86,162,open,ACTUATOR_ACTIVE,TRAJECTORY_RUNNING,24.0,46,16,-11,-2.2,46,0,0.0,0.0,0.0,0.0,0.0,0.0
2026-07-30T11:20:04.598,2638.375,162,open,ACTUATOR_ACTIVE,TRAJECTORY_RUNNING,24.0,42,10,-11,-0.74,42,0,0.0,0.0,0.0,0.0,0.0,0.0
2026-07-30T11:20:05.093,2638.875,162,open,ACTUATOR_ACTIVE,TRAJECTORY_COMPLETE,24.0,42,10,0,0.36,42,0,0.0,0.0,0.0,0.0,0.0,0.0
2026-07-30T11:20:05.590,2639.375,162,open,ACTUATOR_ACTIVE,TRAJECTORY_COMPLETE,24.0,42,9,0,0.37,42,0,0.0,0.0,0.0,0.0,0.0,0.0
2026-07-30T11:20:06.085,2639.86,162,open,ACTUATOR_ACTIVE,TRAJECTORY_COMPLETE,24.0,42,9,0,0.16,42,0,0.0,0.0,0.0,0.0,0.0,0.0
2026-07-30T11:20:06.593,2640.375,162,open,ACTUATOR_ACTIVE,TRAJECTORY_COMPLETE,24.0,42,9,0,0.06,42,0,0.0,0.0,0.0,0.0,0.0,0.0
2026-07-30T11:20:07.087,2640.86,162,open,ACTUATOR_ACTIVE,TRAJECTORY_COMPLETE,24.0,42,9,0,-0.27,42,0,0.0,0.0,0.0,0.0,0.0,0.0
2026-07-30T11:20:07.595,2641.375,162,open,ACTUATOR_ACTIVE,TRAJECTORY_COMPLETE,24.0,42,9,-1,0.19,42,0,0.0,0.0,0.0,0.0,0.0,0.0
2026-07-30T11:20:08.091,2641.875,162,open,ACTUATOR_ACTIVE,TRAJECTORY_COMPLETE,24.0,42,9,0,-0.04,42,0,0.0,0.0,0.0,0.0,0.0,0.0
2026-07-30T11:20:08.586,2642.36,162,open,ACTUATOR_ACTIVE,TRAJECTORY_COMPLETE,24.0,47,9,0,0.34,47,0,0.0,0.0,0.0,0.0,0.0,0.0
2026-07-30T11:20:09.094,2642.875,162,open,ACTUATOR_ACTIVE,TRAJECTORY_COMPLETE,24.0,47,9,1,0.14,47,0,0.0,0.0,0.0,0.0,0.0,0.0
2026-07-30T11:20:09.588,2643.375,162,open,ACTUATOR_ACTIVE,TRAJECTORY_COMPLETE,24.0,47,9,-1,-0.01,47,0,0.0,0.0,0.0,0.0,0.0,0.0
2026-07-30T11:20:10.084,2643.86,162,open,ACTUATOR_ACTIVE,TRAJECTORY_COMPLETE,24.0,47,9,-1,-0.34,47,0,0.0,0.0,0.0,0.0,0.0,0.0
2026-07-30T11:20:10.710,2644.485,163,close,ACTUATOR_ACTIVE,TRAJECTORY_RUNNING,24.0,47,10,7,0.73,47,0,0.0,0.0,0.0,0.0,0.0,0.0
2026-07-30T11:20:11.217,2645.0,163,close,ACTUATOR_ACTIVE,TRAJECTORY_RUNNING,24.0,47,12,4,1.58,47,0,0.0,0.0,0.0,0.0,0.0,0.0
2026-07-30T11:20:11.706,2645.485,163,close,ACTUATOR_ACTIVE,TRAJECTORY_RUNNING,24.0,47,14,4,0.81,47,0,0.0,0.0,0.0,0.0,0.0,0.0
2026-07-30T11:20:12.213,2646.0,163,close,ACTUATOR_ACTIVE,TRAJECTORY_RUNNING,24.0,47,17,7,2.61,47,0,0.0,0.0,0.0,0.0,0.0,0.0
2026-07-30T11:20:12.707,2646.485,163,close,ACTUATOR_ACTIVE,TRAJECTORY_RUNNING,24.0,45,20,8,1.31,45,0,0.0,0.0,0.0,0.0,0.0,0.0
2026-07-30T11:20:13.217,2647.0,163,close,ACTUATOR_ACTIVE,TRAJECTORY_RUNNING,24.0,45,24,9,0.19,45,0,0.0,0.0,0.0,0.0,0.0,0.0
2026-07-30T11:20:13.715,2647.5,163,close,ACTUATOR_ACTIVE,TRAJECTORY_RUNNING,24.0,45,28,8,1.19,45,0,0.0,0.0,0.0,0.0,0.0,0.0
2026-07-30T11:20:14.209,2647.985,163,close,ACTUATOR_ACTIVE,TRAJECTORY_RUNNING,24.0,45,30,0,2.9,45,0,0.0,0.0,0.0,0.0,0.0,0.0
2026-07-30T11:20:14.721,2648.5,163,close,ACTUATOR_ACTIVE,TRAJECTORY_RUNNING,24.0,45,30,0,2.49,45,0,0.0,0.0,0.0,0.0,0.0,0.0
2026-07-30T11:20:15.214,2649.0,163,close,ACTUATOR_ACTIVE,TRAJECTORY_RUNNING,24.0,45,30,-1,1.68,45,0,0.0,0.0,0.0,0.0,0.0,0.0
2026-07-30T11:20:15.705,2649.485,163,close,ACTUATOR_ACTIVE,TRAJECTORY_RUNNING,24.0,45,30,1,1.94,45,0,0.0,0.0,0.0,0.0,0.0,0.0
2026-07-30T11:20:16.214,2650.0,163,close,ACTUATOR_ACTIVE,TRAJECTORY_RUNNING,24.0,45,30,0,2.73,45,0,0.0,0.0,0.0,0.0,0.0,0.0
2026-07-30T11:20:16.708,2650.485,163,close,ACTUATOR_ACTIVE,TRAJECTORY_RUNNING,24.0,44,30,0,1.81,44,0,0.0,0.0,0.0,0.0,0.0,0.0
2026-07-30T11:20:17.220,2651.0,163,close,ACTUATOR_ACTIVE,TRAJECTORY_RUNNING,24.0,44,30,0,2.32,44,0,0.0,0.0,0.0,0.0,0.0,0.0
2026-07-30T11:20:17.718,2651.5,163,close,ACTUATOR_ACTIVE,TRAJECTORY_RUNNING,24.0,44,30,0,2.1,44,0,0.0,0.0,0.0,0.0,0.0,0.0
2026-07-30T11:20:18.214,2652.0,163,close,ACTUATOR_ACTIVE,TRAJECTORY_STOPPED,24.0,44,30,0,1.75,44,0,0.0,0.0,0.0,0.0,0.0,0.0
2026-07-30T11:20:18.823,2652.61,163,open,ACTUATOR_ACTIVE,TRAJECTORY_RUNNING,24.0,44,30,0,0.96,44,0,0.0,0.0,0.0,0.0,0.0,0.0
2026-07-30T11:20:19.316,2653.094,163,open,ACTUATOR_ACTIVE,TRAJECTORY_RUNNING,24.0,44,26,-10,-2.2,44,0,0.0,0.0,0.0,0.0,0.0,0.0
2026-07-30T11:20:19.827,2653.61,163,open,ACTUATOR_ACTIVE,TRAJECTORY_RUNNING,24.0,44,20,-13,-2.09,44,0,0.0,0.0,0.0,0.0,0.0,0.0
2026-07-30T11:20:20.321,2654.094,163,open,ACTUATOR_ACTIVE,TRAJECTORY_RUNNING,24.0,44,14,-11,-2.33,44,0,0.0,0.0,0.0,0.0,0.0,0.0
2026-07-30T11:20:20.827,2654.61,163,open,ACTUATOR_ACTIVE,TRAJECTORY_COMPLETE,24.0,47,9,0,0.67,47,0,0.0,0.0,0.0,0.0,0.0,0.0
2026-07-30T11:20:21.320,2655.094,163,open,ACTUATOR_ACTIVE,TRAJECTORY_COMPLETE,24.0,47,9,0,0.32,47,0,0.0,0.0,0.0,0.0,0.0,0.0
2026-07-30T11:20:21.830,2655.61,163,open,ACTUATOR_ACTIVE,TRAJECTORY_COMPLETE,24.0,47,9,1,0.44,47,0,0.0,0.0,0.0,0.0,0.0,0.0
2026-07-30T11:20:22.319,2656.094,163,open,ACTUATOR_ACTIVE,TRAJECTORY_COMPLETE,24.0,47,10,0,0.64,47,0,0.0,0.0,0.0,0.0,0.0,0.0
2026-07-30T11:20:22.827,2656.61,163,open,ACTUATOR_ACTIVE,TRAJECTORY_COMPLETE,24.0,47,10,0,0.06,47,0,0.0,0.0,0.0,0.0,0.0,0.0
2026-07-30T11:20:23.324,2657.11,163,open,ACTUATOR_ACTIVE,TRAJECTORY_COMPLETE,24.0,47,10,0,-1.21,47,0,0.0,0.0,0.0,0.0,0.0,0.0
2026-07-30T11:20:23.820,2657.594,163,open,ACTUATOR_ACTIVE,TRAJECTORY_COMPLETE,24.0,47,10,0,-0.03,47,0,0.0,0.0,0.0,0.0,0.0,0.0
2026-07-30T11:20:24.331,2658.11,163,open,ACTUATOR_ACTIVE,TRAJECTORY_COMPLETE,24.0,47,10,0,-0.1,47,0,0.0,0.0,0.0,0.0,0.0,0.0
2026-07-30T11:20:24.825,2658.61,163,open,ACTUATOR_ACTIVE,TRAJECTORY_COMPLETE,24.0,47,10,0,0.01,47,0,0.0,0.0,0.0,0.0,0.0,0.0
2026-07-30T11:20:25.318,2659.094,163,open,ACTUATOR_ACTIVE,TRAJECTORY_COMPLETE,24.0,47,10,0,0.09,47,0,0.0,0.0,0.0,0.0,0.0,0.0
2026-07-30T11:20:25.830,2659.61,163,open,ACTUATOR_ACTIVE,TRAJECTORY_COMPLETE,24.0,47,10,1,-0.14,47,0,0.0,0.0,0.0,0.0,0.0,0.0
2026-07-30T11:20:26.324,2660.11,163,open,ACTUATOR_ACTIVE,TRAJECTORY_COMPLETE,24.0,47,10,1,0.04,47,0,0.0,0.0,0.0,0.0,0.0,0.0
2026-07-30T11:20:26.931,2660.719,164,close,ACTUATOR_ACTIVE,TRAJECTORY_RUNNING,24.0,47,10,7,2.06,47,0,0.0,0.0,0.0,0.0,0.0,0.0
2026-07-30T11:20:27.430,2661.203,164,close,ACTUATOR_ACTIVE,TRAJECTORY_RUNNING,24.0,47,12,2,1.11,47,0,0.0,0.0,0.0,0.0,0.0,0.0
2026-07-30T11:20:27.938,2661.719,164,close,ACTUATOR_ACTIVE,TRAJECTORY_RUNNING,24.0,47,14,4,2.04,47,0,0.0,0.0,0.0,0.0,0.0,0.0
2026-07-30T11:20:28.431,2662.203,164,close,ACTUATOR_ACTIVE,TRAJECTORY_RUNNING,24.0,42,16,6,1.13,42,0,0.0,0.0,0.0,0.0,0.0,0.0
2026-07-30T11:20:28.940,2662.719,164,close,ACTUATOR_ACTIVE,TRAJECTORY_RUNNING,24.0,42,20,7,2.88,42,0,0.0,0.0,0.0,0.0,0.0,0.0
2026-07-30T11:20:29.438,2663.219,164,close,ACTUATOR_ACTIVE,TRAJECTORY_RUNNING,24.0,42,24,8,0.79,42,0,0.0,0.0,0.0,0.0,0.0,0.0
2026-07-30T11:20:29.929,2663.703,164,close,ACTUATOR_ACTIVE,TRAJECTORY_RUNNING,24.0,42,28,8,1.96,42,0,0.0,0.0,0.0,0.0,0.0,0.0
2026-07-30T11:20:30.442,2664.219,164,close,ACTUATOR_ACTIVE,TRAJECTORY_RUNNING,24.0,42,30,0,3.95,42,0,0.0,0.0,0.0,0.0,0.0,0.0
2026-07-30T11:20:30.933,2664.719,164,close,ACTUATOR_ACTIVE,TRAJECTORY_RUNNING,24.0,42,30,0,2.11,42,0,0.0,0.0,0.0,0.0,0.0,0.0
2026-07-30T11:20:31.428,2665.203,164,close,ACTUATOR_ACTIVE,TRAJECTORY_RUNNING,24.0,42,30,1,1.94,42,0,0.0,0.0,0.0,0.0,0.0,0.0
2026-07-30T11:20:31.935,2665.719,164,close,ACTUATOR_ACTIVE,TRAJECTORY_RUNNING,24.0,42,30,0,2.04,42,0,0.0,0.0,0.0,0.0,0.0,0.0
2026-07-30T11:20:32.434,2666.219,164,close,ACTUATOR_ACTIVE,TRAJECTORY_STOPPED,24.0,42,30,0,2.22,42,0,0.0,0.0,0.0,0.0,0.0,0.0
2026-07-30T11:20:32.926,2666.703,164,close,ACTUATOR_ACTIVE,TRAJECTORY_STOPPED,24.0,42,30,0,1.84,42,0,0.0,0.0,0.0,0.0,0.0,0.0
2026-07-30T11:20:33.437,2667.219,164,close,ACTUATOR_ACTIVE,TRAJECTORY_RUNNING,24.0,42,30,0,1.76,42,0,0.0,0.0,0.0,0.0,0.0,0.0
2026-07-30T11:20:33.929,2667.703,164,close,ACTUATOR_ACTIVE,TRAJECTORY_RUNNING,24.0,42,30,0,2.0,42,0,0.0,0.0,0.0,0.0,0.0,0.0
2026-07-30T11:20:34.438,2668.219,164,close,ACTUATOR_ACTIVE,TRAJECTORY_STOPPED,24.0,42,30,0,1.87,42,0,0.0,0.0,0.0,0.0,0.0,0.0
2026-07-30T11:20:35.043,2668.828,164,open,ACTUATOR_ACTIVE,TRAJECTORY_RUNNING,24.0,42,30,0,0.93,42,0,0.0,0.0,0.0,0.0,0.0,0.0
2026-07-30T11:20:35.535,2669.313,164,open,ACTUATOR_ACTIVE,TRAJECTORY_RUNNING,24.0,42,26,-11,-2.26,42,0,0.0,0.0,0.0,0.0,0.0,0.0
2026-07-30T11:20:36.048,2669.828,164,open,ACTUATOR_ACTIVE,TRAJECTORY_RUNNING,24.0,42,20,-10,-1.9,42,0,0.0,0.0,0.0,0.0,0.0,0.0
2026-07-30T11:20:36.542,2670.328,164,open,ACTUATOR_ACTIVE,TRAJECTORY_RUNNING,24.0,42,14,-11,-1.81,42,0,0.0,0.0,0.0,0.0,0.0,0.0
2026-07-30T11:20:37.033,2670.813,164,open,ACTUATOR_ACTIVE,TRAJECTORY_COMPLETE,24.0,42,9,0,0.16,42,0,0.0,0.0,0.0,0.0,0.0,0.0
2026-07-30T11:20:37.534,2671.313,164,open,ACTUATOR_ACTIVE,TRAJECTORY_COMPLETE,24.0,42,10,-1,0.54,42,0,0.0,0.0,0.0,0.0,0.0,0.0
2026-07-30T11:20:38.041,2671.828,164,open,ACTUATOR_ACTIVE,TRAJECTORY_COMPLETE,24.0,42,9,0,0.42,42,0,0.0,0.0,0.0,0.0,0.0,0.0
2026-07-30T11:20:38.533,2672.313,164,open,ACTUATOR_ACTIVE,TRAJECTORY_COMPLETE,24.0,42,9,0,0.38,42,0,0.0,0.0,0.0,0.0,0.0,0.0
2026-07-30T11:20:39.044,2672.828,164,open,ACTUATOR_ACTIVE,TRAJECTORY_COMPLETE,24.0,42,9,0,-0.12,42,0,0.0,0.0,0.0,0.0,0.0,0.0
2026-07-30T11:20:39.540,2673.313,164,open,ACTUATOR_ACTIVE,TRAJECTORY_COMPLETE,24.0,42,9,0,-0.06,42,0,0.0,0.0,0.0,0.0,0.0,0.0
2026-07-30T11:20:40.049,2673.828,164,open,ACTUATOR_ACTIVE,TRAJECTORY_COMPLETE,24.0,42,10,0,0.11,42,0,0.0,0.0,0.0,0.0,0.0,0.0
2026-07-30T11:20:40.544,2674.328,164,open,ACTUATOR_ACTIVE,TRAJECTORY_COMPLETE,24.0,43,10,0,0.46,43,0,0.0,0.0,0.0,0.0,0.0,0.0
2026-07-30T11:20:41.041,2674.828,164,open,ACTUATOR_ACTIVE,TRAJECTORY_COMPLETE,24.0,43,10,0,0.3,43,0,0.0,0.0,0.0,0.0,0.0,0.0
2026-07-30T11:20:41.534,2675.313,164,open,ACTUATOR_ACTIVE,TRAJECTORY_COMPLETE,24.0,43,9,0,0.43,43,0,0.0,0.0,0.0,0.0,0.0,0.0
2026-07-30T11:20:42.043,2675.828,164,open,ACTUATOR_ACTIVE,TRAJECTORY_COMPLETE,24.0,43,10,0,0.49,43,0,0.0,0.0,0.0,0.0,0.0,0.0
2026-07-30T11:20:42.535,2676.313,164,open,ACTUATOR_ACTIVE,TRAJECTORY_COMPLETE,24.0,43,10,0,-0.27,43,0,0.0,0.0,0.0,0.0,0.0,0.0
2026-07-30T11:20:43.152,2676.938,165,close,ACTUATOR_ACTIVE,TRAJECTORY_RUNNING,24.0,43,10,6,1.03,43,0,0.0,0.0,0.0,0.0,0.0,0.0
2026-07-30T11:20:43.648,2677.422,165,close,ACTUATOR_ACTIVE,TRAJECTORY_RUNNING,24.0,43,14,8,1.66,43,0,0.0,0.0,0.0,0.0,0.0,0.0
2026-07-30T11:20:44.159,2677.938,165,close,ACTUATOR_ACTIVE,TRAJECTORY_RUNNING,24.0,43,18,9,1.58,43,0,0.0,0.0,0.0,0.0,0.0,0.0
2026-07-30T11:20:44.650,2678.438,165,close,ACTUATOR_ACTIVE,TRAJECTORY_RUNNING,24.0,45,23,9,3.39,45,0,0.0,0.0,0.0,0.0,0.0,0.0
2026-07-30T11:20:45.144,2678.922,165,close,ACTUATOR_ACTIVE,TRAJECTORY_RUNNING,24.0,45,27,8,1.67,45,0,0.0,0.0,0.0,0.0,0.0,0.0
2026-07-30T11:20:45.654,2679.438,165,close,ACTUATOR_ACTIVE,TRAJECTORY_RUNNING,24.0,45,31,0,23.01,45,0,0.0,0.0,0.0,0.0,0.0,0.0
2026-07-30T11:20:46.145,2679.922,165,close,ACTUATOR_ACTIVE,TRAJECTORY_RUNNING,24.0,45,31,0,30.6,45,0,0.0,0.0,0.0,0.0,0.0,0.0
2026-07-30T11:20:46.655,2680.438,165,close,ACTUATOR_ACTIVE,TRAJECTORY_RUNNING,24.0,45,31,0,30.65,45,0,0.0,0.0,0.0,0.0,0.0,0.0
2026-07-30T11:20:47.149,2680.922,165,close,ACTUATOR_ACTIVE,TRAJECTORY_RUNNING,24.0,45,31,-1,27.56,45,0,0.0,0.0,0.0,0.0,0.0,0.0
2026-07-30T11:20:47.660,2681.438,165,close,ACTUATOR_ACTIVE,TRAJECTORY_RUNNING,24.0,45,31,0,30.33,45,0,0.0,0.0,0.0,0.0,0.0,0.0
2026-07-30T11:20:48.159,2681.938,165,close,ACTUATOR_ACTIVE,TRAJECTORY_RUNNING,24.0,45,31,-1,31.36,45,0,0.0,0.0,0.0,0.0,0.0,0.0
2026-07-30T11:20:48.654,2682.438,165,close,ACTUATOR_ACTIVE,TRAJECTORY_RUNNING,24.0,43,31,1,32.47,43,0,0.0,0.0,0.0,0.0,0.0,0.0
2026-07-30T11:20:49.147,2682.922,165,close,ACTUATOR_ACTIVE,TRAJECTORY_RUNNING,24.0,43,31,0,30.32,43,0,0.0,0.0,0.0,0.0,0.0,0.0
2026-07-30T11:20:49.660,2683.438,165,close,ACTUATOR_ACTIVE,TRAJECTORY_RUNNING,24.0,43,31,0,29.63,43,0,0.0,0.0,0.0,0.0,0.0,0.0
2026-07-30T11:20:50.149,2683.922,165,close,ACTUATOR_ACTIVE,TRAJECTORY_RUNNING,24.0,43,31,0,29.79,43,0,0.0,0.0,0.0,0.0,0.0,0.0
2026-07-30T11:20:50.662,2684.438,165,close,ACTUATOR_ACTIVE,TRAJECTORY_RUNNING,24.0,43,31,0,28.51,43,0,0.0,0.0,0.0,0.0,0.0,0.0
2026-07-30T11:20:51.267,2685.047,165,open,ACTUATOR_ACTIVE,TRAJECTORY_RUNNING,24.0,43,31,-1,4.75,43,0,0.0,0.0,0.0,0.0,0.0,0.0
2026-07-30T11:20:51.763,2685.547,165,open,ACTUATOR_ACTIVE,TRAJECTORY_RUNNING,24.0,43,27,-12,-1.36,43,0,0.0,0.0,0.0,0.0,0.0,0.0
2026-07-30T11:20:52.253,2686.031,165,open,ACTUATOR_ACTIVE,TRAJECTORY_RUNNING,24.0,43,21,-11,-1.5,43,0,0.0,0.0,0.0,0.0,0.0,0.0
2026-07-30T11:20:52.765,2686.547,165,open,ACTUATOR_ACTIVE,TRAJECTORY_RUNNING,24.0,44,15,-12,-2.23,44,0,0.0,0.0,0.0,0.0,0.0,0.0
2026-07-30T11:20:53.262,2687.047,165,open,ACTUATOR_ACTIVE,TRAJECTORY_RUNNING,24.0,44,10,-12,-2.61,44,0,0.0,0.0,0.0,0.0,0.0,0.0
2026-07-30T11:20:53.761,2687.547,165,open,ACTUATOR_ACTIVE,TRAJECTORY_COMPLETE,24.0,44,10,0,-0.22,44,0,0.0,0.0,0.0,0.0,0.0,0.0
2026-07-30T11:20:54.260,2688.047,165,open,ACTUATOR_ACTIVE,TRAJECTORY_COMPLETE,24.0,44,10,1,0.1,44,0,0.0,0.0,0.0,0.0,0.0,0.0
2026-07-30T11:20:54.759,2688.531,165,open,ACTUATOR_ACTIVE,TRAJECTORY_COMPLETE,24.0,44,9,0,-0.25,44,0,0.0,0.0,0.0,0.0,0.0,0.0
2026-07-30T11:20:55.266,2689.047,165,open,ACTUATOR_ACTIVE,TRAJECTORY_COMPLETE,24.0,44,9,1,0.94,44,0,0.0,0.0,0.0,0.0,0.0,0.0
2026-07-30T11:20:55.763,2689.547,165,open,ACTUATOR_ACTIVE,TRAJECTORY_COMPLETE,24.0,44,9,0,0.12,44,0,0.0,0.0,0.0,0.0,0.0,0.0
2026-07-30T11:20:56.258,2690.031,165,open,ACTUATOR_ACTIVE,TRAJECTORY_COMPLETE,24.0,44,9,0,0.16,44,0,0.0,0.0,0.0,0.0,0.0,0.0
2026-07-30T11:20:56.774,2690.547,165,open,ACTUATOR_ACTIVE,TRAJECTORY_COMPLETE,24.0,41,9,1,0.13,41,0,0.0,0.0,0.0,0.0,0.0,0.0
2026-07-30T11:20:57.271,2691.047,165,open,ACTUATOR_ACTIVE,TRAJECTORY_COMPLETE,24.0,41,9,0,1.0,41,0,0.0,0.0,0.0,0.0,0.0,0.0
2026-07-30T11:20:57.771,2691.547,165,open,ACTUATOR_ACTIVE,TRAJECTORY_COMPLETE,24.0,41,9,0,0.22,41,0,0.0,0.0,0.0,0.0,0.0,0.0
2026-07-30T11:20:58.268,2692.047,165,open,ACTUATOR_ACTIVE,TRAJECTORY_COMPLETE,24.0,41,9,0,-0.49,41,0,0.0,0.0,0.0,0.0,0.0,0.0
2026-07-30T11:20:58.758,2692.531,165,open,ACTUATOR_ACTIVE,TRAJECTORY_COMPLETE,24.0,41,9,0,0.2,41,0,0.0,0.0,0.0,0.0,0.0,0.0
2026-07-30T11:20:59.384,2693.156,166,close,ACTUATOR_ACTIVE,TRAJECTORY_RUNNING,24.0,41,10,7,1.85,41,0,0.0,0.0,0.0,0.0,0.0,0.0
2026-07-30T11:20:59.895,2693.672,166,close,ACTUATOR_ACTIVE,TRAJECTORY_RUNNING,24.0,41,12,5,0.77,41,0,0.0,0.0,0.0,0.0,0.0,0.0
2026-07-30T11:21:00.392,2694.172,166,close,ACTUATOR_ACTIVE,TRAJECTORY_RUNNING,24.0,41,14,3,0.91,41,0,0.0,0.0,0.0,0.0,0.0,0.0
2026-07-30T11:21:00.887,2694.672,166,close,ACTUATOR_ACTIVE,TRAJECTORY_RUNNING,24.0,41,17,7,1.41,41,0,0.0,0.0,0.0,0.0,0.0,0.0
2026-07-30T11:21:01.380,2695.156,166,close,ACTUATOR_ACTIVE,TRAJECTORY_RUNNING,24.0,41,20,8,2.01,41,0,0.0,0.0,0.0,0.0,0.0,0.0
2026-07-30T11:21:01.892,2695.672,166,close,ACTUATOR_ACTIVE,TRAJECTORY_RUNNING,24.0,41,24,7,2.01,41,0,0.0,0.0,0.0,0.0,0.0,0.0
2026-07-30T11:21:02.390,2696.172,166,close,ACTUATOR_ACTIVE,TRAJECTORY_RUNNING,24.0,41,29,5,3.07,41,0,0.0,0.0,0.0,0.0,0.0,0.0
2026-07-30T11:21:02.889,2696.672,166,close,ACTUATOR_ACTIVE,TRAJECTORY_RUNNING,24.0,41,30,0,3.07,41,0,0.0,0.0,0.0,0.0,0.0,0.0
2026-07-30T11:21:03.387,2697.172,166,close,ACTUATOR_ACTIVE,TRAJECTORY_RUNNING,24.0,41,30,0,2.64,41,0,0.0,0.0,0.0,0.0,0.0,0.0
2026-07-30T11:21:03.880,2697.656,166,close,ACTUATOR_ACTIVE,TRAJECTORY_RUNNING,24.0,41,30,0,2.42,41,0,0.0,0.0,0.0,0.0,0.0,0.0
2026-07-30T11:21:04.393,2698.172,166,close,ACTUATOR_ACTIVE,TRAJECTORY_STOPPED,24.0,47,30,0,1.71,47,0,0.0,0.0,0.0,0.0,0.0,0.0
2026-07-30T11:21:04.888,2698.672,166,close,ACTUATOR_ACTIVE,TRAJECTORY_RUNNING,24.0,47,30,0,1.83,47,0,0.0,0.0,0.0,0.0,0.0,0.0
2026-07-30T11:21:05.384,2699.172,166,close,ACTUATOR_ACTIVE,TRAJECTORY_RUNNING,24.0,47,30,-1,1.87,47,0,0.0,0.0,0.0,0.0,0.0,0.0
2026-07-30T11:21:05.883,2699.656,166,close,ACTUATOR_ACTIVE,TRAJECTORY_RUNNING,24.0,47,30,0,1.74,47,0,0.0,0.0,0.0,0.0,0.0,0.0
2026-07-30T11:21:06.396,2700.172,166,close,ACTUATOR_ACTIVE,TRAJECTORY_RUNNING,24.0,47,30,0,2.65,47,0,0.0,0.0,0.0,0.0,0.0,0.0
2026-07-30T11:21:06.894,2700.672,166,close,ACTUATOR_ACTIVE,TRAJECTORY_RUNNING,24.0,47,30,0,1.93,47,0,0.0,0.0,0.0,0.0,0.0,0.0
2026-07-30T11:21:07.499,2701.281,166,open,ACTUATOR_ACTIVE,TRAJECTORY_RUNNING,24.0,47,30,0,0.98,47,0,0.0,0.0,0.0,0.0,0.0,0.0
2026-07-30T11:21:07.993,2701.766,166,open,ACTUATOR_ACTIVE,TRAJECTORY_RUNNING,24.0,47,30,0,-0.4,47,0,0.0,0.0,0.0,0.0,0.0,0.0
2026-07-30T11:21:08.505,2702.281,166,open,ACTUATOR_ACTIVE,TRAJECTORY_RUNNING,24.0,45,29,-1,-1.31,45,0,0.0,0.0,0.0,0.0,0.0,0.0
2026-07-30T11:21:09.000,2702.781,166,open,ACTUATOR_ACTIVE,TRAJECTORY_RUNNING,24.0,45,28,-4,-0.91,45,0,0.0,0.0,0.0,0.0,0.0,0.0
2026-07-30T11:21:09.502,2703.281,166,open,ACTUATOR_ACTIVE,TRAJECTORY_RUNNING,24.0,45,26,-5,-0.71,45,0,0.0,0.0,0.0,0.0,0.0,0.0
2026-07-30T11:21:09.998,2703.781,166,open,ACTUATOR_ACTIVE,TRAJECTORY_RUNNING,24.0,45,24,-8,-1.25,45,0,0.0,0.0,0.0,0.0,0.0,0.0
2026-07-30T11:21:10.494,2704.281,166,open,ACTUATOR_ACTIVE,TRAJECTORY_RUNNING,24.0,45,20,-9,-1.18,45,0,0.0,0.0,0.0,0.0,0.0,0.0
2026-07-30T11:21:10.987,2704.766,166,open,ACTUATOR_ACTIVE,TRAJECTORY_RUNNING,24.0,45,15,-10,-0.71,45,0,0.0,0.0,0.0,0.0,0.0,0.0
2026-07-30T11:21:11.498,2705.281,166,open,ACTUATOR_ACTIVE,TRAJECTORY_RUNNING,24.0,45,10,-8,-1.17,45,0,0.0,0.0,0.0,0.0,0.0,0.0
2026-07-30T11:21:11.998,2705.781,166,open,ACTUATOR_ACTIVE,TRAJECTORY_RUNNING,24.0,45,8,0,-1.07,45,0,0.0,0.0,0.0,0.0,0.0,0.0
2026-07-30T11:21:12.495,2706.281,166,open,ACTUATOR_ACTIVE,TRAJECTORY_RUNNING,24.0,44,8,0,0.38,44,0,0.0,0.0,0.0,0.0,0.0,0.0
2026-07-30T11:21:12.990,2706.766,166,open,ACTUATOR_ACTIVE,TRAJECTORY_RUNNING,24.0,44,9,0,1.21,44,0,0.0,0.0,0.0,0.0,0.0,0.0
2026-07-30T11:21:13.500,2707.281,166,open,ACTUATOR_ACTIVE,TRAJECTORY_RUNNING,24.0,44,9,0,2.09,44,0,0.0,0.0,0.0,0.0,0.0,0.0
2026-07-30T11:21:13.999,2707.781,166,open,ACTUATOR_ACTIVE,TRAJECTORY_RUNNING,24.0,44,9,0,2.47,44,0,0.0,0.0,0.0,0.0,0.0,0.0
2026-07-30T11:21:14.495,2708.281,166,open,ACTUATOR_ACTIVE,TRAJECTORY_RUNNING,24.0,44,9,0,1.79,44,0,0.0,0.0,0.0,0.0,0.0,0.0
2026-07-30T11:21:14.987,2708.766,166,open,ACTUATOR_ACTIVE,TRAJECTORY_RUNNING,24.0,44,9,0,1.62,44,0,0.0,0.0,0.0,0.0,0.0,0.0
2026-07-30T11:21:15.606,2709.391,167,close,ACTUATOR_ACTIVE,TRAJECTORY_RUNNING,24.0,44,10,8,1.49,44,0,0.0,0.0,0.0,0.0,0.0,0.0
2026-07-30T11:21:16.105,2709.891,167,close,ACTUATOR_ACTIVE,TRAJECTORY_RUNNING,24.0,44,14,8,1.39,44,0,0.0,0.0,0.0,0.0,0.0,0.0
2026-07-30T11:21:16.602,2710.375,167,close,ACTUATOR_ACTIVE,TRAJECTORY_RUNNING,24.0,48,18,8,1.3,48,0,0.0,0.0,0.0,0.0,0.0,0.0
2026-07-30T11:21:17.118,2710.891,167,close,ACTUATOR_ACTIVE,TRAJECTORY_RUNNING,24.0,48,22,8,2.29,48,0,0.0,0.0,0.0,0.0,0.0,0.0
2026-07-30T11:21:17.617,2711.391,167,close,ACTUATOR_ACTIVE,TRAJECTORY_RUNNING,24.0,48,26,9,2.14,48,0,0.0,0.0,0.0,0.0,0.0,0.0
2026-07-30T11:21:18.117,2711.891,167,close,ACTUATOR_ACTIVE,TRAJECTORY_RUNNING,24.0,48,30,0,8.01,48,0,0.0,0.0,0.0,0.0,0.0,0.0
2026-07-30T11:21:18.614,2712.391,167,close,ACTUATOR_ACTIVE,TRAJECTORY_RUNNING,24.0,48,30,0,2.21,48,0,0.0,0.0,0.0,0.0,0.0,0.0
2026-07-30T11:21:19.113,2712.891,167,close,ACTUATOR_ACTIVE,TRAJECTORY_RUNNING,24.0,48,30,0,2.4,48,0,0.0,0.0,0.0,0.0,0.0,0.0
2026-07-30T11:21:19.613,2713.391,167,close,ACTUATOR_ACTIVE,TRAJECTORY_STOPPED,24.0,48,30,0,1.16,48,0,0.0,0.0,0.0,0.0,0.0,0.0
2026-07-30T11:21:20.109,2713.891,167,close,ACTUATOR_ACTIVE,TRAJECTORY_RUNNING,24.0,48,30,0,3.26,48,0,0.0,0.0,0.0,0.0,0.0,0.0
2026-07-30T11:21:20.601,2714.375,167,close,ACTUATOR_ACTIVE,TRAJECTORY_RUNNING,24.0,45,30,0,1.83,45,0,0.0,0.0,0.0,0.0,0.0,0.0
2026-07-30T11:21:21.110,2714.891,167,close,ACTUATOR_ACTIVE,TRAJECTORY_RUNNING,24.0,45,30,0,1.68,45,0,0.0,0.0,0.0,0.0,0.0,0.0
2026-07-30T11:21:21.610,2715.391,167,close,ACTUATOR_ACTIVE,TRAJECTORY_RUNNING,24.0,45,30,-1,1.83,45,0,0.0,0.0,0.0,0.0,0.0,0.0
2026-07-30T11:21:22.106,2715.891,167,close,ACTUATOR_ACTIVE,TRAJECTORY_RUNNING,24.0,45,30,0,2.18,45,0,0.0,0.0,0.0,0.0,0.0,0.0
2026-07-30T11:21:22.604,2716.391,167,close,ACTUATOR_ACTIVE,TRAJECTORY_RUNNING,24.0,45,30,0,1.57,45,0,0.0,0.0,0.0,0.0,0.0,0.0
2026-07-30T11:21:23.100,2716.875,167,close,ACTUATOR_ACTIVE,TRAJECTORY_RUNNING,24.0,45,30,0,1.96,45,0,0.0,0.0,0.0,0.0,0.0,0.0
2026-07-30T11:21:23.725,2717.5,167,open,ACTUATOR_ACTIVE,TRAJECTORY_RUNNING,24.0,45,30,0,0.65,45,0,0.0,0.0,0.0,0.0,0.0,0.0
2026-07-30T11:21:24.237,2718.016,167,open,ACTUATOR_ACTIVE,TRAJECTORY_RUNNING,24.0,45,25,-11,-2.76,45,0,0.0,0.0,0.0,0.0,0.0,0.0
2026-07-30T11:21:24.732,2718.516,167,open,ACTUATOR_ACTIVE,TRAJECTORY_RUNNING,24.0,46,20,-12,-1.56,46,0,0.0,0.0,0.0,0.0,0.0,0.0
2026-07-30T11:21:25.225,2719.0,167,open,ACTUATOR_ACTIVE,TRAJECTORY_RUNNING,24.0,46,14,-11,-2.49,46,0,0.0,0.0,0.0,0.0,0.0,0.0
2026-07-30T11:21:25.736,2719.516,167,open,ACTUATOR_ACTIVE,TRAJECTORY_COMPLETE,24.0,46,9,1,0.83,46,0,0.0,0.0,0.0,0.0,0.0,0.0
2026-07-30T11:21:26.231,2720.016,167,open,ACTUATOR_ACTIVE,TRAJECTORY_COMPLETE,24.0,46,10,0,0.31,46,0,0.0,0.0,0.0,0.0,0.0,0.0
2026-07-30T11:21:26.729,2720.516,167,open,ACTUATOR_ACTIVE,TRAJECTORY_COMPLETE,24.0,46,10,-1,-1.28,46,0,0.0,0.0,0.0,0.0,0.0,0.0
2026-07-30T11:21:27.227,2721.0,167,open,ACTUATOR_ACTIVE,TRAJECTORY_COMPLETE,24.0,46,10,1,0.21,46,0,0.0,0.0,0.0,0.0,0.0,0.0
2026-07-30T11:21:27.739,2721.516,167,open,ACTUATOR_ACTIVE,TRAJECTORY_COMPLETE,24.0,46,10,0,-0.05,46,0,0.0,0.0,0.0,0.0,0.0,0.0
2026-07-30T11:21:28.236,2722.016,167,open,ACTUATOR_ACTIVE,TRAJECTORY_COMPLETE,24.0,46,9,-1,0.3,46,0,0.0,0.0,0.0,0.0,0.0,0.0
2026-07-30T11:21:28.729,2722.516,167,open,ACTUATOR_ACTIVE,TRAJECTORY_COMPLETE,24.0,43,9,2,0.5,43,0,0.0,0.0,0.0,0.0,0.0,0.0
2026-07-30T11:21:29.222,2723.0,167,open,ACTUATOR_ACTIVE,TRAJECTORY_COMPLETE,24.0,43,9,0,0.38,43,0,0.0,0.0,0.0,0.0,0.0,0.0
2026-07-30T11:21:29.729,2723.516,167,open,ACTUATOR_ACTIVE,TRAJECTORY_COMPLETE,24.0,43,9,1,0.26,43,0,0.0,0.0,0.0,0.0,0.0,0.0
2026-07-30T11:21:30.222,2724.0,167,open,ACTUATOR_ACTIVE,TRAJECTORY_COMPLETE,24.0,43,9,0,0.18,43,0,0.0,0.0,0.0,0.0,0.0,0.0
2026-07-30T11:21:30.734,2724.516,167,open,ACTUATOR_ACTIVE,TRAJECTORY_COMPLETE,24.0,43,10,0,0.17,43,0,0.0,0.0,0.0,0.0,0.0,0.0
2026-07-30T11:21:31.230,2725.016,167,open,ACTUATOR_ACTIVE,TRAJECTORY_COMPLETE,24.0,43,10,0,0.25,43,0,0.0,0.0,0.0,0.0,0.0,0.0
2026-07-30T11:21:31.837,2725.625,168,close,ACTUATOR_ACTIVE,TRAJECTORY_RUNNING,24.0,43,10,6,1.89,43,0,0.0,0.0,0.0,0.0,0.0,0.0
2026-07-30T11:21:32.332,2726.11,168,close,ACTUATOR_ACTIVE,TRAJECTORY_RUNNING,24.0,43,12,5,1.49,43,0,0.0,0.0,0.0,0.0,0.0,0.0
2026-07-30T11:21:32.840,2726.625,168,close,ACTUATOR_ACTIVE,TRAJECTORY_RUNNING,24.0,43,14,5,1.99,43,0,0.0,0.0,0.0,0.0,0.0,0.0
2026-07-30T11:21:33.335,2727.11,168,close,ACTUATOR_ACTIVE,TRAJECTORY_RUNNING,24.0,43,16,7,1.68,43,0,0.0,0.0,0.0,0.0,0.0,0.0
2026-07-30T11:21:33.849,2727.625,168,close,ACTUATOR_ACTIVE,TRAJECTORY_RUNNING,24.0,43,20,8,2.53,43,0,0.0,0.0,0.0,0.0,0.0,0.0
2026-07-30T11:21:34.346,2728.125,168,close,ACTUATOR_ACTIVE,TRAJECTORY_RUNNING,24.0,43,24,9,1.79,43,0,0.0,0.0,0.0,0.0,0.0,0.0
2026-07-30T11:21:34.835,2728.61,168,close,ACTUATOR_ACTIVE,TRAJECTORY_RUNNING,24.0,43,28,7,1.42,43,0,0.0,0.0,0.0,0.0,0.0,0.0
2026-07-30T11:21:35.341,2729.125,168,close,ACTUATOR_ACTIVE,TRAJECTORY_RUNNING,24.0,43,30,0,3.13,43,0,0.0,0.0,0.0,0.0,0.0,0.0
2026-07-30T11:21:35.835,2729.61,168,close,ACTUATOR_ACTIVE,TRAJECTORY_RUNNING,24.0,43,30,0,2.12,43,0,0.0,0.0,0.0,0.0,0.0,0.0
2026-07-30T11:21:36.343,2730.125,168,close,ACTUATOR_ACTIVE,TRAJECTORY_RUNNING,24.0,43,30,-1,2.52,45,0,0.0,0.0,0.0,0.0,0.0,0.0
2026-07-30T11:21:36.836,2730.61,168,close,ACTUATOR_ACTIVE,TRAJECTORY_RUNNING,24.0,45,30,0,1.62,45,0,0.0,0.0,0.0,0.0,0.0,0.0
2026-07-30T11:21:37.345,2731.125,168,close,ACTUATOR_ACTIVE,TRAJECTORY_RUNNING,24.0,45,30,0,1.72,45,0,0.0,0.0,0.0,0.0,0.0,0.0
2026-07-30T11:21:37.840,2731.625,168,close,ACTUATOR_ACTIVE,TRAJECTORY_RUNNING,24.0,45,30,0,2.3,45,0,0.0,0.0,0.0,0.0,0.0,0.0
2026-07-30T11:21:38.334,2732.11,168,close,ACTUATOR_ACTIVE,TRAJECTORY_RUNNING,24.0,45,30,0,1.9,45,0,0.0,0.0,0.0,0.0,0.0,0.0
2026-07-30T11:21:38.842,2732.625,168,close,ACTUATOR_ACTIVE,TRAJECTORY_RUNNING,24.0,45,30,-1,1.8,45,0,0.0,0.0,0.0,0.0,0.0,0.0
2026-07-30T11:21:39.336,2733.11,168,close,ACTUATOR_ACTIVE,TRAJECTORY_RUNNING,24.0,45,30,0,1.95,45,0,0.0,0.0,0.0,0.0,0.0,0.0
2026-07-30T11:21:39.953,2733.735,168,open,ACTUATOR_ACTIVE,TRAJECTORY_RUNNING,24.0,45,30,0,0.99,45,0,0.0,0.0,0.0,0.0,0.0,0.0
2026-07-30T11:21:40.448,2734.235,168,open,ACTUATOR_ACTIVE,TRAJECTORY_RUNNING,24.0,45,26,-13,-1.08,45,0,0.0,0.0,0.0,0.0,0.0,0.0
2026-07-30T11:21:40.945,2734.719,168,open,ACTUATOR_ACTIVE,TRAJECTORY_RUNNING,24.0,45,20,-11,-0.8,45,0,0.0,0.0,0.0,0.0,0.0,0.0
2026-07-30T11:21:41.454,2735.235,168,open,ACTUATOR_ACTIVE,TRAJECTORY_RUNNING,24.0,45,14,-11,-2.16,45,0,0.0,0.0,0.0,0.0,0.0,0.0
2026-07-30T11:21:41.946,2735.719,168,open,ACTUATOR_ACTIVE,TRAJECTORY_COMPLETE,24.0,45,9,0,0.58,45,0,0.0,0.0,0.0,0.0,0.0,0.0
2026-07-30T11:21:42.455,2736.235,168,open,ACTUATOR_ACTIVE,TRAJECTORY_COMPLETE,24.0,45,10,0,0.49,45,0,0.0,0.0,0.0,0.0,0.0,0.0
2026-07-30T11:21:42.949,2736.735,168,open,ACTUATOR_ACTIVE,TRAJECTORY_COMPLETE,24.0,45,9,0,0.34,45,0,0.0,0.0,0.0,0.0,0.0,0.0
2026-07-30T11:21:43.445,2737.219,168,open,ACTUATOR_ACTIVE,TRAJECTORY_COMPLETE,24.0,45,9,-1,0.11,45,0,0.0,0.0,0.0,0.0,0.0,0.0
2026-07-30T11:21:43.957,2737.735,168,open,ACTUATOR_ACTIVE,TRAJECTORY_COMPLETE,24.0,45,9,0,0.05,45,0,0.0,0.0,0.0,0.0,0.0,0.0
2026-07-30T11:21:44.454,2738.235,168,open,ACTUATOR_ACTIVE,TRAJECTORY_COMPLETE,24.0,44,9,0,-0.02,44,0,0.0,0.0,0.0,0.0,0.0,0.0
2026-07-30T11:21:44.950,2738.735,168,open,ACTUATOR_ACTIVE,TRAJECTORY_COMPLETE,24.0,44,10,0,1.1,44,0,0.0,0.0,0.0,0.0,0.0,0.0
2026-07-30T11:21:45.447,2739.235,168,open,ACTUATOR_ACTIVE,TRAJECTORY_COMPLETE,24.0,44,9,0,0.62,44,0,0.0,0.0,0.0,0.0,0.0,0.0
2026-07-30T11:21:45.947,2739.735,168,open,ACTUATOR_ACTIVE,TRAJECTORY_COMPLETE,24.0,44,9,0,0.15,44,0,0.0,0.0,0.0,0.0,0.0,0.0
2026-07-30T11:21:46.441,2740.219,168,open,ACTUATOR_ACTIVE,TRAJECTORY_COMPLETE,24.0,44,9,-1,-0.07,44,0,0.0,0.0,0.0,0.0,0.0,0.0
2026-07-30T11:21:46.957,2740.735,168,open,ACTUATOR_ACTIVE,TRAJECTORY_COMPLETE,24.0,44,9,0,-0.18,44,0,0.0,0.0,0.0,0.0,0.0,0.0
2026-07-30T11:21:47.456,2741.235,168,open,ACTUATOR_ACTIVE,TRAJECTORY_COMPLETE,24.0,44,9,0,-0.19,44,0,0.0,0.0,0.0,0.0,0.0,0.0
2026-07-30T11:21:48.063,2741.844,169,close,ACTUATOR_ACTIVE,TRAJECTORY_RUNNING,24.0,44,10,7,2.73,44,0,0.0,0.0,0.0,0.0,0.0,0.0
2026-07-30T11:21:48.561,2742.344,169,close,ACTUATOR_ACTIVE,TRAJECTORY_RUNNING,24.0,43,13,4,1.6,43,0,0.0,0.0,0.0,0.0,0.0,0.0
2026-07-30T11:21:49.062,2742.844,169,close,ACTUATOR_ACTIVE,TRAJECTORY_RUNNING,24.0,43,16,6,1.45,43,0,0.0,0.0,0.0,0.0,0.0,0.0
2026-07-30T11:21:49.558,2743.344,169,close,ACTUATOR_ACTIVE,TRAJECTORY_RUNNING,24.0,43,19,8,1.64,43,0,0.0,0.0,0.0,0.0,0.0,0.0
2026-07-30T11:21:50.057,2743.844,169,close,ACTUATOR_ACTIVE,TRAJECTORY_RUNNING,24.0,43,23,8,2.71,43,0,0.0,0.0,0.0,0.0,0.0,0.0
2026-07-30T11:21:50.557,2744.344,169,close,ACTUATOR_ACTIVE,TRAJECTORY_RUNNING,24.0,43,27,9,2.26,43,0,0.0,0.0,0.0,0.0,0.0,0.0
2026-07-30T11:21:51.057,2744.844,169,close,ACTUATOR_ACTIVE,TRAJECTORY_RUNNING,24.0,43,30,0,4.79,43,0,0.0,0.0,0.0,0.0,0.0,0.0
2026-07-30T11:21:51.554,2745.328,169,close,ACTUATOR_ACTIVE,TRAJECTORY_RUNNING,24.0,43,30,0,2.52,43,0,0.0,0.0,0.0,0.0,0.0,0.0
2026-07-30T11:21:52.066,2745.844,169,close,ACTUATOR_ACTIVE,TRAJECTORY_STOPPED,24.0,43,30,0,1.82,43,0,0.0,0.0,0.0,0.0,0.0,0.0
2026-07-30T11:21:52.556,2746.344,169,close,ACTUATOR_ACTIVE,TRAJECTORY_RUNNING,24.0,43,30,0,1.89,43,0,0.0,0.0,0.0,0.0,0.0,0.0
2026-07-30T11:21:53.056,2746.844,169,close,ACTUATOR_ACTIVE,TRAJECTORY_RUNNING,24.0,43,30,0,2.29,43,0,0.0,0.0,0.0,0.0,0.0,0.0
2026-07-30T11:21:53.554,2747.328,169,close,ACTUATOR_ACTIVE,TRAJECTORY_RUNNING,24.0,43,30,0,1.84,43,0,0.0,0.0,0.0,0.0,0.0,0.0
2026-07-30T11:21:54.069,2747.844,169,close,ACTUATOR_ACTIVE,TRAJECTORY_RUNNING,24.0,43,30,-1,2.08,43,0,0.0,0.0,0.0,0.0,0.0,0.0
2026-07-30T11:21:54.567,2748.344,169,close,ACTUATOR_ACTIVE,TRAJECTORY_RUNNING,24.0,43,30,1,1.59,43,0,0.0,0.0,0.0,0.0,0.0,0.0
2026-07-30T11:21:55.063,2748.844,169,close,ACTUATOR_ACTIVE,TRAJECTORY_RUNNING,24.0,43,30,0,1.61,43,0,0.0,0.0,0.0,0.0,0.0,0.0
2026-07-30T11:21:55.559,2749.344,169,close,ACTUATOR_ACTIVE,TRAJECTORY_RUNNING,24.0,43,30,0,2.32,43,0,0.0,0.0,0.0,0.0,0.0,0.0
2026-07-30T11:21:56.171,2749.953,169,open,ACTUATOR_ACTIVE,TRAJECTORY_RUNNING,24.0,43,30,0,1.05,43,0,0.0,0.0,0.0,0.0,0.0,0.0
2026-07-30T11:21:56.672,2750.453,169,open,ACTUATOR_ACTIVE,TRAJECTORY_RUNNING,24.0,46,26,-11,-1.4,46,0,0.0,0.0,0.0,0.0,0.0,0.0
2026-07-30T11:21:57.171,2750.953,169,open,ACTUATOR_ACTIVE,TRAJECTORY_RUNNING,24.0,46,20,-14,-1.47,46,0,0.0,0.0,0.0,0.0,0.0,0.0
2026-07-30T11:21:57.669,2751.453,169,open,ACTUATOR_ACTIVE,TRAJECTORY_RUNNING,24.0,46,14,-10,-1.48,46,0,0.0,0.0,0.0,0.0,0.0,0.0
2026-07-30T11:21:58.169,2751.953,169,open,ACTUATOR_ACTIVE,TRAJECTORY_COMPLETE,24.0,46,9,2,0.58,46,0,0.0,0.0,0.0,0.0,0.0,0.0
2026-07-30T11:21:58.667,2752.453,169,open,ACTUATOR_ACTIVE,TRAJECTORY_COMPLETE,24.0,46,9,0,1.88,46,0,0.0,0.0,0.0,0.0,0.0,0.0
2026-07-30T11:21:59.168,2752.953,169,open,ACTUATOR_ACTIVE,TRAJECTORY_COMPLETE,24.0,46,9,1,0.04,46,0,0.0,0.0,0.0,0.0,0.0,0.0
2026-07-30T11:21:59.663,2753.438,169,open,ACTUATOR_ACTIVE,TRAJECTORY_COMPLETE,24.0,46,9,0,0.2,46,0,0.0,0.0,0.0,0.0,0.0,0.0
2026-07-30T11:22:00.169,2753.953,169,open,ACTUATOR_ACTIVE,TRAJECTORY_COMPLETE,24.0,46,10,0,-0.09,46,0,0.0,0.0,0.0,0.0,0.0,0.0
2026-07-30T11:22:00.670,2754.453,169,open,ACTUATOR_ACTIVE,TRAJECTORY_COMPLETE,24.0,45,10,0,-0.08,45,0,0.0,0.0,0.0,0.0,0.0,0.0
2026-07-30T11:22:01.166,2754.953,169,open,ACTUATOR_ACTIVE,TRAJECTORY_COMPLETE,24.0,45,10,0,-0.0,45,0,0.0,0.0,0.0,0.0,0.0,0.0
2026-07-30T11:22:01.667,2755.453,169,open,ACTUATOR_ACTIVE,TRAJECTORY_COMPLETE,24.0,45,10,0,0.1,45,0,0.0,0.0,0.0,0.0,0.0,0.0
2026-07-30T11:22:02.162,2755.938,169,open,ACTUATOR_ACTIVE,TRAJECTORY_COMPLETE,24.0,45,10,0,0.01,45,0,0.0,0.0,0.0,0.0,0.0,0.0
2026-07-30T11:22:02.669,2756.453,169,open,ACTUATOR_ACTIVE,TRAJECTORY_COMPLETE,24.0,45,10,0,-1.37,45,0,0.0,0.0,0.0,0.0,0.0,0.0
2026-07-30T11:22:03.169,2756.953,169,open,ACTUATOR_ACTIVE,TRAJECTORY_COMPLETE,24.0,45,9,0,0.07,45,0,0.0,0.0,0.0,0.0,0.0,0.0
2026-07-30T11:22:03.662,2757.438,169,open,ACTUATOR_ACTIVE,TRAJECTORY_COMPLETE,24.0,45,9,0,0.02,45,0,0.0,0.0,0.0,0.0,0.0,0.0
2026-07-30T11:22:04.280,2758.063,170,close,ACTUATOR_ACTIVE,TRAJECTORY_RUNNING,24.0,45,10,6,2.09,45,0,0.0,0.0,0.0,0.0,0.0,0.0
2026-07-30T11:22:04.779,2758.563,170,close,ACTUATOR_ACTIVE,TRAJECTORY_RUNNING,24.0,45,11,2,1.06,45,0,0.0,0.0,0.0,0.0,0.0,0.0
2026-07-30T11:22:05.278,2759.063,170,close,ACTUATOR_ACTIVE,TRAJECTORY_RUNNING,24.0,45,13,3,1.22,45,0,0.0,0.0,0.0,0.0,0.0,0.0
2026-07-30T11:22:05.774,2759.547,170,close,ACTUATOR_ACTIVE,TRAJECTORY_RUNNING,24.0,45,16,5,1.03,45,0,0.0,0.0,0.0,0.0,0.0,0.0
2026-07-30T11:22:06.288,2760.063,170,close,ACTUATOR_ACTIVE,TRAJECTORY_RUNNING,24.0,45,19,8,1.24,45,0,0.0,0.0,0.0,0.0,0.0,0.0
2026-07-30T11:22:06.784,2760.563,170,close,ACTUATOR_ACTIVE,TRAJECTORY_RUNNING,24.0,45,23,8,1.74,45,0,0.0,0.0,0.0,0.0,0.0,0.0
2026-07-30T11:22:07.280,2761.063,170,close,ACTUATOR_ACTIVE,TRAJECTORY_RUNNING,24.0,45,27,8,1.41,45,0,0.0,0.0,0.0,0.0,0.0,0.0
2026-07-30T11:22:07.775,2761.547,170,close,ACTUATOR_ACTIVE,TRAJECTORY_RUNNING,24.0,45,30,0,6.07,45,0,0.0,0.0,0.0,0.0,0.0,0.0
2026-07-30T11:22:08.289,2762.063,170,close,ACTUATOR_ACTIVE,TRAJECTORY_RUNNING,24.0,45,30,0,2.17,45,0,0.0,0.0,0.0,0.0,0.0,0.0
2026-07-30T11:22:08.788,2762.563,170,close,ACTUATOR_ACTIVE,TRAJECTORY_RUNNING,24.0,43,30,0,2.01,43,0,0.0,0.0,0.0,0.0,0.0,0.0
2026-07-30T11:22:09.282,2763.063,170,close,ACTUATOR_ACTIVE,TRAJECTORY_RUNNING,24.0,43,30,-1,1.72,43,0,0.0,0.0,0.0,0.0,0.0,0.0
2026-07-30T11:22:09.778,2763.563,170,close,ACTUATOR_ACTIVE,TRAJECTORY_RUNNING,24.0,43,30,0,1.98,43,0,0.0,0.0,0.0,0.0,0.0,0.0
2026-07-30T11:22:10.271,2764.047,170,close,ACTUATOR_ACTIVE,TRAJECTORY_RUNNING,24.0,43,30,1,2.16,43,0,0.0,0.0,0.0,0.0,0.0,0.0
2026-07-30T11:22:10.781,2764.563,170,close,ACTUATOR_ACTIVE,TRAJECTORY_RUNNING,24.0,43,30,0,2.0,43,0,0.0,0.0,0.0,0.0,0.0,0.0
2026-07-30T11:22:11.275,2765.063,170,close,ACTUATOR_ACTIVE,TRAJECTORY_RUNNING,24.0,43,30,0,2.92,43,0,0.0,0.0,0.0,0.0,0.0,0.0
2026-07-30T11:22:11.773,2765.547,170,close,ACTUATOR_ACTIVE,TRAJECTORY_RUNNING,24.0,43,30,1,2.04,43,0,0.0,0.0,0.0,0.0,0.0,0.0
2026-07-30T11:22:12.395,2766.172,170,open,ACTUATOR_ACTIVE,TRAJECTORY_RUNNING,24.0,45,30,0,0.68,45,0,0.0,0.0,0.0,0.0,0.0,0.0
2026-07-30T11:22:12.906,2766.688,170,open,ACTUATOR_ACTIVE,TRAJECTORY_RUNNING,24.0,45,25,-12,-1.63,45,0,0.0,0.0,0.0,0.0,0.0,0.0
2026-07-30T11:22:13.399,2767.172,170,open,ACTUATOR_ACTIVE,TRAJECTORY_RUNNING,24.0,45,20,-12,-2.52,45,0,0.0,0.0,0.0,0.0,0.0,0.0
2026-07-30T11:22:13.907,2767.688,170,open,ACTUATOR_ACTIVE,TRAJECTORY_RUNNING,24.0,45,14,-14,-2.1,45,0,0.0,0.0,0.0,0.0,0.0,0.0
2026-07-30T11:22:14.397,2768.172,170,open,ACTUATOR_ACTIVE,TRAJECTORY_COMPLETE,24.0,45,9,2,0.97,45,0,0.0,0.0,0.0,0.0,0.0,0.0
2026-07-30T11:22:14.904,2768.688,170,open,ACTUATOR_ACTIVE,TRAJECTORY_COMPLETE,24.0,45,9,0,0.23,45,0,0.0,0.0,0.0,0.0,0.0,0.0
2026-07-30T11:22:15.400,2769.172,170,open,ACTUATOR_ACTIVE,TRAJECTORY_COMPLETE,24.0,45,9,0,0.18,45,0,0.0,0.0,0.0,0.0,0.0,0.0
2026-07-30T11:22:15.909,2769.688,170,open,ACTUATOR_ACTIVE,TRAJECTORY_COMPLETE,24.0,45,10,2,0.39,45,0,0.0,0.0,0.0,0.0,0.0,0.0
2026-07-30T11:22:16.407,2770.188,170,open,ACTUATOR_ACTIVE,TRAJECTORY_COMPLETE,24.0,45,9,0,0.11,45,0,0.0,0.0,0.0,0.0,0.0,0.0
2026-07-30T11:22:16.904,2770.688,170,open,ACTUATOR_ACTIVE,TRAJECTORY_COMPLETE,24.0,45,10,-1,0.09,45,0,0.0,0.0,0.0,0.0,0.0,0.0
2026-07-30T11:22:17.396,2771.172,170,open,ACTUATOR_ACTIVE,TRAJECTORY_COMPLETE,24.0,45,10,0,0.35,45,0,0.0,0.0,0.0,0.0,0.0,0.0
2026-07-30T11:22:17.903,2771.688,170,open,ACTUATOR_ACTIVE,TRAJECTORY_COMPLETE,24.0,45,10,0,0.12,45,0,0.0,0.0,0.0,0.0,0.0,0.0
2026-07-30T11:22:18.403,2772.188,170,open,ACTUATOR_ACTIVE,TRAJECTORY_COMPLETE,24.0,45,10,0,0.16,45,0,0.0,0.0,0.0,0.0,0.0,0.0
2026-07-30T11:22:18.898,2772.672,170,open,ACTUATOR_ACTIVE,TRAJECTORY_COMPLETE,24.0,45,10,1,-0.55,45,0,0.0,0.0,0.0,0.0,0.0,0.0
2026-07-30T11:22:19.406,2773.188,170,open,ACTUATOR_ACTIVE,TRAJECTORY_COMPLETE,24.0,45,10,0,0.23,45,0,0.0,0.0,0.0,0.0,0.0,0.0
2026-07-30T11:22:19.897,2773.672,170,open,ACTUATOR_ACTIVE,TRAJECTORY_COMPLETE,24.0,45,9,-1,0.22,45,0,0.0,0.0,0.0,0.0,0.0,0.0
2026-07-30T11:22:20.513,2774.297,171,close,ACTUATOR_ACTIVE,TRAJECTORY_RUNNING,24.0,43,10,7,2.02,43,0,0.0,0.0,0.0,0.0,0.0,0.0
2026-07-30T11:22:21.009,2774.781,171,close,ACTUATOR_ACTIVE,TRAJECTORY_RUNNING,24.0,43,11,3,1.4,43,0,0.0,0.0,0.0,0.0,0.0,0.0
2026-07-30T11:22:21.519,2775.297,171,close,ACTUATOR_ACTIVE,TRAJECTORY_RUNNING,24.0,43,14,4,1.69,43,0,0.0,0.0,0.0,0.0,0.0,0.0
2026-07-30T11:22:22.018,2775.797,171,close,ACTUATOR_ACTIVE,TRAJECTORY_RUNNING,24.0,43,16,6,2.34,43,0,0.0,0.0,0.0,0.0,0.0,0.0
2026-07-30T11:22:22.510,2776.297,171,close,ACTUATOR_ACTIVE,TRAJECTORY_RUNNING,24.0,43,20,7,0.27,43,0,0.0,0.0,0.0,0.0,0.0,0.0
2026-07-30T11:22:23.002,2776.781,171,close,ACTUATOR_ACTIVE,TRAJECTORY_RUNNING,24.0,43,23,9,1.33,43,0,0.0,0.0,0.0,0.0,0.0,0.0
2026-07-30T11:22:23.512,2777.297,171,close,ACTUATOR_ACTIVE,TRAJECTORY_RUNNING,24.0,43,28,8,1.38,43,0,0.0,0.0,0.0,0.0,0.0,0.0
2026-07-30T11:22:24.009,2777.797,171,close,ACTUATOR_ACTIVE,TRAJECTORY_RUNNING,24.0,43,30,-1,4.63,43,0,0.0,0.0,0.0,0.0,0.0,0.0
2026-07-30T11:22:24.504,2778.281,171,close,ACTUATOR_ACTIVE,TRAJECTORY_RUNNING,24.0,44,30,1,3.26,44,0,0.0,0.0,0.0,0.0,0.0,0.0
2026-07-30T11:22:25.014,2778.797,171,close,ACTUATOR_ACTIVE,TRAJECTORY_RUNNING,24.0,44,30,0,1.95,44,0,0.0,0.0,0.0,0.0,0.0,0.0
2026-07-30T11:22:25.512,2779.297,171,close,ACTUATOR_ACTIVE,TRAJECTORY_RUNNING,24.0,44,30,0,1.83,44,0,0.0,0.0,0.0,0.0,0.0,0.0
2026-07-30T11:22:26.010,2779.797,171,close,ACTUATOR_ACTIVE,TRAJECTORY_RUNNING,24.0,44,30,-1,1.76,44,0,0.0,0.0,0.0,0.0,0.0,0.0
2026-07-30T11:22:26.507,2780.281,171,close,ACTUATOR_ACTIVE,TRAJECTORY_RUNNING,24.0,44,30,0,2.86,44,0,0.0,0.0,0.0,0.0,0.0,0.0
2026-07-30T11:22:27.014,2780.797,171,close,ACTUATOR_ACTIVE,TRAJECTORY_RUNNING,24.0,44,30,-1,2.03,44,0,0.0,0.0,0.0,0.0,0.0,0.0
2026-07-30T11:22:27.506,2781.281,171,close,ACTUATOR_ACTIVE,TRAJECTORY_RUNNING,24.0,44,30,0,2.14,44,0,0.0,0.0,0.0,0.0,0.0,0.0
2026-07-30T11:22:28.019,2781.797,171,close,ACTUATOR_ACTIVE,TRAJECTORY_RUNNING,24.0,44,30,0,1.93,44,0,0.0,0.0,0.0,0.0,0.0,0.0
2026-07-30T11:22:28.623,2782.406,171,open,ACTUATOR_ACTIVE,TRAJECTORY_RUNNING,24.0,43,30,0,1.1,43,0,0.0,0.0,0.0,0.0,0.0,0.0
2026-07-30T11:22:29.119,2782.906,171,open,ACTUATOR_ACTIVE,TRAJECTORY_RUNNING,24.0,43,30,0,-0.58,43,0,0.0,0.0,0.0,0.0,0.0,0.0
2026-07-30T11:22:29.615,2783.391,171,open,ACTUATOR_ACTIVE,TRAJECTORY_RUNNING,24.0,43,29,-1,-0.91,43,0,0.0,0.0,0.0,0.0,0.0,0.0
2026-07-30T11:22:30.124,2783.906,171,open,ACTUATOR_ACTIVE,TRAJECTORY_RUNNING,24.0,43,28,-2,-0.93,43,0,0.0,0.0,0.0,0.0,0.0,0.0
2026-07-30T11:22:30.618,2784.391,171,open,ACTUATOR_ACTIVE,TRAJECTORY_RUNNING,24.0,43,26,-5,-0.95,43,0,0.0,0.0,0.0,0.0,0.0,0.0
2026-07-30T11:22:31.132,2784.906,171,open,ACTUATOR_ACTIVE,TRAJECTORY_RUNNING,24.0,43,23,-7,-2.05,43,0,0.0,0.0,0.0,0.0,0.0,0.0
2026-07-30T11:22:31.627,2785.406,171,open,ACTUATOR_ACTIVE,TRAJECTORY_RUNNING,24.0,43,19,-9,-1.04,43,0,0.0,0.0,0.0,0.0,0.0,0.0
2026-07-30T11:22:32.123,2785.906,171,open,ACTUATOR_ACTIVE,TRAJECTORY_RUNNING,24.0,43,14,-9,-1.29,43,0,0.0,0.0,0.0,0.0,0.0,0.0
2026-07-30T11:22:32.621,2786.406,171,open,ACTUATOR_ACTIVE,TRAJECTORY_RUNNING,24.0,45,10,-8,-2.34,45,0,0.0,0.0,0.0,0.0,0.0,0.0
2026-07-30T11:22:33.120,2786.906,171,open,ACTUATOR_ACTIVE,TRAJECTORY_RUNNING,24.0,45,8,0,-0.82,45,0,0.0,0.0,0.0,0.0,0.0,0.0
2026-07-30T11:22:33.612,2787.391,171,open,ACTUATOR_ACTIVE,TRAJECTORY_RUNNING,24.0,45,9,0,0.63,45,0,0.0,0.0,0.0,0.0,0.0,0.0
2026-07-30T11:22:34.127,2787.906,171,open,ACTUATOR_ACTIVE,TRAJECTORY_RUNNING,24.0,45,9,0,2.05,45,0,0.0,0.0,0.0,0.0,0.0,0.0
2026-07-30T11:22:34.623,2788.406,171,open,ACTUATOR_ACTIVE,TRAJECTORY_RUNNING,24.0,45,9,0,1.64,45,0,0.0,0.0,0.0,0.0,0.0,0.0
2026-07-30T11:22:35.121,2788.906,171,open,ACTUATOR_ACTIVE,TRAJECTORY_RUNNING,24.0,45,9,0,1.67,45,0,0.0,0.0,0.0,0.0,0.0,0.0
2026-07-30T11:22:35.617,2789.391,171,open,ACTUATOR_ACTIVE,TRAJECTORY_RUNNING,24.0,45,9,0,2.66,45,0,0.0,0.0,0.0,0.0,0.0,0.0
2026-07-30T11:22:36.129,2789.906,171,open,ACTUATOR_ACTIVE,TRAJECTORY_RUNNING,24.0,45,9,0,1.88,45,0,0.0,0.0,0.0,0.0,0.0,0.0
2026-07-30T11:22:36.736,2790.516,172,close,ACTUATOR_ACTIVE,TRAJECTORY_RUNNING,24.0,41,11,8,0.52,41,0,0.0,0.0,0.0,0.0,0.0,0.0
2026-07-30T11:22:37.232,2791.016,172,close,ACTUATOR_ACTIVE,TRAJECTORY_RUNNING,24.0,41,14,8,2.13,41,0,0.0,0.0,0.0,0.0,0.0,0.0
2026-07-30T11:22:37.728,2791.5,172,close,ACTUATOR_ACTIVE,TRAJECTORY_RUNNING,24.0,41,19,8,1.41,41,0,0.0,0.0,0.0,0.0,0.0,0.0
2026-07-30T11:22:38.240,2792.016,172,close,ACTUATOR_ACTIVE,TRAJECTORY_RUNNING,24.0,41,23,7,1.82,41,0,0.0,0.0,0.0,0.0,0.0,0.0
2026-07-30T11:22:38.735,2792.516,172,close,ACTUATOR_ACTIVE,TRAJECTORY_RUNNING,24.0,41,27,10,2.23,41,0,0.0,0.0,0.0,0.0,0.0,0.0
2026-07-30T11:22:39.228,2793.016,172,close,ACTUATOR_ACTIVE,TRAJECTORY_RUNNING,24.0,41,30,0,4.48,41,0,0.0,0.0,0.0,0.0,0.0,0.0
2026-07-30T11:22:39.727,2793.5,172,close,ACTUATOR_ACTIVE,TRAJECTORY_RUNNING,24.0,41,30,1,1.98,41,0,0.0,0.0,0.0,0.0,0.0,0.0
2026-07-30T11:22:40.238,2794.016,172,close,ACTUATOR_ACTIVE,TRAJECTORY_RUNNING,24.0,41,30,0,1.95,41,0,0.0,0.0,0.0,0.0,0.0,0.0
2026-07-30T11:22:40.727,2794.5,172,close,ACTUATOR_ACTIVE,TRAJECTORY_RUNNING,24.0,41,30,0,1.98,41,0,0.0,0.0,0.0,0.0,0.0,0.0
2026-07-30T11:22:41.236,2795.016,172,close,ACTUATOR_ACTIVE,TRAJECTORY_STOPPED,24.0,41,30,0,2.32,41,0,0.0,0.0,0.0,0.0,0.0,0.0
2026-07-30T11:22:41.732,2795.516,172,close,ACTUATOR_ACTIVE,TRAJECTORY_RUNNING,24.0,41,30,0,2.07,41,0,0.0,0.0,0.0,0.0,0.0,0.0
2026-07-30T11:22:42.226,2796.0,172,close,ACTUATOR_ACTIVE,TRAJECTORY_RUNNING,24.0,41,30,0,1.9,41,0,0.0,0.0,0.0,0.0,0.0,0.0
2026-07-30T11:22:42.737,2796.516,172,close,ACTUATOR_ACTIVE,TRAJECTORY_RUNNING,24.0,41,30,1,1.85,41,0,0.0,0.0,0.0,0.0,0.0,0.0
2026-07-30T11:22:43.233,2797.016,172,close,ACTUATOR_ACTIVE,TRAJECTORY_STOPPED,24.0,41,30,0,1.8,41,0,0.0,0.0,0.0,0.0,0.0,0.0
2026-07-30T11:22:43.726,2797.5,172,close,ACTUATOR_ACTIVE,TRAJECTORY_STOPPED,24.0,41,30,0,2.06,41,0,0.0,0.0,0.0,0.0,0.0,0.0
2026-07-30T11:22:44.239,2798.016,172,close,ACTUATOR_ACTIVE,TRAJECTORY_RUNNING,24.0,41,30,0,2.51,41,0,0.0,0.0,0.0,0.0,0.0,0.0
2026-07-30T11:22:44.842,2798.625,172,open,ACTUATOR_ACTIVE,TRAJECTORY_RUNNING,24.0,44,30,0,0.95,44,0,0.0,0.0,0.0,0.0,0.0,0.0
2026-07-30T11:22:45.341,2799.125,172,open,ACTUATOR_ACTIVE,TRAJECTORY_RUNNING,24.0,44,26,-11,-2.5,44,0,0.0,0.0,0.0,0.0,0.0,0.0
2026-07-30T11:22:45.836,2799.61,172,open,ACTUATOR_ACTIVE,TRAJECTORY_RUNNING,24.0,44,20,-11,-1.77,44,0,0.0,0.0,0.0,0.0,0.0,0.0
2026-07-30T11:22:46.345,2800.125,172,open,ACTUATOR_ACTIVE,TRAJECTORY_RUNNING,24.0,44,14,-10,-2.05,44,0,0.0,0.0,0.0,0.0,0.0,0.0
2026-07-30T11:22:46.843,2800.625,172,open,ACTUATOR_ACTIVE,TRAJECTORY_COMPLETE,24.0,44,9,1,0.53,44,0,0.0,0.0,0.0,0.0,0.0,0.0
2026-07-30T11:22:47.337,2801.11,172,open,ACTUATOR_ACTIVE,TRAJECTORY_COMPLETE,24.0,44,9,-1,0.51,44,0,0.0,0.0,0.0,0.0,0.0,0.0
2026-07-30T11:22:47.850,2801.625,172,open,ACTUATOR_ACTIVE,TRAJECTORY_COMPLETE,24.0,44,9,1,0.5,44,0,0.0,0.0,0.0,0.0,0.0,0.0
2026-07-30T11:22:48.347,2802.125,172,open,ACTUATOR_ACTIVE,TRAJECTORY_COMPLETE,24.0,44,10,-1,0.84,44,0,0.0,0.0,0.0,0.0,0.0,0.0
2026-07-30T11:22:48.847,2802.625,172,open,ACTUATOR_ACTIVE,TRAJECTORY_COMPLETE,24.0,44,10,0,0.02,44,0,0.0,0.0,0.0,0.0,0.0,0.0
2026-07-30T11:22:49.347,2803.125,172,open,ACTUATOR_ACTIVE,TRAJECTORY_COMPLETE,24.0,44,9,0,0.25,44,0,0.0,0.0,0.0,0.0,0.0,0.0
2026-07-30T11:22:49.841,2803.625,172,open,ACTUATOR_ACTIVE,TRAJECTORY_COMPLETE,24.0,44,9,1,0.32,44,0,0.0,0.0,0.0,0.0,0.0,0.0
2026-07-30T11:22:50.339,2804.125,172,open,ACTUATOR_ACTIVE,TRAJECTORY_COMPLETE,24.0,44,10,0,0.05,44,0,0.0,0.0,0.0,0.0,0.0,0.0
2026-07-30T11:22:50.834,2804.61,172,open,ACTUATOR_ACTIVE,TRAJECTORY_COMPLETE,24.0,44,9,-1,-0.04,44,0,0.0,0.0,0.0,0.0,0.0,0.0
2026-07-30T11:22:51.346,2805.125,172,open,ACTUATOR_ACTIVE,TRAJECTORY_COMPLETE,24.0,44,10,-1,-0.06,44,0,0.0,0.0,0.0,0.0,0.0,0.0
2026-07-30T11:22:51.841,2805.625,172,open,ACTUATOR_ACTIVE,TRAJECTORY_COMPLETE,24.0,44,10,0,0.22,44,0,0.0,0.0,0.0,0.0,0.0,0.0
2026-07-30T11:22:52.336,2806.11,172,open,ACTUATOR_ACTIVE,TRAJECTORY_COMPLETE,24.0,44,9,0,0.19,44,0,0.0,0.0,0.0,0.0,0.0,0.0
2026-07-30T11:22:52.955,2806.735,173,close,ACTUATOR_ACTIVE,TRAJECTORY_RUNNING,24.0,44,10,6,1.68,44,0,0.0,0.0,0.0,0.0,0.0,0.0
2026-07-30T11:22:53.454,2807.235,173,close,ACTUATOR_ACTIVE,TRAJECTORY_RUNNING,24.0,44,14,8,1.45,44,0,0.0,0.0,0.0,0.0,0.0,0.0
2026-07-30T11:22:53.952,2807.735,173,close,ACTUATOR_ACTIVE,TRAJECTORY_RUNNING,24.0,44,19,9,2.67,44,0,0.0,0.0,0.0,0.0,0.0,0.0
2026-07-30T11:22:54.447,2808.235,173,close,ACTUATOR_ACTIVE,TRAJECTORY_RUNNING,24.0,44,23,8,2.42,44,0,0.0,0.0,0.0,0.0,0.0,0.0
2026-07-30T11:22:54.945,2808.719,173,close,ACTUATOR_ACTIVE,TRAJECTORY_RUNNING,24.0,44,28,8,1.6,44,0,0.0,0.0,0.0,0.0,0.0,0.0
2026-07-30T11:22:55.454,2809.235,173,close,ACTUATOR_ACTIVE,TRAJECTORY_RUNNING,24.0,44,31,1,22.05,44,0,0.0,0.0,0.0,0.0,0.0,0.0
2026-07-30T11:22:55.950,2809.735,173,close,ACTUATOR_ACTIVE,TRAJECTORY_RUNNING,24.0,44,31,0,30.26,44,0,0.0,0.0,0.0,0.0,0.0,0.0
2026-07-30T11:22:56.441,2810.219,173,close,ACTUATOR_ACTIVE,TRAJECTORY_RUNNING,24.0,41,31,0,28.42,41,0,0.0,0.0,0.0,0.0,0.0,0.0
2026-07-30T11:22:56.949,2810.735,173,close,ACTUATOR_ACTIVE,TRAJECTORY_RUNNING,24.0,41,31,-1,30.91,41,0,0.0,0.0,0.0,0.0,0.0,0.0
2026-07-30T11:22:57.444,2811.219,173,close,ACTUATOR_ACTIVE,TRAJECTORY_RUNNING,24.0,41,31,0,32.59,41,0,0.0,0.0,0.0,0.0,0.0,0.0
2026-07-30T11:22:57.956,2811.735,173,close,ACTUATOR_ACTIVE,TRAJECTORY_RUNNING,24.0,41,31,0,30.41,41,0,0.0,0.0,0.0,0.0,0.0,0.0
2026-07-30T11:22:58.455,2812.235,173,close,ACTUATOR_ACTIVE,TRAJECTORY_RUNNING,24.0,41,31,0,30.04,41,0,0.0,0.0,0.0,0.0,0.0,0.0
2026-07-30T11:22:58.948,2812.735,173,close,ACTUATOR_ACTIVE,TRAJECTORY_RUNNING,24.0,41,31,0,30.55,41,0,0.0,0.0,0.0,0.0,0.0,0.0
2026-07-30T11:22:59.440,2813.219,173,close,ACTUATOR_ACTIVE,TRAJECTORY_RUNNING,24.0,41,31,0,26.35,41,0,0.0,0.0,0.0,0.0,0.0,0.0
2026-07-30T11:22:59.951,2813.735,173,close,ACTUATOR_ACTIVE,TRAJECTORY_RUNNING,24.0,41,31,0,31.92,41,0,0.0,0.0,0.0,0.0,0.0,0.0
2026-07-30T11:23:00.447,2814.235,173,close,ACTUATOR_ACTIVE,TRAJECTORY_RUNNING,24.0,50,31,0,32.12,50,0,0.0,0.0,0.0,0.0,0.0,0.0
2026-07-30T11:23:01.052,2814.828,173,open,ACTUATOR_ACTIVE,TRAJECTORY_RUNNING,24.0,50,31,-2,3.84,50,0,0.0,0.0,0.0,0.0,0.0,0.0
2026-07-30T11:23:01.548,2815.328,173,open,ACTUATOR_ACTIVE,TRAJECTORY_RUNNING,24.0,50,27,-11,-1.71,50,0,0.0,0.0,0.0,0.0,0.0,0.0
2026-07-30T11:23:02.045,2815.828,173,open,ACTUATOR_ACTIVE,TRAJECTORY_RUNNING,24.0,50,21,-11,-2.21,50,0,0.0,0.0,0.0,0.0,0.0,0.0
2026-07-30T11:23:02.541,2816.328,173,open,ACTUATOR_ACTIVE,TRAJECTORY_RUNNING,24.0,50,16,-10,-1.66,50,0,0.0,0.0,0.0,0.0,0.0,0.0
2026-07-30T11:23:03.035,2816.813,173,open,ACTUATOR_ACTIVE,TRAJECTORY_RUNNING,24.0,50,10,-10,-1.7,50,0,0.0,0.0,0.0,0.0,0.0,0.0
2026-07-30T11:23:03.550,2817.328,173,open,ACTUATOR_ACTIVE,TRAJECTORY_COMPLETE,24.0,50,10,-1,-0.04,50,0,0.0,0.0,0.0,0.0,0.0,0.0
2026-07-30T11:23:04.051,2817.828,173,open,ACTUATOR_ACTIVE,TRAJECTORY_COMPLETE,24.0,50,10,0,0.21,50,0,0.0,0.0,0.0,0.0,0.0,0.0
2026-07-30T11:23:04.552,2818.328,173,open,ACTUATOR_ACTIVE,TRAJECTORY_COMPLETE,24.0,42,10,-1,-0.89,42,0,0.0,0.0,0.0,0.0,0.0,0.0
2026-07-30T11:23:05.049,2818.828,173,open,ACTUATOR_ACTIVE,TRAJECTORY_COMPLETE,24.0,42,10,0,0.34,42,0,0.0,0.0,0.0,0.0,0.0,0.0
2026-07-30T11:23:05.544,2819.328,173,open,ACTUATOR_ACTIVE,TRAJECTORY_COMPLETE,24.0,42,10,0,0.72,42,0,0.0,0.0,0.0,0.0,0.0,0.0
2026-07-30T11:23:06.040,2819.813,173,open,ACTUATOR_ACTIVE,TRAJECTORY_COMPLETE,24.0,42,10,0,-0.58,42,0,0.0,0.0,0.0,0.0,0.0,0.0
2026-07-30T11:23:06.550,2820.328,173,open,ACTUATOR_ACTIVE,TRAJECTORY_COMPLETE,24.0,42,10,0,0.24,42,0,0.0,0.0,0.0,0.0,0.0,0.0
2026-07-30T11:23:07.049,2820.828,173,open,ACTUATOR_ACTIVE,TRAJECTORY_COMPLETE,24.0,42,10,0,0.25,42,0,0.0,0.0,0.0,0.0,0.0,0.0
2026-07-30T11:23:07.548,2821.328,173,open,ACTUATOR_ACTIVE,TRAJECTORY_COMPLETE,24.0,42,10,0,0.11,42,0,0.0,0.0,0.0,0.0,0.0,0.0
2026-07-30T11:23:08.046,2821.828,173,open,ACTUATOR_ACTIVE,TRAJECTORY_COMPLETE,24.0,42,10,-1,0.7,42,0,0.0,0.0,0.0,0.0,0.0,0.0
2026-07-30T11:23:08.543,2822.328,173,open,ACTUATOR_ACTIVE,TRAJECTORY_COMPLETE,24.0,45,10,0,-0.07,45,0,0.0,0.0,0.0,0.0,0.0,0.0
2026-07-30T11:23:09.152,2822.938,174,close,ACTUATOR_ACTIVE,TRAJECTORY_RUNNING,24.0,45,10,6,0.94,45,0,0.0,0.0,0.0,0.0,0.0,0.0
2026-07-30T11:23:09.649,2823.422,174,close,ACTUATOR_ACTIVE,TRAJECTORY_RUNNING,24.0,45,12,5,1.53,45,0,0.0,0.0,0.0,0.0,0.0,0.0
2026-07-30T11:23:10.164,2823.938,174,close,ACTUATOR_ACTIVE,TRAJECTORY_RUNNING,24.0,45,14,5,0.88,45,0,0.0,0.0,0.0,0.0,0.0,0.0
2026-07-30T11:23:10.654,2824.438,174,close,ACTUATOR_ACTIVE,TRAJECTORY_RUNNING,24.0,45,17,5,2.1,45,0,0.0,0.0,0.0,0.0,0.0,0.0
2026-07-30T11:23:11.150,2824.938,174,close,ACTUATOR_ACTIVE,TRAJECTORY_RUNNING,24.0,45,20,7,2.16,45,0,0.0,0.0,0.0,0.0,0.0,0.0
2026-07-30T11:23:11.647,2825.422,174,close,ACTUATOR_ACTIVE,TRAJECTORY_RUNNING,24.0,45,24,8,1.57,45,0,0.0,0.0,0.0,0.0,0.0,0.0
2026-07-30T11:23:12.162,2825.938,174,close,ACTUATOR_ACTIVE,TRAJECTORY_RUNNING,24.0,45,28,8,0.96,45,0,0.0,0.0,0.0,0.0,0.0,0.0
2026-07-30T11:23:12.661,2826.438,174,close,ACTUATOR_ACTIVE,TRAJECTORY_RUNNING,24.0,44,30,0,3.49,44,0,0.0,0.0,0.0,0.0,0.0,0.0
2026-07-30T11:23:13.153,2826.938,174,close,ACTUATOR_ACTIVE,TRAJECTORY_RUNNING,24.0,44,30,1,2.18,44,0,0.0,0.0,0.0,0.0,0.0,0.0
2026-07-30T11:23:13.648,2827.422,174,close,ACTUATOR_ACTIVE,TRAJECTORY_RUNNING,24.0,44,30,0,1.78,44,0,0.0,0.0,0.0,0.0,0.0,0.0
2026-07-30T11:23:14.161,2827.938,174,close,ACTUATOR_ACTIVE,TRAJECTORY_RUNNING,24.0,44,30,0,1.63,44,0,0.0,0.0,0.0,0.0,0.0,0.0
2026-07-30T11:23:14.658,2828.438,174,close,ACTUATOR_ACTIVE,TRAJECTORY_RUNNING,24.0,44,30,0,1.89,44,0,0.0,0.0,0.0,0.0,0.0,0.0
2026-07-30T11:23:15.151,2828.938,174,close,ACTUATOR_ACTIVE,TRAJECTORY_RUNNING,24.0,44,30,0,1.64,44,0,0.0,0.0,0.0,0.0,0.0,0.0
2026-07-30T11:23:15.647,2829.422,174,close,ACTUATOR_ACTIVE,TRAJECTORY_RUNNING,24.0,44,30,-1,1.66,44,0,0.0,0.0,0.0,0.0,0.0,0.0
2026-07-30T11:23:16.158,2829.938,174,close,ACTUATOR_ACTIVE,TRAJECTORY_RUNNING,24.0,44,30,1,2.1,44,0,0.0,0.0,0.0,0.0,0.0,0.0
2026-07-30T11:23:16.651,2830.438,174,close,ACTUATOR_ACTIVE,TRAJECTORY_STOPPED,24.0,47,30,0,2.03,47,0,0.0,0.0,0.0,0.0,0.0,0.0
2026-07-30T11:23:17.251,2831.031,174,open,ACTUATOR_ACTIVE,TRAJECTORY_RUNNING,24.0,47,30,0,0.88,47,0,0.0,0.0,0.0,0.0,0.0,0.0
2026-07-30T11:23:17.758,2831.531,174,open,ACTUATOR_ACTIVE,TRAJECTORY_RUNNING,24.0,47,25,-11,-0.23,47,0,0.0,0.0,0.0,0.0,0.0,0.0
2026-07-30T11:23:18.269,2832.047,174,open,ACTUATOR_ACTIVE,TRAJECTORY_RUNNING,24.0,47,20,-12,-0.7,47,0,0.0,0.0,0.0,0.0,0.0,0.0
2026-07-30T11:23:18.760,2832.547,174,open,ACTUATOR_ACTIVE,TRAJECTORY_RUNNING,24.0,47,14,-12,-2.93,47,0,0.0,0.0,0.0,0.0,0.0,0.0
2026-07-30T11:23:19.256,2833.031,174,open,ACTUATOR_ACTIVE,TRAJECTORY_COMPLETE,24.0,47,9,1,0.86,47,0,0.0,0.0,0.0,0.0,0.0,0.0
2026-07-30T11:23:19.769,2833.547,174,open,ACTUATOR_ACTIVE,TRAJECTORY_COMPLETE,24.0,47,9,1,0.18,47,0,0.0,0.0,0.0,0.0,0.0,0.0
2026-07-30T11:23:20.267,2834.047,174,open,ACTUATOR_ACTIVE,TRAJECTORY_COMPLETE,24.0,47,9,0,-0.01,47,0,0.0,0.0,0.0,0.0,0.0,0.0
2026-07-30T11:23:20.760,2834.547,174,open,ACTUATOR_ACTIVE,TRAJECTORY_COMPLETE,24.0,45,9,0,0.23,45,0,0.0,0.0,0.0,0.0,0.0,0.0
2026-07-30T11:23:21.257,2835.031,174,open,ACTUATOR_ACTIVE,TRAJECTORY_COMPLETE,24.0,45,10,0,0.87,45,0,0.0,0.0,0.0,0.0,0.0,0.0
2026-07-30T11:23:21.773,2835.547,174,open,ACTUATOR_ACTIVE,TRAJECTORY_COMPLETE,24.0,45,10,0,0.8,45,0,0.0,0.0,0.0,0.0,0.0,0.0
2026-07-30T11:23:22.271,2836.047,174,open,ACTUATOR_ACTIVE,TRAJECTORY_COMPLETE,24.0,45,10,0,0.33,45,0,0.0,0.0,0.0,0.0,0.0,0.0
2026-07-30T11:23:22.768,2836.547,174,open,ACTUATOR_ACTIVE,TRAJECTORY_COMPLETE,24.0,45,9,0,0.39,45,0,0.0,0.0,0.0,0.0,0.0,0.0
2026-07-30T11:23:23.269,2837.047,174,open,ACTUATOR_ACTIVE,TRAJECTORY_COMPLETE,24.0,45,10,0,-0.03,45,0,0.0,0.0,0.0,0.0,0.0,0.0
2026-07-30T11:23:23.765,2837.547,174,open,ACTUATOR_ACTIVE,TRAJECTORY_COMPLETE,24.0,45,10,0,0.26,45,0,0.0,0.0,0.0,0.0,0.0,0.0
2026-07-30T11:23:24.264,2838.047,174,open,ACTUATOR_ACTIVE,TRAJECTORY_COMPLETE,24.0,45,10,1,-0.13,45,0,0.0,0.0,0.0,0.0,0.0,0.0
2026-07-30T11:23:24.762,2838.547,174,open,ACTUATOR_ACTIVE,TRAJECTORY_COMPLETE,24.0,46,10,0,-0.7,46,0,0.0,0.0,0.0,0.0,0.0,0.0
2026-07-30T11:23:25.363,2839.141,175,close,ACTUATOR_ACTIVE,TRAJECTORY_RUNNING,24.0,46,10,6,1.98,46,0,0.0,0.0,0.0,0.0,0.0,0.0
2026-07-30T11:23:25.871,2839.656,175,close,ACTUATOR_ACTIVE,TRAJECTORY_RUNNING,24.0,46,12,4,2.19,46,0,0.0,0.0,0.0,0.0,0.0,0.0
2026-07-30T11:23:26.366,2840.141,175,close,ACTUATOR_ACTIVE,TRAJECTORY_RUNNING,24.0,46,14,5,1.68,46,0,0.0,0.0,0.0,0.0,0.0,0.0
2026-07-30T11:23:26.875,2840.656,175,close,ACTUATOR_ACTIVE,TRAJECTORY_RUNNING,24.0,46,17,7,1.44,46,0,0.0,0.0,0.0,0.0,0.0,0.0
2026-07-30T11:23:27.372,2841.156,175,close,ACTUATOR_ACTIVE,TRAJECTORY_RUNNING,24.0,46,20,8,0.77,46,0,0.0,0.0,0.0,0.0,0.0,0.0
2026-07-30T11:23:27.868,2841.641,175,close,ACTUATOR_ACTIVE,TRAJECTORY_RUNNING,24.0,46,24,9,2.69,46,0,0.0,0.0,0.0,0.0,0.0,0.0
2026-07-30T11:23:28.378,2842.156,175,close,ACTUATOR_ACTIVE,TRAJECTORY_RUNNING,24.0,41,28,9,1.6,41,0,0.0,0.0,0.0,0.0,0.0,0.0
2026-07-30T11:23:28.869,2842.656,175,close,ACTUATOR_ACTIVE,TRAJECTORY_RUNNING,24.0,41,30,0,3.54,41,0,0.0,0.0,0.0,0.0,0.0,0.0
2026-07-30T11:23:29.363,2843.141,175,close,ACTUATOR_ACTIVE,TRAJECTORY_RUNNING,24.0,41,30,0,2.13,41,0,0.0,0.0,0.0,0.0,0.0,0.0
2026-07-30T11:23:29.877,2843.656,175,close,ACTUATOR_ACTIVE,TRAJECTORY_RUNNING,24.0,41,30,0,2.88,41,0,0.0,0.0,0.0,0.0,0.0,0.0
2026-07-30T11:23:30.377,2844.156,175,close,ACTUATOR_ACTIVE,TRAJECTORY_RUNNING,24.0,41,30,0,1.94,41,0,0.0,0.0,0.0,0.0,0.0,0.0
2026-07-30T11:23:30.876,2844.656,175,close,ACTUATOR_ACTIVE,TRAJECTORY_RUNNING,24.0,41,30,0,1.74,41,0,0.0,0.0,0.0,0.0,0.0,0.0
2026-07-30T11:23:31.377,2845.156,175,close,ACTUATOR_ACTIVE,TRAJECTORY_RUNNING,24.0,41,30,0,1.87,41,0,0.0,0.0,0.0,0.0,0.0,0.0
2026-07-30T11:23:31.873,2845.656,175,close,ACTUATOR_ACTIVE,TRAJECTORY_RUNNING,24.0,41,30,0,2.14,41,0,0.0,0.0,0.0,0.0,0.0,0.0
2026-07-30T11:23:32.372,2846.156,175,close,ACTUATOR_ACTIVE,TRAJECTORY_RUNNING,24.0,45,30,0,1.91,45,0,0.0,0.0,0.0,0.0,0.0,0.0
2026-07-30T11:23:32.865,2846.641,175,close,ACTUATOR_ACTIVE,TRAJECTORY_RUNNING,24.0,45,30,0,2.2,45,0,0.0,0.0,0.0,0.0,0.0,0.0
2026-07-30T11:23:33.490,2847.266,175,open,ACTUATOR_ACTIVE,TRAJECTORY_RUNNING,24.0,45,30,0,0.62,45,0,0.0,0.0,0.0,0.0,0.0,0.0
2026-07-30T11:23:33.985,2847.766,175,open,ACTUATOR_ACTIVE,TRAJECTORY_RUNNING,24.0,45,26,-11,-2.03,45,0,0.0,0.0,0.0,0.0,0.0,0.0
2026-07-30T11:23:34.478,2848.266,175,open,ACTUATOR_ACTIVE,TRAJECTORY_RUNNING,24.0,45,20,-12,-2.5,45,0,0.0,0.0,0.0,0.0,0.0,0.0
2026-07-30T11:23:34.973,2848.75,175,open,ACTUATOR_ACTIVE,TRAJECTORY_RUNNING,24.0,45,14,-12,-3.39,45,0,0.0,0.0,0.0,0.0,0.0,0.0
2026-07-30T11:23:35.481,2849.266,175,open,ACTUATOR_ACTIVE,TRAJECTORY_COMPLETE,24.0,45,9,0,0.6,45,0,0.0,0.0,0.0,0.0,0.0,0.0
2026-07-30T11:23:35.974,2849.75,175,open,ACTUATOR_ACTIVE,TRAJECTORY_COMPLETE,24.0,45,10,0,0.35,45,0,0.0,0.0,0.0,0.0,0.0,0.0
2026-07-30T11:23:36.485,2850.266,175,open,ACTUATOR_ACTIVE,TRAJECTORY_COMPLETE,24.0,43,9,0,0.26,43,0,0.0,0.0,0.0,0.0,0.0,0.0
2026-07-30T11:23:36.983,2850.766,175,open,ACTUATOR_ACTIVE,TRAJECTORY_COMPLETE,24.0,43,9,0,0.38,43,0,0.0,0.0,0.0,0.0,0.0,0.0
2026-07-30T11:23:37.481,2851.266,175,open,ACTUATOR_ACTIVE,TRAJECTORY_COMPLETE,24.0,43,9,0,0.05,43,0,0.0,0.0,0.0,0.0,0.0,0.0
2026-07-30T11:23:37.978,2851.75,175,open,ACTUATOR_ACTIVE,TRAJECTORY_COMPLETE,24.0,43,9,0,-0.27,43,0,0.0,0.0,0.0,0.0,0.0,0.0
2026-07-30T11:23:38.489,2852.266,175,open,ACTUATOR_ACTIVE,TRAJECTORY_COMPLETE,24.0,43,9,-1,-0.53,43,0,0.0,0.0,0.0,0.0,0.0,0.0
2026-07-30T11:23:38.986,2852.766,175,open,ACTUATOR_ACTIVE,TRAJECTORY_COMPLETE,24.0,43,9,1,0.21,43,0,0.0,0.0,0.0,0.0,0.0,0.0
2026-07-30T11:23:39.477,2853.25,175,open,ACTUATOR_ACTIVE,TRAJECTORY_COMPLETE,24.0,43,9,0,0.17,43,0,0.0,0.0,0.0,0.0,0.0,0.0
2026-07-30T11:23:39.988,2853.766,175,open,ACTUATOR_ACTIVE,TRAJECTORY_COMPLETE,24.0,43,9,0,-0.0,43,0,0.0,0.0,0.0,0.0,0.0,0.0
2026-07-30T11:23:40.477,2854.25,175,open,ACTUATOR_ACTIVE,TRAJECTORY_COMPLETE,24.0,51,9,0,-0.5,51,0,0.0,0.0,0.0,0.0,0.0,0.0
2026-07-30T11:23:40.990,2854.766,175,open,ACTUATOR_ACTIVE,TRAJECTORY_COMPLETE,24.0,51,9,0,0.12,51,0,0.0,0.0,0.0,0.0,0.0,0.0
2026-07-30T11:23:41.598,2855.375,176,close,ACTUATOR_ACTIVE,TRAJECTORY_RUNNING,24.0,51,10,5,1.41,51,0,0.0,0.0,0.0,0.0,0.0,0.0
2026-07-30T11:23:42.091,2855.875,176,close,ACTUATOR_ACTIVE,TRAJECTORY_RUNNING,24.0,51,14,9,0.81,51,0,0.0,0.0,0.0,0.0,0.0,0.0
2026-07-30T11:23:42.586,2856.36,176,close,ACTUATOR_ACTIVE,TRAJECTORY_RUNNING,24.0,51,19,10,2.16,51,0,0.0,0.0,0.0,0.0,0.0,0.0
2026-07-30T11:23:43.097,2856.875,176,close,ACTUATOR_ACTIVE,TRAJECTORY_RUNNING,24.0,51,23,10,2.64,51,0,0.0,0.0,0.0,0.0,0.0,0.0
2026-07-30T11:23:43.592,2857.375,176,close,ACTUATOR_ACTIVE,TRAJECTORY_RUNNING,24.0,51,28,8,1.66,51,0,0.0,0.0,0.0,0.0,0.0,0.0
2026-07-30T11:23:44.088,2857.875,176,close,ACTUATOR_ACTIVE,TRAJECTORY_RUNNING,24.0,51,31,2,23.39,51,0,0.0,0.0,0.0,0.0,0.0,0.0
2026-07-30T11:23:44.576,2858.36,176,close,ACTUATOR_ACTIVE,TRAJECTORY_RUNNING,24.0,48,31,0,30.23,48,0,0.0,0.0,0.0,0.0,0.0,0.0
2026-07-30T11:23:45.084,2858.86,176,close,ACTUATOR_ACTIVE,TRAJECTORY_RUNNING,24.0,48,31,0,30.88,48,0,0.0,0.0,0.0,0.0,0.0,0.0
2026-07-30T11:23:45.597,2859.375,176,close,ACTUATOR_ACTIVE,TRAJECTORY_RUNNING,24.0,48,31,0,30.99,48,0,0.0,0.0,0.0,0.0,0.0,0.0
2026-07-30T11:23:46.092,2859.875,176,close,ACTUATOR_ACTIVE,TRAJECTORY_RUNNING,24.0,48,31,0,29.73,48,0,0.0,0.0,0.0,0.0,0.0,0.0
2026-07-30T11:23:46.589,2860.375,176,close,ACTUATOR_ACTIVE,TRAJECTORY_RUNNING,24.0,48,31,0,32.57,48,0,0.0,0.0,0.0,0.0,0.0,0.0
2026-07-30T11:23:47.089,2860.875,176,close,ACTUATOR_ACTIVE,TRAJECTORY_RUNNING,24.0,48,31,0,28.03,48,0,0.0,0.0,0.0,0.0,0.0,0.0
2026-07-30T11:23:47.584,2861.36,176,close,ACTUATOR_ACTIVE,TRAJECTORY_RUNNING,24.0,48,31,0,30.79,48,0,0.0,0.0,0.0,0.0,0.0,0.0
2026-07-30T11:23:48.099,2861.875,176,close,ACTUATOR_ACTIVE,TRAJECTORY_RUNNING,24.0,48,31,0,30.36,48,0,0.0,0.0,0.0,0.0,0.0,0.0
2026-07-30T11:23:48.596,2862.375,176,close,ACTUATOR_ACTIVE,TRAJECTORY_RUNNING,24.0,43,31,0,31.77,43,0,0.0,0.0,0.0,0.0,0.0,0.0
2026-07-30T11:23:49.095,2862.875,176,close,ACTUATOR_ACTIVE,TRAJECTORY_RUNNING,24.0,43,31,-1,27.77,43,0,0.0,0.0,0.0,0.0,0.0,0.0
2026-07-30T11:23:49.699,2863.485,176,open,ACTUATOR_ACTIVE,TRAJECTORY_RUNNING,24.0,43,31,-2,5.49,43,0,0.0,0.0,0.0,0.0,0.0,0.0
2026-07-30T11:23:50.195,2863.969,176,open,ACTUATOR_ACTIVE,TRAJECTORY_RUNNING,24.0,43,27,-9,-2.91,43,0,0.0,0.0,0.0,0.0,0.0,0.0
2026-07-30T11:23:50.704,2864.485,176,open,ACTUATOR_ACTIVE,TRAJECTORY_RUNNING,24.0,43,21,-11,-1.78,43,0,0.0,0.0,0.0,0.0,0.0,0.0
2026-07-30T11:23:51.195,2864.969,176,open,ACTUATOR_ACTIVE,TRAJECTORY_RUNNING,24.0,43,15,-11,-1.44,43,0,0.0,0.0,0.0,0.0,0.0,0.0
2026-07-30T11:23:51.708,2865.485,176,open,ACTUATOR_ACTIVE,TRAJECTORY_RUNNING,24.0,43,10,-10,-1.93,43,0,0.0,0.0,0.0,0.0,0.0,0.0
2026-07-30T11:23:52.203,2865.985,176,open,ACTUATOR_ACTIVE,TRAJECTORY_COMPLETE,24.0,43,9,0,0.22,43,0,0.0,0.0,0.0,0.0,0.0,0.0
2026-07-30T11:23:52.701,2866.485,176,open,ACTUATOR_ACTIVE,TRAJECTORY_COMPLETE,24.0,48,10,0,1.29,48,0,0.0,0.0,0.0,0.0,0.0,0.0
2026-07-30T11:23:53.193,2866.969,176,open,ACTUATOR_ACTIVE,TRAJECTORY_COMPLETE,24.0,48,10,0,-0.12,48,0,0.0,0.0,0.0,0.0,0.0,0.0
2026-07-30T11:23:53.708,2867.485,176,open,ACTUATOR_ACTIVE,TRAJECTORY_COMPLETE,24.0,48,10,-1,-0.16,48,0,0.0,0.0,0.0,0.0,0.0,0.0
2026-07-30T11:23:54.207,2867.985,176,open,ACTUATOR_ACTIVE,TRAJECTORY_COMPLETE,24.0,48,10,0,-1.12,48,0,0.0,0.0,0.0,0.0,0.0,0.0
2026-07-30T11:23:54.706,2868.485,176,open,ACTUATOR_ACTIVE,TRAJECTORY_COMPLETE,24.0,48,10,0,0.21,48,0,0.0,0.0,0.0,0.0,0.0,0.0
2026-07-30T11:23:55.201,2868.985,176,open,ACTUATOR_ACTIVE,TRAJECTORY_COMPLETE,24.0,48,10,1,0.45,48,0,0.0,0.0,0.0,0.0,0.0,0.0
2026-07-30T11:23:55.700,2869.485,176,open,ACTUATOR_ACTIVE,TRAJECTORY_COMPLETE,24.0,48,10,0,0.45,48,0,0.0,0.0,0.0,0.0,0.0,0.0
2026-07-30T11:23:56.197,2869.985,176,open,ACTUATOR_ACTIVE,TRAJECTORY_COMPLETE,24.0,48,10,0,0.24,48,0,0.0,0.0,0.0,0.0,0.0,0.0
2026-07-30T11:23:56.695,2870.469,176,open,ACTUATOR_ACTIVE,TRAJECTORY_COMPLETE,24.0,43,9,0,0.51,43,0,0.0,0.0,0.0,0.0,0.0,0.0
2026-07-30T11:23:57.209,2870.985,176,open,ACTUATOR_ACTIVE,TRAJECTORY_COMPLETE,24.0,43,10,0,0.79,43,0,0.0,0.0,0.0,0.0,0.0,0.0
2026-07-30T11:23:57.820,2871.594,177,close,ACTUATOR_ACTIVE,TRAJECTORY_RUNNING,24.0,43,10,5,1.71,43,0,0.0,0.0,0.0,0.0,0.0,0.0
2026-07-30T11:23:58.315,2872.094,177,close,ACTUATOR_ACTIVE,TRAJECTORY_RUNNING,24.0,43,12,4,1.99,43,0,0.0,0.0,0.0,0.0,0.0,0.0
2026-07-30T11:23:58.815,2872.594,177,close,ACTUATOR_ACTIVE,TRAJECTORY_RUNNING,24.0,43,14,4,2.48,43,0,0.0,0.0,0.0,0.0,0.0,0.0
2026-07-30T11:23:59.315,2873.094,177,close,ACTUATOR_ACTIVE,TRAJECTORY_RUNNING,24.0,43,16,6,1.57,43,0,0.0,0.0,0.0,0.0,0.0,0.0
2026-07-30T11:23:59.815,2873.594,177,close,ACTUATOR_ACTIVE,TRAJECTORY_RUNNING,24.0,43,20,6,1.21,43,0,0.0,0.0,0.0,0.0,0.0,0.0
2026-07-30T11:24:00.313,2874.094,177,close,ACTUATOR_ACTIVE,TRAJECTORY_RUNNING,24.0,43,24,8,1.02,43,0,0.0,0.0,0.0,0.0,0.0,0.0
2026-07-30T11:24:00.813,2874.594,177,close,ACTUATOR_ACTIVE,TRAJECTORY_RUNNING,24.0,46,28,9,1.51,46,0,0.0,0.0,0.0,0.0,0.0,0.0
2026-07-30T11:24:01.312,2875.094,177,close,ACTUATOR_ACTIVE,TRAJECTORY_RUNNING,24.0,46,30,0,3.84,46,0,0.0,0.0,0.0,0.0,0.0,0.0
2026-07-30T11:24:01.812,2875.594,177,close,ACTUATOR_ACTIVE,TRAJECTORY_RUNNING,24.0,46,30,0,2.43,46,0,0.0,0.0,0.0,0.0,0.0,0.0
2026-07-30T11:24:02.309,2876.094,177,close,ACTUATOR_ACTIVE,TRAJECTORY_RUNNING,24.0,46,30,0,2.51,46,0,0.0,0.0,0.0,0.0,0.0,0.0
2026-07-30T11:24:02.807,2876.594,177,close,ACTUATOR_ACTIVE,TRAJECTORY_RUNNING,24.0,46,30,0,2.33,46,0,0.0,0.0,0.0,0.0,0.0,0.0
2026-07-30T11:24:03.308,2877.094,177,close,ACTUATOR_ACTIVE,TRAJECTORY_RUNNING,24.0,46,30,0,1.99,46,0,0.0,0.0,0.0,0.0,0.0,0.0
2026-07-30T11:24:03.805,2877.578,177,close,ACTUATOR_ACTIVE,TRAJECTORY_RUNNING,24.0,46,30,0,1.71,46,0,0.0,0.0,0.0,0.0,0.0,0.0
2026-07-30T11:24:04.317,2878.094,177,close,ACTUATOR_ACTIVE,TRAJECTORY_RUNNING,24.0,46,30,0,1.78,46,0,0.0,0.0,0.0,0.0,0.0,0.0
2026-07-30T11:24:04.814,2878.594,177,close,ACTUATOR_ACTIVE,TRAJECTORY_RUNNING,24.0,45,30,0,1.61,45,0,0.0,0.0,0.0,0.0,0.0,0.0
2026-07-30T11:24:05.315,2879.094,177,close,ACTUATOR_ACTIVE,TRAJECTORY_STOPPED,24.0,45,30,0,1.57,45,0,0.0,0.0,0.0,0.0,0.0,0.0
2026-07-30T11:24:05.923,2879.703,177,open,ACTUATOR_ACTIVE,TRAJECTORY_RUNNING,24.0,45,30,0,0.88,45,0,0.0,0.0,0.0,0.0,0.0,0.0
2026-07-30T11:24:06.420,2880.203,177,open,ACTUATOR_ACTIVE,TRAJECTORY_RUNNING,24.0,45,26,-10,-2.85,45,0,0.0,0.0,0.0,0.0,0.0,0.0
2026-07-30T11:24:06.917,2880.703,177,open,ACTUATOR_ACTIVE,TRAJECTORY_RUNNING,24.0,45,20,-14,-1.02,45,0,0.0,0.0,0.0,0.0,0.0,0.0
2026-07-30T11:24:07.410,2881.188,177,open,ACTUATOR_ACTIVE,TRAJECTORY_RUNNING,24.0,45,14,-11,-2.02,45,0,0.0,0.0,0.0,0.0,0.0,0.0
2026-07-30T11:24:07.918,2881.703,177,open,ACTUATOR_ACTIVE,TRAJECTORY_COMPLETE,24.0,45,9,1,0.76,45,0,0.0,0.0,0.0,0.0,0.0,0.0
2026-07-30T11:24:08.409,2882.188,177,open,ACTUATOR_ACTIVE,TRAJECTORY_COMPLETE,24.0,43,9,0,0.22,43,0,0.0,0.0,0.0,0.0,0.0,0.0
2026-07-30T11:24:08.916,2882.703,177,open,ACTUATOR_ACTIVE,TRAJECTORY_COMPLETE,24.0,43,10,0,-0.24,43,0,0.0,0.0,0.0,0.0,0.0,0.0
2026-07-30T11:24:09.412,2883.188,177,open,ACTUATOR_ACTIVE,TRAJECTORY_COMPLETE,24.0,43,10,0,0.15,43,0,0.0,0.0,0.0,0.0,0.0,0.0
2026-07-30T11:24:09.923,2883.703,177,open,ACTUATOR_ACTIVE,TRAJECTORY_COMPLETE,24.0,43,10,0,-0.09,43,0,0.0,0.0,0.0,0.0,0.0,0.0
2026-07-30T11:24:10.424,2884.203,177,open,ACTUATOR_ACTIVE,TRAJECTORY_COMPLETE,24.0,43,10,0,0.1,43,0,0.0,0.0,0.0,0.0,0.0,0.0
2026-07-30T11:24:10.923,2884.703,177,open,ACTUATOR_ACTIVE,TRAJECTORY_COMPLETE,24.0,43,10,0,-0.01,43,0,0.0,0.0,0.0,0.0,0.0,0.0
2026-07-30T11:24:11.420,2885.203,177,open,ACTUATOR_ACTIVE,TRAJECTORY_COMPLETE,24.0,43,10,0,-0.46,43,0,0.0,0.0,0.0,0.0,0.0,0.0
2026-07-30T11:24:11.918,2885.703,177,open,ACTUATOR_ACTIVE,TRAJECTORY_COMPLETE,24.0,43,10,0,-0.25,43,0,0.0,0.0,0.0,0.0,0.0,0.0
2026-07-30T11:24:12.413,2886.188,177,open,ACTUATOR_ACTIVE,TRAJECTORY_COMPLETE,24.0,45,10,0,0.22,45,0,0.0,0.0,0.0,0.0,0.0,0.0
2026-07-30T11:24:12.926,2886.703,177,open,ACTUATOR_ACTIVE,TRAJECTORY_COMPLETE,24.0,45,10,0,-0.4,45,0,0.0,0.0,0.0,0.0,0.0,0.0
2026-07-30T11:24:13.423,2887.203,177,open,ACTUATOR_ACTIVE,TRAJECTORY_COMPLETE,24.0,45,10,0,0.33,45,0,0.0,0.0,0.0,0.0,0.0,0.0
2026-07-30T11:24:14.046,2887.828,178,close,ACTUATOR_ACTIVE,TRAJECTORY_RUNNING,24.0,45,10,7,1.65,45,0,0.0,0.0,0.0,0.0,0.0,0.0
2026-07-30T11:24:14.540,2888.328,178,close,ACTUATOR_ACTIVE,TRAJECTORY_RUNNING,24.0,45,12,4,1.79,45,0,0.0,0.0,0.0,0.0,0.0,0.0
2026-07-30T11:24:15.035,2888.813,178,close,ACTUATOR_ACTIVE,TRAJECTORY_RUNNING,24.0,45,14,4,1.86,45,0,0.0,0.0,0.0,0.0,0.0,0.0
2026-07-30T11:24:15.549,2889.328,178,close,ACTUATOR_ACTIVE,TRAJECTORY_RUNNING,24.0,45,16,6,1.4,45,0,0.0,0.0,0.0,0.0,0.0,0.0
2026-07-30T11:24:16.046,2889.828,178,close,ACTUATOR_ACTIVE,TRAJECTORY_RUNNING,24.0,45,20,5,2.14,45,0,0.0,0.0,0.0,0.0,0.0,0.0
2026-07-30T11:24:16.538,2890.313,178,close,ACTUATOR_ACTIVE,TRAJECTORY_RUNNING,24.0,47,24,8,2.65,47,0,0.0,0.0,0.0,0.0,0.0,0.0
2026-07-30T11:24:17.049,2890.828,178,close,ACTUATOR_ACTIVE,TRAJECTORY_RUNNING,24.0,47,28,9,1.37,47,0,0.0,0.0,0.0,0.0,0.0,0.0
2026-07-30T11:24:17.547,2891.328,178,close,ACTUATOR_ACTIVE,TRAJECTORY_RUNNING,24.0,47,30,0,4.21,47,0,0.0,0.0,0.0,0.0,0.0,0.0
2026-07-30T11:24:18.045,2891.828,178,close,ACTUATOR_ACTIVE,TRAJECTORY_STOPPED,24.0,47,30,0,1.9,47,0,0.0,0.0,0.0,0.0,0.0,0.0
2026-07-30T11:24:18.543,2892.328,178,close,ACTUATOR_ACTIVE,TRAJECTORY_RUNNING,24.0,47,30,0,2.14,47,0,0.0,0.0,0.0,0.0,0.0,0.0
2026-07-30T11:24:19.034,2892.813,178,close,ACTUATOR_ACTIVE,TRAJECTORY_RUNNING,24.0,47,30,0,1.72,47,0,0.0,0.0,0.0,0.0,0.0,0.0
2026-07-30T11:24:19.541,2893.328,178,close,ACTUATOR_ACTIVE,TRAJECTORY_RUNNING,24.0,47,30,0,2.5,47,0,0.0,0.0,0.0,0.0,0.0,0.0
2026-07-30T11:24:20.032,2893.813,178,close,ACTUATOR_ACTIVE,TRAJECTORY_STOPPED,24.0,47,30,0,1.65,47,0,0.0,0.0,0.0,0.0,0.0,0.0
2026-07-30T11:24:20.541,2894.328,178,close,ACTUATOR_ACTIVE,TRAJECTORY_RUNNING,24.0,44,30,0,1.9,44,0,0.0,0.0,0.0,0.0,0.0,0.0
2026-07-30T11:24:21.036,2894.813,178,close,ACTUATOR_ACTIVE,TRAJECTORY_RUNNING,24.0,44,30,0,1.85,44,0,0.0,0.0,0.0,0.0,0.0,0.0
2026-07-30T11:24:21.542,2895.328,178,close,ACTUATOR_ACTIVE,TRAJECTORY_STOPPED,24.0,44,30,0,2.11,44,0,0.0,0.0,0.0,0.0,0.0,0.0
2026-07-30T11:24:22.151,2895.938,178,open,ACTUATOR_ACTIVE,TRAJECTORY_RUNNING,24.0,44,30,0,0.68,44,0,0.0,0.0,0.0,0.0,0.0,0.0
2026-07-30T11:24:22.644,2896.422,178,open,ACTUATOR_ACTIVE,TRAJECTORY_RUNNING,24.0,44,26,-11,-1.16,44,0,0.0,0.0,0.0,0.0,0.0,0.0
2026-07-30T11:24:23.161,2896.938,178,open,ACTUATOR_ACTIVE,TRAJECTORY_RUNNING,24.0,44,20,-12,-1.94,44,0,0.0,0.0,0.0,0.0,0.0,0.0
2026-07-30T11:24:23.662,2897.438,178,open,ACTUATOR_ACTIVE,TRAJECTORY_RUNNING,24.0,44,14,-13,-2.51,44,0,0.0,0.0,0.0,0.0,0.0,0.0
2026-07-30T11:24:24.160,2897.938,178,open,ACTUATOR_ACTIVE,TRAJECTORY_COMPLETE,24.0,44,9,1,0.57,44,0,0.0,0.0,0.0,0.0,0.0,0.0
2026-07-30T11:24:24.659,2898.438,178,open,ACTUATOR_ACTIVE,TRAJECTORY_COMPLETE,24.0,44,9,-1,0.29,44,0,0.0,0.0,0.0,0.0,0.0,0.0
2026-07-30T11:24:25.154,2898.938,178,open,ACTUATOR_ACTIVE,TRAJECTORY_COMPLETE,24.0,44,9,0,0.21,44,0,0.0,0.0,0.0,0.0,0.0,0.0
2026-07-30T11:24:25.652,2899.438,178,open,ACTUATOR_ACTIVE,TRAJECTORY_COMPLETE,24.0,44,9,0,-0.02,44,0,0.0,0.0,0.0,0.0,0.0,0.0
2026-07-30T11:24:26.147,2899.922,178,open,ACTUATOR_ACTIVE,TRAJECTORY_COMPLETE,24.0,44,10,0,-0.26,44,0,0.0,0.0,0.0,0.0,0.0,0.0
2026-07-30T11:24:26.658,2900.438,178,open,ACTUATOR_ACTIVE,TRAJECTORY_COMPLETE,24.0,44,10,1,0.17,44,0,0.0,0.0,0.0,0.0,0.0,0.0
2026-07-30T11:24:27.156,2900.938,178,open,ACTUATOR_ACTIVE,TRAJECTORY_COMPLETE,24.0,44,10,0,0.21,44,0,0.0,0.0,0.0,0.0,0.0,0.0
2026-07-30T11:24:27.653,2901.438,178,open,ACTUATOR_ACTIVE,TRAJECTORY_COMPLETE,24.0,44,10,0,0.15,44,0,0.0,0.0,0.0,0.0,0.0,0.0
2026-07-30T11:24:28.150,2901.938,178,open,ACTUATOR_ACTIVE,TRAJECTORY_COMPLETE,24.0,44,10,0,0.14,44,0,0.0,0.0,0.0,0.0,0.0,0.0
2026-07-30T11:24:28.647,2902.422,178,open,ACTUATOR_ACTIVE,TRAJECTORY_COMPLETE,24.0,45,10,0,0.01,45,0,0.0,0.0,0.0,0.0,0.0,0.0
2026-07-30T11:24:29.162,2902.938,178,open,ACTUATOR_ACTIVE,TRAJECTORY_COMPLETE,24.0,45,10,-1,0.12,45,0,0.0,0.0,0.0,0.0,0.0,0.0
2026-07-30T11:24:29.662,2903.438,178,open,ACTUATOR_ACTIVE,TRAJECTORY_COMPLETE,24.0,45,10,0,0.24,45,0,0.0,0.0,0.0,0.0,0.0,0.0
2026-07-30T11:24:30.272,2904.047,179,close,ACTUATOR_ACTIVE,TRAJECTORY_RUNNING,24.0,45,10,6,1.26,45,0,0.0,0.0,0.0,0.0,0.0,0.0
2026-07-30T11:24:30.772,2904.547,179,close,ACTUATOR_ACTIVE,TRAJECTORY_RUNNING,24.0,45,12,3,1.98,45,0,0.0,0.0,0.0,0.0,0.0,0.0
2026-07-30T11:24:31.267,2905.047,179,close,ACTUATOR_ACTIVE,TRAJECTORY_RUNNING,24.0,45,14,6,2.4,45,0,0.0,0.0,0.0,0.0,0.0,0.0
2026-07-30T11:24:31.768,2905.547,179,close,ACTUATOR_ACTIVE,TRAJECTORY_RUNNING,24.0,45,16,6,0.58,45,0,0.0,0.0,0.0,0.0,0.0,0.0
2026-07-30T11:24:32.269,2906.047,179,close,ACTUATOR_ACTIVE,TRAJECTORY_RUNNING,24.0,45,20,8,2.36,45,0,0.0,0.0,0.0,0.0,0.0,0.0
2026-07-30T11:24:32.766,2906.547,179,close,ACTUATOR_ACTIVE,TRAJECTORY_RUNNING,24.0,41,24,9,2.17,41,0,0.0,0.0,0.0,0.0,0.0,0.0
2026-07-30T11:24:33.264,2907.047,179,close,ACTUATOR_ACTIVE,TRAJECTORY_RUNNING,24.0,41,28,9,1.46,41,0,0.0,0.0,0.0,0.0,0.0,0.0
2026-07-30T11:24:33.758,2907.531,179,close,ACTUATOR_ACTIVE,TRAJECTORY_RUNNING,24.0,41,30,-1,4.02,41,0,0.0,0.0,0.0,0.0,0.0,0.0
2026-07-30T11:24:34.270,2908.047,179,close,ACTUATOR_ACTIVE,TRAJECTORY_RUNNING,24.0,41,30,0,2.01,41,0,0.0,0.0,0.0,0.0,0.0,0.0
2026-07-30T11:24:34.766,2908.547,179,close,ACTUATOR_ACTIVE,TRAJECTORY_STOPPED,24.0,41,30,0,2.0,41,0,0.0,0.0,0.0,0.0,0.0,0.0
2026-07-30T11:24:35.266,2909.047,179,close,ACTUATOR_ACTIVE,TRAJECTORY_RUNNING,24.0,41,30,0,1.88,41,0,0.0,0.0,0.0,0.0,0.0,0.0
2026-07-30T11:24:35.761,2909.547,179,close,ACTUATOR_ACTIVE,TRAJECTORY_RUNNING,24.0,41,30,0,1.89,41,0,0.0,0.0,0.0,0.0,0.0,0.0
2026-07-30T11:24:36.254,2910.031,179,close,ACTUATOR_ACTIVE,TRAJECTORY_RUNNING,24.0,41,30,0,2.05,41,0,0.0,0.0,0.0,0.0,0.0,0.0
2026-07-30T11:24:36.767,2910.547,179,close,ACTUATOR_ACTIVE,TRAJECTORY_RUNNING,24.0,45,30,0,1.87,45,0,0.0,0.0,0.0,0.0,0.0,0.0
2026-07-30T11:24:37.262,2911.047,179,close,ACTUATOR_ACTIVE,TRAJECTORY_RUNNING,24.0,45,30,0,2.49,45,0,0.0,0.0,0.0,0.0,0.0,0.0
2026-07-30T11:24:37.764,2911.547,179,close,ACTUATOR_ACTIVE,TRAJECTORY_RUNNING,24.0,45,30,1,1.9,45,0,0.0,0.0,0.0,0.0,0.0,0.0
2026-07-30T11:24:38.373,2912.156,179,open,ACTUATOR_ACTIVE,TRAJECTORY_RUNNING,24.0,45,30,-1,0.53,45,0,0.0,0.0,0.0,0.0,0.0,0.0
2026-07-30T11:24:38.873,2912.656,179,open,ACTUATOR_ACTIVE,TRAJECTORY_RUNNING,24.0,45,25,-10,-1.08,45,0,0.0,0.0,0.0,0.0,0.0,0.0
2026-07-30T11:24:39.365,2913.141,179,open,ACTUATOR_ACTIVE,TRAJECTORY_RUNNING,24.0,45,20,-11,-1.66,45,0,0.0,0.0,0.0,0.0,0.0,0.0
2026-07-30T11:24:39.878,2913.656,179,open,ACTUATOR_ACTIVE,TRAJECTORY_RUNNING,24.0,45,14,-13,-1.73,45,0,0.0,0.0,0.0,0.0,0.0,0.0
2026-07-30T11:24:40.374,2914.156,179,open,ACTUATOR_ACTIVE,TRAJECTORY_COMPLETE,24.0,44,9,1,0.44,44,0,0.0,0.0,0.0,0.0,0.0,0.0
2026-07-30T11:24:40.871,2914.656,179,open,ACTUATOR_ACTIVE,TRAJECTORY_COMPLETE,24.0,44,9,0,0.38,44,0,0.0,0.0,0.0,0.0,0.0,0.0
2026-07-30T11:24:41.369,2915.156,179,open,ACTUATOR_ACTIVE,TRAJECTORY_COMPLETE,24.0,44,10,0,0.2,44,0,0.0,0.0,0.0,0.0,0.0,0.0
2026-07-30T11:24:41.869,2915.656,179,open,ACTUATOR_ACTIVE,TRAJECTORY_COMPLETE,24.0,44,10,-1,-0.39,44,0,0.0,0.0,0.0,0.0,0.0,0.0
2026-07-30T11:24:42.367,2916.141,179,open,ACTUATOR_ACTIVE,TRAJECTORY_COMPLETE,24.0,44,10,0,-0.06,44,0,0.0,0.0,0.0,0.0,0.0,0.0
2026-07-30T11:24:42.878,2916.656,179,open,ACTUATOR_ACTIVE,TRAJECTORY_COMPLETE,24.0,44,10,0,-0.15,44,0,0.0,0.0,0.0,0.0,0.0,0.0
2026-07-30T11:24:43.376,2917.156,179,open,ACTUATOR_ACTIVE,TRAJECTORY_COMPLETE,24.0,44,10,1,0.43,44,0,0.0,0.0,0.0,0.0,0.0,0.0
2026-07-30T11:24:43.875,2917.656,179,open,ACTUATOR_ACTIVE,TRAJECTORY_COMPLETE,24.0,44,10,0,0.36,44,0,0.0,0.0,0.0,0.0,0.0,0.0
2026-07-30T11:24:44.371,2918.156,179,open,ACTUATOR_ACTIVE,TRAJECTORY_COMPLETE,24.0,45,10,0,0.16,45,0,0.0,0.0,0.0,0.0,0.0,0.0
2026-07-30T11:24:44.868,2918.641,179,open,ACTUATOR_ACTIVE,TRAJECTORY_COMPLETE,24.0,45,10,0,-0.08,45,0,0.0,0.0,0.0,0.0,0.0,0.0
2026-07-30T11:24:45.377,2919.156,179,open,ACTUATOR_ACTIVE,TRAJECTORY_COMPLETE,24.0,45,10,-1,-0.06,45,0,0.0,0.0,0.0,0.0,0.0,0.0
2026-07-30T11:24:45.873,2919.656,179,open,ACTUATOR_ACTIVE,TRAJECTORY_COMPLETE,24.0,45,10,0,0.09,45,0,0.0,0.0,0.0,0.0,0.0,0.0
2026-07-30T11:24:46.484,2920.266,180,close,ACTUATOR_ACTIVE,TRAJECTORY_RUNNING,24.0,45,10,7,1.46,45,0,0.0,0.0,0.0,0.0,0.0,0.0
2026-07-30T11:24:46.980,2920.766,180,close,ACTUATOR_ACTIVE,TRAJECTORY_RUNNING,24.0,45,12,4,1.25,45,0,0.0,0.0,0.0,0.0,0.0,0.0
2026-07-30T11:24:47.479,2921.266,180,close,ACTUATOR_ACTIVE,TRAJECTORY_RUNNING,24.0,45,14,4,1.7,45,0,0.0,0.0,0.0,0.0,0.0,0.0
2026-07-30T11:24:47.978,2921.766,180,close,ACTUATOR_ACTIVE,TRAJECTORY_RUNNING,24.0,45,16,6,1.95,45,0,0.0,0.0,0.0,0.0,0.0,0.0
2026-07-30T11:24:48.475,2922.25,180,close,ACTUATOR_ACTIVE,TRAJECTORY_RUNNING,24.0,43,19,7,1.9,43,0,0.0,0.0,0.0,0.0,0.0,0.0
2026-07-30T11:24:48.986,2922.766,180,close,ACTUATOR_ACTIVE,TRAJECTORY_RUNNING,24.0,43,23,9,1.41,43,0,0.0,0.0,0.0,0.0,0.0,0.0
2026-07-30T11:24:49.487,2923.266,180,close,ACTUATOR_ACTIVE,TRAJECTORY_RUNNING,24.0,43,28,9,2.75,43,0,0.0,0.0,0.0,0.0,0.0,0.0
2026-07-30T11:24:49.985,2923.766,180,close,ACTUATOR_ACTIVE,TRAJECTORY_RUNNING,24.0,43,30,0,4.3,43,0,0.0,0.0,0.0,0.0,0.0,0.0
2026-07-30T11:24:50.486,2924.266,180,close,ACTUATOR_ACTIVE,TRAJECTORY_RUNNING,24.0,43,30,0,2.31,43,0,0.0,0.0,0.0,0.0,0.0,0.0
2026-07-30T11:24:50.981,2924.766,180,close,ACTUATOR_ACTIVE,TRAJECTORY_RUNNING,24.0,43,30,0,2.03,43,0,0.0,0.0,0.0,0.0,0.0,0.0
2026-07-30T11:24:51.479,2925.266,180,close,ACTUATOR_ACTIVE,TRAJECTORY_RUNNING,24.0,43,30,0,2.34,43,0,0.0,0.0,0.0,0.0,0.0,0.0
2026-07-30T11:24:51.977,2925.75,180,close,ACTUATOR_ACTIVE,TRAJECTORY_RUNNING,24.0,43,30,0,2.07,43,0,0.0,0.0,0.0,0.0,0.0,0.0
2026-07-30T11:24:52.487,2926.266,180,close,ACTUATOR_ACTIVE,TRAJECTORY_RUNNING,24.0,43,30,1,2.03,43,0,0.0,0.0,0.0,0.0,0.0,0.0
2026-07-30T11:24:52.985,2926.766,180,close,ACTUATOR_ACTIVE,TRAJECTORY_RUNNING,24.0,43,30,0,2.06,43,0,0.0,0.0,0.0,0.0,0.0,0.0
2026-07-30T11:24:53.484,2927.266,180,close,ACTUATOR_ACTIVE,TRAJECTORY_RUNNING,24.0,43,30,0,1.77,43,0,0.0,0.0,0.0,0.0,0.0,0.0
2026-07-30T11:24:53.979,2927.766,180,close,ACTUATOR_ACTIVE,TRAJECTORY_RUNNING,24.0,43,30,1,1.92,43,0,0.0,0.0,0.0,0.0,0.0,0.0
2026-07-30T11:24:54.592,2928.375,180,open,ACTUATOR_ACTIVE,TRAJECTORY_RUNNING,24.0,43,30,0,0.55,43,0,0.0,0.0,0.0,0.0,0.0,0.0
2026-07-30T11:24:55.091,2928.875,180,open,ACTUATOR_ACTIVE,TRAJECTORY_RUNNING,24.0,43,25,-11,-1.73,43,0,0.0,0.0,0.0,0.0,0.0,0.0
2026-07-30T11:24:55.591,2929.375,180,open,ACTUATOR_ACTIVE,TRAJECTORY_RUNNING,24.0,43,20,-12,-0.39,43,0,0.0,0.0,0.0,0.0,0.0,0.0
2026-07-30T11:24:56.092,2929.875,180,open,ACTUATOR_ACTIVE,TRAJECTORY_RUNNING,24.0,43,14,-12,-1.9,43,0,0.0,0.0,0.0,0.0,0.0,0.0
2026-07-30T11:24:56.594,2930.375,180,open,ACTUATOR_ACTIVE,TRAJECTORY_COMPLETE,24.0,44,9,0,0.88,44,0,0.0,0.0,0.0,0.0,0.0,0.0
2026-07-30T11:24:57.094,2930.875,180,open,ACTUATOR_ACTIVE,TRAJECTORY_COMPLETE,24.0,44,10,0,0.05,44,0,0.0,0.0,0.0,0.0,0.0,0.0
2026-07-30T11:24:57.594,2931.375,180,open,ACTUATOR_ACTIVE,TRAJECTORY_COMPLETE,24.0,44,10,0,0.52,44,0,0.0,0.0,0.0,0.0,0.0,0.0
2026-07-30T11:24:58.093,2931.875,180,open,ACTUATOR_ACTIVE,TRAJECTORY_COMPLETE,24.0,44,10,0,-0.42,44,0,0.0,0.0,0.0,0.0,0.0,0.0
2026-07-30T11:24:58.589,2932.375,180,open,ACTUATOR_ACTIVE,TRAJECTORY_COMPLETE,24.0,44,10,0,0.24,44,0,0.0,0.0,0.0,0.0,0.0,0.0
2026-07-30T11:24:59.087,2932.875,180,open,ACTUATOR_ACTIVE,TRAJECTORY_COMPLETE,24.0,44,9,0,-0.02,44,0,0.0,0.0,0.0,0.0,0.0,0.0
2026-07-30T11:24:59.582,2933.36,180,open,ACTUATOR_ACTIVE,TRAJECTORY_COMPLETE,24.0,44,10,0,0.32,44,0,0.0,0.0,0.0,0.0,0.0,0.0
2026-07-30T11:25:00.091,2933.875,180,open,ACTUATOR_ACTIVE,TRAJECTORY_COMPLETE,24.0,44,10,0,0.27,44,0,0.0,0.0,0.0,0.0,0.0,0.0
2026-07-30T11:25:00.586,2934.36,180,open,ACTUATOR_ACTIVE,TRAJECTORY_COMPLETE,24.0,44,9,0,0.13,44,0,0.0,0.0,0.0,0.0,0.0,0.0
2026-07-30T11:25:01.102,2934.875,180,open,ACTUATOR_ACTIVE,TRAJECTORY_COMPLETE,24.0,44,9,0,-0.14,44,0,0.0,0.0,0.0,0.0,0.0,0.0
2026-07-30T11:25:01.599,2935.375,180,open,ACTUATOR_ACTIVE,TRAJECTORY_COMPLETE,24.0,44,9,0,-0.27,44,0,0.0,0.0,0.0,0.0,0.0,0.0
2026-07-30T11:25:02.097,2935.875,180,open,ACTUATOR_ACTIVE,TRAJECTORY_COMPLETE,24.0,44,9,0,0.06,44,0,0.0,0.0,0.0,0.0,0.0,0.0
2026-07-30T11:25:02.705,2936.485,181,close,ACTUATOR_ACTIVE,TRAJECTORY_RUNNING,24.0,44,10,7,2.18,44,0,0.0,0.0,0.0,0.0,0.0,0.0
2026-07-30T11:25:03.203,2936.985,181,close,ACTUATOR_ACTIVE,TRAJECTORY_RUNNING,24.0,44,11,2,0.93,44,0,0.0,0.0,0.0,0.0,0.0,0.0
2026-07-30T11:25:03.703,2937.485,181,close,ACTUATOR_ACTIVE,TRAJECTORY_RUNNING,24.0,44,13,4,1.89,44,0,0.0,0.0,0.0,0.0,0.0,0.0
2026-07-30T11:25:04.198,2937.985,181,close,ACTUATOR_ACTIVE,TRAJECTORY_RUNNING,24.0,44,16,6,1.57,44,0,0.0,0.0,0.0,0.0,0.0,0.0
2026-07-30T11:25:04.694,2938.469,181,close,ACTUATOR_ACTIVE,TRAJECTORY_RUNNING,24.0,45,19,6,2.62,45,0,0.0,0.0,0.0,0.0,0.0,0.0
2026-07-30T11:25:05.207,2938.985,181,close,ACTUATOR_ACTIVE,TRAJECTORY_RUNNING,24.0,45,23,7,0.0,45,0,0.0,0.0,0.0,0.0,0.0,0.0
2026-07-30T11:25:05.703,2939.485,181,close,ACTUATOR_ACTIVE,TRAJECTORY_RUNNING,24.0,45,27,9,1.28,45,0,0.0,0.0,0.0,0.0,0.0,0.0
2026-07-30T11:25:06.204,2939.985,181,close,ACTUATOR_ACTIVE,TRAJECTORY_RUNNING,24.0,45,30,0,5.91,45,0,0.0,0.0,0.0,0.0,0.0,0.0
2026-07-30T11:25:06.703,2940.485,181,close,ACTUATOR_ACTIVE,TRAJECTORY_STOPPED,24.0,45,30,0,1.96,45,0,0.0,0.0,0.0,0.0,0.0,0.0
2026-07-30T11:25:07.202,2940.985,181,close,ACTUATOR_ACTIVE,TRAJECTORY_RUNNING,24.0,45,30,0,2.25,45,0,0.0,0.0,0.0,0.0,0.0,0.0
2026-07-30T11:25:07.699,2941.485,181,close,ACTUATOR_ACTIVE,TRAJECTORY_RUNNING,24.0,45,30,0,1.82,45,0,0.0,0.0,0.0,0.0,0.0,0.0
2026-07-30T11:25:08.197,2941.969,181,close,ACTUATOR_ACTIVE,TRAJECTORY_RUNNING,24.0,45,30,0,2.02,45,0,0.0,0.0,0.0,0.0,0.0,0.0
2026-07-30T11:25:08.709,2942.485,181,close,ACTUATOR_ACTIVE,TRAJECTORY_RUNNING,24.0,44,30,0,2.07,44,0,0.0,0.0,0.0,0.0,0.0,0.0
2026-07-30T11:25:09.208,2942.985,181,close,ACTUATOR_ACTIVE,TRAJECTORY_RUNNING,24.0,44,30,0,1.89,44,0,0.0,0.0,0.0,0.0,0.0,0.0
2026-07-30T11:25:09.701,2943.485,181,close,ACTUATOR_ACTIVE,TRAJECTORY_STOPPED,24.0,44,30,0,1.92,44,0,0.0,0.0,0.0,0.0,0.0,0.0
2026-07-30T11:25:10.196,2943.969,181,close,ACTUATOR_ACTIVE,TRAJECTORY_RUNNING,24.0,44,30,0,1.86,44,0,0.0,0.0,0.0,0.0,0.0,0.0
2026-07-30T11:25:10.823,2944.61,181,open,ACTUATOR_ACTIVE,TRAJECTORY_RUNNING,24.0,44,30,-1,0.54,44,0,0.0,0.0,0.0,0.0,0.0,0.0
2026-07-30T11:25:11.319,2945.094,181,open,ACTUATOR_ACTIVE,TRAJECTORY_RUNNING,24.0,44,26,-11,-2.2,44,0,0.0,0.0,0.0,0.0,0.0,0.0
2026-07-30T11:25:11.831,2945.61,181,open,ACTUATOR_ACTIVE,TRAJECTORY_RUNNING,24.0,44,20,-12,-1.17,44,0,0.0,0.0,0.0,0.0,0.0,0.0
2026-07-30T11:25:12.327,2946.11,181,open,ACTUATOR_ACTIVE,TRAJECTORY_RUNNING,24.0,44,14,-11,-2.12,44,0,0.0,0.0,0.0,0.0,0.0,0.0
2026-07-30T11:25:12.821,2946.594,181,open,ACTUATOR_ACTIVE,TRAJECTORY_COMPLETE,24.0,43,9,1,1.29,43,0,0.0,0.0,0.0,0.0,0.0,0.0
2026-07-30T11:25:13.335,2947.11,181,open,ACTUATOR_ACTIVE,TRAJECTORY_COMPLETE,24.0,43,10,0,0.47,43,0,0.0,0.0,0.0,0.0,0.0,0.0
2026-07-30T11:25:13.830,2947.61,181,open,ACTUATOR_ACTIVE,TRAJECTORY_COMPLETE,24.0,43,10,0,0.25,43,0,0.0,0.0,0.0,0.0,0.0,0.0
2026-07-30T11:25:14.324,2948.11,181,open,ACTUATOR_ACTIVE,TRAJECTORY_COMPLETE,24.0,43,10,0,0.07,43,0,0.0,0.0,0.0,0.0,0.0,0.0
2026-07-30T11:25:14.819,2948.594,181,open,ACTUATOR_ACTIVE,TRAJECTORY_COMPLETE,24.0,43,10,0,0.32,43,0,0.0,0.0,0.0,0.0,0.0,0.0
2026-07-30T11:25:15.328,2949.11,181,open,ACTUATOR_ACTIVE,TRAJECTORY_COMPLETE,24.0,43,10,0,0.14,43,0,0.0,0.0,0.0,0.0,0.0,0.0
2026-07-30T11:25:15.824,2949.61,181,open,ACTUATOR_ACTIVE,TRAJECTORY_COMPLETE,24.0,43,10,0,-0.16,43,0,0.0,0.0,0.0,0.0,0.0,0.0
2026-07-30T11:25:16.324,2950.11,181,open,ACTUATOR_ACTIVE,TRAJECTORY_COMPLETE,24.0,43,10,0,0.37,43,0,0.0,0.0,0.0,0.0,0.0,0.0
2026-07-30T11:25:16.819,2950.594,181,open,ACTUATOR_ACTIVE,TRAJECTORY_COMPLETE,24.0,44,10,0,-0.19,44,0,0.0,0.0,0.0,0.0,0.0,0.0
2026-07-30T11:25:17.326,2951.11,181,open,ACTUATOR_ACTIVE,TRAJECTORY_COMPLETE,24.0,44,10,0,-0.09,44,0,0.0,0.0,0.0,0.0,0.0,0.0
2026-07-30T11:25:17.823,2951.61,181,open,ACTUATOR_ACTIVE,TRAJECTORY_COMPLETE,24.0,44,10,0,-0.02,44,0,0.0,0.0,0.0,0.0,0.0,0.0
2026-07-30T11:25:18.320,2952.094,181,open,ACTUATOR_ACTIVE,TRAJECTORY_COMPLETE,24.0,44,10,0,-0.01,44,0,0.0,0.0,0.0,0.0,0.0,0.0
2026-07-30T11:25:18.946,2952.719,182,close,ACTUATOR_ACTIVE,TRAJECTORY_RUNNING,24.0,44,10,7,0.49,44,0,0.0,0.0,0.0,0.0,0.0,0.0
2026-07-30T11:25:19.459,2953.235,182,close,ACTUATOR_ACTIVE,TRAJECTORY_RUNNING,24.0,44,12,5,1.27,44,0,0.0,0.0,0.0,0.0,0.0,0.0
2026-07-30T11:25:19.956,2953.735,182,close,ACTUATOR_ACTIVE,TRAJECTORY_RUNNING,24.0,44,14,5,2.46,44,0,0.0,0.0,0.0,0.0,0.0,0.0
2026-07-30T11:25:20.451,2954.235,182,close,ACTUATOR_ACTIVE,TRAJECTORY_RUNNING,24.0,44,16,7,1.32,44,0,0.0,0.0,0.0,0.0,0.0,0.0
2026-07-30T11:25:20.943,2954.719,182,close,ACTUATOR_ACTIVE,TRAJECTORY_RUNNING,24.0,44,20,8,1.5,44,0,0.0,0.0,0.0,0.0,0.0,0.0
2026-07-30T11:25:21.457,2955.235,182,close,ACTUATOR_ACTIVE,TRAJECTORY_RUNNING,24.0,44,24,7,2.12,44,0,0.0,0.0,0.0,0.0,0.0,0.0
2026-07-30T11:25:21.953,2955.735,182,close,ACTUATOR_ACTIVE,TRAJECTORY_RUNNING,24.0,44,28,8,2.11,44,0,0.0,0.0,0.0,0.0,0.0,0.0
2026-07-30T11:25:22.447,2956.235,182,close,ACTUATOR_ACTIVE,TRAJECTORY_RUNNING,24.0,44,30,1,4.21,44,0,0.0,0.0,0.0,0.0,0.0,0.0
2026-07-30T11:25:22.947,2956.735,182,close,ACTUATOR_ACTIVE,TRAJECTORY_RUNNING,24.0,44,30,0,2.07,44,0,0.0,0.0,0.0,0.0,0.0,0.0
2026-07-30T11:25:23.444,2957.219,182,close,ACTUATOR_ACTIVE,TRAJECTORY_RUNNING,24.0,44,30,1,1.84,44,0,0.0,0.0,0.0,0.0,0.0,0.0
2026-07-30T11:25:23.951,2957.735,182,close,ACTUATOR_ACTIVE,TRAJECTORY_RUNNING,24.0,44,30,0,2.47,44,0,0.0,0.0,0.0,0.0,0.0,0.0
2026-07-30T11:25:24.449,2958.235,182,close,ACTUATOR_ACTIVE,TRAJECTORY_RUNNING,24.0,42,30,-1,2.37,42,0,0.0,0.0,0.0,0.0,0.0,0.0
2026-07-30T11:25:24.949,2958.735,182,close,ACTUATOR_ACTIVE,TRAJECTORY_RUNNING,24.0,42,30,0,2.1,42,0,0.0,0.0,0.0,0.0,0.0,0.0
2026-07-30T11:25:25.447,2959.235,182,close,ACTUATOR_ACTIVE,TRAJECTORY_RUNNING,24.0,42,30,-1,2.79,42,0,0.0,0.0,0.0,0.0,0.0,0.0
2026-07-30T11:25:25.948,2959.735,182,close,ACTUATOR_ACTIVE,TRAJECTORY_STOPPED,24.0,42,30,0,1.88,42,0,0.0,0.0,0.0,0.0,0.0,0.0
2026-07-30T11:25:26.447,2960.235,182,close,ACTUATOR_ACTIVE,TRAJECTORY_RUNNING,24.0,42,30,0,2.28,42,0,0.0,0.0,0.0,0.0,0.0,0.0
2026-07-30T11:25:27.052,2960.828,182,open,ACTUATOR_ACTIVE,TRAJECTORY_RUNNING,24.0,42,30,0,0.89,42,0,0.0,0.0,0.0,0.0,0.0,0.0
2026-07-30T11:25:27.569,2961.344,182,open,ACTUATOR_ACTIVE,TRAJECTORY_RUNNING,24.0,42,25,-12,-1.21,42,0,0.0,0.0,0.0,0.0,0.0,0.0
2026-07-30T11:25:28.069,2961.844,182,open,ACTUATOR_ACTIVE,TRAJECTORY_RUNNING,24.0,42,20,-12,-1.25,42,0,0.0,0.0,0.0,0.0,0.0,0.0
2026-07-30T11:25:28.569,2962.344,182,open,ACTUATOR_ACTIVE,TRAJECTORY_RUNNING,24.0,42,14,-10,-2.16,42,0,0.0,0.0,0.0,0.0,0.0,0.0
2026-07-30T11:25:29.066,2962.844,182,open,ACTUATOR_ACTIVE,TRAJECTORY_COMPLETE,24.0,42,9,1,1.11,42,0,0.0,0.0,0.0,0.0,0.0,0.0
2026-07-30T11:25:29.566,2963.344,182,open,ACTUATOR_ACTIVE,TRAJECTORY_COMPLETE,24.0,42,10,0,-0.46,42,0,0.0,0.0,0.0,0.0,0.0,0.0
2026-07-30T11:25:30.061,2963.844,182,open,ACTUATOR_ACTIVE,TRAJECTORY_COMPLETE,24.0,42,10,0,0.54,42,0,0.0,0.0,0.0,0.0,0.0,0.0
2026-07-30T11:25:30.561,2964.344,182,open,ACTUATOR_ACTIVE,TRAJECTORY_COMPLETE,24.0,42,10,0,0.17,42,0,0.0,0.0,0.0,0.0,0.0,0.0
2026-07-30T11:25:31.061,2964.844,182,open,ACTUATOR_ACTIVE,TRAJECTORY_COMPLETE,24.0,42,10,0,-0.53,42,0,0.0,0.0,0.0,0.0,0.0,0.0
2026-07-30T11:25:31.558,2965.344,182,open,ACTUATOR_ACTIVE,TRAJECTORY_COMPLETE,24.0,42,9,0,-0.27,42,0,0.0,0.0,0.0,0.0,0.0,0.0
2026-07-30T11:25:32.058,2965.844,182,open,ACTUATOR_ACTIVE,TRAJECTORY_COMPLETE,24.0,42,9,0,-0.05,42,0,0.0,0.0,0.0,0.0,0.0,0.0
2026-07-30T11:25:32.557,2966.344,182,open,ACTUATOR_ACTIVE,TRAJECTORY_COMPLETE,24.0,39,9,0,-0.39,39,0,0.0,0.0,0.0,0.0,0.0,0.0
2026-07-30T11:25:33.050,2966.828,182,open,ACTUATOR_ACTIVE,TRAJECTORY_COMPLETE,24.0,39,9,0,0.21,39,0,0.0,0.0,0.0,0.0,0.0,0.0
2026-07-30T11:25:33.562,2967.344,182,open,ACTUATOR_ACTIVE,TRAJECTORY_COMPLETE,24.0,39,9,0,0.1,39,0,0.0,0.0,0.0,0.0,0.0,0.0
2026-07-30T11:25:34.063,2967.844,182,open,ACTUATOR_ACTIVE,TRAJECTORY_COMPLETE,24.0,39,9,0,0.13,39,0,0.0,0.0,0.0,0.0,0.0,0.0
2026-07-30T11:25:34.561,2968.344,182,open,ACTUATOR_ACTIVE,TRAJECTORY_COMPLETE,24.0,39,9,0,-0.31,39,0,0.0,0.0,0.0,0.0,0.0,0.0
2026-07-30T11:25:35.169,2968.953,183,close,ACTUATOR_ACTIVE,TRAJECTORY_RUNNING,24.0,39,10,7,1.97,39,0,0.0,0.0,0.0,0.0,0.0,0.0
2026-07-30T11:25:35.666,2969.453,183,close,ACTUATOR_ACTIVE,TRAJECTORY_RUNNING,24.0,39,12,4,1.54,39,0,0.0,0.0,0.0,0.0,0.0,0.0
2026-07-30T11:25:36.164,2969.938,183,close,ACTUATOR_ACTIVE,TRAJECTORY_RUNNING,24.0,39,14,3,2.19,39,0,0.0,0.0,0.0,0.0,0.0,0.0
2026-07-30T11:25:36.681,2970.453,183,close,ACTUATOR_ACTIVE,TRAJECTORY_RUNNING,24.0,48,16,6,0.72,48,0,0.0,0.0,0.0,0.0,0.0,0.0
2026-07-30T11:25:37.180,2970.953,183,close,ACTUATOR_ACTIVE,TRAJECTORY_RUNNING,24.0,48,20,8,1.66,48,0,0.0,0.0,0.0,0.0,0.0,0.0
2026-07-30T11:25:37.676,2971.453,183,close,ACTUATOR_ACTIVE,TRAJECTORY_RUNNING,24.0,48,24,9,1.99,48,0,0.0,0.0,0.0,0.0,0.0,0.0
2026-07-30T11:25:38.175,2971.953,183,close,ACTUATOR_ACTIVE,TRAJECTORY_RUNNING,24.0,48,28,10,0.08,48,0,0.0,0.0,0.0,0.0,0.0,0.0
2026-07-30T11:25:38.673,2972.453,183,close,ACTUATOR_ACTIVE,TRAJECTORY_RUNNING,24.0,48,30,0,4.11,48,0,0.0,0.0,0.0,0.0,0.0,0.0
2026-07-30T11:25:39.168,2972.953,183,close,ACTUATOR_ACTIVE,TRAJECTORY_RUNNING,24.0,48,30,0,2.3,48,0,0.0,0.0,0.0,0.0,0.0,0.0
2026-07-30T11:25:39.667,2973.453,183,close,ACTUATOR_ACTIVE,TRAJECTORY_STOPPED,24.0,48,30,0,2.02,48,0,0.0,0.0,0.0,0.0,0.0,0.0
2026-07-30T11:25:40.166,2973.953,183,close,ACTUATOR_ACTIVE,TRAJECTORY_RUNNING,24.0,48,30,0,1.98,48,0,0.0,0.0,0.0,0.0,0.0,0.0
2026-07-30T11:25:40.664,2974.438,183,close,ACTUATOR_ACTIVE,TRAJECTORY_RUNNING,24.0,45,30,0,1.82,45,0,0.0,0.0,0.0,0.0,0.0,0.0
2026-07-30T11:25:41.178,2974.953,183,close,ACTUATOR_ACTIVE,TRAJECTORY_RUNNING,24.0,45,30,0,1.88,45,0,0.0,0.0,0.0,0.0,0.0,0.0
2026-07-30T11:25:41.676,2975.453,183,close,ACTUATOR_ACTIVE,TRAJECTORY_RUNNING,24.0,45,30,0,1.99,45,0,0.0,0.0,0.0,0.0,0.0,0.0
2026-07-30T11:25:42.176,2975.953,183,close,ACTUATOR_ACTIVE,TRAJECTORY_STOPPED,24.0,45,30,0,1.81,45,0,0.0,0.0,0.0,0.0,0.0,0.0
2026-07-30T11:25:42.674,2976.453,183,close,ACTUATOR_ACTIVE,TRAJECTORY_RUNNING,24.0,45,30,0,1.81,45,0,0.0,0.0,0.0,0.0,0.0,0.0
2026-07-30T11:25:43.280,2977.063,183,open,ACTUATOR_ACTIVE,TRAJECTORY_RUNNING,24.0,45,30,-1,0.47,45,0,0.0,0.0,0.0,0.0,0.0,0.0
2026-07-30T11:25:43.780,2977.563,183,open,ACTUATOR_ACTIVE,TRAJECTORY_RUNNING,24.0,45,26,-10,-0.88,45,0,0.0,0.0,0.0,0.0,0.0,0.0
2026-07-30T11:25:44.276,2978.063,183,open,ACTUATOR_ACTIVE,TRAJECTORY_RUNNING,24.0,45,20,-13,-1.18,45,0,0.0,0.0,0.0,0.0,0.0,0.0
2026-07-30T11:25:44.772,2978.547,183,open,ACTUATOR_ACTIVE,TRAJECTORY_RUNNING,24.0,49,14,-11,-3.42,49,0,0.0,0.0,0.0,0.0,0.0,0.0
2026-07-30T11:25:45.284,2979.063,183,open,ACTUATOR_ACTIVE,TRAJECTORY_COMPLETE,24.0,49,9,0,0.72,49,0,0.0,0.0,0.0,0.0,0.0,0.0
2026-07-30T11:25:45.781,2979.563,183,open,ACTUATOR_ACTIVE,TRAJECTORY_COMPLETE,24.0,49,10,0,0.35,49,0,0.0,0.0,0.0,0.0,0.0,0.0
2026-07-30T11:25:46.280,2980.063,183,open,ACTUATOR_ACTIVE,TRAJECTORY_COMPLETE,24.0,49,9,0,-0.35,49,0,0.0,0.0,0.0,0.0,0.0,0.0
2026-07-30T11:25:46.779,2980.563,183,open,ACTUATOR_ACTIVE,TRAJECTORY_COMPLETE,24.0,49,9,0,0.02,49,0,0.0,0.0,0.0,0.0,0.0,0.0
2026-07-30T11:25:47.283,2981.063,183,open,ACTUATOR_ACTIVE,TRAJECTORY_COMPLETE,24.0,49,9,1,0.09,49,0,0.0,0.0,0.0,0.0,0.0,0.0
2026-07-30T11:25:47.781,2981.563,183,open,ACTUATOR_ACTIVE,TRAJECTORY_COMPLETE,24.0,49,9,0,0.13,49,0,0.0,0.0,0.0,0.0,0.0,0.0
2026-07-30T11:25:48.278,2982.063,183,open,ACTUATOR_ACTIVE,TRAJECTORY_COMPLETE,24.0,49,10,0,0.21,49,0,0.0,0.0,0.0,0.0,0.0,0.0
2026-07-30T11:25:48.774,2982.547,183,open,ACTUATOR_ACTIVE,TRAJECTORY_COMPLETE,24.0,46,9,0,0.11,46,0,0.0,0.0,0.0,0.0,0.0,0.0
2026-07-30T11:25:49.281,2983.063,183,open,ACTUATOR_ACTIVE,TRAJECTORY_COMPLETE,24.0,46,9,0,0.35,46,0,0.0,0.0,0.0,0.0,0.0,0.0
2026-07-30T11:25:49.776,2983.563,183,open,ACTUATOR_ACTIVE,TRAJECTORY_COMPLETE,24.0,46,9,1,0.03,46,0,0.0,0.0,0.0,0.0,0.0,0.0
2026-07-30T11:25:50.268,2984.047,183,open,ACTUATOR_ACTIVE,TRAJECTORY_COMPLETE,24.0,46,9,1,0.6,46,0,0.0,0.0,0.0,0.0,0.0,0.0
2026-07-30T11:25:50.782,2984.563,183,open,ACTUATOR_ACTIVE,TRAJECTORY_COMPLETE,24.0,46,9,0,0.32,46,0,0.0,0.0,0.0,0.0,0.0,0.0
2026-07-30T11:25:51.385,2985.172,184,close,ACTUATOR_ACTIVE,TRAJECTORY_RUNNING,24.0,46,10,7,1.02,46,0,0.0,0.0,0.0,0.0,0.0,0.0
2026-07-30T11:25:51.879,2985.656,184,close,ACTUATOR_ACTIVE,TRAJECTORY_RUNNING,24.0,46,12,5,1.11,46,0,0.0,0.0,0.0,0.0,0.0,0.0
2026-07-30T11:25:52.391,2986.172,184,close,ACTUATOR_ACTIVE,TRAJECTORY_RUNNING,24.0,42,14,5,1.02,42,0,0.0,0.0,0.0,0.0,0.0,0.0
2026-07-30T11:25:52.885,2986.672,184,close,ACTUATOR_ACTIVE,TRAJECTORY_RUNNING,24.0,42,16,6,1.9,42,0,0.0,0.0,0.0,0.0,0.0,0.0
2026-07-30T11:25:53.382,2987.156,184,close,ACTUATOR_ACTIVE,TRAJECTORY_RUNNING,24.0,42,20,6,1.97,42,0,0.0,0.0,0.0,0.0,0.0,0.0
2026-07-30T11:25:53.893,2987.672,184,close,ACTUATOR_ACTIVE,TRAJECTORY_RUNNING,24.0,42,24,7,1.38,42,0,0.0,0.0,0.0,0.0,0.0,0.0
2026-07-30T11:25:54.391,2988.172,184,close,ACTUATOR_ACTIVE,TRAJECTORY_RUNNING,24.0,42,28,8,1.8,42,0,0.0,0.0,0.0,0.0,0.0,0.0
2026-07-30T11:25:54.889,2988.672,184,close,ACTUATOR_ACTIVE,TRAJECTORY_RUNNING,24.0,42,30,0,3.74,42,0,0.0,0.0,0.0,0.0,0.0,0.0
2026-07-30T11:25:55.388,2989.172,184,close,ACTUATOR_ACTIVE,TRAJECTORY_RUNNING,24.0,42,30,0,2.42,42,0,0.0,0.0,0.0,0.0,0.0,0.0
2026-07-30T11:25:55.888,2989.672,184,close,ACTUATOR_ACTIVE,TRAJECTORY_STOPPED,24.0,42,30,0,1.79,42,0,0.0,0.0,0.0,0.0,0.0,0.0
2026-07-30T11:25:56.383,2990.156,184,close,ACTUATOR_ACTIVE,TRAJECTORY_RUNNING,24.0,47,30,0,2.68,47,0,0.0,0.0,0.0,0.0,0.0,0.0
2026-07-30T11:25:56.892,2990.672,184,close,ACTUATOR_ACTIVE,TRAJECTORY_RUNNING,24.0,47,30,0,2.03,47,0,0.0,0.0,0.0,0.0,0.0,0.0
2026-07-30T11:25:57.389,2991.172,184,close,ACTUATOR_ACTIVE,TRAJECTORY_RUNNING,24.0,47,30,0,1.61,47,0,0.0,0.0,0.0,0.0,0.0,0.0
2026-07-30T11:25:57.884,2991.672,184,close,ACTUATOR_ACTIVE,TRAJECTORY_RUNNING,24.0,47,30,0,1.86,47,0,0.0,0.0,0.0,0.0,0.0,0.0
2026-07-30T11:25:58.385,2992.172,184,close,ACTUATOR_ACTIVE,TRAJECTORY_RUNNING,24.0,47,30,0,2.22,47,0,0.0,0.0,0.0,0.0,0.0,0.0
2026-07-30T11:25:58.881,2992.656,184,close,ACTUATOR_ACTIVE,TRAJECTORY_RUNNING,24.0,47,30,0,2.13,47,0,0.0,0.0,0.0,0.0,0.0,0.0
2026-07-30T11:25:59.508,2993.281,184,open,ACTUATOR_ACTIVE,TRAJECTORY_RUNNING,24.0,47,30,0,0.8,47,0,0.0,0.0,0.0,0.0,0.0,0.0
2026-07-30T11:26:00.020,2993.797,184,open,ACTUATOR_ACTIVE,TRAJECTORY_RUNNING,24.0,47,25,-12,-1.18,47,0,0.0,0.0,0.0,0.0,0.0,0.0
2026-07-30T11:26:00.513,2994.297,184,open,ACTUATOR_ACTIVE,TRAJECTORY_RUNNING,24.0,45,20,-12,-1.6,45,0,0.0,0.0,0.0,0.0,0.0,0.0
2026-07-30T11:26:01.009,2994.797,184,open,ACTUATOR_ACTIVE,TRAJECTORY_RUNNING,24.0,45,14,-12,-2.16,45,0,0.0,0.0,0.0,0.0,0.0,0.0
2026-07-30T11:26:01.508,2995.281,184,open,ACTUATOR_ACTIVE,TRAJECTORY_COMPLETE,24.0,45,9,1,0.86,45,0,0.0,0.0,0.0,0.0,0.0,0.0
2026-07-30T11:26:02.022,2995.797,184,open,ACTUATOR_ACTIVE,TRAJECTORY_COMPLETE,24.0,45,9,0,0.06,45,0,0.0,0.0,0.0,0.0,0.0,0.0
2026-07-30T11:26:02.519,2996.297,184,open,ACTUATOR_ACTIVE,TRAJECTORY_COMPLETE,24.0,45,10,-1,-0.07,45,0,0.0,0.0,0.0,0.0,0.0,0.0
2026-07-30T11:26:03.010,2996.797,184,open,ACTUATOR_ACTIVE,TRAJECTORY_COMPLETE,24.0,45,9,-1,-0.4,45,0,0.0,0.0,0.0,0.0,0.0,0.0
2026-07-30T11:26:03.504,2997.281,184,open,ACTUATOR_ACTIVE,TRAJECTORY_COMPLETE,24.0,45,10,0,0.58,45,0,0.0,0.0,0.0,0.0,0.0,0.0
2026-07-30T11:26:04.019,2997.797,184,open,ACTUATOR_ACTIVE,TRAJECTORY_COMPLETE,24.0,45,10,0,0.92,45,0,0.0,0.0,0.0,0.0,0.0,0.0
2026-07-30T11:26:04.517,2998.297,184,open,ACTUATOR_ACTIVE,TRAJECTORY_COMPLETE,24.0,45,9,0,0.22,45,0,0.0,0.0,0.0,0.0,0.0,0.0
2026-07-30T11:26:05.013,2998.797,184,open,ACTUATOR_ACTIVE,TRAJECTORY_COMPLETE,24.0,45,9,0,0.22,45,0,0.0,0.0,0.0,0.0,0.0,0.0
2026-07-30T11:26:05.510,2999.297,184,open,ACTUATOR_ACTIVE,TRAJECTORY_COMPLETE,24.0,45,10,0,-0.11,45,0,0.0,0.0,0.0,0.0,0.0,0.0
2026-07-30T11:26:06.008,2999.781,184,open,ACTUATOR_ACTIVE,TRAJECTORY_COMPLETE,24.0,45,10,0,0.18,45,0,0.0,0.0,0.0,0.0,0.0,0.0
2026-07-30T11:26:06.520,3000.297,184,open,ACTUATOR_ACTIVE,TRAJECTORY_COMPLETE,24.0,45,10,0,-0.15,45,0,0.0,0.0,0.0,0.0,0.0,0.0
2026-07-30T11:26:07.020,3000.797,184,open,ACTUATOR_ACTIVE,TRAJECTORY_COMPLETE,24.0,45,10,0,-0.87,45,0,0.0,0.0,0.0,0.0,0.0,0.0
2026-07-30T11:26:07.635,3001.422,185,close,ACTUATOR_ACTIVE,TRAJECTORY_RUNNING,24.0,45,10,6,1.05,45,0,0.0,0.0,0.0,0.0,0.0,0.0
2026-07-30T11:26:08.134,3001.906,185,close,ACTUATOR_ACTIVE,TRAJECTORY_RUNNING,24.0,45,12,3,1.11,45,0,0.0,0.0,0.0,0.0,0.0,0.0
2026-07-30T11:26:08.646,3002.422,185,close,ACTUATOR_ACTIVE,TRAJECTORY_RUNNING,24.0,41,14,6,1.27,41,0,0.0,0.0,0.0,0.0,0.0,0.0
2026-07-30T11:26:09.146,3002.922,185,close,ACTUATOR_ACTIVE,TRAJECTORY_RUNNING,24.0,41,17,7,1.58,41,0,0.0,0.0,0.0,0.0,0.0,0.0
2026-07-30T11:26:09.642,3003.422,185,close,ACTUATOR_ACTIVE,TRAJECTORY_RUNNING,24.0,41,21,8,2.54,41,0,0.0,0.0,0.0,0.0,0.0,0.0
2026-07-30T11:26:10.141,3003.922,185,close,ACTUATOR_ACTIVE,TRAJECTORY_RUNNING,24.0,41,25,8,1.66,41,0,0.0,0.0,0.0,0.0,0.0,0.0
2026-07-30T11:26:10.639,3004.422,185,close,ACTUATOR_ACTIVE,TRAJECTORY_RUNNING,24.0,41,29,7,2.04,41,0,0.0,0.0,0.0,0.0,0.0,0.0
2026-07-30T11:26:11.139,3004.922,185,close,ACTUATOR_ACTIVE,TRAJECTORY_RUNNING,24.0,41,30,0,2.6,41,0,0.0,0.0,0.0,0.0,0.0,0.0
2026-07-30T11:26:11.635,3005.422,185,close,ACTUATOR_ACTIVE,TRAJECTORY_RUNNING,24.0,41,30,0,2.53,41,0,0.0,0.0,0.0,0.0,0.0,0.0
2026-07-30T11:26:12.134,3005.906,185,close,ACTUATOR_ACTIVE,TRAJECTORY_RUNNING,24.0,41,30,0,1.8,41,0,0.0,0.0,0.0,0.0,0.0,0.0
2026-07-30T11:26:12.647,3006.422,185,close,ACTUATOR_ACTIVE,TRAJECTORY_RUNNING,24.0,43,30,0,1.81,43,0,0.0,0.0,0.0,0.0,0.0,0.0
2026-07-30T11:26:13.150,3006.938,185,close,ACTUATOR_ACTIVE,TRAJECTORY_RUNNING,24.0,43,30,-1,2.19,43,0,0.0,0.0,0.0,0.0,0.0,0.0
2026-07-30T11:26:13.633,3007.406,185,close,ACTUATOR_ACTIVE,TRAJECTORY_RUNNING,24.0,43,30,0,1.74,43,0,0.0,0.0,0.0,0.0,0.0,0.0
2026-07-30T11:26:14.149,3007.922,185,close,ACTUATOR_ACTIVE,TRAJECTORY_RUNNING,24.0,43,30,0,2.32,43,0,0.0,0.0,0.0,0.0,0.0,0.0
2026-07-30T11:26:14.648,3008.422,185,close,ACTUATOR_ACTIVE,TRAJECTORY_RUNNING,24.0,43,30,0,2.01,43,0,0.0,0.0,0.0,0.0,0.0,0.0
2026-07-30T11:26:15.146,3008.922,185,close,ACTUATOR_ACTIVE,TRAJECTORY_RUNNING,24.0,43,30,0,1.65,43,0,0.0,0.0,0.0,0.0,0.0,0.0
2026-07-30T11:26:15.752,3009.531,185,open,ACTUATOR_ACTIVE,TRAJECTORY_RUNNING,24.0,43,30,-1,0.93,43,0,0.0,0.0,0.0,0.0,0.0,0.0
2026-07-30T11:26:16.252,3010.031,185,open,ACTUATOR_ACTIVE,TRAJECTORY_RUNNING,24.0,43,26,-11,-1.72,43,0,0.0,0.0,0.0,0.0,0.0,0.0
2026-07-30T11:26:16.751,3010.531,185,open,ACTUATOR_ACTIVE,TRAJECTORY_RUNNING,24.0,43,20,-13,-1.66,43,0,0.0,0.0,0.0,0.0,0.0,0.0
2026-07-30T11:26:17.246,3011.031,185,open,ACTUATOR_ACTIVE,TRAJECTORY_RUNNING,24.0,43,14,-11,-2.43,43,0,0.0,0.0,0.0,0.0,0.0,0.0
2026-07-30T11:26:17.736,3011.516,185,open,ACTUATOR_ACTIVE,TRAJECTORY_COMPLETE,24.0,43,9,0,0.26,43,0,0.0,0.0,0.0,0.0,0.0,0.0
2026-07-30T11:26:18.250,3012.031,185,open,ACTUATOR_ACTIVE,TRAJECTORY_COMPLETE,24.0,43,10,0,0.54,43,0,0.0,0.0,0.0,0.0,0.0,0.0
2026-07-30T11:26:18.748,3012.531,185,open,ACTUATOR_ACTIVE,TRAJECTORY_COMPLETE,24.0,43,9,1,0.68,43,0,0.0,0.0,0.0,0.0,0.0,0.0
2026-07-30T11:26:19.247,3013.031,185,open,ACTUATOR_ACTIVE,TRAJECTORY_COMPLETE,24.0,43,9,0,-0.43,43,0,0.0,0.0,0.0,0.0,0.0,0.0
2026-07-30T11:26:19.741,3013.516,185,open,ACTUATOR_ACTIVE,TRAJECTORY_COMPLETE,24.0,43,9,0,-0.28,43,0,0.0,0.0,0.0,0.0,0.0,0.0
2026-07-30T11:26:20.254,3014.031,185,open,ACTUATOR_ACTIVE,TRAJECTORY_COMPLETE,24.0,43,9,1,-0.24,43,0,0.0,0.0,0.0,0.0,0.0,0.0
2026-07-30T11:26:20.753,3014.531,185,open,ACTUATOR_ACTIVE,TRAJECTORY_COMPLETE,24.0,42,10,0,0.87,42,0,0.0,0.0,0.0,0.0,0.0,0.0
2026-07-30T11:26:21.253,3015.031,185,open,ACTUATOR_ACTIVE,TRAJECTORY_COMPLETE,24.0,42,9,-1,0.66,42,0,0.0,0.0,0.0,0.0,0.0,0.0
2026-07-30T11:26:21.753,3015.531,185,open,ACTUATOR_ACTIVE,TRAJECTORY_COMPLETE,24.0,42,10,1,0.24,42,0,0.0,0.0,0.0,0.0,0.0,0.0
2026-07-30T11:26:22.247,3016.031,185,open,ACTUATOR_ACTIVE,TRAJECTORY_COMPLETE,24.0,42,9,0,0.22,42,0,0.0,0.0,0.0,0.0,0.0,0.0
2026-07-30T11:26:22.747,3016.531,185,open,ACTUATOR_ACTIVE,TRAJECTORY_COMPLETE,24.0,42,10,-1,-0.25,42,0,0.0,0.0,0.0,0.0,0.0,0.0
2026-07-30T11:26:23.244,3017.031,185,open,ACTUATOR_ACTIVE,TRAJECTORY_COMPLETE,24.0,42,10,0,-0.28,42,0,0.0,0.0,0.0,0.0,0.0,0.0
2026-07-30T11:26:23.853,3017.641,186,close,ACTUATOR_ACTIVE,TRAJECTORY_RUNNING,24.0,42,10,6,1.9,42,0,0.0,0.0,0.0,0.0,0.0,0.0
2026-07-30T11:26:24.351,3018.125,186,close,ACTUATOR_ACTIVE,TRAJECTORY_RUNNING,24.0,43,12,3,2.24,43,0,0.0,0.0,0.0,0.0,0.0,0.0
2026-07-30T11:26:24.862,3018.641,186,close,ACTUATOR_ACTIVE,TRAJECTORY_RUNNING,24.0,43,14,5,1.96,43,0,0.0,0.0,0.0,0.0,0.0,0.0
2026-07-30T11:26:25.359,3019.141,186,close,ACTUATOR_ACTIVE,TRAJECTORY_RUNNING,24.0,43,16,7,1.01,43,0,0.0,0.0,0.0,0.0,0.0,0.0
2026-07-30T11:26:25.853,3019.625,186,close,ACTUATOR_ACTIVE,TRAJECTORY_RUNNING,24.0,43,20,8,3.03,43,0,0.0,0.0,0.0,0.0,0.0,0.0
2026-07-30T11:26:26.367,3020.141,186,close,ACTUATOR_ACTIVE,TRAJECTORY_RUNNING,24.0,43,24,8,1.62,43,0,0.0,0.0,0.0,0.0,0.0,0.0
2026-07-30T11:26:26.865,3020.641,186,close,ACTUATOR_ACTIVE,TRAJECTORY_RUNNING,24.0,43,28,7,1.66,43,0,0.0,0.0,0.0,0.0,0.0,0.0
2026-07-30T11:26:27.364,3021.141,186,close,ACTUATOR_ACTIVE,TRAJECTORY_RUNNING,24.0,43,30,0,3.8,43,0,0.0,0.0,0.0,0.0,0.0,0.0
2026-07-30T11:26:27.862,3021.641,186,close,ACTUATOR_ACTIVE,TRAJECTORY_RUNNING,24.0,43,30,0,3.03,43,0,0.0,0.0,0.0,0.0,0.0,0.0
2026-07-30T11:26:28.358,3022.141,186,close,ACTUATOR_ACTIVE,TRAJECTORY_RUNNING,24.0,45,30,0,1.97,45,0,0.0,0.0,0.0,0.0,0.0,0.0
2026-07-30T11:26:28.854,3022.641,186,close,ACTUATOR_ACTIVE,TRAJECTORY_STOPPED,24.0,45,30,0,1.81,45,0,0.0,0.0,0.0,0.0,0.0,0.0
2026-07-30T11:26:29.352,3023.125,186,close,ACTUATOR_ACTIVE,TRAJECTORY_RUNNING,24.0,45,30,0,1.77,45,0,0.0,0.0,0.0,0.0,0.0,0.0
2026-07-30T11:26:29.864,3023.641,186,close,ACTUATOR_ACTIVE,TRAJECTORY_RUNNING,24.0,45,30,0,1.84,45,0,0.0,0.0,0.0,0.0,0.0,0.0
2026-07-30T11:26:30.355,3024.141,186,close,ACTUATOR_ACTIVE,TRAJECTORY_RUNNING,24.0,45,30,0,1.94,45,0,0.0,0.0,0.0,0.0,0.0,0.0
2026-07-30T11:26:30.852,3024.625,186,close,ACTUATOR_ACTIVE,TRAJECTORY_RUNNING,24.0,45,30,0,1.77,45,0,0.0,0.0,0.0,0.0,0.0,0.0
2026-07-30T11:26:31.363,3025.141,186,close,ACTUATOR_ACTIVE,TRAJECTORY_RUNNING,24.0,45,30,0,2.0,45,0,0.0,0.0,0.0,0.0,0.0,0.0
2026-07-30T11:26:31.971,3025.75,186,open,ACTUATOR_ACTIVE,TRAJECTORY_RUNNING,24.0,45,30,0,1.24,45,0,0.0,0.0,0.0,0.0,0.0,0.0
2026-07-30T11:26:32.468,3026.25,186,open,ACTUATOR_ACTIVE,TRAJECTORY_RUNNING,24.0,43,26,-11,-2.37,43,0,0.0,0.0,0.0,0.0,0.0,0.0
2026-07-30T11:26:32.963,3026.75,186,open,ACTUATOR_ACTIVE,TRAJECTORY_RUNNING,24.0,43,20,-12,-1.75,43,0,0.0,0.0,0.0,0.0,0.0,0.0
2026-07-30T11:26:33.459,3027.235,186,open,ACTUATOR_ACTIVE,TRAJECTORY_RUNNING,24.0,43,14,-11,-2.26,43,0,0.0,0.0,0.0,0.0,0.0,0.0
2026-07-30T11:26:33.969,3027.75,186,open,ACTUATOR_ACTIVE,TRAJECTORY_COMPLETE,24.0,43,9,1,0.87,43,0,0.0,0.0,0.0,0.0,0.0,0.0
2026-07-30T11:26:34.473,3028.25,186,open,ACTUATOR_ACTIVE,TRAJECTORY_COMPLETE,24.0,43,9,1,0.24,43,0,0.0,0.0,0.0,0.0,0.0,0.0
2026-07-30T11:26:34.971,3028.75,186,open,ACTUATOR_ACTIVE,TRAJECTORY_COMPLETE,24.0,43,9,0,1.35,43,0,0.0,0.0,0.0,0.0,0.0,0.0
2026-07-30T11:26:35.466,3029.25,186,open,ACTUATOR_ACTIVE,TRAJECTORY_COMPLETE,24.0,43,10,0,0.17,43,0,0.0,0.0,0.0,0.0,0.0,0.0
2026-07-30T11:26:35.957,3029.735,186,open,ACTUATOR_ACTIVE,TRAJECTORY_COMPLETE,24.0,43,10,0,0.14,43,0,0.0,0.0,0.0,0.0,0.0,0.0
2026-07-30T11:26:36.471,3030.25,186,open,ACTUATOR_ACTIVE,TRAJECTORY_COMPLETE,24.0,44,10,0,0.16,44,0,0.0,0.0,0.0,0.0,0.0,0.0
2026-07-30T11:26:36.968,3030.75,186,open,ACTUATOR_ACTIVE,TRAJECTORY_COMPLETE,24.0,44,10,0,0.06,44,0,0.0,0.0,0.0,0.0,0.0,0.0
2026-07-30T11:26:37.458,3031.235,186,open,ACTUATOR_ACTIVE,TRAJECTORY_COMPLETE,24.0,44,10,0,-0.02,44,0,0.0,0.0,0.0,0.0,0.0,0.0
2026-07-30T11:26:37.968,3031.75,186,open,ACTUATOR_ACTIVE,TRAJECTORY_COMPLETE,24.0,44,10,0,-0.16,44,0,0.0,0.0,0.0,0.0,0.0,0.0
2026-07-30T11:26:38.460,3032.235,186,open,ACTUATOR_ACTIVE,TRAJECTORY_COMPLETE,24.0,44,10,0,-0.69,44,0,0.0,0.0,0.0,0.0,0.0,0.0
2026-07-30T11:26:38.972,3032.75,186,open,ACTUATOR_ACTIVE,TRAJECTORY_COMPLETE,24.0,44,10,0,-0.17,44,0,0.0,0.0,0.0,0.0,0.0,0.0
2026-07-30T11:26:39.472,3033.25,186,open,ACTUATOR_ACTIVE,TRAJECTORY_COMPLETE,24.0,44,10,0,-0.09,44,0,0.0,0.0,0.0,0.0,0.0,0.0
2026-07-30T11:26:40.080,3033.86,187,close,ACTUATOR_ACTIVE,TRAJECTORY_RUNNING,24.0,44,10,7,2.59,44,0,0.0,0.0,0.0,0.0,0.0,0.0
2026-07-30T11:26:40.572,3034.36,187,close,ACTUATOR_ACTIVE,TRAJECTORY_RUNNING,24.0,42,12,3,2.12,42,0,0.0,0.0,0.0,0.0,0.0,0.0
2026-07-30T11:26:41.063,3034.844,187,close,ACTUATOR_ACTIVE,TRAJECTORY_RUNNING,24.0,42,14,3,1.17,42,0,0.0,0.0,0.0,0.0,0.0,0.0
2026-07-30T11:26:41.577,3035.36,187,close,ACTUATOR_ACTIVE,TRAJECTORY_RUNNING,24.0,42,16,6,2.01,42,0,0.0,0.0,0.0,0.0,0.0,0.0
2026-07-30T11:26:42.069,3035.844,187,close,ACTUATOR_ACTIVE,TRAJECTORY_RUNNING,24.0,42,20,7,1.33,42,0,0.0,0.0,0.0,0.0,0.0,0.0
2026-07-30T11:26:42.578,3036.36,187,close,ACTUATOR_ACTIVE,TRAJECTORY_RUNNING,24.0,42,24,7,2.75,42,0,0.0,0.0,0.0,0.0,0.0,0.0
2026-07-30T11:26:43.071,3036.844,187,close,ACTUATOR_ACTIVE,TRAJECTORY_RUNNING,24.0,42,28,7,1.76,42,0,0.0,0.0,0.0,0.0,0.0,0.0
2026-07-30T11:26:43.584,3037.36,187,close,ACTUATOR_ACTIVE,TRAJECTORY_RUNNING,24.0,42,30,0,3.92,42,0,0.0,0.0,0.0,0.0,0.0,0.0
2026-07-30T11:26:44.080,3037.86,187,close,ACTUATOR_ACTIVE,TRAJECTORY_RUNNING,24.0,42,30,1,2.11,42,0,0.0,0.0,0.0,0.0,0.0,0.0
2026-07-30T11:26:44.575,3038.36,187,close,ACTUATOR_ACTIVE,TRAJECTORY_RUNNING,24.0,43,30,-1,2.07,43,0,0.0,0.0,0.0,0.0,0.0,0.0
2026-07-30T11:26:45.071,3038.844,187,close,ACTUATOR_ACTIVE,TRAJECTORY_RUNNING,24.0,43,30,0,1.97,43,0,0.0,0.0,0.0,0.0,0.0,0.0
2026-07-30T11:26:45.578,3039.36,187,close,ACTUATOR_ACTIVE,TRAJECTORY_RUNNING,24.0,43,30,0,2.06,43,0,0.0,0.0,0.0,0.0,0.0,0.0
2026-07-30T11:26:46.077,3039.86,187,close,ACTUATOR_ACTIVE,TRAJECTORY_RUNNING,24.0,43,30,1,2.15,43,0,0.0,0.0,0.0,0.0,0.0,0.0
2026-07-30T11:26:46.572,3040.36,187,close,ACTUATOR_ACTIVE,TRAJECTORY_RUNNING,24.0,43,30,-2,1.83,43,0,0.0,0.0,0.0,0.0,0.0,0.0
2026-07-30T11:26:47.064,3040.844,187,close,ACTUATOR_ACTIVE,TRAJECTORY_RUNNING,24.0,43,30,0,1.77,43,0,0.0,0.0,0.0,0.0,0.0,0.0
2026-07-30T11:26:47.576,3041.36,187,close,ACTUATOR_ACTIVE,TRAJECTORY_RUNNING,24.0,43,30,0,1.82,43,0,0.0,0.0,0.0,0.0,0.0,0.0
2026-07-30T11:26:48.183,3041.969,187,open,ACTUATOR_ACTIVE,TRAJECTORY_RUNNING,24.0,43,30,0,0.88,43,0,0.0,0.0,0.0,0.0,0.0,0.0
2026-07-30T11:26:48.679,3042.453,187,open,ACTUATOR_ACTIVE,TRAJECTORY_RUNNING,24.0,46,25,-10,-0.21,46,0,0.0,0.0,0.0,0.0,0.0,0.0
2026-07-30T11:26:49.192,3042.969,187,open,ACTUATOR_ACTIVE,TRAJECTORY_RUNNING,24.0,46,20,-12,-1.31,46,0,0.0,0.0,0.0,0.0,0.0,0.0
2026-07-30T11:26:49.688,3043.469,187,open,ACTUATOR_ACTIVE,TRAJECTORY_RUNNING,24.0,46,14,-11,-3.06,46,0,0.0,0.0,0.0,0.0,0.0,0.0
2026-07-30T11:26:50.184,3043.969,187,open,ACTUATOR_ACTIVE,TRAJECTORY_COMPLETE,24.0,46,9,1,0.96,46,0,0.0,0.0,0.0,0.0,0.0,0.0
2026-07-30T11:26:50.683,3044.469,187,open,ACTUATOR_ACTIVE,TRAJECTORY_COMPLETE,24.0,46,10,0,0.63,46,0,0.0,0.0,0.0,0.0,0.0,0.0
2026-07-30T11:26:51.179,3044.953,187,open,ACTUATOR_ACTIVE,TRAJECTORY_COMPLETE,24.0,46,9,0,1.0,46,0,0.0,0.0,0.0,0.0,0.0,0.0
2026-07-30T11:26:51.695,3045.469,187,open,ACTUATOR_ACTIVE,TRAJECTORY_COMPLETE,24.0,46,10,0,0.15,46,0,0.0,0.0,0.0,0.0,0.0,0.0
2026-07-30T11:26:52.194,3045.969,187,open,ACTUATOR_ACTIVE,TRAJECTORY_COMPLETE,24.0,46,10,0,0.4,46,0,0.0,0.0,0.0,0.0,0.0,0.0
2026-07-30T11:26:52.689,3046.469,187,open,ACTUATOR_ACTIVE,TRAJECTORY_COMPLETE,24.0,46,10,0,-0.21,46,0,0.0,0.0,0.0,0.0,0.0,0.0
2026-07-30T11:26:53.188,3046.969,187,open,ACTUATOR_ACTIVE,TRAJECTORY_COMPLETE,24.0,46,10,0,-0.02,46,0,0.0,0.0,0.0,0.0,0.0,0.0
2026-07-30T11:26:53.685,3047.469,187,open,ACTUATOR_ACTIVE,TRAJECTORY_COMPLETE,24.0,46,10,0,0.11,46,0,0.0,0.0,0.0,0.0,0.0,0.0
2026-07-30T11:26:54.184,3047.969,187,open,ACTUATOR_ACTIVE,TRAJECTORY_COMPLETE,24.0,46,10,1,-0.12,46,0,0.0,0.0,0.0,0.0,0.0,0.0
2026-07-30T11:26:54.682,3048.469,187,open,ACTUATOR_ACTIVE,TRAJECTORY_COMPLETE,24.0,46,10,0,0.01,46,0,0.0,0.0,0.0,0.0,0.0,0.0
2026-07-30T11:26:55.179,3048.953,187,open,ACTUATOR_ACTIVE,TRAJECTORY_COMPLETE,24.0,46,10,0,0.1,46,0,0.0,0.0,0.0,0.0,0.0,0.0
2026-07-30T11:26:55.694,3049.469,187,open,ACTUATOR_ACTIVE,TRAJECTORY_COMPLETE,24.0,46,10,1,0.51,46,0,0.0,0.0,0.0,0.0,0.0,0.0
2026-07-30T11:26:56.305,3050.078,188,close,ACTUATOR_ACTIVE,TRAJECTORY_RUNNING,24.0,46,10,7,0.85,46,0,0.0,0.0,0.0,0.0,0.0,0.0
2026-07-30T11:26:56.819,3050.594,188,close,ACTUATOR_ACTIVE,TRAJECTORY_RUNNING,24.0,45,12,2,2.09,45,0,0.0,0.0,0.0,0.0,0.0,0.0
2026-07-30T11:26:57.316,3051.094,188,close,ACTUATOR_ACTIVE,TRAJECTORY_RUNNING,24.0,45,14,6,2.91,45,0,0.0,0.0,0.0,0.0,0.0,0.0
2026-07-30T11:26:57.809,3051.594,188,close,ACTUATOR_ACTIVE,TRAJECTORY_RUNNING,24.0,45,17,6,1.38,45,0,0.0,0.0,0.0,0.0,0.0,0.0
2026-07-30T11:26:58.304,3052.078,188,close,ACTUATOR_ACTIVE,TRAJECTORY_RUNNING,24.0,45,20,8,1.65,45,0,0.0,0.0,0.0,0.0,0.0,0.0
2026-07-30T11:26:58.815,3052.594,188,close,ACTUATOR_ACTIVE,TRAJECTORY_RUNNING,24.0,45,25,8,2.82,45,0,0.0,0.0,0.0,0.0,0.0,0.0
2026-07-30T11:26:59.311,3053.094,188,close,ACTUATOR_ACTIVE,TRAJECTORY_RUNNING,24.0,45,29,8,3.02,45,0,0.0,0.0,0.0,0.0,0.0,0.0
2026-07-30T11:26:59.805,3053.578,188,close,ACTUATOR_ACTIVE,TRAJECTORY_RUNNING,24.0,45,30,0,3.19,45,0,0.0,0.0,0.0,0.0,0.0,0.0
2026-07-30T11:27:00.316,3054.094,188,close,ACTUATOR_ACTIVE,TRAJECTORY_RUNNING,24.0,45,30,0,2.27,45,0,0.0,0.0,0.0,0.0,0.0,0.0
2026-07-30T11:27:00.813,3054.594,188,close,ACTUATOR_ACTIVE,TRAJECTORY_RUNNING,24.0,42,30,1,2.08,42,0,0.0,0.0,0.0,0.0,0.0,0.0
2026-07-30T11:27:01.310,3055.094,188,close,ACTUATOR_ACTIVE,TRAJECTORY_RUNNING,24.0,42,30,0,1.86,42,0,0.0,0.0,0.0,0.0,0.0,0.0
2026-07-30T11:27:01.808,3055.594,188,close,ACTUATOR_ACTIVE,TRAJECTORY_RUNNING,24.0,42,30,0,1.48,42,0,0.0,0.0,0.0,0.0,0.0,0.0
2026-07-30T11:27:02.306,3056.094,188,close,ACTUATOR_ACTIVE,TRAJECTORY_STOPPED,24.0,42,30,-1,2.19,42,0,0.0,0.0,0.0,0.0,0.0,0.0
2026-07-30T11:27:02.805,3056.578,188,close,ACTUATOR_ACTIVE,TRAJECTORY_RUNNING,24.0,42,30,0,1.68,42,0,0.0,0.0,0.0,0.0,0.0,0.0
2026-07-30T11:27:03.320,3057.094,188,close,ACTUATOR_ACTIVE,TRAJECTORY_RUNNING,24.0,42,30,0,2.18,42,0,0.0,0.0,0.0,0.0,0.0,0.0
2026-07-30T11:27:03.819,3057.594,188,close,ACTUATOR_ACTIVE,TRAJECTORY_STOPPED,24.0,42,30,0,1.7,42,0,0.0,0.0,0.0,0.0,0.0,0.0
2026-07-30T11:27:04.422,3058.203,188,open,ACTUATOR_ACTIVE,TRAJECTORY_RUNNING,24.0,43,30,1,1.03,43,0,0.0,0.0,0.0,0.0,0.0,0.0
2026-07-30T11:27:04.918,3058.703,188,open,ACTUATOR_ACTIVE,TRAJECTORY_RUNNING,24.0,43,30,0,-1.34,43,0,0.0,0.0,0.0,0.0,0.0,0.0
2026-07-30T11:27:05.415,3059.188,188,open,ACTUATOR_ACTIVE,TRAJECTORY_RUNNING,24.0,43,29,-2,-1.44,43,0,0.0,0.0,0.0,0.0,0.0,0.0
2026-07-30T11:27:05.928,3059.703,188,open,ACTUATOR_ACTIVE,TRAJECTORY_RUNNING,24.0,43,28,-2,-0.62,43,0,0.0,0.0,0.0,0.0,0.0,0.0
2026-07-30T11:27:06.428,3060.203,188,open,ACTUATOR_ACTIVE,TRAJECTORY_RUNNING,24.0,43,26,-6,-1.69,43,0,0.0,0.0,0.0,0.0,0.0,0.0
2026-07-30T11:27:06.926,3060.703,188,open,ACTUATOR_ACTIVE,TRAJECTORY_RUNNING,24.0,43,23,-7,-1.06,43,0,0.0,0.0,0.0,0.0,0.0,0.0
2026-07-30T11:27:07.425,3061.203,188,open,ACTUATOR_ACTIVE,TRAJECTORY_RUNNING,24.0,43,19,-8,-1.39,43,0,0.0,0.0,0.0,0.0,0.0,0.0
2026-07-30T11:27:07.924,3061.703,188,open,ACTUATOR_ACTIVE,TRAJECTORY_RUNNING,24.0,43,15,-9,-1.77,43,0,0.0,0.0,0.0,0.0,0.0,0.0
2026-07-30T11:27:08.422,3062.203,188,open,ACTUATOR_ACTIVE,TRAJECTORY_RUNNING,24.0,45,10,-9,-2.98,45,0,0.0,0.0,0.0,0.0,0.0,0.0
2026-07-30T11:27:08.922,3062.703,188,open,ACTUATOR_ACTIVE,TRAJECTORY_RUNNING,24.0,45,9,0,-0.89,45,0,0.0,0.0,0.0,0.0,0.0,0.0
2026-07-30T11:27:09.423,3063.203,188,open,ACTUATOR_ACTIVE,TRAJECTORY_RUNNING,24.0,45,9,0,0.18,45,0,0.0,0.0,0.0,0.0,0.0,0.0
2026-07-30T11:27:09.918,3063.703,188,open,ACTUATOR_ACTIVE,TRAJECTORY_RUNNING,24.0,45,9,0,1.21,45,0,0.0,0.0,0.0,0.0,0.0,0.0
2026-07-30T11:27:10.416,3064.203,188,open,ACTUATOR_ACTIVE,TRAJECTORY_RUNNING,24.0,45,9,0,1.35,45,0,0.0,0.0,0.0,0.0,0.0,0.0
2026-07-30T11:27:10.916,3064.703,188,open,ACTUATOR_ACTIVE,TRAJECTORY_RUNNING,24.0,45,9,0,1.38,45,0,0.0,0.0,0.0,0.0,0.0,0.0
2026-07-30T11:27:11.412,3065.188,188,open,ACTUATOR_ACTIVE,TRAJECTORY_RUNNING,24.0,45,9,1,1.28,45,0,0.0,0.0,0.0,0.0,0.0,0.0
2026-07-30T11:27:11.926,3065.703,188,open,ACTUATOR_ACTIVE,TRAJECTORY_COMPLETE,24.0,45,10,0,1.35,45,0,0.0,0.0,0.0,0.0,0.0,0.0
2026-07-30T11:27:12.533,3066.313,189,close,ACTUATOR_ACTIVE,TRAJECTORY_RUNNING,24.0,47,10,5,2.15,47,0,0.0,0.0,0.0,0.0,0.0,0.0
2026-07-30T11:27:13.028,3066.813,189,close,ACTUATOR_ACTIVE,TRAJECTORY_RUNNING,24.0,47,14,8,1.5,47,0,0.0,0.0,0.0,0.0,0.0,0.0
2026-07-30T11:27:13.527,3067.313,189,close,ACTUATOR_ACTIVE,TRAJECTORY_RUNNING,24.0,47,18,9,1.27,47,0,0.0,0.0,0.0,0.0,0.0,0.0
2026-07-30T11:27:14.022,3067.797,189,close,ACTUATOR_ACTIVE,TRAJECTORY_RUNNING,24.0,47,23,10,1.96,47,0,0.0,0.0,0.0,0.0,0.0,0.0
2026-07-30T11:27:14.532,3068.313,189,close,ACTUATOR_ACTIVE,TRAJECTORY_RUNNING,24.0,47,27,9,2.48,47,0,0.0,0.0,0.0,0.0,0.0,0.0
2026-07-30T11:27:15.030,3068.813,189,close,ACTUATOR_ACTIVE,TRAJECTORY_RUNNING,24.0,47,31,0,24.72,47,0,0.0,0.0,0.0,0.0,0.0,0.0
2026-07-30T11:27:15.524,3069.297,189,close,ACTUATOR_ACTIVE,TRAJECTORY_RUNNING,24.0,47,31,0,27.31,47,0,0.0,0.0,0.0,0.0,0.0,0.0
2026-07-30T11:27:16.038,3069.813,189,close,ACTUATOR_ACTIVE,TRAJECTORY_RUNNING,24.0,47,31,0,30.91,47,0,0.0,0.0,0.0,0.0,0.0,0.0
2026-07-30T11:27:16.533,3070.313,189,close,ACTUATOR_ACTIVE,TRAJECTORY_RUNNING,24.0,43,31,0,29.59,43,0,0.0,0.0,0.0,0.0,0.0,0.0
2026-07-30T11:27:17.025,3070.813,189,close,ACTUATOR_ACTIVE,TRAJECTORY_RUNNING,24.0,43,31,0,29.69,43,0,0.0,0.0,0.0,0.0,0.0,0.0
2026-07-30T11:27:17.523,3071.297,189,close,ACTUATOR_ACTIVE,TRAJECTORY_RUNNING,24.0,43,31,0,29.29,43,0,0.0,0.0,0.0,0.0,0.0,0.0
2026-07-30T11:27:18.034,3071.813,189,close,ACTUATOR_ACTIVE,TRAJECTORY_RUNNING,24.0,43,31,0,29.16,43,0,0.0,0.0,0.0,0.0,0.0,0.0
2026-07-30T11:27:18.529,3072.313,189,close,ACTUATOR_ACTIVE,TRAJECTORY_RUNNING,24.0,43,31,0,31.22,43,0,0.0,0.0,0.0,0.0,0.0,0.0
2026-07-30T11:27:19.026,3072.813,189,close,ACTUATOR_ACTIVE,TRAJECTORY_RUNNING,24.0,43,31,0,31.16,43,0,0.0,0.0,0.0,0.0,0.0,0.0
2026-07-30T11:27:19.519,3073.297,189,close,ACTUATOR_ACTIVE,TRAJECTORY_RUNNING,24.0,43,31,1,31.19,43,0,0.0,0.0,0.0,0.0,0.0,0.0
2026-07-30T11:27:20.030,3073.813,189,close,ACTUATOR_ACTIVE,TRAJECTORY_RUNNING,24.0,43,31,0,27.59,43,0,0.0,0.0,0.0,0.0,0.0,0.0
2026-07-30T11:27:20.640,3074.422,189,open,ACTUATOR_ACTIVE,TRAJECTORY_RUNNING,24.0,39,31,0,3.84,39,0,0.0,0.0,0.0,0.0,0.0,0.0
2026-07-30T11:27:21.139,3074.922,189,open,ACTUATOR_ACTIVE,TRAJECTORY_RUNNING,24.0,39,27,-11,-1.83,39,0,0.0,0.0,0.0,0.0,0.0,0.0
2026-07-30T11:27:21.636,3075.422,189,open,ACTUATOR_ACTIVE,TRAJECTORY_RUNNING,24.0,39,21,-12,-1.87,39,0,0.0,0.0,0.0,0.0,0.0,0.0
2026-07-30T11:27:22.135,3075.922,189,open,ACTUATOR_ACTIVE,TRAJECTORY_RUNNING,24.0,39,15,-11,-3.08,39,0,0.0,0.0,0.0,0.0,0.0,0.0
2026-07-30T11:27:22.634,3076.406,189,open,ACTUATOR_ACTIVE,TRAJECTORY_RUNNING,24.0,39,10,-10,-0.63,39,0,0.0,0.0,0.0,0.0,0.0,0.0
2026-07-30T11:27:23.149,3076.922,189,open,ACTUATOR_ACTIVE,TRAJECTORY_COMPLETE,24.0,39,9,0,0.83,39,0,0.0,0.0,0.0,0.0,0.0,0.0
2026-07-30T11:27:23.651,3077.438,189,open,ACTUATOR_ACTIVE,TRAJECTORY_COMPLETE,24.0,39,10,0,0.23,39,0,0.0,0.0,0.0,0.0,0.0,0.0
2026-07-30T11:27:24.133,3077.906,189,open,ACTUATOR_ACTIVE,TRAJECTORY_COMPLETE,24.0,39,10,1,0.56,39,0,0.0,0.0,0.0,0.0,0.0,0.0
2026-07-30T11:27:24.649,3078.422,189,open,ACTUATOR_ACTIVE,TRAJECTORY_COMPLETE,24.0,43,10,0,-0.3,43,0,0.0,0.0,0.0,0.0,0.0,0.0
2026-07-30T11:27:25.147,3078.922,189,open,ACTUATOR_ACTIVE,TRAJECTORY_COMPLETE,24.0,43,9,-1,0.18,43,0,0.0,0.0,0.0,0.0,0.0,0.0
2026-07-30T11:27:25.645,3079.422,189,open,ACTUATOR_ACTIVE,TRAJECTORY_COMPLETE,24.0,43,9,0,-1.87,43,0,0.0,0.0,0.0,0.0,0.0,0.0
2026-07-30T11:27:26.143,3079.922,189,open,ACTUATOR_ACTIVE,TRAJECTORY_COMPLETE,24.0,43,9,0,0.55,43,0,0.0,0.0,0.0,0.0,0.0,0.0
2026-07-30T11:27:26.641,3080.422,189,open,ACTUATOR_ACTIVE,TRAJECTORY_COMPLETE,24.0,43,9,-1,0.07,43,0,0.0,0.0,0.0,0.0,0.0,0.0
2026-07-30T11:27:27.138,3080.922,189,open,ACTUATOR_ACTIVE,TRAJECTORY_COMPLETE,24.0,43,10,0,0.35,43,0,0.0,0.0,0.0,0.0,0.0,0.0
2026-07-30T11:27:27.638,3081.422,189,open,ACTUATOR_ACTIVE,TRAJECTORY_COMPLETE,24.0,43,9,0,0.27,43,0,0.0,0.0,0.0,0.0,0.0,0.0
2026-07-30T11:27:28.134,3081.922,189,open,ACTUATOR_ACTIVE,TRAJECTORY_COMPLETE,24.0,43,9,0,-1.25,43,0,0.0,0.0,0.0,0.0,0.0,0.0
2026-07-30T11:27:28.747,3082.531,190,close,ACTUATOR_ACTIVE,TRAJECTORY_RUNNING,24.0,38,10,8,2.16,38,0,0.0,0.0,0.0,0.0,0.0,0.0
2026-07-30T11:27:29.243,3083.016,190,close,ACTUATOR_ACTIVE,TRAJECTORY_RUNNING,24.0,38,12,3,2.38,38,0,0.0,0.0,0.0,0.0,0.0,0.0
2026-07-30T11:27:29.757,3083.531,190,close,ACTUATOR_ACTIVE,TRAJECTORY_RUNNING,24.0,38,14,6,1.88,38,0,0.0,0.0,0.0,0.0,0.0,0.0
2026-07-30T11:27:30.256,3084.031,190,close,ACTUATOR_ACTIVE,TRAJECTORY_RUNNING,24.0,38,16,6,1.14,38,0,0.0,0.0,0.0,0.0,0.0,0.0
2026-07-30T11:27:30.756,3084.531,190,close,ACTUATOR_ACTIVE,TRAJECTORY_RUNNING,24.0,38,20,9,1.45,38,0,0.0,0.0,0.0,0.0,0.0,0.0
2026-07-30T11:27:31.254,3085.031,190,close,ACTUATOR_ACTIVE,TRAJECTORY_RUNNING,24.0,38,24,8,1.24,38,0,0.0,0.0,0.0,0.0,0.0,0.0
2026-07-30T11:27:31.751,3085.531,190,close,ACTUATOR_ACTIVE,TRAJECTORY_RUNNING,24.0,38,28,7,2.96,38,0,0.0,0.0,0.0,0.0,0.0,0.0
2026-07-30T11:27:32.249,3086.031,190,close,ACTUATOR_ACTIVE,TRAJECTORY_RUNNING,24.0,38,30,0,4.26,38,0,0.0,0.0,0.0,0.0,0.0,0.0
2026-07-30T11:27:32.748,3086.531,190,close,ACTUATOR_ACTIVE,TRAJECTORY_RUNNING,24.0,43,30,1,3.2,43,0,0.0,0.0,0.0,0.0,0.0,0.0
2026-07-30T11:27:33.246,3087.031,190,close,ACTUATOR_ACTIVE,TRAJECTORY_STOPPED,24.0,43,30,-1,2.14,43,0,0.0,0.0,0.0,0.0,0.0,0.0
2026-07-30T11:27:33.745,3087.531,190,close,ACTUATOR_ACTIVE,TRAJECTORY_RUNNING,24.0,43,30,-2,1.86,43,0,0.0,0.0,0.0,0.0,0.0,0.0
2026-07-30T11:27:34.244,3088.031,190,close,ACTUATOR_ACTIVE,TRAJECTORY_RUNNING,24.0,43,30,2,2.17,43,0,0.0,0.0,0.0,0.0,0.0,0.0
2026-07-30T11:27:34.740,3088.516,190,close,ACTUATOR_ACTIVE,TRAJECTORY_RUNNING,24.0,43,30,0,1.85,43,0,0.0,0.0,0.0,0.0,0.0,0.0
2026-07-30T11:27:35.253,3089.031,190,close,ACTUATOR_ACTIVE,TRAJECTORY_RUNNING,24.0,43,30,0,1.96,43,0,0.0,0.0,0.0,0.0,0.0,0.0
2026-07-30T11:27:35.749,3089.531,190,close,ACTUATOR_ACTIVE,TRAJECTORY_RUNNING,24.0,43,30,-2,1.92,43,0,0.0,0.0,0.0,0.0,0.0,0.0
2026-07-30T11:27:36.247,3090.031,190,close,ACTUATOR_ACTIVE,TRAJECTORY_RUNNING,24.0,43,30,0,2.86,43,0,0.0,0.0,0.0,0.0,0.0,0.0
2026-07-30T11:27:36.857,3090.641,190,open,ACTUATOR_ACTIVE,TRAJECTORY_RUNNING,24.0,44,30,0,1.01,44,0,0.0,0.0,0.0,0.0,0.0,0.0
2026-07-30T11:27:37.349,3091.125,190,open,ACTUATOR_ACTIVE,TRAJECTORY_RUNNING,24.0,44,25,-10,-2.25,44,0,0.0,0.0,0.0,0.0,0.0,0.0
2026-07-30T11:27:37.862,3091.641,190,open,ACTUATOR_ACTIVE,TRAJECTORY_RUNNING,24.0,44,20,-12,-1.22,44,0,0.0,0.0,0.0,0.0,0.0,0.0
2026-07-30T11:27:38.361,3092.141,190,open,ACTUATOR_ACTIVE,TRAJECTORY_RUNNING,24.0,44,14,-12,-2.65,44,0,0.0,0.0,0.0,0.0,0.0,0.0
2026-07-30T11:27:38.858,3092.641,190,open,ACTUATOR_ACTIVE,TRAJECTORY_COMPLETE,24.0,44,9,0,0.43,44,0,0.0,0.0,0.0,0.0,0.0,0.0
2026-07-30T11:27:39.356,3093.141,190,open,ACTUATOR_ACTIVE,TRAJECTORY_COMPLETE,24.0,44,9,0,0.23,44,0,0.0,0.0,0.0,0.0,0.0,0.0
2026-07-30T11:27:39.854,3093.641,190,open,ACTUATOR_ACTIVE,TRAJECTORY_COMPLETE,24.0,44,10,0,0.68,44,0,0.0,0.0,0.0,0.0,0.0,0.0
2026-07-30T11:27:40.345,3094.125,190,open,ACTUATOR_ACTIVE,TRAJECTORY_COMPLETE,24.0,47,9,1,0.5,47,0,0.0,0.0,0.0,0.0,0.0,0.0
2026-07-30T11:27:40.857,3094.641,190,open,ACTUATOR_ACTIVE,TRAJECTORY_COMPLETE,24.0,47,9,0,0.16,47,0,0.0,0.0,0.0,0.0,0.0,0.0
2026-07-30T11:27:41.353,3095.141,190,open,ACTUATOR_ACTIVE,TRAJECTORY_COMPLETE,24.0,47,9,0,0.03,47,0,0.0,0.0,0.0,0.0,0.0,0.0
2026-07-30T11:27:41.842,3095.625,190,open,ACTUATOR_ACTIVE,TRAJECTORY_COMPLETE,24.0,47,10,0,0.36,47,0,0.0,0.0,0.0,0.0,0.0,0.0
2026-07-30T11:27:42.353,3096.125,190,open,ACTUATOR_ACTIVE,TRAJECTORY_COMPLETE,24.0,47,10,1,0.3,47,0,0.0,0.0,0.0,0.0,0.0,0.0
2026-07-30T11:27:42.860,3096.641,190,open,ACTUATOR_ACTIVE,TRAJECTORY_COMPLETE,24.0,47,9,0,0.08,47,0,0.0,0.0,0.0,0.0,0.0,0.0
2026-07-30T11:27:43.351,3097.125,190,open,ACTUATOR_ACTIVE,TRAJECTORY_COMPLETE,24.0,47,10,0,0.45,47,0,0.0,0.0,0.0,0.0,0.0,0.0
2026-07-30T11:27:43.863,3097.641,190,open,ACTUATOR_ACTIVE,TRAJECTORY_COMPLETE,24.0,47,9,0,-0.56,47,0,0.0,0.0,0.0,0.0,0.0,0.0
2026-07-30T11:27:44.361,3098.141,190,open,ACTUATOR_ACTIVE,TRAJECTORY_COMPLETE,24.0,44,10,-1,0.03,44,0,0.0,0.0,0.0,0.0,0.0,0.0
2026-07-30T11:27:44.967,3098.75,191,close,ACTUATOR_ACTIVE,TRAJECTORY_RUNNING,24.0,44,10,7,1.24,44,0,0.0,0.0,0.0,0.0,0.0,0.0
2026-07-30T11:27:45.466,3099.25,191,close,ACTUATOR_ACTIVE,TRAJECTORY_RUNNING,24.0,44,12,3,1.7,44,0,0.0,0.0,0.0,0.0,0.0,0.0
2026-07-30T11:27:45.959,3099.735,191,close,ACTUATOR_ACTIVE,TRAJECTORY_RUNNING,24.0,44,14,5,2.25,44,0,0.0,0.0,0.0,0.0,0.0,0.0
2026-07-30T11:27:46.472,3100.25,191,close,ACTUATOR_ACTIVE,TRAJECTORY_RUNNING,24.0,44,16,6,0.76,44,0,0.0,0.0,0.0,0.0,0.0,0.0
2026-07-30T11:27:46.968,3100.75,191,close,ACTUATOR_ACTIVE,TRAJECTORY_RUNNING,24.0,44,20,7,1.8,44,0,0.0,0.0,0.0,0.0,0.0,0.0
2026-07-30T11:27:47.466,3101.25,191,close,ACTUATOR_ACTIVE,TRAJECTORY_RUNNING,24.0,44,24,9,1.49,44,0,0.0,0.0,0.0,0.0,0.0,0.0
2026-07-30T11:27:47.964,3101.75,191,close,ACTUATOR_ACTIVE,TRAJECTORY_RUNNING,24.0,44,28,8,1.61,44,0,0.0,0.0,0.0,0.0,0.0,0.0
2026-07-30T11:27:48.461,3102.235,191,close,ACTUATOR_ACTIVE,TRAJECTORY_RUNNING,24.0,41,30,0,3.65,41,0,0.0,0.0,0.0,0.0,0.0,0.0
2026-07-30T11:27:48.974,3102.75,191,close,ACTUATOR_ACTIVE,TRAJECTORY_STOPPED,24.0,41,30,0,2.39,41,0,0.0,0.0,0.0,0.0,0.0,0.0
2026-07-30T11:27:49.471,3103.25,191,close,ACTUATOR_ACTIVE,TRAJECTORY_RUNNING,24.0,41,30,0,2.01,41,0,0.0,0.0,0.0,0.0,0.0,0.0
2026-07-30T11:27:49.967,3103.75,191,close,ACTUATOR_ACTIVE,TRAJECTORY_RUNNING,24.0,41,30,-1,1.74,41,0,0.0,0.0,0.0,0.0,0.0,0.0
2026-07-30T11:27:50.466,3104.25,191,close,ACTUATOR_ACTIVE,TRAJECTORY_RUNNING,24.0,41,30,0,2.4,41,0,0.0,0.0,0.0,0.0,0.0,0.0
2026-07-30T11:27:50.963,3104.75,191,close,ACTUATOR_ACTIVE,TRAJECTORY_RUNNING,24.0,41,30,0,2.74,41,0,0.0,0.0,0.0,0.0,0.0,0.0
2026-07-30T11:27:51.463,3105.25,191,close,ACTUATOR_ACTIVE,TRAJECTORY_RUNNING,24.0,41,30,1,1.79,41,0,0.0,0.0,0.0,0.0,0.0,0.0
2026-07-30T11:27:51.961,3105.735,191,close,ACTUATOR_ACTIVE,TRAJECTORY_RUNNING,24.0,41,30,1,1.94,41,0,0.0,0.0,0.0,0.0,0.0,0.0
2026-07-30T11:27:52.473,3106.25,191,close,ACTUATOR_ACTIVE,TRAJECTORY_RUNNING,24.0,47,30,0,1.98,47,0,0.0,0.0,0.0,0.0,0.0,0.0
2026-07-30T11:27:53.082,3106.86,191,open,ACTUATOR_ACTIVE,TRAJECTORY_RUNNING,24.0,47,30,0,1.32,47,0,0.0,0.0,0.0,0.0,0.0,0.0
2026-07-30T11:27:53.580,3107.36,191,open,ACTUATOR_ACTIVE,TRAJECTORY_RUNNING,24.0,47,30,0,-0.76,47,0,0.0,0.0,0.0,0.0,0.0,0.0
2026-07-30T11:27:54.078,3107.86,191,open,ACTUATOR_ACTIVE,TRAJECTORY_RUNNING,24.0,47,29,-1,-0.82,47,0,0.0,0.0,0.0,0.0,0.0,0.0
2026-07-30T11:27:54.575,3108.36,191,open,ACTUATOR_ACTIVE,TRAJECTORY_RUNNING,24.0,47,28,-2,-0.77,47,0,0.0,0.0,0.0,0.0,0.0,0.0
2026-07-30T11:27:55.074,3108.86,191,open,ACTUATOR_ACTIVE,TRAJECTORY_RUNNING,24.0,47,26,-5,-1.67,47,0,0.0,0.0,0.0,0.0,0.0,0.0
2026-07-30T11:27:55.569,3109.344,191,open,ACTUATOR_ACTIVE,TRAJECTORY_RUNNING,24.0,47,23,-6,-0.68,47,0,0.0,0.0,0.0,0.0,0.0,0.0
2026-07-30T11:27:56.081,3109.86,191,open,ACTUATOR_ACTIVE,TRAJECTORY_RUNNING,24.0,47,19,-9,-1.61,47,0,0.0,0.0,0.0,0.0,0.0,0.0
2026-07-30T11:27:56.577,3110.36,191,open,ACTUATOR_ACTIVE,TRAJECTORY_RUNNING,24.0,47,14,-9,-2.5,47,0,0.0,0.0,0.0,0.0,0.0,0.0
2026-07-30T11:27:57.073,3110.86,191,open,ACTUATOR_ACTIVE,TRAJECTORY_RUNNING,24.0,47,10,-8,-2.35,47,0,0.0,0.0,0.0,0.0,0.0,0.0
2026-07-30T11:27:57.572,3111.344,191,open,ACTUATOR_ACTIVE,TRAJECTORY_RUNNING,24.0,47,8,0,-1.19,47,0,0.0,0.0,0.0,0.0,0.0,0.0
2026-07-30T11:27:58.085,3111.86,191,open,ACTUATOR_ACTIVE,TRAJECTORY_RUNNING,24.0,47,8,0,0.02,47,0,0.0,0.0,0.0,0.0,0.0,0.0
2026-07-30T11:27:58.580,3112.36,191,open,ACTUATOR_ACTIVE,TRAJECTORY_RUNNING,24.0,47,9,1,1.72,47,0,0.0,0.0,0.0,0.0,0.0,0.0
2026-07-30T11:27:59.076,3112.86,191,open,ACTUATOR_ACTIVE,TRAJECTORY_RUNNING,24.0,47,9,0,1.7,47,0,0.0,0.0,0.0,0.0,0.0,0.0
2026-07-30T11:27:59.572,3113.36,191,open,ACTUATOR_ACTIVE,TRAJECTORY_RUNNING,24.0,47,9,0,1.61,47,0,0.0,0.0,0.0,0.0,0.0,0.0
2026-07-30T11:28:00.068,3113.844,191,open,ACTUATOR_ACTIVE,TRAJECTORY_RUNNING,24.0,47,9,0,1.77,47,0,0.0,0.0,0.0,0.0,0.0,0.0
2026-07-30T11:28:00.582,3114.36,191,open,ACTUATOR_ACTIVE,TRAJECTORY_STOPPED,24.0,47,9,0,1.91,47,0,0.0,0.0,0.0,0.0,0.0,0.0
2026-07-30T11:28:01.191,3114.969,192,close,ACTUATOR_ACTIVE,TRAJECTORY_RUNNING,24.0,47,9,8,2.02,47,0,0.0,0.0,0.0,0.0,0.0,0.0
2026-07-30T11:28:01.690,3115.469,192,close,ACTUATOR_ACTIVE,TRAJECTORY_RUNNING,24.0,47,12,7,1.96,47,0,0.0,0.0,0.0,0.0,0.0,0.0
2026-07-30T11:28:02.186,3115.969,192,close,ACTUATOR_ACTIVE,TRAJECTORY_RUNNING,24.0,47,15,9,1.3,47,0,0.0,0.0,0.0,0.0,0.0,0.0
2026-07-30T11:28:02.684,3116.469,192,close,ACTUATOR_ACTIVE,TRAJECTORY_RUNNING,24.0,47,19,9,0.29,47,0,0.0,0.0,0.0,0.0,0.0,0.0
2026-07-30T11:28:03.182,3116.969,192,close,ACTUATOR_ACTIVE,TRAJECTORY_RUNNING,24.0,47,24,7,1.06,47,0,0.0,0.0,0.0,0.0,0.0,0.0
2026-07-30T11:28:03.679,3117.453,192,close,ACTUATOR_ACTIVE,TRAJECTORY_RUNNING,24.0,47,28,8,2.59,47,0,0.0,0.0,0.0,0.0,0.0,0.0
2026-07-30T11:28:04.192,3117.969,192,close,ACTUATOR_ACTIVE,TRAJECTORY_RUNNING,24.0,47,30,0,4.79,47,0,0.0,0.0,0.0,0.0,0.0,0.0
2026-07-30T11:28:04.691,3118.469,192,close,ACTUATOR_ACTIVE,TRAJECTORY_RUNNING,24.0,44,30,0,2.65,44,0,0.0,0.0,0.0,0.0,0.0,0.0
2026-07-30T11:28:05.189,3118.969,192,close,ACTUATOR_ACTIVE,TRAJECTORY_RUNNING,24.0,44,30,0,2.71,44,0,0.0,0.0,0.0,0.0,0.0,0.0
2026-07-30T11:28:05.687,3119.469,192,close,ACTUATOR_ACTIVE,TRAJECTORY_STOPPED,24.0,44,30,0,1.59,44,0,0.0,0.0,0.0,0.0,0.0,0.0
2026-07-30T11:28:06.184,3119.969,192,close,ACTUATOR_ACTIVE,TRAJECTORY_RUNNING,24.0,44,30,0,1.69,44,0,0.0,0.0,0.0,0.0,0.0,0.0
2026-07-30T11:28:06.681,3120.469,192,close,ACTUATOR_ACTIVE,TRAJECTORY_RUNNING,24.0,44,30,-1,1.98,44,0,0.0,0.0,0.0,0.0,0.0,0.0
2026-07-30T11:28:07.177,3120.953,192,close,ACTUATOR_ACTIVE,TRAJECTORY_RUNNING,24.0,44,30,0,2.72,44,0,0.0,0.0,0.0,0.0,0.0,0.0
2026-07-30T11:28:07.692,3121.469,192,close,ACTUATOR_ACTIVE,TRAJECTORY_RUNNING,24.0,44,30,0,1.91,44,0,0.0,0.0,0.0,0.0,0.0,0.0
2026-07-30T11:28:08.189,3121.969,192,close,ACTUATOR_ACTIVE,TRAJECTORY_STOPPED,24.0,44,30,0,1.69,44,0,0.0,0.0,0.0,0.0,0.0,0.0
2026-07-30T11:28:08.686,3122.469,192,close,ACTUATOR_ACTIVE,TRAJECTORY_RUNNING,24.0,48,30,0,1.85,48,0,0.0,0.0,0.0,0.0,0.0,0.0
2026-07-30T11:28:09.297,3123.078,192,open,ACTUATOR_ACTIVE,TRAJECTORY_RUNNING,24.0,48,30,0,0.97,48,0,0.0,0.0,0.0,0.0,0.0,0.0
2026-07-30T11:28:09.792,3123.578,192,open,ACTUATOR_ACTIVE,TRAJECTORY_RUNNING,24.0,48,26,-11,-0.75,48,0,0.0,0.0,0.0,0.0,0.0,0.0
2026-07-30T11:28:10.292,3124.078,192,open,ACTUATOR_ACTIVE,TRAJECTORY_RUNNING,24.0,48,20,-12,-1.17,48,0,0.0,0.0,0.0,0.0,0.0,0.0
2026-07-30T11:28:10.785,3124.563,192,open,ACTUATOR_ACTIVE,TRAJECTORY_RUNNING,24.0,48,14,-11,-1.54,48,0,0.0,0.0,0.0,0.0,0.0,0.0
2026-07-30T11:28:11.291,3125.078,192,open,ACTUATOR_ACTIVE,TRAJECTORY_COMPLETE,24.0,48,9,0,0.87,48,0,0.0,0.0,0.0,0.0,0.0,0.0
2026-07-30T11:28:11.787,3125.563,192,open,ACTUATOR_ACTIVE,TRAJECTORY_COMPLETE,24.0,48,10,-1,0.29,48,0,0.0,0.0,0.0,0.0,0.0,0.0
2026-07-30T11:28:12.301,3126.078,192,open,ACTUATOR_ACTIVE,TRAJECTORY_COMPLETE,24.0,48,10,0,0.29,48,0,0.0,0.0,0.0,0.0,0.0,0.0
2026-07-30T11:28:12.795,3126.578,192,open,ACTUATOR_ACTIVE,TRAJECTORY_COMPLETE,24.0,46,9,1,0.24,46,0,0.0,0.0,0.0,0.0,0.0,0.0
2026-07-30T11:28:13.293,3127.078,192,open,ACTUATOR_ACTIVE,TRAJECTORY_COMPLETE,24.0,46,10,1,0.54,46,0,0.0,0.0,0.0,0.0,0.0,0.0
2026-07-30T11:28:13.794,3127.578,192,open,ACTUATOR_ACTIVE,TRAJECTORY_COMPLETE,24.0,46,10,0,0.1,46,0,0.0,0.0,0.0,0.0,0.0,0.0
2026-07-30T11:28:14.293,3128.078,192,open,ACTUATOR_ACTIVE,TRAJECTORY_COMPLETE,24.0,46,9,0,0.08,46,0,0.0,0.0,0.0,0.0,0.0,0.0
2026-07-30T11:28:14.791,3128.578,192,open,ACTUATOR_ACTIVE,TRAJECTORY_COMPLETE,24.0,46,9,0,0.29,46,0,0.0,0.0,0.0,0.0,0.0,0.0
2026-07-30T11:28:15.289,3129.063,192,open,ACTUATOR_ACTIVE,TRAJECTORY_COMPLETE,24.0,46,10,0,0.4,46,0,0.0,0.0,0.0,0.0,0.0,0.0
2026-07-30T11:28:15.802,3129.578,192,open,ACTUATOR_ACTIVE,TRAJECTORY_COMPLETE,24.0,46,10,-1,0.68,46,0,0.0,0.0,0.0,0.0,0.0,0.0
2026-07-30T11:28:16.300,3130.078,192,open,ACTUATOR_ACTIVE,TRAJECTORY_COMPLETE,24.0,46,10,1,0.35,46,0,0.0,0.0,0.0,0.0,0.0,0.0
2026-07-30T11:28:16.794,3130.578,192,open,ACTUATOR_ACTIVE,TRAJECTORY_COMPLETE,24.0,42,10,0,-0.16,42,0,0.0,0.0,0.0,0.0,0.0,0.0
2026-07-30T11:28:17.401,3131.188,193,close,ACTUATOR_ACTIVE,TRAJECTORY_RUNNING,24.0,42,10,7,1.28,42,0,0.0,0.0,0.0,0.0,0.0,0.0
2026-07-30T11:28:17.898,3131.672,193,close,ACTUATOR_ACTIVE,TRAJECTORY_RUNNING,24.0,42,12,4,1.22,42,0,0.0,0.0,0.0,0.0,0.0,0.0
2026-07-30T11:28:18.409,3132.188,193,close,ACTUATOR_ACTIVE,TRAJECTORY_RUNNING,24.0,42,14,5,1.02,42,0,0.0,0.0,0.0,0.0,0.0,0.0
2026-07-30T11:28:18.907,3132.688,193,close,ACTUATOR_ACTIVE,TRAJECTORY_RUNNING,24.0,42,17,7,2.17,42,0,0.0,0.0,0.0,0.0,0.0,0.0
2026-07-30T11:28:19.399,3133.172,193,close,ACTUATOR_ACTIVE,TRAJECTORY_RUNNING,24.0,42,20,9,0.95,42,0,0.0,0.0,0.0,0.0,0.0,0.0
2026-07-30T11:28:19.913,3133.688,193,close,ACTUATOR_ACTIVE,TRAJECTORY_RUNNING,24.0,42,24,8,2.53,42,0,0.0,0.0,0.0,0.0,0.0,0.0
2026-07-30T11:28:20.407,3134.188,193,close,ACTUATOR_ACTIVE,TRAJECTORY_RUNNING,24.0,44,28,6,2.24,44,0,0.0,0.0,0.0,0.0,0.0,0.0
2026-07-30T11:28:20.904,3134.688,193,close,ACTUATOR_ACTIVE,TRAJECTORY_RUNNING,24.0,44,30,-2,3.51,44,0,0.0,0.0,0.0,0.0,0.0,0.0
2026-07-30T11:28:21.400,3135.188,193,close,ACTUATOR_ACTIVE,TRAJECTORY_RUNNING,24.0,44,30,-1,2.07,44,0,0.0,0.0,0.0,0.0,0.0,0.0
2026-07-30T11:28:21.895,3135.672,193,close,ACTUATOR_ACTIVE,TRAJECTORY_RUNNING,24.0,44,30,1,2.0,44,0,0.0,0.0,0.0,0.0,0.0,0.0
2026-07-30T11:28:22.409,3136.188,193,close,ACTUATOR_ACTIVE,TRAJECTORY_RUNNING,24.0,44,30,0,1.98,44,0,0.0,0.0,0.0,0.0,0.0,0.0
2026-07-30T11:28:22.908,3136.688,193,close,ACTUATOR_ACTIVE,TRAJECTORY_RUNNING,24.0,44,30,0,1.98,44,0,0.0,0.0,0.0,0.0,0.0,0.0
2026-07-30T11:28:23.406,3137.188,193,close,ACTUATOR_ACTIVE,TRAJECTORY_RUNNING,24.0,44,30,-1,1.6,44,0,0.0,0.0,0.0,0.0,0.0,0.0
2026-07-30T11:28:23.899,3137.672,193,close,ACTUATOR_ACTIVE,TRAJECTORY_RUNNING,24.0,44,30,0,1.85,44,0,0.0,0.0,0.0,0.0,0.0,0.0
2026-07-30T11:28:24.409,3138.188,193,close,ACTUATOR_ACTIVE,TRAJECTORY_RUNNING,24.0,46,30,0,1.78,46,0,0.0,0.0,0.0,0.0,0.0,0.0
2026-07-30T11:28:24.906,3138.688,193,close,ACTUATOR_ACTIVE,TRAJECTORY_RUNNING,24.0,46,30,0,1.78,46,0,0.0,0.0,0.0,0.0,0.0,0.0
2026-07-30T11:28:25.514,3139.297,193,open,ACTUATOR_ACTIVE,TRAJECTORY_RUNNING,24.0,46,30,0,0.58,46,0,0.0,0.0,0.0,0.0,0.0,0.0
2026-07-30T11:28:26.012,3139.797,193,open,ACTUATOR_ACTIVE,TRAJECTORY_RUNNING,24.0,46,25,-11,-1.5,46,0,0.0,0.0,0.0,0.0,0.0,0.0
2026-07-30T11:28:26.509,3140.281,193,open,ACTUATOR_ACTIVE,TRAJECTORY_RUNNING,24.0,46,20,-11,0.27,46,0,0.0,0.0,0.0,0.0,0.0,0.0
2026-07-30T11:28:27.022,3140.797,193,open,ACTUATOR_ACTIVE,TRAJECTORY_RUNNING,24.0,46,14,-10,-3.13,46,0,0.0,0.0,0.0,0.0,0.0,0.0
2026-07-30T11:28:27.520,3141.297,193,open,ACTUATOR_ACTIVE,TRAJECTORY_COMPLETE,24.0,46,9,2,0.76,46,0,0.0,0.0,0.0,0.0,0.0,0.0
2026-07-30T11:28:28.014,3141.797,193,open,ACTUATOR_ACTIVE,TRAJECTORY_COMPLETE,24.0,46,9,0,0.21,46,0,0.0,0.0,0.0,0.0,0.0,0.0
2026-07-30T11:28:28.507,3142.281,193,open,ACTUATOR_ACTIVE,TRAJECTORY_COMPLETE,24.0,43,9,1,0.89,43,0,0.0,0.0,0.0,0.0,0.0,0.0
2026-07-30T11:28:29.019,3142.797,193,open,ACTUATOR_ACTIVE,TRAJECTORY_COMPLETE,24.0,43,9,0,0.46,43,0,0.0,0.0,0.0,0.0,0.0,0.0
2026-07-30T11:28:29.514,3143.297,193,open,ACTUATOR_ACTIVE,TRAJECTORY_COMPLETE,24.0,43,10,0,0.23,43,0,0.0,0.0,0.0,0.0,0.0,0.0
2026-07-30T11:28:30.013,3143.797,193,open,ACTUATOR_ACTIVE,TRAJECTORY_COMPLETE,24.0,43,10,-1,0.09,43,0,0.0,0.0,0.0,0.0,0.0,0.0
2026-07-30T11:28:30.510,3144.297,193,open,ACTUATOR_ACTIVE,TRAJECTORY_COMPLETE,24.0,43,10,0,0.77,43,0,0.0,0.0,0.0,0.0,0.0,0.0
2026-07-30T11:28:31.007,3144.781,193,open,ACTUATOR_ACTIVE,TRAJECTORY_COMPLETE,24.0,43,9,2,0.16,43,0,0.0,0.0,0.0,0.0,0.0,0.0
2026-07-30T11:28:31.521,3145.297,193,open,ACTUATOR_ACTIVE,TRAJECTORY_COMPLETE,24.0,43,10,0,0.2,43,0,0.0,0.0,0.0,0.0,0.0,0.0
2026-07-30T11:28:32.018,3145.797,193,open,ACTUATOR_ACTIVE,TRAJECTORY_COMPLETE,24.0,43,10,0,0.47,43,0,0.0,0.0,0.0,0.0,0.0,0.0
2026-07-30T11:28:32.516,3146.297,193,open,ACTUATOR_ACTIVE,TRAJECTORY_COMPLETE,24.0,45,10,0,0.36,45,0,0.0,0.0,0.0,0.0,0.0,0.0
2026-07-30T11:28:33.013,3146.797,193,open,ACTUATOR_ACTIVE,TRAJECTORY_COMPLETE,24.0,45,9,0,0.04,45,0,0.0,0.0,0.0,0.0,0.0,0.0
2026-07-30T11:28:33.623,3147.406,194,close,ACTUATOR_ACTIVE,TRAJECTORY_RUNNING,24.0,45,10,6,1.78,45,0,0.0,0.0,0.0,0.0,0.0,0.0
2026-07-30T11:28:34.118,3147.891,194,close,ACTUATOR_ACTIVE,TRAJECTORY_RUNNING,24.0,45,12,4,1.7,45,0,0.0,0.0,0.0,0.0,0.0,0.0
2026-07-30T11:28:34.631,3148.406,194,close,ACTUATOR_ACTIVE,TRAJECTORY_RUNNING,24.0,45,14,5,1.34,45,0,0.0,0.0,0.0,0.0,0.0,0.0
2026-07-30T11:28:35.128,3148.906,194,close,ACTUATOR_ACTIVE,TRAJECTORY_RUNNING,24.0,45,16,7,0.49,45,0,0.0,0.0,0.0,0.0,0.0,0.0
2026-07-30T11:28:35.622,3149.406,194,close,ACTUATOR_ACTIVE,TRAJECTORY_RUNNING,24.0,45,20,7,1.72,45,0,0.0,0.0,0.0,0.0,0.0,0.0
2026-07-30T11:28:36.117,3149.891,194,close,ACTUATOR_ACTIVE,TRAJECTORY_RUNNING,24.0,45,24,9,2.27,45,0,0.0,0.0,0.0,0.0,0.0,0.0
2026-07-30T11:28:36.629,3150.406,194,close,ACTUATOR_ACTIVE,TRAJECTORY_RUNNING,24.0,43,28,8,1.75,43,0,0.0,0.0,0.0,0.0,0.0,0.0
2026-07-30T11:28:37.123,3150.906,194,close,ACTUATOR_ACTIVE,TRAJECTORY_RUNNING,24.0,43,30,0,4.37,43,0,0.0,0.0,0.0,0.0,0.0,0.0
2026-07-30T11:28:37.620,3151.406,194,close,ACTUATOR_ACTIVE,TRAJECTORY_RUNNING,24.0,43,30,0,2.14,43,0,0.0,0.0,0.0,0.0,0.0,0.0
2026-07-30T11:28:38.115,3151.891,194,close,ACTUATOR_ACTIVE,TRAJECTORY_RUNNING,24.0,43,30,1,2.22,43,0,0.0,0.0,0.0,0.0,0.0,0.0
2026-07-30T11:28:38.625,3152.406,194,close,ACTUATOR_ACTIVE,TRAJECTORY_RUNNING,24.0,43,30,0,2.28,43,0,0.0,0.0,0.0,0.0,0.0,0.0
2026-07-30T11:28:39.121,3152.906,194,close,ACTUATOR_ACTIVE,TRAJECTORY_RUNNING,24.0,43,30,0,1.92,43,0,0.0,0.0,0.0,0.0,0.0,0.0
2026-07-30T11:28:39.614,3153.391,194,close,ACTUATOR_ACTIVE,TRAJECTORY_RUNNING,24.0,43,30,0,1.83,43,0,0.0,0.0,0.0,0.0,0.0,0.0
2026-07-30T11:28:40.126,3153.906,194,close,ACTUATOR_ACTIVE,TRAJECTORY_RUNNING,24.0,43,30,0,1.86,43,0,0.0,0.0,0.0,0.0,0.0,0.0
2026-07-30T11:28:40.620,3154.406,194,close,ACTUATOR_ACTIVE,TRAJECTORY_RUNNING,24.0,44,30,0,1.91,44,0,0.0,0.0,0.0,0.0,0.0,0.0
2026-07-30T11:28:41.119,3154.906,194,close,ACTUATOR_ACTIVE,TRAJECTORY_RUNNING,24.0,44,30,0,2.15,44,0,0.0,0.0,0.0,0.0,0.0,0.0
2026-07-30T11:28:41.730,3155.516,194,open,ACTUATOR_ACTIVE,TRAJECTORY_RUNNING,24.0,44,30,2,0.45,44,0,0.0,0.0,0.0,0.0,0.0,0.0
2026-07-30T11:28:42.225,3156.0,194,open,ACTUATOR_ACTIVE,TRAJECTORY_RUNNING,24.0,44,25,-11,-1.29,44,0,0.0,0.0,0.0,0.0,0.0,0.0
2026-07-30T11:28:42.735,3156.516,194,open,ACTUATOR_ACTIVE,TRAJECTORY_RUNNING,24.0,44,20,-11,-1.89,44,0,0.0,0.0,0.0,0.0,0.0,0.0
2026-07-30T11:28:43.234,3157.016,194,open,ACTUATOR_ACTIVE,TRAJECTORY_RUNNING,24.0,44,14,-12,-2.41,44,0,0.0,0.0,0.0,0.0,0.0,0.0
2026-07-30T11:28:43.728,3157.516,194,open,ACTUATOR_ACTIVE,TRAJECTORY_COMPLETE,24.0,44,9,1,0.29,44,0,0.0,0.0,0.0,0.0,0.0,0.0
2026-07-30T11:28:44.225,3158.0,194,open,ACTUATOR_ACTIVE,TRAJECTORY_COMPLETE,24.0,44,9,0,0.5,44,0,0.0,0.0,0.0,0.0,0.0,0.0
2026-07-30T11:28:44.735,3158.516,194,open,ACTUATOR_ACTIVE,TRAJECTORY_COMPLETE,24.0,43,10,0,0.25,43,0,0.0,0.0,0.0,0.0,0.0,0.0
2026-07-30T11:28:45.230,3159.016,194,open,ACTUATOR_ACTIVE,TRAJECTORY_COMPLETE,24.0,43,9,1,0.75,43,0,0.0,0.0,0.0,0.0,0.0,0.0
2026-07-30T11:28:45.727,3159.5,194,open,ACTUATOR_ACTIVE,TRAJECTORY_COMPLETE,24.0,43,10,0,-0.07,43,0,0.0,0.0,0.0,0.0,0.0,0.0
2026-07-30T11:28:46.236,3160.016,194,open,ACTUATOR_ACTIVE,TRAJECTORY_COMPLETE,24.0,43,9,0,0.11,43,0,0.0,0.0,0.0,0.0,0.0,0.0
2026-07-30T11:28:46.731,3160.516,194,open,ACTUATOR_ACTIVE,TRAJECTORY_COMPLETE,24.0,43,10,-1,0.16,43,0,0.0,0.0,0.0,0.0,0.0,0.0
2026-07-30T11:28:47.224,3161.0,194,open,ACTUATOR_ACTIVE,TRAJECTORY_COMPLETE,24.0,43,10,-2,0.09,43,0,0.0,0.0,0.0,0.0,0.0,0.0
2026-07-30T11:28:47.737,3161.516,194,open,ACTUATOR_ACTIVE,TRAJECTORY_COMPLETE,24.0,43,9,0,-0.22,43,0,0.0,0.0,0.0,0.0,0.0,0.0
2026-07-30T11:28:48.235,3162.016,194,open,ACTUATOR_ACTIVE,TRAJECTORY_COMPLETE,24.0,43,9,0,0.48,43,0,0.0,0.0,0.0,0.0,0.0,0.0
2026-07-30T11:28:48.730,3162.516,194,open,ACTUATOR_ACTIVE,TRAJECTORY_COMPLETE,24.0,43,10,0,0.23,43,0,0.0,0.0,0.0,0.0,0.0,0.0
2026-07-30T11:28:49.229,3163.016,194,open,ACTUATOR_ACTIVE,TRAJECTORY_COMPLETE,24.0,43,10,0,0.26,43,0,0.0,0.0,0.0,0.0,0.0,0.0
2026-07-30T11:28:49.841,3163.625,195,close,ACTUATOR_ACTIVE,TRAJECTORY_RUNNING,24.0,43,10,7,1.87,43,0,0.0,0.0,0.0,0.0,0.0,0.0
2026-07-30T11:28:50.339,3164.125,195,close,ACTUATOR_ACTIVE,TRAJECTORY_RUNNING,24.0,43,12,3,1.13,43,0,0.0,0.0,0.0,0.0,0.0,0.0
2026-07-30T11:28:50.836,3164.61,195,close,ACTUATOR_ACTIVE,TRAJECTORY_RUNNING,24.0,43,14,5,1.75,43,0,0.0,0.0,0.0,0.0,0.0,0.0
2026-07-30T11:28:51.349,3165.125,195,close,ACTUATOR_ACTIVE,TRAJECTORY_RUNNING,24.0,43,16,5,1.07,43,0,0.0,0.0,0.0,0.0,0.0,0.0
2026-07-30T11:28:51.846,3165.625,195,close,ACTUATOR_ACTIVE,TRAJECTORY_RUNNING,24.0,43,20,6,2.16,43,0,0.0,0.0,0.0,0.0,0.0,0.0
2026-07-30T11:28:52.344,3166.125,195,close,ACTUATOR_ACTIVE,TRAJECTORY_RUNNING,24.0,43,24,8,3.07,43,0,0.0,0.0,0.0,0.0,0.0,0.0
2026-07-30T11:28:52.841,3166.625,195,close,ACTUATOR_ACTIVE,TRAJECTORY_RUNNING,24.0,43,28,10,2.43,43,0,0.0,0.0,0.0,0.0,0.0,0.0
2026-07-30T11:28:53.338,3167.125,195,close,ACTUATOR_ACTIVE,TRAJECTORY_RUNNING,24.0,43,30,-1,4.04,43,0,0.0,0.0,0.0,0.0,0.0,0.0
2026-07-30T11:28:53.837,3167.625,195,close,ACTUATOR_ACTIVE,TRAJECTORY_RUNNING,24.0,43,30,0,2.2,43,0,0.0,0.0,0.0,0.0,0.0,0.0
2026-07-30T11:28:54.335,3168.11,195,close,ACTUATOR_ACTIVE,TRAJECTORY_RUNNING,24.0,43,30,0,2.01,43,0,0.0,0.0,0.0,0.0,0.0,0.0
2026-07-30T11:28:54.846,3168.625,195,close,ACTUATOR_ACTIVE,TRAJECTORY_RUNNING,24.0,43,30,0,1.69,43,0,0.0,0.0,0.0,0.0,0.0,0.0
2026-07-30T11:28:55.345,3169.125,195,close,ACTUATOR_ACTIVE,TRAJECTORY_RUNNING,24.0,43,30,0,1.8,43,0,0.0,0.0,0.0,0.0,0.0,0.0
2026-07-30T11:28:55.837,3169.61,195,close,ACTUATOR_ACTIVE,TRAJECTORY_RUNNING,24.0,43,30,1,1.72,43,0,0.0,0.0,0.0,0.0,0.0,0.0
2026-07-30T11:28:56.348,3170.125,195,close,ACTUATOR_ACTIVE,TRAJECTORY_RUNNING,24.0,43,30,1,2.21,43,0,0.0,0.0,0.0,0.0,0.0,0.0
2026-07-30T11:28:56.843,3170.625,195,close,ACTUATOR_ACTIVE,TRAJECTORY_RUNNING,24.0,43,30,0,1.96,43,0,0.0,0.0,0.0,0.0,0.0,0.0
2026-07-30T11:28:57.340,3171.125,195,close,ACTUATOR_ACTIVE,TRAJECTORY_RUNNING,24.0,43,30,-1,2.42,43,0,0.0,0.0,0.0,0.0,0.0,0.0
2026-07-30T11:28:57.947,3171.735,195,open,ACTUATOR_ACTIVE,TRAJECTORY_RUNNING,24.0,43,30,0,1.0,43,0,0.0,0.0,0.0,0.0,0.0,0.0
2026-07-30T11:28:58.442,3172.219,195,open,ACTUATOR_ACTIVE,TRAJECTORY_RUNNING,24.0,43,30,0,-0.71,43,0,0.0,0.0,0.0,0.0,0.0,0.0
2026-07-30T11:28:58.957,3172.735,195,open,ACTUATOR_ACTIVE,TRAJECTORY_RUNNING,24.0,43,29,-1,-0.46,43,0,0.0,0.0,0.0,0.0,0.0,0.0
2026-07-30T11:28:59.454,3173.235,195,open,ACTUATOR_ACTIVE,TRAJECTORY_RUNNING,24.0,43,28,-2,-1.01,43,0,0.0,0.0,0.0,0.0,0.0,0.0
2026-07-30T11:28:59.948,3173.735,195,open,ACTUATOR_ACTIVE,TRAJECTORY_RUNNING,24.0,43,26,-5,-1.87,43,0,0.0,0.0,0.0,0.0,0.0,0.0
2026-07-30T11:29:00.448,3174.235,195,open,ACTUATOR_ACTIVE,TRAJECTORY_RUNNING,24.0,44,23,-6,-1.01,44,0,0.0,0.0,0.0,0.0,0.0,0.0
2026-07-30T11:29:00.948,3174.735,195,open,ACTUATOR_ACTIVE,TRAJECTORY_RUNNING,24.0,44,19,-9,-1.98,44,0,0.0,0.0,0.0,0.0,0.0,0.0
2026-07-30T11:29:01.447,3175.235,195,open,ACTUATOR_ACTIVE,TRAJECTORY_RUNNING,24.0,44,14,-9,-1.98,44,0,0.0,0.0,0.0,0.0,0.0,0.0
2026-07-30T11:29:01.942,3175.719,195,open,ACTUATOR_ACTIVE,TRAJECTORY_RUNNING,24.0,44,10,-7,-1.46,44,0,0.0,0.0,0.0,0.0,0.0,0.0
2026-07-30T11:29:02.454,3176.235,195,open,ACTUATOR_ACTIVE,TRAJECTORY_RUNNING,24.0,44,8,0,-1.09,44,0,0.0,0.0,0.0,0.0,0.0,0.0
2026-07-30T11:29:02.951,3176.735,195,open,ACTUATOR_ACTIVE,TRAJECTORY_RUNNING,24.0,44,8,0,0.13,44,0,0.0,0.0,0.0,0.0,0.0,0.0
2026-07-30T11:29:03.442,3177.219,195,open,ACTUATOR_ACTIVE,TRAJECTORY_RUNNING,24.0,44,9,0,1.32,44,0,0.0,0.0,0.0,0.0,0.0,0.0
2026-07-30T11:29:03.955,3177.735,195,open,ACTUATOR_ACTIVE,TRAJECTORY_RUNNING,24.0,44,9,0,2.3,44,0,0.0,0.0,0.0,0.0,0.0,0.0
2026-07-30T11:29:04.451,3178.235,195,open,ACTUATOR_ACTIVE,TRAJECTORY_RUNNING,24.0,43,9,-1,2.24,43,0,0.0,0.0,0.0,0.0,0.0,0.0
2026-07-30T11:29:04.939,3178.719,195,open,ACTUATOR_ACTIVE,TRAJECTORY_RUNNING,24.0,43,9,0,1.87,43,0,0.0,0.0,0.0,0.0,0.0,0.0
2026-07-30T11:29:05.444,3179.219,195,open,ACTUATOR_ACTIVE,TRAJECTORY_STOPPED,24.0,43,9,0,1.86,43,0,0.0,0.0,0.0,0.0,0.0,0.0
2026-07-30T11:29:06.064,3179.844,196,close,ACTUATOR_ACTIVE,TRAJECTORY_RUNNING,24.0,43,9,8,1.66,43,0,0.0,0.0,0.0,0.0,0.0,0.0
2026-07-30T11:29:06.558,3180.344,196,close,ACTUATOR_ACTIVE,TRAJECTORY_RUNNING,24.0,43,14,8,2.07,43,0,0.0,0.0,0.0,0.0,0.0,0.0
2026-07-30T11:29:07.049,3180.828,196,close,ACTUATOR_ACTIVE,TRAJECTORY_RUNNING,24.0,43,18,9,0.97,43,0,0.0,0.0,0.0,0.0,0.0,0.0
2026-07-30T11:29:07.563,3181.344,196,close,ACTUATOR_ACTIVE,TRAJECTORY_RUNNING,24.0,43,22,10,1.85,43,0,0.0,0.0,0.0,0.0,0.0,0.0
2026-07-30T11:29:08.062,3181.844,196,close,ACTUATOR_ACTIVE,TRAJECTORY_RUNNING,24.0,43,27,9,2.84,43,0,0.0,0.0,0.0,0.0,0.0,0.0
2026-07-30T11:29:08.561,3182.344,196,close,ACTUATOR_ACTIVE,TRAJECTORY_RUNNING,24.0,49,31,3,19.88,49,0,0.0,0.0,0.0,0.0,0.0,0.0
2026-07-30T11:29:09.057,3182.844,196,close,ACTUATOR_ACTIVE,TRAJECTORY_RUNNING,24.0,49,31,0,30.6,49,0,0.0,0.0,0.0,0.0,0.0,0.0
2026-07-30T11:29:09.552,3183.328,196,close,ACTUATOR_ACTIVE,TRAJECTORY_RUNNING,24.0,49,31,1,29.93,49,0,0.0,0.0,0.0,0.0,0.0,0.0
2026-07-30T11:29:10.065,3183.844,196,close,ACTUATOR_ACTIVE,TRAJECTORY_RUNNING,24.0,49,31,0,29.61,49,0,0.0,0.0,0.0,0.0,0.0,0.0
2026-07-30T11:29:10.565,3184.344,196,close,ACTUATOR_ACTIVE,TRAJECTORY_RUNNING,24.0,49,31,0,31.81,49,0,0.0,0.0,0.0,0.0,0.0,0.0
2026-07-30T11:29:11.059,3184.844,196,close,ACTUATOR_ACTIVE,TRAJECTORY_RUNNING,24.0,49,31,0,32.84,49,0,0.0,0.0,0.0,0.0,0.0,0.0
2026-07-30T11:29:11.558,3185.344,196,close,ACTUATOR_ACTIVE,TRAJECTORY_RUNNING,24.0,49,31,0,30.11,49,0,0.0,0.0,0.0,0.0,0.0,0.0
2026-07-30T11:29:12.056,3185.828,196,close,ACTUATOR_ACTIVE,TRAJECTORY_RUNNING,24.0,49,31,0,27.59,49,0,0.0,0.0,0.0,0.0,0.0,0.0
2026-07-30T11:29:12.571,3186.344,196,close,ACTUATOR_ACTIVE,TRAJECTORY_RUNNING,24.0,48,31,0,30.27,48,0,0.0,0.0,0.0,0.0,0.0,0.0
2026-07-30T11:29:13.065,3186.844,196,close,ACTUATOR_ACTIVE,TRAJECTORY_RUNNING,24.0,48,31,0,29.3,48,0,0.0,0.0,0.0,0.0,0.0,0.0
2026-07-30T11:29:13.564,3187.344,196,close,ACTUATOR_ACTIVE,TRAJECTORY_RUNNING,24.0,48,31,0,32.39,48,0,0.0,0.0,0.0,0.0,0.0,0.0
2026-07-30T11:29:14.176,3187.953,196,open,ACTUATOR_ACTIVE,TRAJECTORY_RUNNING,24.0,48,31,-3,4.8,48,0,0.0,0.0,0.0,0.0,0.0,0.0
2026-07-30T11:29:14.676,3188.453,196,open,ACTUATOR_ACTIVE,TRAJECTORY_RUNNING,24.0,48,27,-11,-1.09,48,0,0.0,0.0,0.0,0.0,0.0,0.0
2026-07-30T11:29:15.172,3188.953,196,open,ACTUATOR_ACTIVE,TRAJECTORY_RUNNING,24.0,48,21,-12,-0.95,48,0,0.0,0.0,0.0,0.0,0.0,0.0
2026-07-30T11:29:15.670,3189.453,196,open,ACTUATOR_ACTIVE,TRAJECTORY_RUNNING,24.0,48,16,-10,-2.26,48,0,0.0,0.0,0.0,0.0,0.0,0.0
2026-07-30T11:29:16.166,3189.953,196,open,ACTUATOR_ACTIVE,TRAJECTORY_RUNNING,24.0,48,10,-10,-2.64,48,0,0.0,0.0,0.0,0.0,0.0,0.0
2026-07-30T11:29:16.663,3190.438,196,open,ACTUATOR_ACTIVE,TRAJECTORY_COMPLETE,24.0,40,10,-1,0.19,40,0,0.0,0.0,0.0,0.0,0.0,0.0
2026-07-30T11:29:17.173,3190.953,196,open,ACTUATOR_ACTIVE,TRAJECTORY_COMPLETE,24.0,40,9,-1,-0.25,40,0,0.0,0.0,0.0,0.0,0.0,0.0
2026-07-30T11:29:17.670,3191.453,196,open,ACTUATOR_ACTIVE,TRAJECTORY_COMPLETE,24.0,40,9,1,0.07,40,0,0.0,0.0,0.0,0.0,0.0,0.0
2026-07-30T11:29:18.167,3191.953,196,open,ACTUATOR_ACTIVE,TRAJECTORY_COMPLETE,24.0,40,9,0,0.2,40,0,0.0,0.0,0.0,0.0,0.0,0.0
2026-07-30T11:29:18.660,3192.438,196,open,ACTUATOR_ACTIVE,TRAJECTORY_COMPLETE,24.0,40,9,0,-1.32,40,0,0.0,0.0,0.0,0.0,0.0,0.0
2026-07-30T11:29:19.171,3192.953,196,open,ACTUATOR_ACTIVE,TRAJECTORY_COMPLETE,24.0,40,9,0,0.14,40,0,0.0,0.0,0.0,0.0,0.0,0.0
2026-07-30T11:29:19.666,3193.453,196,open,ACTUATOR_ACTIVE,TRAJECTORY_COMPLETE,24.0,40,9,-1,0.21,40,0,0.0,0.0,0.0,0.0,0.0,0.0
2026-07-30T11:29:20.162,3193.938,196,open,ACTUATOR_ACTIVE,TRAJECTORY_COMPLETE,24.0,40,10,0,0.5,40,0,0.0,0.0,0.0,0.0,0.0,0.0
2026-07-30T11:29:20.672,3194.453,196,open,ACTUATOR_ACTIVE,TRAJECTORY_COMPLETE,24.0,44,10,0,0.35,44,0,0.0,0.0,0.0,0.0,0.0,0.0
2026-07-30T11:29:21.172,3194.953,196,open,ACTUATOR_ACTIVE,TRAJECTORY_COMPLETE,24.0,44,10,0,-0.12,44,0,0.0,0.0,0.0,0.0,0.0,0.0
2026-07-30T11:29:21.671,3195.453,196,open,ACTUATOR_ACTIVE,TRAJECTORY_COMPLETE,24.0,44,10,1,0.4,44,0,0.0,0.0,0.0,0.0,0.0,0.0
2026-07-30T11:29:22.287,3196.063,197,close,ACTUATOR_ACTIVE,TRAJECTORY_RUNNING,24.0,44,10,6,1.4,44,0,0.0,0.0,0.0,0.0,0.0,0.0
2026-07-30T11:29:22.783,3196.563,197,close,ACTUATOR_ACTIVE,TRAJECTORY_RUNNING,24.0,44,12,3,1.69,44,0,0.0,0.0,0.0,0.0,0.0,0.0
2026-07-30T11:29:23.278,3197.063,197,close,ACTUATOR_ACTIVE,TRAJECTORY_RUNNING,24.0,44,14,5,1.59,44,0,0.0,0.0,0.0,0.0,0.0,0.0
2026-07-30T11:29:23.777,3197.563,197,close,ACTUATOR_ACTIVE,TRAJECTORY_RUNNING,24.0,44,16,8,2.31,44,0,0.0,0.0,0.0,0.0,0.0,0.0
2026-07-30T11:29:24.272,3198.047,197,close,ACTUATOR_ACTIVE,TRAJECTORY_RUNNING,24.0,44,20,8,1.14,44,0,0.0,0.0,0.0,0.0,0.0,0.0
2026-07-30T11:29:24.784,3198.563,197,close,ACTUATOR_ACTIVE,TRAJECTORY_RUNNING,24.0,41,24,7,2.04,41,0,0.0,0.0,0.0,0.0,0.0,0.0
2026-07-30T11:29:25.277,3199.063,197,close,ACTUATOR_ACTIVE,TRAJECTORY_RUNNING,24.0,41,28,8,1.87,41,0,0.0,0.0,0.0,0.0,0.0,0.0
2026-07-30T11:29:25.773,3199.547,197,close,ACTUATOR_ACTIVE,TRAJECTORY_RUNNING,24.0,41,30,0,4.78,41,0,0.0,0.0,0.0,0.0,0.0,0.0
2026-07-30T11:29:26.284,3200.063,197,close,ACTUATOR_ACTIVE,TRAJECTORY_RUNNING,24.0,41,30,2,2.35,41,0,0.0,0.0,0.0,0.0,0.0,0.0
2026-07-30T11:29:26.778,3200.563,197,close,ACTUATOR_ACTIVE,TRAJECTORY_RUNNING,24.0,41,30,0,1.98,41,0,0.0,0.0,0.0,0.0,0.0,0.0
2026-07-30T11:29:27.274,3201.047,197,close,ACTUATOR_ACTIVE,TRAJECTORY_STOPPED,24.0,41,30,0,1.97,41,0,0.0,0.0,0.0,0.0,0.0,0.0
2026-07-30T11:29:27.783,3201.563,197,close,ACTUATOR_ACTIVE,TRAJECTORY_RUNNING,24.0,41,30,1,2.75,41,0,0.0,0.0,0.0,0.0,0.0,0.0
2026-07-30T11:29:28.278,3202.063,197,close,ACTUATOR_ACTIVE,TRAJECTORY_RUNNING,24.0,41,30,0,1.76,41,0,0.0,0.0,0.0,0.0,0.0,0.0
2026-07-30T11:29:28.774,3202.547,197,close,ACTUATOR_ACTIVE,TRAJECTORY_RUNNING,24.0,43,30,-1,2.15,43,0,0.0,0.0,0.0,0.0,0.0,0.0
2026-07-30T11:29:29.286,3203.063,197,close,ACTUATOR_ACTIVE,TRAJECTORY_RUNNING,24.0,43,30,0,1.81,43,0,0.0,0.0,0.0,0.0,0.0,0.0
2026-07-30T11:29:29.783,3203.563,197,close,ACTUATOR_ACTIVE,TRAJECTORY_RUNNING,24.0,43,30,1,1.87,43,0,0.0,0.0,0.0,0.0,0.0,0.0
2026-07-30T11:29:30.391,3204.172,197,open,ACTUATOR_ACTIVE,TRAJECTORY_RUNNING,24.0,43,30,0,0.81,43,0,0.0,0.0,0.0,0.0,0.0,0.0
2026-07-30T11:29:30.889,3204.672,197,open,ACTUATOR_ACTIVE,TRAJECTORY_RUNNING,24.0,43,30,0,-0.83,43,0,0.0,0.0,0.0,0.0,0.0,0.0
2026-07-30T11:29:31.389,3205.172,197,open,ACTUATOR_ACTIVE,TRAJECTORY_RUNNING,24.0,43,29,-1,-0.83,43,0,0.0,0.0,0.0,0.0,0.0,0.0
2026-07-30T11:29:31.888,3205.672,197,open,ACTUATOR_ACTIVE,TRAJECTORY_RUNNING,24.0,43,28,-2,-0.94,43,0,0.0,0.0,0.0,0.0,0.0,0.0
2026-07-30T11:29:32.387,3206.172,197,open,ACTUATOR_ACTIVE,TRAJECTORY_RUNNING,24.0,46,26,-6,-0.97,46,0,0.0,0.0,0.0,0.0,0.0,0.0
2026-07-30T11:29:32.885,3206.672,197,open,ACTUATOR_ACTIVE,TRAJECTORY_RUNNING,24.0,46,23,-7,-1.2,46,0,0.0,0.0,0.0,0.0,0.0,0.0
2026-07-30T11:29:33.380,3207.156,197,open,ACTUATOR_ACTIVE,TRAJECTORY_RUNNING,24.0,46,19,-10,-1.08,46,0,0.0,0.0,0.0,0.0,0.0,0.0
2026-07-30T11:29:33.894,3207.672,197,open,ACTUATOR_ACTIVE,TRAJECTORY_RUNNING,24.0,46,14,-9,-0.28,46,0,0.0,0.0,0.0,0.0,0.0,0.0
2026-07-30T11:29:34.390,3208.172,197,open,ACTUATOR_ACTIVE,TRAJECTORY_RUNNING,24.0,46,10,-10,-2.79,46,0,0.0,0.0,0.0,0.0,0.0,0.0
2026-07-30T11:29:34.888,3208.672,197,open,ACTUATOR_ACTIVE,TRAJECTORY_RUNNING,24.0,46,8,0,-1.28,46,0,0.0,0.0,0.0,0.0,0.0,0.0
2026-07-30T11:29:35.387,3209.172,197,open,ACTUATOR_ACTIVE,TRAJECTORY_RUNNING,24.0,46,8,0,0.67,46,0,0.0,0.0,0.0,0.0,0.0,0.0
2026-07-30T11:29:35.881,3209.656,197,open,ACTUATOR_ACTIVE,TRAJECTORY_RUNNING,24.0,46,9,0,1.29,46,0,0.0,0.0,0.0,0.0,0.0,0.0
2026-07-30T11:29:36.392,3210.172,197,open,ACTUATOR_ACTIVE,TRAJECTORY_RUNNING,24.0,44,9,1,1.78,44,0,0.0,0.0,0.0,0.0,0.0,0.0
2026-07-30T11:29:36.890,3210.672,197,open,ACTUATOR_ACTIVE,TRAJECTORY_RUNNING,24.0,44,9,0,1.92,44,0,0.0,0.0,0.0,0.0,0.0,0.0
2026-07-30T11:29:37.387,3211.172,197,open,ACTUATOR_ACTIVE,TRAJECTORY_RUNNING,24.0,44,9,0,2.13,44,0,0.0,0.0,0.0,0.0,0.0,0.0
2026-07-30T11:29:37.883,3211.656,197,open,ACTUATOR_ACTIVE,TRAJECTORY_RUNNING,24.0,44,9,0,1.63,44,0,0.0,0.0,0.0,0.0,0.0,0.0
2026-07-30T11:29:38.516,3212.297,198,close,ACTUATOR_ACTIVE,TRAJECTORY_RUNNING,24.0,44,9,7,1.25,44,0,0.0,0.0,0.0,0.0,0.0,0.0
2026-07-30T11:29:39.014,3212.797,198,close,ACTUATOR_ACTIVE,TRAJECTORY_RUNNING,24.0,44,12,5,2.56,44,0,0.0,0.0,0.0,0.0,0.0,0.0
2026-07-30T11:29:39.513,3213.297,198,close,ACTUATOR_ACTIVE,TRAJECTORY_RUNNING,24.0,44,15,6,1.75,44,0,0.0,0.0,0.0,0.0,0.0,0.0
2026-07-30T11:29:40.011,3213.797,198,close,ACTUATOR_ACTIVE,TRAJECTORY_RUNNING,24.0,44,19,8,2.38,44,0,0.0,0.0,0.0,0.0,0.0,0.0
2026-07-30T11:29:40.504,3214.281,198,close,ACTUATOR_ACTIVE,TRAJECTORY_RUNNING,24.0,45,23,8,2.83,45,0,0.0,0.0,0.0,0.0,0.0,0.0
2026-07-30T11:29:41.019,3214.797,198,close,ACTUATOR_ACTIVE,TRAJECTORY_RUNNING,24.0,45,27,9,1.33,45,0,0.0,0.0,0.0,0.0,0.0,0.0
2026-07-30T11:29:41.511,3215.297,198,close,ACTUATOR_ACTIVE,TRAJECTORY_RUNNING,24.0,45,30,0,6.6,45,0,0.0,0.0,0.0,0.0,0.0,0.0
2026-07-30T11:29:42.007,3215.781,198,close,ACTUATOR_ACTIVE,TRAJECTORY_RUNNING,24.0,45,30,0,2.27,45,0,0.0,0.0,0.0,0.0,0.0,0.0
2026-07-30T11:29:42.510,3216.297,198,close,ACTUATOR_ACTIVE,TRAJECTORY_RUNNING,24.0,45,30,0,1.95,45,0,0.0,0.0,0.0,0.0,0.0,0.0
2026-07-30T11:29:43.009,3216.797,198,close,ACTUATOR_ACTIVE,TRAJECTORY_RUNNING,24.0,45,30,2,2.39,45,0,0.0,0.0,0.0,0.0,0.0,0.0
2026-07-30T11:29:43.513,3217.297,198,close,ACTUATOR_ACTIVE,TRAJECTORY_RUNNING,24.0,45,30,1,2.09,45,0,0.0,0.0,0.0,0.0,0.0,0.0
2026-07-30T11:29:44.010,3217.797,198,close,ACTUATOR_ACTIVE,TRAJECTORY_RUNNING,24.0,45,30,1,1.74,45,0,0.0,0.0,0.0,0.0,0.0,0.0
2026-07-30T11:29:44.507,3218.281,198,close,ACTUATOR_ACTIVE,TRAJECTORY_RUNNING,24.0,47,30,0,1.91,47,0,0.0,0.0,0.0,0.0,0.0,0.0
2026-07-30T11:29:45.014,3218.797,198,close,ACTUATOR_ACTIVE,TRAJECTORY_RUNNING,24.0,47,30,-1,1.86,47,0,0.0,0.0,0.0,0.0,0.0,0.0
2026-07-30T11:29:45.513,3219.297,198,close,ACTUATOR_ACTIVE,TRAJECTORY_RUNNING,24.0,47,30,1,2.24,47,0,0.0,0.0,0.0,0.0,0.0,0.0
2026-07-30T11:29:46.001,3219.781,198,close,ACTUATOR_ACTIVE,TRAJECTORY_RUNNING,24.0,47,30,-1,2.12,47,0,0.0,0.0,0.0,0.0,0.0,0.0
2026-07-30T11:29:46.629,3220.406,198,open,ACTUATOR_ACTIVE,TRAJECTORY_RUNNING,24.0,47,30,0,0.62,47,0,0.0,0.0,0.0,0.0,0.0,0.0
2026-07-30T11:29:47.128,3220.906,198,open,ACTUATOR_ACTIVE,TRAJECTORY_RUNNING,24.0,47,26,-11,-0.76,47,0,0.0,0.0,0.0,0.0,0.0,0.0
2026-07-30T11:29:47.623,3221.406,198,open,ACTUATOR_ACTIVE,TRAJECTORY_RUNNING,24.0,47,20,-12,-1.72,47,0,0.0,0.0,0.0,0.0,0.0,0.0
2026-07-30T11:29:48.119,3221.906,198,open,ACTUATOR_ACTIVE,TRAJECTORY_RUNNING,24.0,47,14,-10,-1.32,47,0,0.0,0.0,0.0,0.0,0.0,0.0
2026-07-30T11:29:48.617,3222.391,198,open,ACTUATOR_ACTIVE,TRAJECTORY_COMPLETE,24.0,45,9,1,0.21,45,0,0.0,0.0,0.0,0.0,0.0,0.0
2026-07-30T11:29:49.130,3222.906,198,open,ACTUATOR_ACTIVE,TRAJECTORY_COMPLETE,24.0,45,10,0,0.01,45,0,0.0,0.0,0.0,0.0,0.0,0.0
2026-07-30T11:29:49.625,3223.406,198,open,ACTUATOR_ACTIVE,TRAJECTORY_COMPLETE,24.0,45,10,0,-0.82,45,0,0.0,0.0,0.0,0.0,0.0,0.0
2026-07-30T11:29:50.124,3223.906,198,open,ACTUATOR_ACTIVE,TRAJECTORY_COMPLETE,24.0,45,9,-1,0.09,45,0,0.0,0.0,0.0,0.0,0.0,0.0
2026-07-30T11:29:50.622,3224.406,198,open,ACTUATOR_ACTIVE,TRAJECTORY_COMPLETE,24.0,45,9,-1,0.44,45,0,0.0,0.0,0.0,0.0,0.0,0.0
2026-07-30T11:29:51.121,3224.906,198,open,ACTUATOR_ACTIVE,TRAJECTORY_COMPLETE,24.0,45,9,-1,-0.73,45,0,0.0,0.0,0.0,0.0,0.0,0.0
2026-07-30T11:29:51.618,3225.391,198,open,ACTUATOR_ACTIVE,TRAJECTORY_COMPLETE,24.0,45,9,0,0.4,45,0,0.0,0.0,0.0,0.0,0.0,0.0
2026-07-30T11:29:52.130,3225.906,198,open,ACTUATOR_ACTIVE,TRAJECTORY_COMPLETE,24.0,45,9,0,0.15,45,0,0.0,0.0,0.0,0.0,0.0,0.0
2026-07-30T11:29:52.626,3226.406,198,open,ACTUATOR_ACTIVE,TRAJECTORY_COMPLETE,24.0,43,9,0,0.08,43,0,0.0,0.0,0.0,0.0,0.0,0.0
2026-07-30T11:29:53.119,3226.906,198,open,ACTUATOR_ACTIVE,TRAJECTORY_COMPLETE,24.0,43,9,0,0.49,43,0,0.0,0.0,0.0,0.0,0.0,0.0
2026-07-30T11:29:53.618,3227.391,198,open,ACTUATOR_ACTIVE,TRAJECTORY_COMPLETE,24.0,43,9,0,0.12,43,0,0.0,0.0,0.0,0.0,0.0,0.0
2026-07-30T11:29:54.131,3227.906,198,open,ACTUATOR_ACTIVE,TRAJECTORY_COMPLETE,24.0,43,10,-1,0.6,43,0,0.0,0.0,0.0,0.0,0.0,0.0
2026-07-30T11:29:54.740,3228.516,199,close,ACTUATOR_ACTIVE,TRAJECTORY_RUNNING,24.0,43,10,5,0.96,43,0,0.0,0.0,0.0,0.0,0.0,0.0
2026-07-30T11:29:55.248,3229.031,199,close,ACTUATOR_ACTIVE,TRAJECTORY_RUNNING,24.0,43,12,3,2.36,43,0,0.0,0.0,0.0,0.0,0.0,0.0
2026-07-30T11:29:55.740,3229.516,199,close,ACTUATOR_ACTIVE,TRAJECTORY_RUNNING,24.0,43,15,4,2.13,43,0,0.0,0.0,0.0,0.0,0.0,0.0
2026-07-30T11:29:56.250,3230.031,199,close,ACTUATOR_ACTIVE,TRAJECTORY_RUNNING,24.0,43,18,7,1.35,43,0,0.0,0.0,0.0,0.0,0.0,0.0
2026-07-30T11:29:56.747,3230.531,199,close,ACTUATOR_ACTIVE,TRAJECTORY_RUNNING,24.0,45,22,8,0.74,45,0,0.0,0.0,0.0,0.0,0.0,0.0
2026-07-30T11:29:57.246,3231.031,199,close,ACTUATOR_ACTIVE,TRAJECTORY_RUNNING,24.0,45,26,9,2.1,45,0,0.0,0.0,0.0,0.0,0.0,0.0
2026-07-30T11:29:57.744,3231.531,199,close,ACTUATOR_ACTIVE,TRAJECTORY_RUNNING,24.0,45,30,3,4.87,45,0,0.0,0.0,0.0,0.0,0.0,0.0
2026-07-30T11:29:58.236,3232.016,199,close,ACTUATOR_ACTIVE,TRAJECTORY_RUNNING,24.0,45,30,0,2.48,45,0,0.0,0.0,0.0,0.0,0.0,0.0
2026-07-30T11:29:58.750,3232.531,199,close,ACTUATOR_ACTIVE,TRAJECTORY_RUNNING,24.0,45,30,0,2.02,45,0,0.0,0.0,0.0,0.0,0.0,0.0
2026-07-30T11:29:59.248,3233.031,199,close,ACTUATOR_ACTIVE,TRAJECTORY_RUNNING,24.0,45,30,-1,1.99,45,0,0.0,0.0,0.0,0.0,0.0,0.0
2026-07-30T11:29:59.742,3233.516,199,close,ACTUATOR_ACTIVE,TRAJECTORY_STOPPED,24.0,45,30,1,1.8,45,0,0.0,0.0,0.0,0.0,0.0,0.0
2026-07-30T11:30:00.251,3234.031,199,close,ACTUATOR_ACTIVE,TRAJECTORY_RUNNING,24.0,45,30,0,1.76,45,0,0.0,0.0,0.0,0.0,0.0,0.0
2026-07-30T11:30:00.752,3234.531,199,close,ACTUATOR_ACTIVE,TRAJECTORY_RUNNING,24.0,45,30,0,1.88,45,0,0.0,0.0,0.0,0.0,0.0,0.0
2026-07-30T11:30:01.248,3235.031,199,close,ACTUATOR_ACTIVE,TRAJECTORY_RUNNING,24.0,45,30,0,2.79,45,0,0.0,0.0,0.0,0.0,0.0,0.0
2026-07-30T11:30:01.744,3235.531,199,close,ACTUATOR_ACTIVE,TRAJECTORY_RUNNING,24.0,45,30,0,1.98,45,0,0.0,0.0,0.0,0.0,0.0,0.0
2026-07-30T11:30:02.241,3236.016,199,close,ACTUATOR_ACTIVE,TRAJECTORY_RUNNING,24.0,45,30,0,2.4,45,0,0.0,0.0,0.0,0.0,0.0,0.0
2026-07-30T11:30:02.864,3236.641,199,open,ACTUATOR_ACTIVE,TRAJECTORY_RUNNING,24.0,45,30,0,1.55,45,0,0.0,0.0,0.0,0.0,0.0,0.0
2026-07-30T11:30:03.360,3237.141,199,open,ACTUATOR_ACTIVE,TRAJECTORY_RUNNING,24.0,45,30,0,-0.74,45,0,0.0,0.0,0.0,0.0,0.0,0.0
2026-07-30T11:30:03.858,3237.641,199,open,ACTUATOR_ACTIVE,TRAJECTORY_RUNNING,24.0,45,29,-1,-0.71,45,0,0.0,0.0,0.0,0.0,0.0,0.0
2026-07-30T11:30:04.357,3238.141,199,open,ACTUATOR_ACTIVE,TRAJECTORY_RUNNING,24.0,43,28,-1,-0.88,43,0,0.0,0.0,0.0,0.0,0.0,0.0
2026-07-30T11:30:04.854,3238.641,199,open,ACTUATOR_ACTIVE,TRAJECTORY_RUNNING,24.0,43,26,-6,-1.11,43,0,0.0,0.0,0.0,0.0,0.0,0.0
2026-07-30T11:30:05.351,3239.125,199,open,ACTUATOR_ACTIVE,TRAJECTORY_RUNNING,24.0,43,23,-6,-0.75,43,0,0.0,0.0,0.0,0.0,0.0,0.0
2026-07-30T11:30:05.864,3239.641,199,open,ACTUATOR_ACTIVE,TRAJECTORY_RUNNING,24.0,43,19,-8,-1.34,43,0,0.0,0.0,0.0,0.0,0.0,0.0
2026-07-30T11:30:06.362,3240.141,199,open,ACTUATOR_ACTIVE,TRAJECTORY_RUNNING,24.0,43,14,-9,-1.96,43,0,0.0,0.0,0.0,0.0,0.0,0.0
2026-07-30T11:30:06.859,3240.641,199,open,ACTUATOR_ACTIVE,TRAJECTORY_RUNNING,24.0,43,10,-9,-3.92,43,0,0.0,0.0,0.0,0.0,0.0,0.0
2026-07-30T11:30:07.358,3241.141,199,open,ACTUATOR_ACTIVE,TRAJECTORY_RUNNING,24.0,43,8,0,-1.04,43,0,0.0,0.0,0.0,0.0,0.0,0.0
2026-07-30T11:30:07.854,3241.641,199,open,ACTUATOR_ACTIVE,TRAJECTORY_RUNNING,24.0,43,8,0,-0.11,43,0,0.0,0.0,0.0,0.0,0.0,0.0
2026-07-30T11:30:08.350,3242.125,199,open,ACTUATOR_ACTIVE,TRAJECTORY_RUNNING,24.0,38,9,0,1.6,38,0,0.0,0.0,0.0,0.0,0.0,0.0
2026-07-30T11:30:08.864,3242.641,199,open,ACTUATOR_ACTIVE,TRAJECTORY_RUNNING,24.0,38,9,0,1.66,38,0,0.0,0.0,0.0,0.0,0.0,0.0
2026-07-30T11:30:09.360,3243.141,199,open,ACTUATOR_ACTIVE,TRAJECTORY_RUNNING,24.0,38,9,0,1.89,38,0,0.0,0.0,0.0,0.0,0.0,0.0
2026-07-30T11:30:09.860,3243.641,199,open,ACTUATOR_ACTIVE,TRAJECTORY_RUNNING,24.0,38,9,0,1.86,38,0,0.0,0.0,0.0,0.0,0.0,0.0
2026-07-30T11:30:10.357,3244.141,199,open,ACTUATOR_ACTIVE,TRAJECTORY_RUNNING,24.0,38,9,0,1.69,38,0,0.0,0.0,0.0,0.0,0.0,0.0
2026-07-30T11:30:10.962,3244.75,200,close,ACTUATOR_ACTIVE,TRAJECTORY_RUNNING,24.0,38,9,5,1.71,38,0,0.0,0.0,0.0,0.0,0.0,0.0
2026-07-30T11:30:11.459,3245.235,200,close,ACTUATOR_ACTIVE,TRAJECTORY_RUNNING,24.0,38,12,5,0.91,38,0,0.0,0.0,0.0,0.0,0.0,0.0
2026-07-30T11:30:11.971,3245.75,200,close,ACTUATOR_ACTIVE,TRAJECTORY_RUNNING,24.0,38,16,5,0.98,38,0,0.0,0.0,0.0,0.0,0.0,0.0
2026-07-30T11:30:12.472,3246.25,200,close,ACTUATOR_ACTIVE,TRAJECTORY_RUNNING,24.0,50,19,7,1.74,50,0,0.0,0.0,0.0,0.0,0.0,0.0
2026-07-30T11:30:12.965,3246.75,200,close,ACTUATOR_ACTIVE,TRAJECTORY_RUNNING,24.0,50,24,9,2.6,50,0,0.0,0.0,0.0,0.0,0.0,0.0
2026-07-30T11:30:13.461,3247.235,200,close,ACTUATOR_ACTIVE,TRAJECTORY_RUNNING,24.0,50,28,8,2.75,50,0,0.0,0.0,0.0,0.0,0.0,0.0
2026-07-30T11:30:13.970,3247.75,200,close,ACTUATOR_ACTIVE,TRAJECTORY_RUNNING,24.0,50,30,0,4.58,50,0,0.0,0.0,0.0,0.0,0.0,0.0
2026-07-30T11:30:14.466,3248.25,200,close,ACTUATOR_ACTIVE,TRAJECTORY_RUNNING,24.0,50,30,0,2.7,50,0,0.0,0.0,0.0,0.0,0.0,0.0
2026-07-30T11:30:14.959,3248.735,200,close,ACTUATOR_ACTIVE,TRAJECTORY_RUNNING,24.0,50,30,0,2.32,50,0,0.0,0.0,0.0,0.0,0.0,0.0
2026-07-30T11:30:15.471,3249.25,200,close,ACTUATOR_ACTIVE,TRAJECTORY_RUNNING,24.0,50,30,0,1.92,50,0,0.0,0.0,0.0,0.0,0.0,0.0
2026-07-30T11:30:15.969,3249.75,200,close,ACTUATOR_ACTIVE,TRAJECTORY_RUNNING,24.0,50,30,-1,1.89,50,0,0.0,0.0,0.0,0.0,0.0,0.0
2026-07-30T11:30:16.462,3250.25,200,close,ACTUATOR_ACTIVE,TRAJECTORY_RUNNING,24.0,45,30,-1,2.02,45,0,0.0,0.0,0.0,0.0,0.0,0.0
2026-07-30T11:30:16.962,3250.735,200,close,ACTUATOR_ACTIVE,TRAJECTORY_RUNNING,24.0,45,30,-1,1.89,45,0,0.0,0.0,0.0,0.0,0.0,0.0
2026-07-30T11:30:17.476,3251.25,200,close,ACTUATOR_ACTIVE,TRAJECTORY_RUNNING,24.0,45,30,-2,1.85,45,0,0.0,0.0,0.0,0.0,0.0,0.0
2026-07-30T11:30:17.974,3251.75,200,close,ACTUATOR_ACTIVE,TRAJECTORY_RUNNING,24.0,45,30,-1,2.08,45,0,0.0,0.0,0.0,0.0,0.0,0.0
2026-07-30T11:30:18.468,3252.25,200,close,ACTUATOR_ACTIVE,TRAJECTORY_RUNNING,24.0,45,30,0,2.09,45,0,0.0,0.0,0.0,0.0,0.0,0.0
2026-07-30T11:30:19.077,3252.86,200,open,ACTUATOR_ACTIVE,TRAJECTORY_RUNNING,24.0,45,30,0,0.79,45,0,0.0,0.0,0.0,0.0,0.0,0.0
2026-07-30T11:30:19.575,3253.36,200,open,ACTUATOR_ACTIVE,TRAJECTORY_RUNNING,24.0,45,26,-11,-1.53,45,0,0.0,0.0,0.0,0.0,0.0,0.0
2026-07-30T11:30:20.072,3253.86,200,open,ACTUATOR_ACTIVE,TRAJECTORY_RUNNING,24.0,45,20,-12,-1.8,45,0,0.0,0.0,0.0,0.0,0.0,0.0
2026-07-30T11:30:20.568,3254.344,200,open,ACTUATOR_ACTIVE,TRAJECTORY_RUNNING,24.0,40,14,-11,-2.75,40,0,0.0,0.0,0.0,0.0,0.0,0.0
2026-07-30T11:30:21.081,3254.86,200,open,ACTUATOR_ACTIVE,TRAJECTORY_COMPLETE,24.0,40,9,1,0.81,40,0,0.0,0.0,0.0,0.0,0.0,0.0
2026-07-30T11:30:21.576,3255.36,200,open,ACTUATOR_ACTIVE,TRAJECTORY_COMPLETE,24.0,40,9,0,0.74,40,0,0.0,0.0,0.0,0.0,0.0,0.0
2026-07-30T11:30:22.072,3255.86,200,open,ACTUATOR_ACTIVE,TRAJECTORY_COMPLETE,24.0,40,9,0,-0.14,40,0,0.0,0.0,0.0,0.0,0.0,0.0
2026-07-30T11:30:22.564,3256.344,200,open,ACTUATOR_ACTIVE,TRAJECTORY_COMPLETE,24.0,40,9,-1,0.34,40,0,0.0,0.0,0.0,0.0,0.0,0.0
2026-07-30T11:30:23.074,3256.86,200,open,ACTUATOR_ACTIVE,TRAJECTORY_COMPLETE,24.0,40,10,0,0.19,40,0,0.0,0.0,0.0,0.0,0.0,0.0
2026-07-30T11:30:23.571,3257.344,200,open,ACTUATOR_ACTIVE,TRAJECTORY_COMPLETE,24.0,40,10,0,-0.23,40,0,0.0,0.0,0.0,0.0,0.0,0.0
2026-07-30T11:30:24.089,3257.875,200,open,ACTUATOR_ACTIVE,TRAJECTORY_COMPLETE,24.0,40,10,0,0.23,40,0,0.0,0.0,0.0,0.0,0.0,0.0
2026-07-30T11:30:24.570,3258.344,200,open,ACTUATOR_ACTIVE,TRAJECTORY_COMPLETE,24.0,42,10,0,-0.0,42,0,0.0,0.0,0.0,0.0,0.0,0.0
2026-07-30T11:30:25.079,3258.86,200,open,ACTUATOR_ACTIVE,TRAJECTORY_COMPLETE,24.0,42,10,0,0.04,42,0,0.0,0.0,0.0,0.0,0.0,0.0
2026-07-30T11:30:25.578,3259.36,200,open,ACTUATOR_ACTIVE,TRAJECTORY_COMPLETE,24.0,42,10,1,0.14,42,0,0.0,0.0,0.0,0.0,0.0,0.0
2026-07-30T11:30:26.072,3259.86,200,open,ACTUATOR_ACTIVE,TRAJECTORY_COMPLETE,24.0,42,10,-1,-0.09,42,0,0.0,0.0,0.0,0.0,0.0,0.0
2026-07-30T11:30:26.567,3260.344,200,open,ACTUATOR_ACTIVE,TRAJECTORY_COMPLETE,24.0,42,10,0,-0.07,42,0,0.0,0.0,0.0,0.0,0.0,0.0
2026-07-30T11:30:27.186,3260.969,201,close,ACTUATOR_ACTIVE,TRAJECTORY_RUNNING,24.0,42,10,8,1.37,42,0,0.0,0.0,0.0,0.0,0.0,0.0
2026-07-30T11:30:27.682,3261.469,201,close,ACTUATOR_ACTIVE,TRAJECTORY_RUNNING,24.0,42,12,4,1.42,42,0,0.0,0.0,0.0,0.0,0.0,0.0
2026-07-30T11:30:28.171,3261.953,201,close,ACTUATOR_ACTIVE,TRAJECTORY_RUNNING,24.0,42,14,6,1.65,42,0,0.0,0.0,0.0,0.0,0.0,0.0
2026-07-30T11:30:28.687,3262.469,201,close,ACTUATOR_ACTIVE,TRAJECTORY_RUNNING,24.0,48,17,5,1.81,48,0,0.0,0.0,0.0,0.0,0.0,0.0
2026-07-30T11:30:29.183,3262.969,201,close,ACTUATOR_ACTIVE,TRAJECTORY_RUNNING,24.0,48,20,8,2.57,48,0,0.0,0.0,0.0,0.0,0.0,0.0
2026-07-30T11:30:29.677,3263.453,201,close,ACTUATOR_ACTIVE,TRAJECTORY_RUNNING,24.0,48,24,9,1.68,48,0,0.0,0.0,0.0,0.0,0.0,0.0
2026-07-30T11:30:30.183,3263.969,201,close,ACTUATOR_ACTIVE,TRAJECTORY_RUNNING,24.0,48,28,8,2.14,48,0,0.0,0.0,0.0,0.0,0.0,0.0
2026-07-30T11:30:30.679,3264.453,201,close,ACTUATOR_ACTIVE,TRAJECTORY_RUNNING,24.0,48,30,0,3.6,48,0,0.0,0.0,0.0,0.0,0.0,0.0
2026-07-30T11:30:31.185,3264.969,201,close,ACTUATOR_ACTIVE,TRAJECTORY_RUNNING,24.0,48,30,0,2.23,48,0,0.0,0.0,0.0,0.0,0.0,0.0
2026-07-30T11:30:31.679,3265.453,201,close,ACTUATOR_ACTIVE,TRAJECTORY_RUNNING,24.0,48,30,1,1.97,48,0,0.0,0.0,0.0,0.0,0.0,0.0
2026-07-30T11:30:32.190,3265.969,201,close,ACTUATOR_ACTIVE,TRAJECTORY_RUNNING,24.0,48,30,0,2.02,48,0,0.0,0.0,0.0,0.0,0.0,0.0
2026-07-30T11:30:32.684,3266.469,201,close,ACTUATOR_ACTIVE,TRAJECTORY_RUNNING,24.0,41,30,0,1.74,41,0,0.0,0.0,0.0,0.0,0.0,0.0
2026-07-30T11:30:33.176,3266.953,201,close,ACTUATOR_ACTIVE,TRAJECTORY_RUNNING,24.0,41,30,0,2.03,41,0,0.0,0.0,0.0,0.0,0.0,0.0
2026-07-30T11:30:33.682,3267.469,201,close,ACTUATOR_ACTIVE,TRAJECTORY_RUNNING,24.0,41,30,0,1.82,41,0,0.0,0.0,0.0,0.0,0.0,0.0
2026-07-30T11:30:34.178,3267.953,201,close,ACTUATOR_ACTIVE,TRAJECTORY_RUNNING,24.0,41,30,0,1.76,41,0,0.0,0.0,0.0,0.0,0.0,0.0
2026-07-30T11:30:34.688,3268.469,201,close,ACTUATOR_ACTIVE,TRAJECTORY_RUNNING,24.0,41,30,0,1.63,41,0,0.0,0.0,0.0,0.0,0.0,0.0
2026-07-30T11:30:35.295,3269.078,201,open,ACTUATOR_ACTIVE,TRAJECTORY_RUNNING,24.0,41,30,0,1.16,41,0,0.0,0.0,0.0,0.0,0.0,0.0
2026-07-30T11:30:35.793,3269.578,201,open,ACTUATOR_ACTIVE,TRAJECTORY_RUNNING,24.0,41,26,-11,-1.8,41,0,0.0,0.0,0.0,0.0,0.0,0.0
2026-07-30T11:30:36.289,3270.063,201,open,ACTUATOR_ACTIVE,TRAJECTORY_RUNNING,24.0,41,20,-13,-0.33,41,0,0.0,0.0,0.0,0.0,0.0,0.0
2026-07-30T11:30:36.800,3270.578,201,open,ACTUATOR_ACTIVE,TRAJECTORY_RUNNING,24.0,48,14,-11,-2.14,48,0,0.0,0.0,0.0,0.0,0.0,0.0
2026-07-30T11:30:37.299,3271.078,201,open,ACTUATOR_ACTIVE,TRAJECTORY_COMPLETE,24.0,48,9,1,0.85,48,0,0.0,0.0,0.0,0.0,0.0,0.0
2026-07-30T11:30:37.795,3271.578,201,open,ACTUATOR_ACTIVE,TRAJECTORY_COMPLETE,24.0,48,9,0,0.38,48,0,0.0,0.0,0.0,0.0,0.0,0.0
2026-07-30T11:30:38.283,3272.063,201,open,ACTUATOR_ACTIVE,TRAJECTORY_COMPLETE,24.0,48,10,0,0.31,48,0,0.0,0.0,0.0,0.0,0.0,0.0
2026-07-30T11:30:38.790,3272.563,201,open,ACTUATOR_ACTIVE,TRAJECTORY_COMPLETE,24.0,48,10,0,0.35,48,0,0.0,0.0,0.0,0.0,0.0,0.0
2026-07-30T11:30:39.303,3273.078,201,open,ACTUATOR_ACTIVE,TRAJECTORY_COMPLETE,24.0,48,10,-1,-0.05,48,0,0.0,0.0,0.0,0.0,0.0,0.0
2026-07-30T11:30:39.795,3273.578,201,open,ACTUATOR_ACTIVE,TRAJECTORY_COMPLETE,24.0,48,10,0,0.3,48,0,0.0,0.0,0.0,0.0,0.0,0.0
2026-07-30T11:30:40.293,3274.078,201,open,ACTUATOR_ACTIVE,TRAJECTORY_COMPLETE,24.0,48,10,0,-0.43,48,0,0.0,0.0,0.0,0.0,0.0,0.0
2026-07-30T11:30:40.789,3274.563,201,open,ACTUATOR_ACTIVE,TRAJECTORY_COMPLETE,24.0,45,10,0,1.1,45,0,0.0,0.0,0.0,0.0,0.0,0.0
2026-07-30T11:30:41.294,3275.078,201,open,ACTUATOR_ACTIVE,TRAJECTORY_COMPLETE,24.0,45,10,-1,0.22,45,0,0.0,0.0,0.0,0.0,0.0,0.0
2026-07-30T11:30:41.791,3275.578,201,open,ACTUATOR_ACTIVE,TRAJECTORY_COMPLETE,24.0,45,10,0,0.14,45,0,0.0,0.0,0.0,0.0,0.0,0.0
2026-07-30T11:30:42.282,3276.063,201,open,ACTUATOR_ACTIVE,TRAJECTORY_COMPLETE,24.0,45,10,0,-0.1,45,0,0.0,0.0,0.0,0.0,0.0,0.0
2026-07-30T11:30:42.792,3276.578,201,open,ACTUATOR_ACTIVE,TRAJECTORY_COMPLETE,24.0,45,10,0,0.31,45,0,0.0,0.0,0.0,0.0,0.0,0.0
2026-07-30T11:30:43.397,3277.172,202,close,ACTUATOR_ACTIVE,TRAJECTORY_RUNNING,24.0,45,10,6,1.71,45,0,0.0,0.0,0.0,0.0,0.0,0.0
2026-07-30T11:30:43.903,3277.688,202,close,ACTUATOR_ACTIVE,TRAJECTORY_RUNNING,24.0,45,14,10,2.57,45,0,0.0,0.0,0.0,0.0,0.0,0.0
2026-07-30T11:30:44.397,3278.172,202,close,ACTUATOR_ACTIVE,TRAJECTORY_RUNNING,24.0,45,19,8,1.24,45,0,0.0,0.0,0.0,0.0,0.0,0.0
2026-07-30T11:30:44.908,3278.688,202,close,ACTUATOR_ACTIVE,TRAJECTORY_RUNNING,24.0,45,23,8,1.1,45,0,0.0,0.0,0.0,0.0,0.0,0.0
2026-07-30T11:30:45.405,3279.188,202,close,ACTUATOR_ACTIVE,TRAJECTORY_RUNNING,24.0,45,28,9,2.65,45,0,0.0,0.0,0.0,0.0,0.0,0.0
2026-07-30T11:30:45.894,3279.672,202,close,ACTUATOR_ACTIVE,TRAJECTORY_RUNNING,24.0,45,31,1,23.5,45,0,0.0,0.0,0.0,0.0,0.0,0.0
2026-07-30T11:30:46.407,3280.188,202,close,ACTUATOR_ACTIVE,TRAJECTORY_RUNNING,24.0,45,31,0,30.75,45,0,0.0,0.0,0.0,0.0,0.0,0.0
2026-07-30T11:30:46.898,3280.672,202,close,ACTUATOR_ACTIVE,TRAJECTORY_RUNNING,24.0,45,31,0,31.71,45,0,0.0,0.0,0.0,0.0,0.0,0.0
2026-07-30T11:30:47.406,3281.188,202,close,ACTUATOR_ACTIVE,TRAJECTORY_RUNNING,24.0,45,31,0,30.95,45,0,0.0,0.0,0.0,0.0,0.0,0.0
2026-07-30T11:30:47.903,3281.688,202,close,ACTUATOR_ACTIVE,TRAJECTORY_RUNNING,24.0,45,31,0,30.23,45,0,0.0,0.0,0.0,0.0,0.0,0.0
2026-07-30T11:30:48.397,3282.172,202,close,ACTUATOR_ACTIVE,TRAJECTORY_RUNNING,24.0,45,31,0,30.07,45,0,0.0,0.0,0.0,0.0,0.0,0.0
2026-07-30T11:30:48.908,3282.688,202,close,ACTUATOR_ACTIVE,TRAJECTORY_RUNNING,24.0,45,31,0,29.29,45,0,0.0,0.0,0.0,0.0,0.0,0.0
2026-07-30T11:30:49.404,3283.188,202,close,ACTUATOR_ACTIVE,TRAJECTORY_RUNNING,24.0,45,31,0,32.08,45,0,0.0,0.0,0.0,0.0,0.0,0.0
2026-07-30T11:30:49.902,3283.688,202,close,ACTUATOR_ACTIVE,TRAJECTORY_RUNNING,24.0,45,31,0,30.69,45,0,0.0,0.0,0.0,0.0,0.0,0.0
2026-07-30T11:30:50.392,3284.172,202,close,ACTUATOR_ACTIVE,TRAJECTORY_RUNNING,24.0,45,31,0,30.73,45,0,0.0,0.0,0.0,0.0,0.0,0.0
2026-07-30T11:30:50.904,3284.688,202,close,ACTUATOR_ACTIVE,TRAJECTORY_RUNNING,24.0,45,31,0,29.34,45,0,0.0,0.0,0.0,0.0,0.0,0.0
2026-07-30T11:30:51.505,3285.281,202,open,ACTUATOR_ACTIVE,TRAJECTORY_RUNNING,24.0,45,31,-1,4.71,45,0,0.0,0.0,0.0,0.0,0.0,0.0
2026-07-30T11:30:52.011,3285.797,202,open,ACTUATOR_ACTIVE,TRAJECTORY_RUNNING,24.0,45,27,-11,-0.83,45,0,0.0,0.0,0.0,0.0,0.0,0.0
2026-07-30T11:30:52.505,3286.281,202,open,ACTUATOR_ACTIVE,TRAJECTORY_RUNNING,24.0,45,21,-12,-1.58,45,0,0.0,0.0,0.0,0.0,0.0,0.0
2026-07-30T11:30:53.018,3286.797,202,open,ACTUATOR_ACTIVE,TRAJECTORY_RUNNING,24.0,45,15,-9,-1.59,45,0,0.0,0.0,0.0,0.0,0.0,0.0
2026-07-30T11:30:53.514,3287.297,202,open,ACTUATOR_ACTIVE,TRAJECTORY_RUNNING,24.0,45,10,-10,-1.48,45,0,0.0,0.0,0.0,0.0,0.0,0.0
2026-07-30T11:30:54.012,3287.797,202,open,ACTUATOR_ACTIVE,TRAJECTORY_COMPLETE,24.0,45,10,0,0.09,45,0,0.0,0.0,0.0,0.0,0.0,0.0
2026-07-30T11:30:54.508,3288.281,202,open,ACTUATOR_ACTIVE,TRAJECTORY_COMPLETE,24.0,45,10,0,0.25,45,0,0.0,0.0,0.0,0.0,0.0,0.0
2026-07-30T11:30:55.015,3288.797,202,open,ACTUATOR_ACTIVE,TRAJECTORY_COMPLETE,24.0,45,9,0,0.34,45,0,0.0,0.0,0.0,0.0,0.0,0.0
2026-07-30T11:30:55.511,3289.297,202,open,ACTUATOR_ACTIVE,TRAJECTORY_COMPLETE,24.0,45,10,0,0.54,45,0,0.0,0.0,0.0,0.0,0.0,0.0
2026-07-30T11:30:56.002,3289.781,202,open,ACTUATOR_ACTIVE,TRAJECTORY_COMPLETE,24.0,45,10,0,1.9,45,0,0.0,0.0,0.0,0.0,0.0,0.0
2026-07-30T11:30:56.513,3290.297,202,open,ACTUATOR_ACTIVE,TRAJECTORY_COMPLETE,24.0,44,10,-1,0.03,44,0,0.0,0.0,0.0,0.0,0.0,0.0
2026-07-30T11:30:57.010,3290.797,202,open,ACTUATOR_ACTIVE,TRAJECTORY_COMPLETE,24.0,44,10,0,0.38,44,0,0.0,0.0,0.0,0.0,0.0,0.0
2026-07-30T11:30:57.504,3291.281,202,open,ACTUATOR_ACTIVE,TRAJECTORY_COMPLETE,24.0,44,10,0,-0.66,44,0,0.0,0.0,0.0,0.0,0.0,0.0
2026-07-30T11:30:58.017,3291.797,202,open,ACTUATOR_ACTIVE,TRAJECTORY_COMPLETE,24.0,44,10,0,-0.64,44,0,0.0,0.0,0.0,0.0,0.0,0.0
2026-07-30T11:30:58.515,3292.297,202,open,ACTUATOR_ACTIVE,TRAJECTORY_COMPLETE,24.0,44,10,0,-0.16,44,0,0.0,0.0,0.0,0.0,0.0,0.0
2026-07-30T11:30:59.011,3292.797,202,open,ACTUATOR_ACTIVE,TRAJECTORY_COMPLETE,24.0,44,10,0,-0.45,44,0,0.0,0.0,0.0,0.0,0.0,0.0
2026-07-30T11:30:59.624,3293.406,203,close,ACTUATOR_ACTIVE,TRAJECTORY_RUNNING,24.0,44,10,7,1.34,44,0,0.0,0.0,0.0,0.0,0.0,0.0
2026-07-30T11:31:00.117,3293.891,203,close,ACTUATOR_ACTIVE,TRAJECTORY_RUNNING,24.0,44,11,1,1.41,44,0,0.0,0.0,0.0,0.0,0.0,0.0
2026-07-30T11:31:00.624,3294.406,203,close,ACTUATOR_ACTIVE,TRAJECTORY_RUNNING,24.0,46,13,4,0.92,46,0,0.0,0.0,0.0,0.0,0.0,0.0
2026-07-30T11:31:01.119,3294.906,203,close,ACTUATOR_ACTIVE,TRAJECTORY_RUNNING,24.0,46,16,5,1.01,46,0,0.0,0.0,0.0,0.0,0.0,0.0
2026-07-30T11:31:01.615,3295.391,203,close,ACTUATOR_ACTIVE,TRAJECTORY_RUNNING,24.0,46,19,7,2.05,46,0,0.0,0.0,0.0,0.0,0.0,0.0
2026-07-30T11:31:02.125,3295.906,203,close,ACTUATOR_ACTIVE,TRAJECTORY_RUNNING,24.0,46,23,7,0.43,46,0,0.0,0.0,0.0,0.0,0.0,0.0
2026-07-30T11:31:02.619,3296.406,203,close,ACTUATOR_ACTIVE,TRAJECTORY_RUNNING,24.0,46,27,9,2.47,46,0,0.0,0.0,0.0,0.0,0.0,0.0
2026-07-30T11:31:03.113,3296.891,203,close,ACTUATOR_ACTIVE,TRAJECTORY_RUNNING,24.0,46,30,0,6.72,46,0,0.0,0.0,0.0,0.0,0.0,0.0
2026-07-30T11:31:03.619,3297.406,203,close,ACTUATOR_ACTIVE,TRAJECTORY_RUNNING,24.0,46,30,0,2.13,46,0,0.0,0.0,0.0,0.0,0.0,0.0
2026-07-30T11:31:04.117,3297.891,203,close,ACTUATOR_ACTIVE,TRAJECTORY_STOPPED,24.0,46,30,0,1.89,46,0,0.0,0.0,0.0,0.0,0.0,0.0
2026-07-30T11:31:04.628,3298.406,203,close,ACTUATOR_ACTIVE,TRAJECTORY_STOPPED,24.0,46,30,0,2.07,46,0,0.0,0.0,0.0,0.0,0.0,0.0
2026-07-30T11:31:05.126,3298.906,203,close,ACTUATOR_ACTIVE,TRAJECTORY_STOPPED,24.0,46,30,0,1.99,46,0,0.0,0.0,0.0,0.0,0.0,0.0
2026-07-30T11:31:05.624,3299.406,203,close,ACTUATOR_ACTIVE,TRAJECTORY_STOPPED,24.0,46,30,0,1.92,46,0,0.0,0.0,0.0,0.0,0.0,0.0
2026-07-30T11:31:06.122,3299.906,203,close,ACTUATOR_ACTIVE,TRAJECTORY_RUNNING,24.0,46,30,0,1.96,46,0,0.0,0.0,0.0,0.0,0.0,0.0
2026-07-30T11:31:06.621,3300.406,203,close,ACTUATOR_ACTIVE,TRAJECTORY_RUNNING,24.0,46,30,0,2.16,46,0,0.0,0.0,0.0,0.0,0.0,0.0
2026-07-30T11:31:07.118,3300.891,203,close,ACTUATOR_ACTIVE,TRAJECTORY_RUNNING,24.0,46,30,0,1.95,46,0,0.0,0.0,0.0,0.0,0.0,0.0
2026-07-30T11:31:07.744,3301.531,203,open,ACTUATOR_ACTIVE,TRAJECTORY_RUNNING,24.0,46,30,0,0.63,46,0,0.0,0.0,0.0,0.0,0.0,0.0
2026-07-30T11:31:08.237,3302.016,203,open,ACTUATOR_ACTIVE,TRAJECTORY_RUNNING,24.0,46,26,-11,-1.92,46,0,0.0,0.0,0.0,0.0,0.0,0.0
2026-07-30T11:31:08.742,3302.516,203,open,ACTUATOR_ACTIVE,TRAJECTORY_RUNNING,24.0,40,20,-12,-0.95,40,0,0.0,0.0,0.0,0.0,0.0,0.0
2026-07-30T11:31:09.255,3303.031,203,open,ACTUATOR_ACTIVE,TRAJECTORY_RUNNING,24.0,40,14,-12,-2.73,40,0,0.0,0.0,0.0,0.0,0.0,0.0
2026-07-30T11:31:09.747,3303.531,203,open,ACTUATOR_ACTIVE,TRAJECTORY_COMPLETE,24.0,40,9,0,0.65,40,0,0.0,0.0,0.0,0.0,0.0,0.0
2026-07-30T11:31:10.245,3304.031,203,open,ACTUATOR_ACTIVE,TRAJECTORY_COMPLETE,24.0,40,10,0,0.3,40,0,0.0,0.0,0.0,0.0,0.0,0.0
2026-07-30T11:31:10.737,3304.516,203,open,ACTUATOR_ACTIVE,TRAJECTORY_COMPLETE,24.0,40,10,0,1.0,40,0,0.0,0.0,0.0,0.0,0.0,0.0
2026-07-30T11:31:11.247,3305.031,203,open,ACTUATOR_ACTIVE,TRAJECTORY_COMPLETE,24.0,40,9,0,0.19,40,0,0.0,0.0,0.0,0.0,0.0,0.0
2026-07-30T11:31:11.739,3305.516,203,open,ACTUATOR_ACTIVE,TRAJECTORY_COMPLETE,24.0,40,9,-1,-0.01,40,0,0.0,0.0,0.0,0.0,0.0,0.0
2026-07-30T11:31:12.250,3306.031,203,open,ACTUATOR_ACTIVE,TRAJECTORY_COMPLETE,24.0,40,9,0,-0.49,40,0,0.0,0.0,0.0,0.0,0.0,0.0
2026-07-30T11:31:12.742,3306.516,203,open,ACTUATOR_ACTIVE,TRAJECTORY_COMPLETE,24.0,43,9,0,0.09,43,0,0.0,0.0,0.0,0.0,0.0,0.0
2026-07-30T11:31:13.250,3307.031,203,open,ACTUATOR_ACTIVE,TRAJECTORY_COMPLETE,24.0,43,9,0,0.33,43,0,0.0,0.0,0.0,0.0,0.0,0.0
2026-07-30T11:31:13.741,3307.516,203,open,ACTUATOR_ACTIVE,TRAJECTORY_COMPLETE,24.0,43,9,0,0.11,43,0,0.0,0.0,0.0,0.0,0.0,0.0
2026-07-30T11:31:14.252,3308.031,203,open,ACTUATOR_ACTIVE,TRAJECTORY_COMPLETE,24.0,43,9,0,0.23,43,0,0.0,0.0,0.0,0.0,0.0,0.0
2026-07-30T11:31:14.751,3308.531,203,open,ACTUATOR_ACTIVE,TRAJECTORY_COMPLETE,24.0,43,9,0,-0.21,43,0,0.0,0.0,0.0,0.0,0.0,0.0
2026-07-30T11:31:15.248,3309.031,203,open,ACTUATOR_ACTIVE,TRAJECTORY_COMPLETE,24.0,43,9,0,0.09,43,0,0.0,0.0,0.0,0.0,0.0,0.0
2026-07-30T11:31:15.861,3309.641,204,close,ACTUATOR_ACTIVE,TRAJECTORY_RUNNING,24.0,43,10,7,1.0,43,0,0.0,0.0,0.0,0.0,0.0,0.0
2026-07-30T11:31:16.361,3310.141,204,close,ACTUATOR_ACTIVE,TRAJECTORY_RUNNING,24.0,45,12,5,0.76,45,0,0.0,0.0,0.0,0.0,0.0,0.0
2026-07-30T11:31:16.854,3310.641,204,close,ACTUATOR_ACTIVE,TRAJECTORY_RUNNING,24.0,45,14,4,2.4,45,0,0.0,0.0,0.0,0.0,0.0,0.0
2026-07-30T11:31:17.355,3311.141,204,close,ACTUATOR_ACTIVE,TRAJECTORY_RUNNING,24.0,45,17,7,1.53,45,0,0.0,0.0,0.0,0.0,0.0,0.0
2026-07-30T11:31:17.853,3311.641,204,close,ACTUATOR_ACTIVE,TRAJECTORY_RUNNING,24.0,45,20,7,1.54,45,0,0.0,0.0,0.0,0.0,0.0,0.0
2026-07-30T11:31:18.347,3312.125,204,close,ACTUATOR_ACTIVE,TRAJECTORY_RUNNING,24.0,45,24,9,2.52,45,0,0.0,0.0,0.0,0.0,0.0,0.0
2026-07-30T11:31:18.851,3312.625,204,close,ACTUATOR_ACTIVE,TRAJECTORY_RUNNING,24.0,45,28,9,2.15,45,0,0.0,0.0,0.0,0.0,0.0,0.0
2026-07-30T11:31:19.363,3313.141,204,close,ACTUATOR_ACTIVE,TRAJECTORY_RUNNING,24.0,45,30,0,3.82,45,0,0.0,0.0,0.0,0.0,0.0,0.0
2026-07-30T11:31:19.856,3313.641,204,close,ACTUATOR_ACTIVE,TRAJECTORY_RUNNING,24.0,45,30,-1,2.14,45,0,0.0,0.0,0.0,0.0,0.0,0.0
2026-07-30T11:31:20.352,3314.125,204,close,ACTUATOR_ACTIVE,TRAJECTORY_RUNNING,24.0,48,30,0,1.81,48,0,0.0,0.0,0.0,0.0,0.0,0.0
2026-07-30T11:31:20.862,3314.641,204,close,ACTUATOR_ACTIVE,TRAJECTORY_RUNNING,24.0,48,30,0,2.05,48,0,0.0,0.0,0.0,0.0,0.0,0.0
2026-07-30T11:31:21.356,3315.141,204,close,ACTUATOR_ACTIVE,TRAJECTORY_RUNNING,24.0,48,30,0,1.86,48,0,0.0,0.0,0.0,0.0,0.0,0.0
2026-07-30T11:31:21.850,3315.625,204,close,ACTUATOR_ACTIVE,TRAJECTORY_RUNNING,24.0,48,30,0,1.86,48,0,0.0,0.0,0.0,0.0,0.0,0.0
2026-07-30T11:31:22.364,3316.141,204,close,ACTUATOR_ACTIVE,TRAJECTORY_STOPPED,24.0,48,30,1,1.93,48,0,0.0,0.0,0.0,0.0,0.0,0.0
2026-07-30T11:31:22.857,3316.641,204,close,ACTUATOR_ACTIVE,TRAJECTORY_RUNNING,24.0,48,30,0,1.92,48,0,0.0,0.0,0.0,0.0,0.0,0.0
2026-07-30T11:31:23.348,3317.125,204,close,ACTUATOR_ACTIVE,TRAJECTORY_RUNNING,24.0,48,30,0,1.99,48,0,0.0,0.0,0.0,0.0,0.0,0.0
2026-07-30T11:31:23.969,3317.75,204,open,ACTUATOR_ACTIVE,TRAJECTORY_RUNNING,24.0,48,30,1,0.76,48,0,0.0,0.0,0.0,0.0,0.0,0.0
2026-07-30T11:31:24.464,3318.25,204,open,ACTUATOR_ACTIVE,TRAJECTORY_RUNNING,24.0,48,26,-10,-2.36,48,0,0.0,0.0,0.0,0.0,0.0,0.0
2026-07-30T11:31:24.959,3318.735,204,open,ACTUATOR_ACTIVE,TRAJECTORY_RUNNING,24.0,48,20,-11,-1.83,48,0,0.0,0.0,0.0,0.0,0.0,0.0
2026-07-30T11:31:25.468,3319.25,204,open,ACTUATOR_ACTIVE,TRAJECTORY_RUNNING,24.0,48,14,-11,-2.01,48,0,0.0,0.0,0.0,0.0,0.0,0.0
2026-07-30T11:31:25.966,3319.75,204,open,ACTUATOR_ACTIVE,TRAJECTORY_COMPLETE,24.0,48,9,0,0.86,48,0,0.0,0.0,0.0,0.0,0.0,0.0
2026-07-30T11:31:26.460,3320.235,204,open,ACTUATOR_ACTIVE,TRAJECTORY_COMPLETE,24.0,48,10,-1,0.18,48,0,0.0,0.0,0.0,0.0,0.0,0.0
2026-07-30T11:31:26.969,3320.75,204,open,ACTUATOR_ACTIVE,TRAJECTORY_COMPLETE,24.0,48,10,1,0.08,48,0,0.0,0.0,0.0,0.0,0.0,0.0
2026-07-30T11:31:27.456,3321.235,204,open,ACTUATOR_ACTIVE,TRAJECTORY_COMPLETE,24.0,48,10,0,0.23,48,0,0.0,0.0,0.0,0.0,0.0,0.0
2026-07-30T11:31:27.969,3321.75,204,open,ACTUATOR_ACTIVE,TRAJECTORY_COMPLETE,24.0,48,10,0,0.05,48,0,0.0,0.0,0.0,0.0,0.0,0.0
2026-07-30T11:31:28.465,3322.25,204,open,ACTUATOR_ACTIVE,TRAJECTORY_COMPLETE,24.0,43,10,-1,0.39,43,0,0.0,0.0,0.0,0.0,0.0,0.0
2026-07-30T11:31:28.963,3322.75,204,open,ACTUATOR_ACTIVE,TRAJECTORY_COMPLETE,24.0,43,10,0,0.2,43,0,0.0,0.0,0.0,0.0,0.0,0.0
2026-07-30T11:31:29.462,3323.235,204,open,ACTUATOR_ACTIVE,TRAJECTORY_COMPLETE,24.0,43,10,0,-0.16,43,0,0.0,0.0,0.0,0.0,0.0,0.0
2026-07-30T11:31:29.974,3323.75,204,open,ACTUATOR_ACTIVE,TRAJECTORY_COMPLETE,24.0,43,10,0,-0.48,43,0,0.0,0.0,0.0,0.0,0.0,0.0
2026-07-30T11:31:30.470,3324.25,204,open,ACTUATOR_ACTIVE,TRAJECTORY_COMPLETE,24.0,43,9,0,-1.07,43,0,0.0,0.0,0.0,0.0,0.0,0.0
2026-07-30T11:31:30.965,3324.75,204,open,ACTUATOR_ACTIVE,TRAJECTORY_COMPLETE,24.0,43,10,0,0.07,43,0,0.0,0.0,0.0,0.0,0.0,0.0
2026-07-30T11:31:31.465,3325.25,204,open,ACTUATOR_ACTIVE,TRAJECTORY_COMPLETE,24.0,43,10,0,0.04,43,0,0.0,0.0,0.0,0.0,0.0,0.0
2026-07-30T11:31:32.067,3325.844,205,close,ACTUATOR_ACTIVE,TRAJECTORY_RUNNING,24.0,43,10,7,2.56,43,0,0.0,0.0,0.0,0.0,0.0,0.0
2026-07-30T11:31:32.576,3326.36,205,close,ACTUATOR_ACTIVE,TRAJECTORY_RUNNING,24.0,44,14,9,2.08,44,0,0.0,0.0,0.0,0.0,0.0,0.0
2026-07-30T11:31:33.071,3326.844,205,close,ACTUATOR_ACTIVE,TRAJECTORY_RUNNING,24.0,44,19,7,1.05,44,0,0.0,0.0,0.0,0.0,0.0,0.0
2026-07-30T11:31:33.582,3327.36,205,close,ACTUATOR_ACTIVE,TRAJECTORY_RUNNING,24.0,44,23,8,2.6,44,0,0.0,0.0,0.0,0.0,0.0,0.0
2026-07-30T11:31:34.076,3327.86,205,close,ACTUATOR_ACTIVE,TRAJECTORY_RUNNING,24.0,44,28,8,1.79,44,0,0.0,0.0,0.0,0.0,0.0,0.0
2026-07-30T11:31:34.575,3328.36,205,close,ACTUATOR_ACTIVE,TRAJECTORY_RUNNING,24.0,44,31,2,21.3,44,0,0.0,0.0,0.0,0.0,0.0,0.0
2026-07-30T11:31:35.067,3328.844,205,close,ACTUATOR_ACTIVE,TRAJECTORY_RUNNING,24.0,44,31,0,28.94,44,0,0.0,0.0,0.0,0.0,0.0,0.0
2026-07-30T11:31:35.575,3329.36,205,close,ACTUATOR_ACTIVE,TRAJECTORY_RUNNING,24.0,44,31,0,25.82,44,0,0.0,0.0,0.0,0.0,0.0,0.0
2026-07-30T11:31:36.075,3329.86,205,close,ACTUATOR_ACTIVE,TRAJECTORY_RUNNING,24.0,44,31,0,31.1,44,0,0.0,0.0,0.0,0.0,0.0,0.0
2026-07-30T11:31:36.567,3330.344,205,close,ACTUATOR_ACTIVE,TRAJECTORY_RUNNING,24.0,49,31,0,30.73,49,0,0.0,0.0,0.0,0.0,0.0,0.0
2026-07-30T11:31:37.079,3330.86,205,close,ACTUATOR_ACTIVE,TRAJECTORY_RUNNING,24.0,49,31,0,30.4,49,0,0.0,0.0,0.0,0.0,0.0,0.0
2026-07-30T11:31:37.571,3331.344,205,close,ACTUATOR_ACTIVE,TRAJECTORY_STOPPED,24.0,49,31,0,31.91,49,0,0.0,0.0,0.0,0.0,0.0,0.0
2026-07-30T11:31:38.083,3331.86,205,close,ACTUATOR_ACTIVE,TRAJECTORY_RUNNING,24.0,49,31,0,28.13,49,0,0.0,0.0,0.0,0.0,0.0,0.0
2026-07-30T11:31:38.579,3332.36,205,close,ACTUATOR_ACTIVE,TRAJECTORY_RUNNING,24.0,49,31,0,26.59,49,0,0.0,0.0,0.0,0.0,0.0,0.0
2026-07-30T11:31:39.070,3332.844,205,close,ACTUATOR_ACTIVE,TRAJECTORY_RUNNING,24.0,49,31,0,31.33,49,0,0.0,0.0,0.0,0.0,0.0,0.0
2026-07-30T11:31:39.580,3333.36,205,close,ACTUATOR_ACTIVE,TRAJECTORY_RUNNING,24.0,49,31,0,29.3,49,0,0.0,0.0,0.0,0.0,0.0,0.0
2026-07-30T11:31:40.185,3333.969,205,open,ACTUATOR_ACTIVE,TRAJECTORY_RUNNING,24.0,49,31,-1,5.08,49,0,0.0,0.0,0.0,0.0,0.0,0.0
2026-07-30T11:31:40.679,3334.453,205,open,ACTUATOR_ACTIVE,TRAJECTORY_RUNNING,24.0,41,27,-12,-2.11,41,0,0.0,0.0,0.0,0.0,0.0,0.0
2026-07-30T11:31:41.191,3334.969,205,open,ACTUATOR_ACTIVE,TRAJECTORY_RUNNING,24.0,41,21,-11,-2.27,41,0,0.0,0.0,0.0,0.0,0.0,0.0
2026-07-30T11:31:41.685,3335.469,205,open,ACTUATOR_ACTIVE,TRAJECTORY_RUNNING,24.0,41,15,-10,-2.52,41,0,0.0,0.0,0.0,0.0,0.0,0.0
2026-07-30T11:31:42.181,3335.969,205,open,ACTUATOR_ACTIVE,TRAJECTORY_RUNNING,24.0,41,10,-11,-3.12,41,0,0.0,0.0,0.0,0.0,0.0,0.0
2026-07-30T11:31:42.680,3336.453,205,open,ACTUATOR_ACTIVE,TRAJECTORY_COMPLETE,24.0,41,10,-1,0.07,41,0,0.0,0.0,0.0,0.0,0.0,0.0
2026-07-30T11:31:43.193,3336.969,205,open,ACTUATOR_ACTIVE,TRAJECTORY_COMPLETE,24.0,41,10,0,0.13,41,0,0.0,0.0,0.0,0.0,0.0,0.0
2026-07-30T11:31:43.694,3337.469,205,open,ACTUATOR_ACTIVE,TRAJECTORY_COMPLETE,24.0,41,10,0,0.08,41,0,0.0,0.0,0.0,0.0,0.0,0.0
2026-07-30T11:31:44.193,3337.969,205,open,ACTUATOR_ACTIVE,TRAJECTORY_COMPLETE,24.0,41,10,0,-0.04,41,0,0.0,0.0,0.0,0.0,0.0,0.0
2026-07-30T11:31:44.688,3338.469,205,open,ACTUATOR_ACTIVE,TRAJECTORY_COMPLETE,24.0,47,10,-1,-0.02,47,0,0.0,0.0,0.0,0.0,0.0,0.0
2026-07-30T11:31:45.184,3338.969,205,open,ACTUATOR_ACTIVE,TRAJECTORY_COMPLETE,24.0,47,10,0,-0.64,47,0,0.0,0.0,0.0,0.0,0.0,0.0
2026-07-30T11:31:45.680,3339.453,205,open,ACTUATOR_ACTIVE,TRAJECTORY_COMPLETE,24.0,47,10,-1,0.02,47,0,0.0,0.0,0.0,0.0,0.0,0.0
2026-07-30T11:31:46.195,3339.969,205,open,ACTUATOR_ACTIVE,TRAJECTORY_COMPLETE,24.0,47,9,0,-0.48,47,0,0.0,0.0,0.0,0.0,0.0,0.0
2026-07-30T11:31:46.695,3340.469,205,open,ACTUATOR_ACTIVE,TRAJECTORY_COMPLETE,24.0,47,9,0,-0.43,47,0,0.0,0.0,0.0,0.0,0.0,0.0
2026-07-30T11:31:47.192,3340.969,205,open,ACTUATOR_ACTIVE,TRAJECTORY_COMPLETE,24.0,47,9,0,0.18,47,0,0.0,0.0,0.0,0.0,0.0,0.0
2026-07-30T11:31:47.690,3341.469,205,open,ACTUATOR_ACTIVE,TRAJECTORY_COMPLETE,24.0,47,9,0,0.12,47,0,0.0,0.0,0.0,0.0,0.0,0.0
2026-07-30T11:31:48.310,3342.094,206,close,ACTUATOR_ACTIVE,TRAJECTORY_RUNNING,24.0,47,10,7,0.76,47,0,0.0,0.0,0.0,0.0,0.0,0.0
2026-07-30T11:31:48.807,3342.594,206,close,ACTUATOR_ACTIVE,TRAJECTORY_RUNNING,24.0,43,12,5,0.63,43,0,0.0,0.0,0.0,0.0,0.0,0.0
2026-07-30T11:31:49.304,3343.078,206,close,ACTUATOR_ACTIVE,TRAJECTORY_RUNNING,24.0,43,14,5,0.81,43,0,0.0,0.0,0.0,0.0,0.0,0.0
2026-07-30T11:31:49.816,3343.594,206,close,ACTUATOR_ACTIVE,TRAJECTORY_RUNNING,24.0,43,17,5,1.16,43,0,0.0,0.0,0.0,0.0,0.0,0.0
2026-07-30T11:31:50.314,3344.094,206,close,ACTUATOR_ACTIVE,TRAJECTORY_RUNNING,24.0,43,20,8,2.05,43,0,0.0,0.0,0.0,0.0,0.0,0.0
2026-07-30T11:31:50.813,3344.594,206,close,ACTUATOR_ACTIVE,TRAJECTORY_RUNNING,24.0,43,24,9,1.9,43,0,0.0,0.0,0.0,0.0,0.0,0.0
2026-07-30T11:31:51.310,3345.094,206,close,ACTUATOR_ACTIVE,TRAJECTORY_RUNNING,24.0,43,29,6,1.58,43,0,0.0,0.0,0.0,0.0,0.0,0.0
2026-07-30T11:31:51.808,3345.594,206,close,ACTUATOR_ACTIVE,TRAJECTORY_RUNNING,24.0,43,30,0,3.61,43,0,0.0,0.0,0.0,0.0,0.0,0.0
2026-07-30T11:31:52.307,3346.094,206,close,ACTUATOR_ACTIVE,TRAJECTORY_RUNNING,24.0,43,30,1,1.71,43,0,0.0,0.0,0.0,0.0,0.0,0.0
2026-07-30T11:31:52.805,3346.578,206,close,ACTUATOR_ACTIVE,TRAJECTORY_RUNNING,24.0,45,30,0,1.84,45,0,0.0,0.0,0.0,0.0,0.0,0.0
2026-07-30T11:31:53.318,3347.094,206,close,ACTUATOR_ACTIVE,TRAJECTORY_RUNNING,24.0,45,30,0,1.8,45,0,0.0,0.0,0.0,0.0,0.0,0.0
2026-07-30T11:31:53.817,3347.594,206,close,ACTUATOR_ACTIVE,TRAJECTORY_RUNNING,24.0,45,30,0,1.71,45,0,0.0,0.0,0.0,0.0,0.0,0.0
2026-07-30T11:31:54.316,3348.094,206,close,ACTUATOR_ACTIVE,TRAJECTORY_RUNNING,24.0,45,30,1,1.92,45,0,0.0,0.0,0.0,0.0,0.0,0.0
2026-07-30T11:31:54.807,3348.594,206,close,ACTUATOR_ACTIVE,TRAJECTORY_RUNNING,24.0,45,30,0,1.8,45,0,0.0,0.0,0.0,0.0,0.0,0.0
2026-07-30T11:31:55.305,3349.078,206,close,ACTUATOR_ACTIVE,TRAJECTORY_RUNNING,24.0,45,30,0,2.24,45,0,0.0,0.0,0.0,0.0,0.0,0.0
2026-07-30T11:31:55.819,3349.594,206,close,ACTUATOR_ACTIVE,TRAJECTORY_RUNNING,24.0,45,30,0,2.07,45,0,0.0,0.0,0.0,0.0,0.0,0.0
2026-07-30T11:31:56.422,3350.203,206,open,ACTUATOR_ACTIVE,TRAJECTORY_RUNNING,24.0,46,30,0,1.76,46,0,0.0,0.0,0.0,0.0,0.0,0.0
2026-07-30T11:31:56.914,3350.688,206,open,ACTUATOR_ACTIVE,TRAJECTORY_RUNNING,24.0,46,26,-10,-2.03,46,0,0.0,0.0,0.0,0.0,0.0,0.0
2026-07-30T11:31:57.427,3351.203,206,open,ACTUATOR_ACTIVE,TRAJECTORY_RUNNING,24.0,46,20,-10,-2.28,46,0,0.0,0.0,0.0,0.0,0.0,0.0
2026-07-30T11:31:57.922,3351.703,206,open,ACTUATOR_ACTIVE,TRAJECTORY_RUNNING,24.0,46,15,-11,-1.17,46,0,0.0,0.0,0.0,0.0,0.0,0.0
2026-07-30T11:31:58.420,3352.203,206,open,ACTUATOR_ACTIVE,TRAJECTORY_COMPLETE,24.0,46,9,1,-0.36,46,0,0.0,0.0,0.0,0.0,0.0,0.0
2026-07-30T11:31:58.917,3352.703,206,open,ACTUATOR_ACTIVE,TRAJECTORY_COMPLETE,24.0,46,9,0,0.27,46,0,0.0,0.0,0.0,0.0,0.0,0.0
2026-07-30T11:31:59.414,3353.188,206,open,ACTUATOR_ACTIVE,TRAJECTORY_COMPLETE,24.0,46,10,0,0.4,46,0,0.0,0.0,0.0,0.0,0.0,0.0
2026-07-30T11:31:59.926,3353.703,206,open,ACTUATOR_ACTIVE,TRAJECTORY_COMPLETE,24.0,46,10,0,0.9,46,0,0.0,0.0,0.0,0.0,0.0,0.0
2026-07-30T11:32:00.425,3354.203,206,open,ACTUATOR_ACTIVE,TRAJECTORY_COMPLETE,24.0,44,10,0,2.02,44,0,0.0,0.0,0.0,0.0,0.0,0.0
2026-07-30T11:32:00.921,3354.703,206,open,ACTUATOR_ACTIVE,TRAJECTORY_COMPLETE,24.0,44,10,0,0.09,44,0,0.0,0.0,0.0,0.0,0.0,0.0
2026-07-30T11:32:01.419,3355.203,206,open,ACTUATOR_ACTIVE,TRAJECTORY_COMPLETE,24.0,44,10,-1,-0.77,44,0,0.0,0.0,0.0,0.0,0.0,0.0
2026-07-30T11:32:01.914,3355.688,206,open,ACTUATOR_ACTIVE,TRAJECTORY_COMPLETE,24.0,44,10,0,-0.1,44,0,0.0,0.0,0.0,0.0,0.0,0.0
2026-07-30T11:32:02.427,3356.203,206,open,ACTUATOR_ACTIVE,TRAJECTORY_COMPLETE,24.0,44,10,2,-0.51,44,0,0.0,0.0,0.0,0.0,0.0,0.0
2026-07-30T11:32:02.921,3356.703,206,open,ACTUATOR_ACTIVE,TRAJECTORY_COMPLETE,24.0,44,10,0,-0.1,44,0,0.0,0.0,0.0,0.0,0.0,0.0
2026-07-30T11:32:03.412,3357.188,206,open,ACTUATOR_ACTIVE,TRAJECTORY_COMPLETE,24.0,44,10,0,0.12,44,0,0.0,0.0,0.0,0.0,0.0,0.0
2026-07-30T11:32:03.921,3357.703,206,open,ACTUATOR_ACTIVE,TRAJECTORY_COMPLETE,24.0,44,10,0,-0.08,44,0,0.0,0.0,0.0,0.0,0.0,0.0
2026-07-30T11:32:04.536,3358.313,207,close,ACTUATOR_ACTIVE,TRAJECTORY_RUNNING,24.0,38,10,7,0.59,38,0,0.0,0.0,0.0,0.0,0.0,0.0
2026-07-30T11:32:05.032,3358.813,207,close,ACTUATOR_ACTIVE,TRAJECTORY_RUNNING,24.0,38,12,5,1.83,38,0,0.0,0.0,0.0,0.0,0.0,0.0
2026-07-30T11:32:05.527,3359.313,207,close,ACTUATOR_ACTIVE,TRAJECTORY_RUNNING,24.0,38,14,5,1.93,38,0,0.0,0.0,0.0,0.0,0.0,0.0
2026-07-30T11:32:06.021,3359.797,207,close,ACTUATOR_ACTIVE,TRAJECTORY_RUNNING,24.0,38,17,7,1.66,38,0,0.0,0.0,0.0,0.0,0.0,0.0
2026-07-30T11:32:06.534,3360.313,207,close,ACTUATOR_ACTIVE,TRAJECTORY_RUNNING,24.0,38,20,8,1.28,38,0,0.0,0.0,0.0,0.0,0.0,0.0
2026-07-30T11:32:07.034,3360.813,207,close,ACTUATOR_ACTIVE,TRAJECTORY_RUNNING,24.0,38,24,9,2.06,38,0,0.0,0.0,0.0,0.0,0.0,0.0
2026-07-30T11:32:07.531,3361.313,207,close,ACTUATOR_ACTIVE,TRAJECTORY_RUNNING,24.0,38,28,8,2.61,38,0,0.0,0.0,0.0,0.0,0.0,0.0
2026-07-30T11:32:08.029,3361.813,207,close,ACTUATOR_ACTIVE,TRAJECTORY_RUNNING,24.0,38,30,0,3.65,38,0,0.0,0.0,0.0,0.0,0.0,0.0
2026-07-30T11:32:08.522,3362.297,207,close,ACTUATOR_ACTIVE,TRAJECTORY_RUNNING,24.0,44,30,0,2.2,44,0,0.0,0.0,0.0,0.0,0.0,0.0
2026-07-30T11:32:09.035,3362.813,207,close,ACTUATOR_ACTIVE,TRAJECTORY_STOPPED,24.0,44,30,0,2.19,44,0,0.0,0.0,0.0,0.0,0.0,0.0
2026-07-30T11:32:09.530,3363.313,207,close,ACTUATOR_ACTIVE,TRAJECTORY_RUNNING,24.0,44,30,0,2.52,44,0,0.0,0.0,0.0,0.0,0.0,0.0
2026-07-30T11:32:10.026,3363.813,207,close,ACTUATOR_ACTIVE,TRAJECTORY_RUNNING,24.0,44,30,0,2.14,44,0,0.0,0.0,0.0,0.0,0.0,0.0
2026-07-30T11:32:10.522,3364.297,207,close,ACTUATOR_ACTIVE,TRAJECTORY_RUNNING,24.0,44,30,0,2.39,44,0,0.0,0.0,0.0,0.0,0.0,0.0
2026-07-30T11:32:11.032,3364.813,207,close,ACTUATOR_ACTIVE,TRAJECTORY_RUNNING,24.0,44,30,-1,1.95,44,0,0.0,0.0,0.0,0.0,0.0,0.0
2026-07-30T11:32:11.526,3365.313,207,close,ACTUATOR_ACTIVE,TRAJECTORY_RUNNING,24.0,44,30,-1,2.12,44,0,0.0,0.0,0.0,0.0,0.0,0.0
2026-07-30T11:32:12.021,3365.797,207,close,ACTUATOR_ACTIVE,TRAJECTORY_STOPPED,24.0,44,30,-1,2.14,44,0,0.0,0.0,0.0,0.0,0.0,0.0
2026-07-30T11:32:12.641,3366.422,207,open,ACTUATOR_ACTIVE,TRAJECTORY_RUNNING,24.0,43,30,0,0.86,43,0,0.0,0.0,0.0,0.0,0.0,0.0
2026-07-30T11:32:13.152,3366.938,207,open,ACTUATOR_ACTIVE,TRAJECTORY_RUNNING,24.0,43,25,-11,-1.49,43,0,0.0,0.0,0.0,0.0,0.0,0.0
2026-07-30T11:32:13.647,3367.422,207,open,ACTUATOR_ACTIVE,TRAJECTORY_RUNNING,24.0,43,20,-12,-1.43,43,0,0.0,0.0,0.0,0.0,0.0,0.0
2026-07-30T11:32:14.161,3367.938,207,open,ACTUATOR_ACTIVE,TRAJECTORY_RUNNING,24.0,43,14,-12,-2.95,43,0,0.0,0.0,0.0,0.0,0.0,0.0
2026-07-30T11:32:14.656,3368.438,207,open,ACTUATOR_ACTIVE,TRAJECTORY_COMPLETE,24.0,43,9,0,0.76,43,0,0.0,0.0,0.0,0.0,0.0,0.0
2026-07-30T11:32:15.151,3368.938,207,open,ACTUATOR_ACTIVE,TRAJECTORY_COMPLETE,24.0,43,10,-1,0.26,43,0,0.0,0.0,0.0,0.0,0.0,0.0
2026-07-30T11:32:15.647,3369.422,207,open,ACTUATOR_ACTIVE,TRAJECTORY_COMPLETE,24.0,43,10,0,0.26,43,0,0.0,0.0,0.0,0.0,0.0,0.0
2026-07-30T11:32:16.153,3369.938,207,open,ACTUATOR_ACTIVE,TRAJECTORY_COMPLETE,24.0,43,10,-1,-0.02,43,0,0.0,0.0,0.0,0.0,0.0,0.0
2026-07-30T11:32:16.645,3370.422,207,open,ACTUATOR_ACTIVE,TRAJECTORY_COMPLETE,24.0,40,10,0,0.3,40,0,0.0,0.0,0.0,0.0,0.0,0.0
2026-07-30T11:32:17.160,3370.938,207,open,ACTUATOR_ACTIVE,TRAJECTORY_COMPLETE,24.0,40,10,0,0.02,40,0,0.0,0.0,0.0,0.0,0.0,0.0
2026-07-30T11:32:17.654,3371.438,207,open,ACTUATOR_ACTIVE,TRAJECTORY_COMPLETE,24.0,40,9,0,0.35,40,0,0.0,0.0,0.0,0.0,0.0,0.0
2026-07-30T11:32:18.151,3371.938,207,open,ACTUATOR_ACTIVE,TRAJECTORY_COMPLETE,24.0,40,9,0,-0.04,40,0,0.0,0.0,0.0,0.0,0.0,0.0
2026-07-30T11:32:18.647,3372.422,207,open,ACTUATOR_ACTIVE,TRAJECTORY_COMPLETE,24.0,40,9,0,1.16,40,0,0.0,0.0,0.0,0.0,0.0,0.0
2026-07-30T11:32:19.157,3372.938,207,open,ACTUATOR_ACTIVE,TRAJECTORY_COMPLETE,24.0,40,10,0,1.57,40,0,0.0,0.0,0.0,0.0,0.0,0.0
2026-07-30T11:32:19.650,3373.438,207,open,ACTUATOR_ACTIVE,TRAJECTORY_COMPLETE,24.0,40,9,0,0.36,40,0,0.0,0.0,0.0,0.0,0.0,0.0
2026-07-30T11:32:20.140,3373.922,207,open,ACTUATOR_ACTIVE,TRAJECTORY_COMPLETE,24.0,40,9,0,0.17,40,0,0.0,0.0,0.0,0.0,0.0,0.0
2026-07-30T11:32:20.754,3374.531,208,close,ACTUATOR_ACTIVE,TRAJECTORY_RUNNING,24.0,44,10,6,1.22,44,0,0.0,0.0,0.0,0.0,0.0,0.0
2026-07-30T11:32:21.267,3375.047,208,close,ACTUATOR_ACTIVE,TRAJECTORY_RUNNING,24.0,44,14,9,1.36,44,0,0.0,0.0,0.0,0.0,0.0,0.0
2026-07-30T11:32:21.762,3375.547,208,close,ACTUATOR_ACTIVE,TRAJECTORY_RUNNING,24.0,44,19,9,1.51,44,0,0.0,0.0,0.0,0.0,0.0,0.0
2026-07-30T11:32:22.259,3376.031,208,close,ACTUATOR_ACTIVE,TRAJECTORY_RUNNING,24.0,44,23,8,3.09,44,0,0.0,0.0,0.0,0.0,0.0,0.0
2026-07-30T11:32:22.771,3376.547,208,close,ACTUATOR_ACTIVE,TRAJECTORY_RUNNING,24.0,44,28,6,2.1,44,0,0.0,0.0,0.0,0.0,0.0,0.0
2026-07-30T11:32:23.269,3377.047,208,close,ACTUATOR_ACTIVE,TRAJECTORY_RUNNING,24.0,44,31,2,24.16,44,0,0.0,0.0,0.0,0.0,0.0,0.0
2026-07-30T11:32:23.767,3377.547,208,close,ACTUATOR_ACTIVE,TRAJECTORY_RUNNING,24.0,44,31,0,29.22,44,0,0.0,0.0,0.0,0.0,0.0,0.0
2026-07-30T11:32:24.261,3378.047,208,close,ACTUATOR_ACTIVE,TRAJECTORY_RUNNING,24.0,44,31,0,30.1,44,0,0.0,0.0,0.0,0.0,0.0,0.0
2026-07-30T11:32:24.756,3378.531,208,close,ACTUATOR_ACTIVE,TRAJECTORY_RUNNING,24.0,46,31,0,31.78,46,0,0.0,0.0,0.0,0.0,0.0,0.0
2026-07-30T11:32:25.270,3379.047,208,close,ACTUATOR_ACTIVE,TRAJECTORY_RUNNING,24.0,46,31,0,29.66,46,0,0.0,0.0,0.0,0.0,0.0,0.0
2026-07-30T11:32:25.768,3379.547,208,close,ACTUATOR_ACTIVE,TRAJECTORY_RUNNING,24.0,46,31,0,29.36,46,0,0.0,0.0,0.0,0.0,0.0,0.0
2026-07-30T11:32:26.264,3380.047,208,close,ACTUATOR_ACTIVE,TRAJECTORY_RUNNING,24.0,46,31,0,31.0,46,0,0.0,0.0,0.0,0.0,0.0,0.0
2026-07-30T11:32:26.763,3380.547,208,close,ACTUATOR_ACTIVE,TRAJECTORY_RUNNING,24.0,46,31,0,30.52,46,0,0.0,0.0,0.0,0.0,0.0,0.0
2026-07-30T11:32:27.258,3381.031,208,close,ACTUATOR_ACTIVE,TRAJECTORY_RUNNING,24.0,46,31,0,29.75,46,0,0.0,0.0,0.0,0.0,0.0,0.0
2026-07-30T11:32:27.773,3381.547,208,close,ACTUATOR_ACTIVE,TRAJECTORY_RUNNING,24.0,46,31,0,32.03,46,0,0.0,0.0,0.0,0.0,0.0,0.0
2026-07-30T11:32:28.272,3382.047,208,close,ACTUATOR_ACTIVE,TRAJECTORY_RUNNING,24.0,46,31,1,30.26,46,0,0.0,0.0,0.0,0.0,0.0,0.0
2026-07-30T11:32:28.875,3382.656,208,open,ACTUATOR_ACTIVE,TRAJECTORY_RUNNING,24.0,43,31,-1,4.84,43,0,0.0,0.0,0.0,0.0,0.0,0.0
2026-07-30T11:32:29.374,3383.156,208,open,ACTUATOR_ACTIVE,TRAJECTORY_RUNNING,24.0,43,27,-10,-1.13,43,0,0.0,0.0,0.0,0.0,0.0,0.0
2026-07-30T11:32:29.875,3383.656,208,open,ACTUATOR_ACTIVE,TRAJECTORY_RUNNING,24.0,43,21,-12,-2.3,43,0,0.0,0.0,0.0,0.0,0.0,0.0
2026-07-30T11:32:30.372,3384.156,208,open,ACTUATOR_ACTIVE,TRAJECTORY_RUNNING,24.0,43,16,-10,-1.93,43,0,0.0,0.0,0.0,0.0,0.0,0.0
2026-07-30T11:32:30.867,3384.641,208,open,ACTUATOR_ACTIVE,TRAJECTORY_RUNNING,24.0,43,10,-10,-2.1,43,0,0.0,0.0,0.0,0.0,0.0,0.0
2026-07-30T11:32:31.380,3385.156,208,open,ACTUATOR_ACTIVE,TRAJECTORY_COMPLETE,24.0,43,10,1,0.37,43,0,0.0,0.0,0.0,0.0,0.0,0.0
2026-07-30T11:32:31.879,3385.656,208,open,ACTUATOR_ACTIVE,TRAJECTORY_COMPLETE,24.0,43,10,0,1.18,43,0,0.0,0.0,0.0,0.0,0.0,0.0
2026-07-30T11:32:32.374,3386.156,208,open,ACTUATOR_ACTIVE,TRAJECTORY_COMPLETE,24.0,43,10,0,0.09,43,0,0.0,0.0,0.0,0.0,0.0,0.0
2026-07-30T11:32:32.871,3386.656,208,open,ACTUATOR_ACTIVE,TRAJECTORY_COMPLETE,24.0,43,9,0,-0.18,43,0,0.0,0.0,0.0,0.0,0.0,0.0
2026-07-30T11:32:33.369,3387.156,208,open,ACTUATOR_ACTIVE,TRAJECTORY_COMPLETE,24.0,43,9,-1,0.19,43,0,0.0,0.0,0.0,0.0,0.0,0.0
2026-07-30T11:32:33.867,3387.641,208,open,ACTUATOR_ACTIVE,TRAJECTORY_COMPLETE,24.0,43,9,0,-0.46,43,0,0.0,0.0,0.0,0.0,0.0,0.0
2026-07-30T11:32:34.381,3388.156,208,open,ACTUATOR_ACTIVE,TRAJECTORY_COMPLETE,24.0,43,9,0,0.23,43,0,0.0,0.0,0.0,0.0,0.0,0.0
2026-07-30T11:32:34.872,3388.656,208,open,ACTUATOR_ACTIVE,TRAJECTORY_COMPLETE,24.0,43,9,0,-0.22,43,0,0.0,0.0,0.0,0.0,0.0,0.0
2026-07-30T11:32:35.368,3389.141,208,open,ACTUATOR_ACTIVE,TRAJECTORY_COMPLETE,24.0,43,9,0,-0.15,43,0,0.0,0.0,0.0,0.0,0.0,0.0
2026-07-30T11:32:35.878,3389.656,208,open,ACTUATOR_ACTIVE,TRAJECTORY_COMPLETE,24.0,43,9,0,0.14,43,0,0.0,0.0,0.0,0.0,0.0,0.0
2026-07-30T11:32:36.372,3390.156,208,open,ACTUATOR_ACTIVE,TRAJECTORY_COMPLETE,24.0,46,9,0,0.06,46,0,0.0,0.0,0.0,0.0,0.0,0.0
2026-07-30T11:32:36.982,3390.766,209,close,ACTUATOR_ACTIVE,TRAJECTORY_RUNNING,24.0,46,10,7,2.09,46,0,0.0,0.0,0.0,0.0,0.0,0.0
2026-07-30T11:32:37.481,3391.266,209,close,ACTUATOR_ACTIVE,TRAJECTORY_RUNNING,24.0,46,12,4,0.35,46,0,0.0,0.0,0.0,0.0,0.0,0.0
2026-07-30T11:32:37.976,3391.75,209,close,ACTUATOR_ACTIVE,TRAJECTORY_RUNNING,24.0,46,14,2,2.16,46,0,0.0,0.0,0.0,0.0,0.0,0.0
2026-07-30T11:32:38.487,3392.266,209,close,ACTUATOR_ACTIVE,TRAJECTORY_RUNNING,24.0,46,17,4,1.09,46,0,0.0,0.0,0.0,0.0,0.0,0.0
2026-07-30T11:32:38.985,3392.766,209,close,ACTUATOR_ACTIVE,TRAJECTORY_RUNNING,24.0,46,21,8,1.59,46,0,0.0,0.0,0.0,0.0,0.0,0.0
2026-07-30T11:32:39.481,3393.266,209,close,ACTUATOR_ACTIVE,TRAJECTORY_RUNNING,24.0,46,25,9,1.37,46,0,0.0,0.0,0.0,0.0,0.0,0.0
2026-07-30T11:32:39.979,3393.766,209,close,ACTUATOR_ACTIVE,TRAJECTORY_RUNNING,24.0,46,29,9,1.84,46,0,0.0,0.0,0.0,0.0,0.0,0.0
2026-07-30T11:32:40.469,3394.25,209,close,ACTUATOR_ACTIVE,TRAJECTORY_RUNNING,24.0,47,30,0,3.07,47,0,0.0,0.0,0.0,0.0,0.0,0.0
2026-07-30T11:32:40.975,3394.75,209,close,ACTUATOR_ACTIVE,TRAJECTORY_RUNNING,24.0,47,30,0,1.93,47,0,0.0,0.0,0.0,0.0,0.0,0.0
2026-07-30T11:32:41.490,3395.266,209,close,ACTUATOR_ACTIVE,TRAJECTORY_RUNNING,24.0,47,30,1,2.11,47,0,0.0,0.0,0.0,0.0,0.0,0.0
2026-07-30T11:32:41.986,3395.766,209,close,ACTUATOR_ACTIVE,TRAJECTORY_RUNNING,24.0,47,30,0,1.72,47,0,0.0,0.0,0.0,0.0,0.0,0.0
2026-07-30T11:32:42.482,3396.266,209,close,ACTUATOR_ACTIVE,TRAJECTORY_RUNNING,24.0,47,30,0,1.69,47,0,0.0,0.0,0.0,0.0,0.0,0.0
2026-07-30T11:32:42.977,3396.75,209,close,ACTUATOR_ACTIVE,TRAJECTORY_RUNNING,24.0,47,30,0,1.71,47,0,0.0,0.0,0.0,0.0,0.0,0.0
2026-07-30T11:32:43.491,3397.266,209,close,ACTUATOR_ACTIVE,TRAJECTORY_RUNNING,24.0,47,30,1,1.93,47,0,0.0,0.0,0.0,0.0,0.0,0.0
2026-07-30T11:32:43.988,3397.766,209,close,ACTUATOR_ACTIVE,TRAJECTORY_RUNNING,24.0,47,30,0,1.69,47,0,0.0,0.0,0.0,0.0,0.0,0.0
2026-07-30T11:32:44.486,3398.266,209,close,ACTUATOR_ACTIVE,TRAJECTORY_RUNNING,24.0,47,30,0,1.99,47,0,0.0,0.0,0.0,0.0,0.0,0.0
2026-07-30T11:32:45.093,3398.875,209,open,ACTUATOR_ACTIVE,TRAJECTORY_RUNNING,24.0,47,30,0,0.78,47,0,0.0,0.0,0.0,0.0,0.0,0.0
2026-07-30T11:32:45.591,3399.375,209,open,ACTUATOR_ACTIVE,TRAJECTORY_RUNNING,24.0,47,26,-11,-1.49,47,0,0.0,0.0,0.0,0.0,0.0,0.0
2026-07-30T11:32:46.089,3399.875,209,open,ACTUATOR_ACTIVE,TRAJECTORY_RUNNING,24.0,47,20,-12,-1.82,47,0,0.0,0.0,0.0,0.0,0.0,0.0
2026-07-30T11:32:46.586,3400.36,209,open,ACTUATOR_ACTIVE,TRAJECTORY_RUNNING,24.0,47,14,-12,-2.04,47,0,0.0,0.0,0.0,0.0,0.0,0.0
2026-07-30T11:32:47.098,3400.875,209,open,ACTUATOR_ACTIVE,TRAJECTORY_COMPLETE,24.0,47,9,0,0.86,47,0,0.0,0.0,0.0,0.0,0.0,0.0
2026-07-30T11:32:47.597,3401.375,209,open,ACTUATOR_ACTIVE,TRAJECTORY_COMPLETE,24.0,47,10,0,-0.05,47,0,0.0,0.0,0.0,0.0,0.0,0.0
2026-07-30T11:32:48.096,3401.875,209,open,ACTUATOR_ACTIVE,TRAJECTORY_COMPLETE,24.0,47,9,0,0.24,47,0,0.0,0.0,0.0,0.0,0.0,0.0
2026-07-30T11:32:48.595,3402.375,209,open,ACTUATOR_ACTIVE,TRAJECTORY_COMPLETE,24.0,46,9,1,-0.74,46,0,0.0,0.0,0.0,0.0,0.0,0.0
2026-07-30T11:32:49.093,3402.875,209,open,ACTUATOR_ACTIVE,TRAJECTORY_COMPLETE,24.0,46,9,0,-0.15,46,0,0.0,0.0,0.0,0.0,0.0,0.0
2026-07-30T11:32:49.588,3403.375,209,open,ACTUATOR_ACTIVE,TRAJECTORY_COMPLETE,24.0,46,9,1,0.35,46,0,0.0,0.0,0.0,0.0,0.0,0.0
2026-07-30T11:32:50.085,3403.86,209,open,ACTUATOR_ACTIVE,TRAJECTORY_COMPLETE,24.0,46,9,0,0.03,46,0,0.0,0.0,0.0,0.0,0.0,0.0
2026-07-30T11:32:50.599,3404.375,209,open,ACTUATOR_ACTIVE,TRAJECTORY_COMPLETE,24.0,46,9,0,0.02,46,0,0.0,0.0,0.0,0.0,0.0,0.0
2026-07-30T11:32:51.098,3404.875,209,open,ACTUATOR_ACTIVE,TRAJECTORY_COMPLETE,24.0,46,9,0,0.09,46,0,0.0,0.0,0.0,0.0,0.0,0.0
2026-07-30T11:32:51.595,3405.375,209,open,ACTUATOR_ACTIVE,TRAJECTORY_COMPLETE,24.0,46,9,0,0.31,46,0,0.0,0.0,0.0,0.0,0.0,0.0
2026-07-30T11:32:52.092,3405.875,209,open,ACTUATOR_ACTIVE,TRAJECTORY_COMPLETE,24.0,46,9,0,0.44,46,0,0.0,0.0,0.0,0.0,0.0,0.0
2026-07-30T11:32:52.588,3406.375,209,open,ACTUATOR_ACTIVE,TRAJECTORY_COMPLETE,24.0,43,9,0,0.16,43,0,0.0,0.0,0.0,0.0,0.0,0.0
2026-07-30T11:32:53.198,3406.985,210,close,ACTUATOR_ACTIVE,TRAJECTORY_RUNNING,24.0,43,10,7,1.25,43,0,0.0,0.0,0.0,0.0,0.0,0.0
2026-07-30T11:32:53.699,3407.485,210,close,ACTUATOR_ACTIVE,TRAJECTORY_RUNNING,24.0,43,14,10,1.62,43,0,0.0,0.0,0.0,0.0,0.0,0.0
2026-07-30T11:32:54.194,3407.969,210,close,ACTUATOR_ACTIVE,TRAJECTORY_RUNNING,24.0,43,19,9,2.38,43,0,0.0,0.0,0.0,0.0,0.0,0.0
2026-07-30T11:32:54.707,3408.485,210,close,ACTUATOR_ACTIVE,TRAJECTORY_RUNNING,24.0,43,23,9,2.54,43,0,0.0,0.0,0.0,0.0,0.0,0.0
2026-07-30T11:32:55.205,3408.985,210,close,ACTUATOR_ACTIVE,TRAJECTORY_RUNNING,24.0,43,28,8,1.64,43,0,0.0,0.0,0.0,0.0,0.0,0.0
2026-07-30T11:32:55.702,3409.485,210,close,ACTUATOR_ACTIVE,TRAJECTORY_RUNNING,24.0,43,31,2,23.73,43,0,0.0,0.0,0.0,0.0,0.0,0.0
2026-07-30T11:32:56.199,3409.985,210,close,ACTUATOR_ACTIVE,TRAJECTORY_RUNNING,24.0,43,31,0,28.54,43,0,0.0,0.0,0.0,0.0,0.0,0.0
2026-07-30T11:32:56.697,3410.469,210,close,ACTUATOR_ACTIVE,TRAJECTORY_RUNNING,24.0,44,31,0,30.62,44,0,0.0,0.0,0.0,0.0,0.0,0.0
2026-07-30T11:32:57.209,3410.985,210,close,ACTUATOR_ACTIVE,TRAJECTORY_RUNNING,24.0,44,31,0,29.86,44,0,0.0,0.0,0.0,0.0,0.0,0.0
2026-07-30T11:32:57.704,3411.485,210,close,ACTUATOR_ACTIVE,TRAJECTORY_RUNNING,24.0,44,31,0,29.79,44,0,0.0,0.0,0.0,0.0,0.0,0.0
2026-07-30T11:32:58.200,3411.985,210,close,ACTUATOR_ACTIVE,TRAJECTORY_RUNNING,24.0,44,31,0,27.46,44,0,0.0,0.0,0.0,0.0,0.0,0.0
2026-07-30T11:32:58.698,3412.485,210,close,ACTUATOR_ACTIVE,TRAJECTORY_RUNNING,24.0,44,31,0,31.09,44,0,0.0,0.0,0.0,0.0,0.0,0.0
2026-07-30T11:32:59.196,3412.969,210,close,ACTUATOR_ACTIVE,TRAJECTORY_RUNNING,24.0,44,31,0,29.06,44,0,0.0,0.0,0.0,0.0,0.0,0.0
2026-07-30T11:32:59.707,3413.485,210,close,ACTUATOR_ACTIVE,TRAJECTORY_RUNNING,24.0,44,31,0,29.89,44,0,0.0,0.0,0.0,0.0,0.0,0.0
2026-07-30T11:33:00.204,3413.985,210,close,ACTUATOR_ACTIVE,TRAJECTORY_RUNNING,24.0,44,31,0,31.12,44,0,0.0,0.0,0.0,0.0,0.0,0.0
2026-07-30T11:33:00.700,3414.485,210,close,ACTUATOR_ACTIVE,TRAJECTORY_RUNNING,24.0,46,31,0,29.86,46,0,0.0,0.0,0.0,0.0,0.0,0.0
2026-07-30T11:33:01.307,3415.094,210,open,ACTUATOR_ACTIVE,TRAJECTORY_RUNNING,24.0,46,31,1,4.07,46,0,0.0,0.0,0.0,0.0,0.0,0.0
2026-07-30T11:33:01.806,3415.578,210,open,ACTUATOR_ACTIVE,TRAJECTORY_RUNNING,24.0,46,27,-11,-1.46,46,0,0.0,0.0,0.0,0.0,0.0,0.0
2026-07-30T11:33:02.319,3416.094,210,open,ACTUATOR_ACTIVE,TRAJECTORY_RUNNING,24.0,46,21,-12,-2.63,46,0,0.0,0.0,0.0,0.0,0.0,0.0
2026-07-30T11:33:02.815,3416.594,210,open,ACTUATOR_ACTIVE,TRAJECTORY_RUNNING,24.0,46,15,-11,-1.45,46,0,0.0,0.0,0.0,0.0,0.0,0.0
2026-07-30T11:33:03.312,3417.094,210,open,ACTUATOR_ACTIVE,TRAJECTORY_RUNNING,24.0,46,10,-13,-3.25,46,0,0.0,0.0,0.0,0.0,0.0,0.0
2026-07-30T11:33:03.811,3417.594,210,open,ACTUATOR_ACTIVE,TRAJECTORY_COMPLETE,24.0,46,9,-1,-0.16,46,0,0.0,0.0,0.0,0.0,0.0,0.0
2026-07-30T11:33:04.304,3418.078,210,open,ACTUATOR_ACTIVE,TRAJECTORY_COMPLETE,24.0,46,9,0,0.08,46,0,0.0,0.0,0.0,0.0,0.0,0.0
2026-07-30T11:33:04.819,3418.594,210,open,ACTUATOR_ACTIVE,TRAJECTORY_COMPLETE,24.0,47,9,0,-0.95,47,0,0.0,0.0,0.0,0.0,0.0,0.0
2026-07-30T11:33:05.317,3419.094,210,open,ACTUATOR_ACTIVE,TRAJECTORY_COMPLETE,24.0,47,10,0,0.47,47,0,0.0,0.0,0.0,0.0,0.0,0.0
2026-07-30T11:33:05.814,3419.594,210,open,ACTUATOR_ACTIVE,TRAJECTORY_COMPLETE,24.0,47,10,0,0.3,47,0,0.0,0.0,0.0,0.0,0.0,0.0
