timestamp,elapsed_s,cycle,phase,actuator_state,trajectory_return,voltage,avg_temperature,position_gripper_joint,velocity_gripper_joint,force_gripper_joint,temperature_gripper_joint,error_gripper_joint,fingertip_gripper_join_left_x,fingertip_gripper_join_left_y,fingertip_gripper_join_left_z,fingertip_gripper_join_right_x,fingertip_gripper_join_right_y,fingertip_gripper_join_right_z
2026-07-28T17:39:36.697,0.14,0,close,ACTUATOR_ACTIVE,TRAJECTORY_RUNNING,24.0,46,10,19,4.08,46,0,0.0,0.0,0.0,0.24,-0.11,0.59
2026-07-28T17:39:37.711,1.156,0,close,ACTUATOR_ACTIVE,TRAJECTORY_RUNNING,24.0,46,33,-1,79.21,46,0,0.0,0.0,0.0,2.0,-0.68,0.57
2026-07-28T17:39:38.819,2.265,0,open,ACTUATOR_ACTIVE,TRAJECTORY_RUNNING,24.0,46,33,-2,37.05,46,0,0.0,0.0,0.0,2.13,-0.64,1.02
2026-07-28T17:39:39.814,3.265,0,open,ACTUATOR_ACTIVE,TRAJECTORY_COMPLETE,24.0,47,9,2,-1.59,47,0,0.0,0.0,0.0,0.58,-0.13,0.71
2026-07-28T17:39:40.924,4.375,1,close,ACTUATOR_ACTIVE,TRAJECTORY_RUNNING,24.0,47,10,17,4.69,47,0,0.0,0.0,0.0,0.5,-0.15,0.69
2026-07-28T17:39:41.915,5.359,1,close,ACTUATOR_ACTIVE,TRAJECTORY_RUNNING,24.0,47,33,-1,83.9,47,0,0.0,0.0,0.0,2.05,-0.68,-0.16
2026-07-28T17:39:43.031,6.484,1,open,ACTUATOR_ACTIVE,TRAJECTORY_RUNNING,24.0,47,33,-1,37.74,47,0,0.0,0.0,0.0,2.17,-0.69,0.27
2026-07-28T17:39:44.027,7.484,1,open,ACTUATOR_ACTIVE,TRAJECTORY_RUNNING,24.0,44,8,8,2.2,44,0,0.0,0.0,0.0,0.66,-0.07,0.77
2026-07-28T17:39:45.130,8.578,2,close,ACTUATOR_ACTIVE,TRAJECTORY_RUNNING,24.0,44,10,15,3.77,44,0,0.0,0.0,0.0,0.56,-0.1,0.71
2026-07-28T17:39:46.140,9.593,2,close,ACTUATOR_ACTIVE,TRAJECTORY_RUNNING,24.0,44,33,0,80.76,44,0,0.0,0.0,0.0,2.07,-0.69,-0.18
2026-07-28T17:39:47.239,10.687,2,open,ACTUATOR_ACTIVE,TRAJECTORY_RUNNING,24.0,44,33,-1,35.95,44,0,0.0,0.0,0.0,2.19,-0.69,0.19
2026-07-28T17:39:48.250,11.703,2,open,ACTUATOR_ACTIVE,TRAJECTORY_COMPLETE,24.0,45,9,0,-1.08,45,0,0.0,0.0,0.0,0.66,-0.1,0.78
2026-07-28T17:39:49.353,12.796,3,close,ACTUATOR_ACTIVE,TRAJECTORY_RUNNING,24.0,45,10,16,4.71,45,0,0.0,0.0,0.0,0.58,-0.12,0.75
2026-07-28T17:39:50.362,13.812,3,close,ACTUATOR_ACTIVE,TRAJECTORY_RUNNING,24.0,45,32,0,31.74,45,0,0.0,0.0,0.0,1.39,-0.35,5.45
2026-07-28T17:39:51.471,14.921,3,open,ACTUATOR_ACTIVE,TRAJECTORY_RUNNING,24.0,45,32,-15,7.71,45,0,0.0,0.0,0.0,1.07,-0.11,4.69
2026-07-28T17:39:52.468,15.921,3,open,ACTUATOR_ACTIVE,TRAJECTORY_COMPLETE,24.0,44,10,11,0.98,44,0,0.0,0.0,0.0,0.59,-0.1,0.82
2026-07-28T17:39:53.572,17.015,4,close,ACTUATOR_ACTIVE,TRAJECTORY_RUNNING,24.0,44,10,15,3.63,44,0,0.0,0.0,0.0,0.53,-0.1,0.77
2026-07-28T17:39:54.583,18.031,4,close,ACTUATOR_ACTIVE,TRAJECTORY_RUNNING,24.0,44,32,0,30.06,44,0,0.0,0.0,0.0,1.49,-0.83,5.43
2026-07-28T17:39:55.691,19.14,4,open,ACTUATOR_ACTIVE,TRAJECTORY_RUNNING,24.0,44,31,-14,7.64,44,0,0.0,0.0,0.0,1.46,-0.84,5.58
2026-07-28T17:39:56.683,20.14,4,open,ACTUATOR_ACTIVE,TRAJECTORY_COMPLETE,24.0,49,10,13,1.77,49,0,0.0,0.0,0.0,0.56,-0.13,0.85
2026-07-28T17:39:57.791,21.234,5,close,ACTUATOR_ACTIVE,TRAJECTORY_RUNNING,24.0,49,10,18,4.54,49,0,0.0,0.0,0.0,0.51,-0.13,0.8
2026-07-28T17:39:58.803,22.25,5,close,ACTUATOR_ACTIVE,TRAJECTORY_RUNNING,24.0,49,33,0,84.78,49,0,0.0,0.0,0.0,2.04,-0.72,0.33
2026-07-28T17:39:59.913,23.359,5,open,ACTUATOR_ACTIVE,TRAJECTORY_RUNNING,24.0,46,33,-1,33.66,46,0,0.0,0.0,0.0,2.16,-0.69,0.84
2026-07-28T17:40:00.912,24.359,5,open,ACTUATOR_ACTIVE,TRAJECTORY_RUNNING,24.0,46,8,11,2.18,46,0,0.0,0.0,0.0,0.66,-0.12,0.84
2026-07-28T17:40:02.016,25.468,6,close,ACTUATOR_ACTIVE,TRAJECTORY_RUNNING,24.0,46,10,16,4.29,46,0,0.0,0.0,0.0,0.58,-0.14,0.79
2026-07-28T17:40:03.009,26.453,6,close,ACTUATOR_ACTIVE,TRAJECTORY_RUNNING,24.0,46,32,0,33.93,46,0,0.0,0.0,0.0,1.38,-0.32,5.39
2026-07-28T17:40:04.133,27.578,6,open,ACTUATOR_ACTIVE,TRAJECTORY_RUNNING,24.0,48,31,-14,7.75,48,0,0.0,0.0,0.0,1.37,-0.3,5.54
2026-07-28T17:40:05.124,28.578,6,open,ACTUATOR_ACTIVE,TRAJECTORY_COMPLETE,24.0,48,10,12,0.61,48,0,0.0,0.0,0.0,0.59,-0.13,0.84
2026-07-28T17:40:06.222,29.671,7,close,ACTUATOR_ACTIVE,TRAJECTORY_RUNNING,24.0,48,10,19,2.99,48,0,0.0,0.0,0.0,0.53,-0.13,0.78
2026-07-28T17:40:07.236,30.687,7,close,ACTUATOR_ACTIVE,TRAJECTORY_RUNNING,24.0,48,33,-1,82.88,48,0,0.0,0.0,0.0,2.04,-0.68,-0.17
2026-07-28T17:40:08.342,31.796,7,open,ACTUATOR_ACTIVE,TRAJECTORY_RUNNING,24.0,49,33,-2,34.23,49,0,0.0,0.0,0.0,2.17,-0.68,0.31
2026-07-28T17:40:09.338,32.781,7,open,ACTUATOR_ACTIVE,TRAJECTORY_RUNNING,24.0,49,10,-16,-3.03,49,0,0.0,0.0,0.0,0.66,-0.11,0.82
2026-07-28T17:40:10.457,33.906,8,close,ACTUATOR_ACTIVE,TRAJECTORY_RUNNING,24.0,49,10,18,3.36,49,0,0.0,0.0,0.0,0.59,-0.14,0.77
2026-07-28T17:40:11.456,34.906,8,close,ACTUATOR_ACTIVE,TRAJECTORY_RUNNING,24.0,49,32,1,32.82,49,0,0.0,0.0,0.0,1.35,-0.32,5.34
2026-07-28T17:40:12.559,36.015,8,open,ACTUATOR_ACTIVE,TRAJECTORY_RUNNING,24.0,52,32,-15,5.96,52,0,0.0,0.0,0.0,1.36,-0.3,5.51
2026-07-28T17:40:13.556,37.0,8,open,ACTUATOR_ACTIVE,TRAJECTORY_COMPLETE,24.0,52,10,11,1.37,52,0,0.0,0.0,0.0,0.59,-0.13,0.86
2026-07-28T17:40:14.680,38.125,9,close,ACTUATOR_ACTIVE,TRAJECTORY_RUNNING,24.0,52,10,15,5.77,52,0,0.0,0.0,0.0,0.54,-0.13,0.81
2026-07-28T17:40:15.693,39.14,9,close,ACTUATOR_ACTIVE,TRAJECTORY_RUNNING,24.0,52,33,0,83.82,52,0,0.0,0.0,0.0,2.07,-0.67,-0.09
2026-07-28T17:40:16.799,40.25,9,open,ACTUATOR_ACTIVE,TRAJECTORY_RUNNING,24.0,48,33,-2,36.06,48,0,0.0,0.0,0.0,2.18,-0.67,0.34
2026-07-28T17:40:17.790,41.234,9,open,ACTUATOR_ACTIVE,TRAJECTORY_RUNNING,24.0,48,8,10,3.32,48,0,0.0,0.0,0.0,0.67,-0.11,0.83
2026-07-28T17:40:18.910,42.359,10,close,ACTUATOR_ACTIVE,TRAJECTORY_RUNNING,24.0,48,10,17,4.01,48,0,0.0,0.0,0.0,0.6,-0.14,0.8
2026-07-28T17:40:19.907,43.359,10,close,ACTUATOR_ACTIVE,TRAJECTORY_RUNNING,24.0,47,32,-1,30.43,47,0,0.0,0.0,0.0,1.37,-0.31,5.3
2026-07-28T17:40:21.014,44.468,10,open,ACTUATOR_ACTIVE,TRAJECTORY_RUNNING,24.0,47,32,-15,6.76,47,0,0.0,0.0,0.0,1.1,-0.04,4.69
2026-07-28T17:40:22.010,45.453,10,open,ACTUATOR_ACTIVE,TRAJECTORY_COMPLETE,24.0,47,10,-1,0.23,47,0,0.0,0.0,0.0,0.6,-0.12,0.89
2026-07-28T17:40:23.129,46.578,11,close,ACTUATOR_ACTIVE,TRAJECTORY_RUNNING,24.0,47,10,16,4.14,47,0,0.0,0.0,0.0,0.55,-0.13,0.83
2026-07-28T17:40:24.138,47.593,11,close,ACTUATOR_ACTIVE,TRAJECTORY_RUNNING,24.0,52,32,1,33.1,52,0,0.0,0.0,0.0,1.32,-0.29,5.23
2026-07-28T17:40:25.244,48.687,11,open,ACTUATOR_ACTIVE,TRAJECTORY_RUNNING,24.0,52,31,-15,7.05,52,0,0.0,0.0,0.0,1.33,-0.27,5.4
2026-07-28T17:40:26.258,49.703,11,open,ACTUATOR_ACTIVE,TRAJECTORY_COMPLETE,24.0,52,10,1,1.19,52,0,0.0,0.0,0.0,0.6,-0.13,0.9
2026-07-28T17:40:27.362,50.812,12,close,ACTUATOR_ACTIVE,TRAJECTORY_RUNNING,24.0,52,10,15,4.45,52,0,0.0,0.0,0.0,0.56,-0.13,0.84
2026-07-28T17:40:28.359,51.812,12,close,ACTUATOR_ACTIVE,TRAJECTORY_RUNNING,24.0,47,33,0,82.15,47,0,0.0,0.0,0.0,2.05,-0.65,-0.16
2026-07-28T17:40:29.466,52.921,12,open,ACTUATOR_ACTIVE,TRAJECTORY_RUNNING,24.0,47,33,0,33.93,47,0,0.0,0.0,0.0,2.17,-0.66,0.36
2026-07-28T17:40:30.462,53.906,12,open,ACTUATOR_ACTIVE,TRAJECTORY_COMPLETE,24.0,47,9,-5,-0.68,47,0,0.0,0.0,0.0,0.66,-0.13,0.87
2026-07-28T17:40:31.578,55.031,13,close,ACTUATOR_ACTIVE,TRAJECTORY_RUNNING,24.0,47,10,16,3.5,47,0,0.0,0.0,0.0,0.6,-0.15,0.82
2026-07-28T17:40:32.574,56.031,13,close,ACTUATOR_ACTIVE,TRAJECTORY_RUNNING,24.0,50,33,-1,81.56,50,0,0.0,0.0,0.0,2.07,-0.67,-0.11
2026-07-28T17:40:33.683,57.14,13,open,ACTUATOR_ACTIVE,TRAJECTORY_RUNNING,24.0,50,33,-2,35.05,50,0,0.0,0.0,0.0,2.18,-0.69,0.41
2026-07-28T17:40:34.675,58.125,13,open,ACTUATOR_ACTIVE,TRAJECTORY_RUNNING,24.0,50,8,9,2.43,50,0,0.0,0.0,0.0,0.67,-0.07,0.84
2026-07-28T17:40:35.796,59.25,14,close,ACTUATOR_ACTIVE,TRAJECTORY_RUNNING,24.0,48,10,18,2.62,48,0,0.0,0.0,0.0,0.61,-0.1,0.86
2026-07-28T17:40:36.789,60.234,14,close,ACTUATOR_ACTIVE,TRAJECTORY_RUNNING,24.0,48,33,0,79.88,48,0,0.0,0.0,0.0,2.06,-0.67,-0.12
2026-07-28T17:40:37.912,61.359,14,open,ACTUATOR_ACTIVE,TRAJECTORY_RUNNING,24.0,48,33,-3,35.82,48,0,0.0,0.0,0.0,2.18,-0.67,0.36
2026-07-28T17:40:38.906,62.359,14,open,ACTUATOR_ACTIVE,TRAJECTORY_COMPLETE,24.0,48,10,-11,-2.31,48,0,0.0,0.0,0.0,0.66,-0.07,0.89
2026-07-28T17:40:40.012,63.468,15,close,ACTUATOR_ACTIVE,TRAJECTORY_RUNNING,24.0,46,10,16,3.78,46,0,0.0,0.0,0.0,0.6,-0.09,0.9
2026-07-28T17:40:41.008,64.453,15,close,ACTUATOR_ACTIVE,TRAJECTORY_RUNNING,24.0,46,32,0,32.11,46,0,0.0,0.0,0.0,1.35,-0.3,5.28
2026-07-28T17:40:42.128,65.578,15,open,ACTUATOR_ACTIVE,TRAJECTORY_RUNNING,24.0,46,32,-14,6.64,46,0,0.0,0.0,0.0,1.09,-0.07,4.82
2026-07-28T17:40:43.126,66.578,15,open,ACTUATOR_ACTIVE,TRAJECTORY_COMPLETE,24.0,46,10,12,1.22,46,0,0.0,0.0,0.0,0.62,-0.1,1.05
2026-07-28T17:40:44.229,67.671,16,close,ACTUATOR_ACTIVE,TRAJECTORY_RUNNING,24.0,50,10,14,3.32,50,0,0.0,0.0,0.0,0.58,-0.11,1.03
2026-07-28T17:40:45.243,68.687,16,close,ACTUATOR_ACTIVE,TRAJECTORY_RUNNING,24.0,50,33,0,80.06,50,0,0.0,0.0,0.0,2.07,-0.66,-0.07
2026-07-28T17:40:46.352,69.796,16,open,ACTUATOR_ACTIVE,TRAJECTORY_RUNNING,24.0,50,33,-2,34.54,50,0,0.0,0.0,0.0,2.17,-0.66,0.36
2026-07-28T17:40:47.367,70.812,16,open,ACTUATOR_ACTIVE,TRAJECTORY_RUNNING,24.0,50,9,12,2.64,50,0,0.0,0.0,0.0,0.65,-0.07,0.91
2026-07-28T17:40:48.474,71.921,17,close,ACTUATOR_ACTIVE,TRAJECTORY_RUNNING,24.0,54,10,18,5.31,54,0,0.0,0.0,0.0,0.59,-0.11,0.96
2026-07-28T17:40:49.469,72.921,17,close,ACTUATOR_ACTIVE,TRAJECTORY_RUNNING,24.0,54,33,-1,80.88,54,0,0.0,0.0,0.0,2.07,-0.66,-0.1
2026-07-28T17:40:50.580,74.031,17,open,ACTUATOR_ACTIVE,TRAJECTORY_RUNNING,24.0,54,33,-1,31.96,54,0,0.0,0.0,0.0,2.18,-0.66,0.39
2026-07-28T17:40:51.570,75.015,17,open,ACTUATOR_ACTIVE,TRAJECTORY_RUNNING,24.0,54,8,9,1.92,54,0,0.0,0.0,0.0,0.65,-0.06,0.91
2026-07-28T17:40:52.693,76.14,18,close,ACTUATOR_ACTIVE,TRAJECTORY_RUNNING,24.0,53,10,17,4.02,53,0,0.0,0.0,0.0,0.59,-0.08,0.96
2026-07-28T17:40:53.691,77.14,18,close,ACTUATOR_ACTIVE,TRAJECTORY_RUNNING,24.0,53,32,0,30.7,53,0,0.0,0.0,0.0,1.4,-0.32,5.31
2026-07-28T17:40:54.793,78.25,18,open,ACTUATOR_ACTIVE,TRAJECTORY_RUNNING,24.0,53,32,-15,7.84,53,0,0.0,0.0,0.0,1.06,0.14,3.95
2026-07-28T17:40:55.786,79.234,18,open,ACTUATOR_ACTIVE,TRAJECTORY_COMPLETE,24.0,52,10,-1,0.04,52,0,0.0,0.0,0.0,0.61,-0.09,1.1
2026-07-28T17:40:56.906,80.359,19,close,ACTUATOR_ACTIVE,TRAJECTORY_RUNNING,24.0,52,10,16,3.24,52,0,0.0,0.0,0.0,0.57,-0.1,1.08
2026-07-28T17:40:57.905,81.359,19,close,ACTUATOR_ACTIVE,TRAJECTORY_RUNNING,24.0,52,32,0,30.34,52,0,0.0,0.0,0.0,1.36,-0.3,5.26
2026-07-28T17:40:59.011,82.468,19,open,ACTUATOR_ACTIVE,TRAJECTORY_RUNNING,24.0,52,32,-13,8.41,52,0,0.0,0.0,0.0,1.35,-0.28,5.42
2026-07-28T17:41:00.010,83.453,19,open,ACTUATOR_ACTIVE,TRAJECTORY_COMPLETE,24.0,52,10,9,0.24,52,0,0.0,0.0,0.0,0.61,-0.09,1.12
2026-07-28T17:41:01.135,84.578,20,close,ACTUATOR_ACTIVE,TRAJECTORY_RUNNING,24.0,52,10,18,4.74,52,0,0.0,0.0,0.0,0.57,-0.1,1.06
2026-07-28T17:41:02.150,85.593,20,close,ACTUATOR_ACTIVE,TRAJECTORY_RUNNING,24.0,52,33,0,84.52,52,0,0.0,0.0,0.0,2.06,-0.65,-0.08
2026-07-28T17:41:03.262,86.718,20,open,ACTUATOR_ACTIVE,TRAJECTORY_RUNNING,24.0,52,33,0,31.45,52,0,0.0,0.0,0.0,2.18,-0.65,0.41
2026-07-28T17:41:04.261,87.718,20,open,ACTUATOR_ACTIVE,TRAJECTORY_RUNNING,24.0,48,8,10,3.21,48,0,0.0,0.0,0.0,0.65,-0.05,0.99
2026-07-28T17:41:05.363,88.812,21,close,ACTUATOR_ACTIVE,TRAJECTORY_RUNNING,24.0,48,10,18,4.28,48,0,0.0,0.0,0.0,0.59,-0.08,1.02
2026-07-28T17:41:06.374,89.828,21,close,ACTUATOR_ACTIVE,TRAJECTORY_RUNNING,24.0,48,33,0,77.84,48,0,0.0,0.0,0.0,2.08,-0.65,-0.07
2026-07-28T17:41:07.483,90.937,21,open,ACTUATOR_ACTIVE,TRAJECTORY_RUNNING,24.0,48,33,-2,31.19,48,0,0.0,0.0,0.0,2.18,-0.67,0.4
2026-07-28T17:41:08.483,91.937,21,open,ACTUATOR_ACTIVE,TRAJECTORY_RUNNING,24.0,54,8,10,3.07,54,0,0.0,0.0,0.0,0.66,-0.04,0.98
2026-07-28T17:41:09.589,93.046,22,close,ACTUATOR_ACTIVE,TRAJECTORY_RUNNING,24.0,54,10,14,4.96,54,0,0.0,0.0,0.0,0.6,-0.07,1.0
2026-07-28T17:41:10.583,94.031,22,close,ACTUATOR_ACTIVE,TRAJECTORY_RUNNING,24.0,54,33,-1,82.05,54,0,0.0,0.0,0.0,2.07,-0.65,-0.1
2026-07-28T17:41:11.704,95.156,22,open,ACTUATOR_ACTIVE,TRAJECTORY_RUNNING,24.0,54,33,-2,35.84,54,0,0.0,0.0,0.0,2.18,-0.66,0.38
2026-07-28T17:41:12.698,96.156,22,open,ACTUATOR_ACTIVE,TRAJECTORY_RUNNING,24.0,52,8,7,1.4,52,0,0.0,0.0,0.0,0.65,-0.02,0.99
2026-07-28T17:41:13.803,97.25,23,close,ACTUATOR_ACTIVE,TRAJECTORY_RUNNING,24.0,52,10,16,3.67,52,0,0.0,0.0,0.0,0.59,-0.06,1.01
2026-07-28T17:41:14.797,98.25,23,close,ACTUATOR_ACTIVE,TRAJECTORY_RUNNING,24.0,52,33,-1,83.45,52,0,0.0,0.0,0.0,2.08,-0.65,-0.08
2026-07-28T17:41:15.905,99.359,23,open,ACTUATOR_ACTIVE,TRAJECTORY_RUNNING,24.0,54,33,-1,33.06,54,0,0.0,0.0,0.0,2.18,-0.66,0.4
2026-07-28T17:41:16.901,100.343,23,open,ACTUATOR_ACTIVE,TRAJECTORY_RUNNING,24.0,54,8,9,1.74,54,0,0.0,0.0,0.0,0.65,-0.01,1.01
2026-07-28T17:41:18.031,101.484,24,close,ACTUATOR_ACTIVE,TRAJECTORY_RUNNING,24.0,54,10,16,4.2,54,0,0.0,0.0,0.0,0.59,-0.04,1.02
2026-07-28T17:41:19.030,102.484,24,close,ACTUATOR_ACTIVE,TRAJECTORY_RUNNING,24.0,54,33,0,80.47,54,0,0.0,0.0,0.0,2.08,-0.65,-0.04
2026-07-28T17:41:20.140,103.593,24,open,ACTUATOR_ACTIVE,TRAJECTORY_RUNNING,24.0,54,33,0,33.17,54,0,0.0,0.0,0.0,2.17,-0.65,0.36
2026-07-28T17:41:21.141,104.593,24,open,ACTUATOR_ACTIVE,TRAJECTORY_RUNNING,24.0,54,8,8,2.56,54,0,0.0,0.0,0.0,0.63,-0.0,1.0
2026-07-28T17:41:22.251,105.703,25,close,ACTUATOR_ACTIVE,TRAJECTORY_RUNNING,24.0,54,10,19,5.42,54,0,0.0,0.0,0.0,0.58,-0.03,1.04
2026-07-28T17:41:23.249,106.703,25,close,ACTUATOR_ACTIVE,TRAJECTORY_RUNNING,24.0,54,33,0,80.36,54,0,0.0,0.0,0.0,2.07,-0.65,-0.1
2026-07-28T17:41:24.358,107.812,25,open,ACTUATOR_ACTIVE,TRAJECTORY_RUNNING,24.0,56,33,-1,33.8,56,0,0.0,0.0,0.0,2.18,-0.65,0.37
2026-07-28T17:41:25.360,108.812,25,open,ACTUATOR_ACTIVE,TRAJECTORY_RUNNING,24.0,56,8,10,2.51,56,0,0.0,0.0,0.0,0.62,0.02,1.03
2026-07-28T17:41:26.468,109.921,26,close,ACTUATOR_ACTIVE,TRAJECTORY_RUNNING,24.0,56,10,17,4.04,56,0,0.0,0.0,0.0,0.58,-0.0,1.05
2026-07-28T17:41:27.465,110.921,26,close,ACTUATOR_ACTIVE,TRAJECTORY_RUNNING,24.0,56,33,0,80.11,56,0,0.0,0.0,0.0,2.08,-0.65,-0.06
2026-07-28T17:41:28.569,112.015,26,open,ACTUATOR_ACTIVE,TRAJECTORY_RUNNING,24.0,52,33,-1,35.04,52,0,0.0,0.0,0.0,2.17,-0.65,0.33
2026-07-28T17:41:29.579,113.031,26,open,ACTUATOR_ACTIVE,TRAJECTORY_RUNNING,24.0,52,8,11,2.25,52,0,0.0,0.0,0.0,0.63,0.01,1.04
2026-07-28T17:41:30.688,114.14,27,close,ACTUATOR_ACTIVE,TRAJECTORY_RUNNING,24.0,52,10,16,5.32,52,0,0.0,0.0,0.0,0.57,-0.02,1.06
2026-07-28T17:41:31.686,115.14,27,close,ACTUATOR_ACTIVE,TRAJECTORY_RUNNING,24.0,52,33,0,81.43,52,0,0.0,0.0,0.0,2.06,-0.65,-0.12
2026-07-28T17:41:32.793,116.25,27,open,ACTUATOR_ACTIVE,TRAJECTORY_RUNNING,24.0,55,33,0,33.8,55,0,0.0,0.0,0.0,2.17,-0.65,0.34
2026-07-28T17:41:33.789,117.234,27,open,ACTUATOR_ACTIVE,TRAJECTORY_RUNNING,24.0,55,8,10,2.73,55,0,0.0,0.0,0.0,0.62,0.03,1.07
2026-07-28T17:41:34.901,118.359,28,close,ACTUATOR_ACTIVE,TRAJECTORY_RUNNING,24.0,55,10,19,3.96,55,0,0.0,0.0,0.0,0.58,0.0,1.08
2026-07-28T17:41:35.896,119.343,28,close,ACTUATOR_ACTIVE,TRAJECTORY_RUNNING,24.0,51,32,0,33.62,51,0,0.0,0.0,0.0,1.44,-0.35,5.35
2026-07-28T17:41:37.024,120.468,28,open,ACTUATOR_ACTIVE,TRAJECTORY_RUNNING,24.0,51,32,-15,7.45,51,0,0.0,0.0,0.0,1.04,0.13,4.09
2026-07-28T17:41:38.022,121.468,28,open,ACTUATOR_ACTIVE,TRAJECTORY_COMPLETE,24.0,51,10,5,1.52,51,0,0.0,0.0,0.0,0.58,-0.02,1.17
2026-07-28T17:41:39.131,122.578,29,close,ACTUATOR_ACTIVE,TRAJECTORY_RUNNING,24.0,51,10,19,3.26,51,0,0.0,0.0,0.0,0.54,-0.03,1.16
2026-07-28T17:41:40.128,123.578,29,close,ACTUATOR_ACTIVE,TRAJECTORY_RUNNING,24.0,54,33,0,80.67,54,0,0.0,0.0,0.0,2.07,-0.65,-0.09
2026-07-28T17:41:41.234,124.687,29,open,ACTUATOR_ACTIVE,TRAJECTORY_RUNNING,24.0,54,33,-1,32.57,54,0,0.0,0.0,0.0,2.17,-0.65,0.32
2026-07-28T17:41:42.233,125.687,29,open,ACTUATOR_ACTIVE,TRAJECTORY_RUNNING,24.0,54,8,10,3.54,54,0,0.0,0.0,0.0,0.63,0.03,1.11
2026-07-28T17:41:43.342,126.796,30,close,ACTUATOR_ACTIVE,TRAJECTORY_RUNNING,24.0,54,10,18,5.1,54,0,0.0,0.0,0.0,0.59,0.01,1.12
2026-07-28T17:41:44.336,127.781,30,close,ACTUATOR_ACTIVE,TRAJECTORY_RUNNING,24.0,55,33,-1,81.26,55,0,0.0,0.0,0.0,2.07,-0.64,-0.08
2026-07-28T17:41:45.461,128.906,30,open,ACTUATOR_ACTIVE,TRAJECTORY_RUNNING,24.0,55,33,0,33.4,55,0,0.0,0.0,0.0,2.17,-0.65,0.36
2026-07-28T17:41:46.455,129.906,30,open,ACTUATOR_ACTIVE,TRAJECTORY_RUNNING,24.0,55,8,9,3.27,55,0,0.0,0.0,0.0,0.64,0.03,1.07
2026-07-28T17:41:47.566,131.015,31,close,ACTUATOR_ACTIVE,TRAJECTORY_RUNNING,24.0,55,10,19,4.95,55,0,0.0,0.0,0.0,0.58,0.0,1.1
2026-07-28T17:41:48.562,132.015,31,close,ACTUATOR_ACTIVE,TRAJECTORY_RUNNING,24.0,55,33,1,83.18,55,0,0.0,0.0,0.0,2.08,-0.64,-0.05
2026-07-28T17:41:49.662,133.109,31,open,ACTUATOR_ACTIVE,TRAJECTORY_RUNNING,24.0,55,33,-1,35.01,55,0,0.0,0.0,0.0,2.17,-0.64,0.34
2026-07-28T17:41:50.675,134.125,31,open,ACTUATOR_ACTIVE,TRAJECTORY_RUNNING,24.0,55,8,11,2.78,55,0,0.0,0.0,0.0,0.63,0.05,1.07
2026-07-28T17:41:51.786,135.234,32,close,ACTUATOR_ACTIVE,TRAJECTORY_RUNNING,24.0,56,10,17,4.02,56,0,0.0,0.0,0.0,0.58,0.02,1.09
2026-07-28T17:41:52.783,136.234,32,close,ACTUATOR_ACTIVE,TRAJECTORY_RUNNING,24.0,56,33,1,78.51,56,0,0.0,0.0,0.0,2.07,-0.64,-0.12
2026-07-28T17:41:53.889,137.343,32,open,ACTUATOR_ACTIVE,TRAJECTORY_RUNNING,24.0,56,33,1,32.69,56,0,0.0,0.0,0.0,2.17,-0.64,0.33
2026-07-28T17:41:54.887,138.343,32,open,ACTUATOR_ACTIVE,TRAJECTORY_RUNNING,24.0,56,8,9,2.36,56,0,0.0,0.0,0.0,0.63,0.05,1.06
2026-07-28T17:41:55.998,139.453,33,close,ACTUATOR_ACTIVE,TRAJECTORY_RUNNING,24.0,57,10,17,5.1,57,0,0.0,0.0,0.0,0.58,0.02,1.06
2026-07-28T17:41:56.993,140.437,33,close,ACTUATOR_ACTIVE,TRAJECTORY_RUNNING,24.0,57,33,0,84.16,57,0,0.0,0.0,0.0,2.08,-0.64,-0.07
2026-07-28T17:41:58.119,141.562,33,open,ACTUATOR_ACTIVE,TRAJECTORY_RUNNING,24.0,57,33,1,31.83,57,0,0.0,0.0,0.0,2.17,-0.65,0.37
2026-07-28T17:41:59.130,142.578,33,open,ACTUATOR_ACTIVE,TRAJECTORY_COMPLETE,24.0,57,9,0,-0.07,57,0,0.0,0.0,0.0,0.63,0.04,1.07
2026-07-28T17:42:00.235,143.687,34,close,ACTUATOR_ACTIVE,TRAJECTORY_RUNNING,24.0,55,10,15,3.64,55,0,0.0,0.0,0.0,0.59,0.03,1.08
2026-07-28T17:42:01.226,144.671,34,close,ACTUATOR_ACTIVE,TRAJECTORY_RUNNING,24.0,55,32,0,30.57,55,0,0.0,0.0,0.0,1.44,-0.34,5.28
2026-07-28T17:42:02.345,145.796,34,open,ACTUATOR_ACTIVE,TRAJECTORY_RUNNING,24.0,55,32,-14,7.05,55,0,0.0,0.0,0.0,1.43,-0.33,5.47
2026-07-28T17:42:03.338,146.781,34,open,ACTUATOR_ACTIVE,TRAJECTORY_COMPLETE,24.0,55,10,8,0.48,55,0,0.0,0.0,0.0,0.59,0.01,1.16
2026-07-28T17:42:04.458,147.906,35,close,ACTUATOR_ACTIVE,TRAJECTORY_RUNNING,24.0,56,10,14,2.91,56,0,0.0,0.0,0.0,0.55,0.0,1.14
2026-07-28T17:42:05.470,148.921,35,close,ACTUATOR_ACTIVE,TRAJECTORY_RUNNING,24.0,56,33,0,78.68,56,0,0.0,0.0,0.0,2.06,-0.65,-0.11
2026-07-28T17:42:06.577,150.031,35,open,ACTUATOR_ACTIVE,TRAJECTORY_RUNNING,24.0,56,33,-1,32.76,56,0,0.0,0.0,0.0,2.17,-0.65,0.34
2026-07-28T17:42:07.575,151.031,35,open,ACTUATOR_ACTIVE,TRAJECTORY_COMPLETE,24.0,56,9,0,-0.89,56,0,0.0,0.0,0.0,0.63,0.03,1.05
2026-07-28T17:42:08.682,152.125,36,close,ACTUATOR_ACTIVE,TRAJECTORY_RUNNING,24.0,52,10,17,3.43,52,0,0.0,0.0,0.0,0.58,0.01,1.04
2026-07-28T17:42:09.695,153.14,36,close,ACTUATOR_ACTIVE,TRAJECTORY_RUNNING,24.0,52,33,0,79.34,52,0,0.0,0.0,0.0,2.09,-0.64,-0.07
2026-07-28T17:42:10.806,154.25,36,open,ACTUATOR_ACTIVE,TRAJECTORY_RUNNING,24.0,52,33,0,33.11,52,0,0.0,0.0,0.0,2.18,-0.65,0.38
2026-07-28T17:42:11.802,155.25,36,open,ACTUATOR_ACTIVE,TRAJECTORY_RUNNING,24.0,57,8,9,2.54,57,0,0.0,0.0,0.0,0.62,0.06,1.05
2026-07-28T17:42:12.908,156.359,37,close,ACTUATOR_ACTIVE,TRAJECTORY_RUNNING,24.0,57,10,19,4.75,57,0,0.0,0.0,0.0,0.58,0.04,1.06
2026-07-28T17:42:13.904,157.359,37,close,ACTUATOR_ACTIVE,TRAJECTORY_RUNNING,24.0,57,33,0,79.64,57,0,0.0,0.0,0.0,2.07,-0.63,-0.13
2026-07-28T17:42:15.007,158.453,37,open,ACTUATOR_ACTIVE,TRAJECTORY_RUNNING,24.0,57,33,0,33.78,57,0,0.0,0.0,0.0,2.17,-0.63,0.31
2026-07-28T17:42:16.019,159.468,37,open,ACTUATOR_ACTIVE,TRAJECTORY_RUNNING,24.0,55,8,12,3.66,55,0,0.0,0.0,0.0,0.6,0.07,1.06
2026-07-28T17:42:17.123,160.578,38,close,ACTUATOR_ACTIVE,TRAJECTORY_RUNNING,24.0,55,10,17,3.1,55,0,0.0,0.0,0.0,0.58,0.06,1.05
2026-07-28T17:42:18.118,161.562,38,close,ACTUATOR_ACTIVE,TRAJECTORY_RUNNING,24.0,55,32,0,31.88,55,0,0.0,0.0,0.0,1.43,-0.33,5.32
2026-07-28T17:42:19.241,162.687,38,open,ACTUATOR_ACTIVE,TRAJECTORY_RUNNING,24.0,55,32,-16,5.12,55,0,0.0,0.0,0.0,1.03,0.15,4.0
2026-07-28T17:42:20.236,163.687,38,open,ACTUATOR_ACTIVE,TRAJECTORY_COMPLETE,24.0,59,10,8,1.24,59,0,0.0,0.0,0.0,0.58,0.02,1.15
2026-07-28T17:42:21.343,164.796,39,close,ACTUATOR_ACTIVE,TRAJECTORY_RUNNING,24.0,59,10,16,4.07,59,0,0.0,0.0,0.0,0.54,0.02,1.13
2026-07-28T17:42:22.340,165.796,39,close,ACTUATOR_ACTIVE,TRAJECTORY_RUNNING,24.0,59,33,0,79.7,59,0,0.0,0.0,0.0,2.06,-0.64,-0.14
2026-07-28T17:42:23.442,166.89,39,open,ACTUATOR_ACTIVE,TRAJECTORY_RUNNING,24.0,59,33,0,39.01,59,0,0.0,0.0,0.0,2.17,-0.64,0.32
2026-07-28T17:42:24.457,167.906,39,open,ACTUATOR_ACTIVE,TRAJECTORY_RUNNING,24.0,57,8,11,2.61,57,0,0.0,0.0,0.0,0.61,0.05,1.03
2026-07-28T17:42:25.560,169.015,40,close,ACTUATOR_ACTIVE,TRAJECTORY_RUNNING,24.0,57,10,16,5.21,57,0,0.0,0.0,0.0,0.57,0.04,1.03
2026-07-28T17:42:26.555,170.0,40,close,ACTUATOR_ACTIVE,TRAJECTORY_RUNNING,24.0,57,32,0,30.75,57,0,0.0,0.0,0.0,1.42,-0.33,5.26
2026-07-28T17:42:27.671,171.125,40,open,ACTUATOR_ACTIVE,TRAJECTORY_RUNNING,24.0,57,32,-16,7.85,57,0,0.0,0.0,0.0,1.07,-0.02,4.73
2026-07-28T17:42:28.662,172.109,40,open,ACTUATOR_ACTIVE,TRAJECTORY_COMPLETE,24.0,55,10,12,0.51,55,0,0.0,0.0,0.0,0.58,0.02,1.14
2026-07-28T17:42:29.788,173.234,41,close,ACTUATOR_ACTIVE,TRAJECTORY_RUNNING,24.0,55,11,19,2.5,55,0,0.0,0.0,0.0,0.54,0.01,1.12
2026-07-28T17:42:30.787,174.234,41,close,ACTUATOR_ACTIVE,TRAJECTORY_RUNNING,24.0,55,32,0,31.3,55,0,0.0,0.0,0.0,1.42,-0.33,5.21
2026-07-28T17:42:31.892,175.343,41,open,ACTUATOR_ACTIVE,TRAJECTORY_RUNNING,24.0,56,32,-15,8.55,56,0,0.0,0.0,0.0,1.43,-0.33,5.38
2026-07-28T17:42:32.888,176.343,41,open,ACTUATOR_ACTIVE,TRAJECTORY_COMPLETE,24.0,56,9,0,-0.19,56,0,0.0,0.0,0.0,0.57,0.0,1.15
2026-07-28T17:42:33.993,177.437,42,close,ACTUATOR_ACTIVE,TRAJECTORY_RUNNING,24.0,56,10,15,3.61,56,0,0.0,0.0,0.0,0.53,-0.0,1.12
2026-07-28T17:42:35.004,178.453,42,close,ACTUATOR_ACTIVE,TRAJECTORY_RUNNING,24.0,56,32,0,29.91,56,0,0.0,0.0,0.0,1.4,-0.31,5.15
2026-07-28T17:42:36.101,179.546,42,open,ACTUATOR_ACTIVE,TRAJECTORY_RUNNING,24.0,58,32,-16,8.63,58,0,0.0,0.0,0.0,1.07,-0.07,4.88
2026-07-28T17:42:37.112,180.562,42,open,ACTUATOR_ACTIVE,TRAJECTORY_COMPLETE,24.0,58,10,5,1.62,58,0,0.0,0.0,0.0,0.57,0.0,1.15
2026-07-28T17:42:38.208,181.656,43,close,ACTUATOR_ACTIVE,TRAJECTORY_RUNNING,24.0,58,10,15,2.45,58,0,0.0,0.0,0.0,0.54,0.0,1.11
2026-07-28T17:42:39.217,182.671,43,close,ACTUATOR_ACTIVE,TRAJECTORY_RUNNING,24.0,58,33,0,79.96,58,0,0.0,0.0,0.0,2.07,-0.63,-0.08
2026-07-28T17:42:40.317,183.765,43,open,ACTUATOR_ACTIVE,TRAJECTORY_RUNNING,24.0,56,33,0,33.02,56,0,0.0,0.0,0.0,2.17,-0.63,0.31
2026-07-28T17:42:41.323,184.765,43,open,ACTUATOR_ACTIVE,TRAJECTORY_RUNNING,24.0,56,8,11,2.55,56,0,0.0,0.0,0.0,0.6,0.03,1.06
2026-07-28T17:42:42.445,185.89,44,close,ACTUATOR_ACTIVE,TRAJECTORY_RUNNING,24.0,56,10,17,5.03,56,0,0.0,0.0,0.0,0.56,0.01,1.04
2026-07-28T17:42:43.457,186.906,44,close,ACTUATOR_ACTIVE,TRAJECTORY_RUNNING,24.0,56,33,-1,85.78,56,0,0.0,0.0,0.0,2.1,-0.63,-0.03
2026-07-28T17:42:44.565,188.015,44,open,ACTUATOR_ACTIVE,TRAJECTORY_RUNNING,24.0,55,33,0,32.07,55,0,0.0,0.0,0.0,2.18,-0.62,0.32
2026-07-28T17:42:45.556,189.0,44,open,ACTUATOR_ACTIVE,TRAJECTORY_RUNNING,24.0,55,8,9,3.42,55,0,0.0,0.0,0.0,0.61,0.05,1.06
2026-07-28T17:42:46.674,190.125,45,close,ACTUATOR_ACTIVE,TRAJECTORY_RUNNING,24.0,55,10,17,3.22,55,0,0.0,0.0,0.0,0.57,0.04,1.06
2026-07-28T17:42:47.669,191.125,45,close,ACTUATOR_ACTIVE,TRAJECTORY_RUNNING,24.0,55,33,0,81.75,55,0,0.0,0.0,0.0,2.09,-0.62,-0.07
2026-07-28T17:42:48.778,192.234,45,open,ACTUATOR_ACTIVE,TRAJECTORY_RUNNING,24.0,54,33,1,34.49,54,0,0.0,0.0,0.0,2.18,-0.63,0.36
2026-07-28T17:42:49.773,193.218,45,open,ACTUATOR_ACTIVE,TRAJECTORY_COMPLETE,24.0,54,9,0,-0.98,54,0,0.0,0.0,0.0,0.62,0.06,1.05
2026-07-28T17:42:50.897,194.343,46,close,ACTUATOR_ACTIVE,TRAJECTORY_RUNNING,24.0,54,10,18,4.17,54,0,0.0,0.0,0.0,0.57,0.04,1.05
2026-07-28T17:42:51.896,195.343,46,close,ACTUATOR_ACTIVE,TRAJECTORY_RUNNING,24.0,55,32,0,31.41,55,0,0.0,0.0,0.0,1.43,-0.33,5.25
2026-07-28T17:42:53.007,196.453,46,open,ACTUATOR_ACTIVE,TRAJECTORY_RUNNING,24.0,55,32,-15,6.51,55,0,0.0,0.0,0.0,1.43,-0.33,5.4
2026-07-28T17:42:54.002,197.453,46,open,ACTUATOR_ACTIVE,TRAJECTORY_COMPLETE,24.0,55,10,9,0.55,55,0,0.0,0.0,0.0,0.58,0.02,1.11
2026-07-28T17:42:55.112,198.562,47,close,ACTUATOR_ACTIVE,TRAJECTORY_RUNNING,24.0,55,10,19,4.54,55,0,0.0,0.0,0.0,0.54,0.03,1.1
2026-07-28T17:42:56.111,199.562,47,close,ACTUATOR_ACTIVE,TRAJECTORY_RUNNING,24.0,55,33,0,88.27,55,0,0.0,0.0,0.0,2.07,-0.62,-0.08
2026-07-28T17:42:57.222,200.671,47,open,ACTUATOR_ACTIVE,TRAJECTORY_RUNNING,24.0,55,33,0,29.4,55,0,0.0,0.0,0.0,2.17,-0.63,0.35
2026-07-28T17:42:58.213,201.656,47,open,ACTUATOR_ACTIVE,TRAJECTORY_RUNNING,24.0,55,8,11,3.21,55,0,0.0,0.0,0.0,0.61,0.03,1.04
2026-07-28T17:42:59.332,202.781,48,close,ACTUATOR_ACTIVE,TRAJECTORY_RUNNING,24.0,55,10,17,4.27,55,0,0.0,0.0,0.0,0.56,0.02,1.05
2026-07-28T17:43:00.330,203.781,48,close,ACTUATOR_ACTIVE,TRAJECTORY_RUNNING,24.0,49,32,0,31.05,49,0,0.0,0.0,0.0,1.43,-0.33,5.21
2026-07-28T17:43:01.431,204.875,48,open,ACTUATOR_ACTIVE,TRAJECTORY_RUNNING,24.0,49,32,-13,8.09,49,0,0.0,0.0,0.0,1.43,-0.32,5.36
2026-07-28T17:43:02.439,205.89,48,open,ACTUATOR_ACTIVE,TRAJECTORY_COMPLETE,24.0,49,10,6,0.97,49,0,0.0,0.0,0.0,0.58,0.02,1.1
2026-07-28T17:43:03.547,207.0,49,close,ACTUATOR_ACTIVE,TRAJECTORY_RUNNING,24.0,49,10,17,5.03,49,0,0.0,0.0,0.0,0.53,0.01,1.08
2026-07-28T17:43:04.543,208.0,49,close,ACTUATOR_ACTIVE,TRAJECTORY_RUNNING,24.0,54,33,1,83.9,54,0,0.0,0.0,0.0,2.07,-0.62,-0.11
2026-07-28T17:43:05.649,209.093,49,open,ACTUATOR_ACTIVE,TRAJECTORY_RUNNING,24.0,54,33,0,32.72,54,0,0.0,0.0,0.0,2.17,-0.62,0.33
2026-07-28T17:43:06.660,210.109,49,open,ACTUATOR_ACTIVE,TRAJECTORY_RUNNING,24.0,54,8,11,3.01,54,0,0.0,0.0,0.0,0.6,0.05,1.02
2026-07-28T17:43:07.767,211.218,50,close,ACTUATOR_ACTIVE,TRAJECTORY_RUNNING,24.0,54,10,17,4.39,54,0,0.0,0.0,0.0,0.56,0.03,1.03
2026-07-28T17:43:08.763,212.218,50,close,ACTUATOR_ACTIVE,TRAJECTORY_RUNNING,24.0,54,33,0,81.22,54,0,0.0,0.0,0.0,2.09,-0.63,-0.07
2026-07-28T17:43:09.865,213.312,50,open,ACTUATOR_ACTIVE,TRAJECTORY_RUNNING,24.0,54,33,1,30.34,54,0,0.0,0.0,0.0,2.17,-0.62,0.31
2026-07-28T17:43:10.873,214.328,50,open,ACTUATOR_ACTIVE,TRAJECTORY_COMPLETE,24.0,54,9,-1,-0.24,54,0,0.0,0.0,0.0,0.61,0.06,1.02
2026-07-28T17:43:11.976,215.421,51,close,ACTUATOR_ACTIVE,TRAJECTORY_RUNNING,24.0,51,10,18,4.42,51,0,0.0,0.0,0.0,0.57,0.04,1.02
2026-07-28T17:43:12.987,216.437,51,close,ACTUATOR_ACTIVE,TRAJECTORY_RUNNING,24.0,51,33,0,78.73,51,0,0.0,0.0,0.0,2.08,-0.62,-0.09
2026-07-28T17:43:14.096,217.546,51,open,ACTUATOR_ACTIVE,TRAJECTORY_RUNNING,24.0,51,33,0,34.83,51,0,0.0,0.0,0.0,2.18,-0.62,0.31
2026-07-28T17:43:15.093,218.546,51,open,ACTUATOR_ACTIVE,TRAJECTORY_RUNNING,24.0,51,8,10,3.05,51,0,0.0,0.0,0.0,0.62,0.06,1.02
2026-07-28T17:43:16.196,219.64,52,close,ACTUATOR_ACTIVE,TRAJECTORY_RUNNING,24.0,56,10,17,4.56,56,0,0.0,0.0,0.0,0.58,0.05,1.01
2026-07-28T17:43:17.207,220.656,52,close,ACTUATOR_ACTIVE,TRAJECTORY_RUNNING,24.0,56,33,-1,76.42,56,0,0.0,0.0,0.0,2.09,-0.62,-0.08
2026-07-28T17:43:18.317,221.765,52,open,ACTUATOR_ACTIVE,TRAJECTORY_RUNNING,24.0,56,33,0,32.8,56,0,0.0,0.0,0.0,2.18,-0.62,0.33
2026-07-28T17:43:19.309,222.765,52,open,ACTUATOR_ACTIVE,TRAJECTORY_RUNNING,24.0,56,8,10,2.31,56,0,0.0,0.0,0.0,0.62,0.07,1.03
2026-07-28T17:43:20.415,223.859,53,close,ACTUATOR_ACTIVE,TRAJECTORY_RUNNING,24.0,54,10,15,3.85,54,0,0.0,0.0,0.0,0.58,0.06,0.99
2026-07-28T17:43:21.427,224.875,53,close,ACTUATOR_ACTIVE,TRAJECTORY_RUNNING,24.0,54,33,0,85.18,54,0,0.0,0.0,0.0,2.1,-0.62,-0.03
2026-07-28T17:43:22.536,225.984,53,open,ACTUATOR_ACTIVE,TRAJECTORY_RUNNING,24.0,54,33,0,32.14,54,0,0.0,0.0,0.0,2.17,-0.61,0.32
2026-07-28T17:43:23.534,226.984,53,open,ACTUATOR_ACTIVE,TRAJECTORY_RUNNING,24.0,54,8,10,2.87,54,0,0.0,0.0,0.0,0.63,0.08,0.99
2026-07-28T17:43:24.645,228.093,54,close,ACTUATOR_ACTIVE,TRAJECTORY_RUNNING,24.0,53,10,19,4.38,53,0,0.0,0.0,0.0,0.58,0.07,0.95
2026-07-28T17:43:25.645,229.093,54,close,ACTUATOR_ACTIVE,TRAJECTORY_RUNNING,24.0,53,33,0,80.77,53,0,0.0,0.0,0.0,2.09,-0.62,-0.08
2026-07-28T17:43:26.753,230.203,54,open,ACTUATOR_ACTIVE,TRAJECTORY_RUNNING,24.0,53,33,0,32.42,53,0,0.0,0.0,0.0,2.18,-0.61,0.32
2026-07-28T17:43:27.743,231.187,54,open,ACTUATOR_ACTIVE,TRAJECTORY_RUNNING,24.0,53,8,8,3.65,55,0,0.0,0.0,0.0,0.64,0.08,0.97
2026-07-28T17:43:28.866,232.312,55,close,ACTUATOR_ACTIVE,TRAJECTORY_RUNNING,24.0,55,10,17,4.33,55,0,0.0,0.0,0.0,0.59,0.08,0.93
2026-07-28T17:43:29.856,233.312,55,close,ACTUATOR_ACTIVE,TRAJECTORY_RUNNING,24.0,55,33,1,85.23,55,0,0.0,0.0,0.0,2.09,-0.62,-0.07
2026-07-28T17:43:30.966,234.421,55,open,ACTUATOR_ACTIVE,TRAJECTORY_RUNNING,24.0,55,33,-1,34.63,55,0,0.0,0.0,0.0,2.17,-0.61,0.27
2026-07-28T17:43:31.962,235.406,55,open,ACTUATOR_ACTIVE,TRAJECTORY_COMPLETE,24.0,52,9,-12,-2.4,52,0,0.0,0.0,0.0,0.63,0.08,0.97
2026-07-28T17:43:33.082,236.531,56,close,ACTUATOR_ACTIVE,TRAJECTORY_RUNNING,24.0,52,10,16,4.42,52,0,0.0,0.0,0.0,0.57,0.08,0.89
2026-07-28T17:43:34.090,237.546,56,close,ACTUATOR_ACTIVE,TRAJECTORY_RUNNING,24.0,52,33,-1,78.95,52,0,0.0,0.0,0.0,2.08,-0.62,-0.1
2026-07-28T17:43:35.188,238.64,56,open,ACTUATOR_ACTIVE,TRAJECTORY_RUNNING,24.0,52,33,-1,34.85,52,0,0.0,0.0,0.0,2.17,-0.61,0.31
2026-07-28T17:43:36.201,239.656,56,open,ACTUATOR_ACTIVE,TRAJECTORY_COMPLETE,24.0,59,9,0,-1.81,59,0,0.0,0.0,0.0,0.63,0.09,0.96
2026-07-28T17:43:37.305,240.75,57,close,ACTUATOR_ACTIVE,TRAJECTORY_RUNNING,24.0,59,10,18,4.13,59,0,0.0,0.0,0.0,0.59,0.08,0.94
2026-07-28T17:43:38.313,241.765,57,close,ACTUATOR_ACTIVE,TRAJECTORY_RUNNING,24.0,59,33,0,77.04,59,0,0.0,0.0,0.0,2.09,-0.62,-0.06
2026-07-28T17:43:39.418,242.875,57,open,ACTUATOR_ACTIVE,TRAJECTORY_RUNNING,24.0,59,33,0,32.26,59,0,0.0,0.0,0.0,2.17,-0.62,0.32
2026-07-28T17:43:40.413,243.859,57,open,ACTUATOR_ACTIVE,TRAJECTORY_RUNNING,24.0,57,8,10,4.11,57,0,0.0,0.0,0.0,0.62,0.1,0.97
2026-07-28T17:43:41.525,244.968,58,close,ACTUATOR_ACTIVE,TRAJECTORY_RUNNING,24.0,57,10,16,4.4,57,0,0.0,0.0,0.0,0.58,0.09,0.94
2026-07-28T17:43:42.536,245.984,58,close,ACTUATOR_ACTIVE,TRAJECTORY_RUNNING,24.0,57,32,0,34.21,57,0,0.0,0.0,0.0,1.43,-0.32,5.22
2026-07-28T17:43:43.644,247.093,58,open,ACTUATOR_ACTIVE,TRAJECTORY_RUNNING,24.0,57,32,-14,6.87,57,0,0.0,0.0,0.0,1.42,-0.31,5.37
2026-07-28T17:43:44.638,248.093,58,open,ACTUATOR_ACTIVE,TRAJECTORY_COMPLETE,24.0,54,10,5,-0.89,54,0,0.0,0.0,0.0,0.58,0.07,1.05
2026-07-28T17:43:45.737,249.187,59,close,ACTUATOR_ACTIVE,TRAJECTORY_RUNNING,24.0,54,10,15,3.93,54,0,0.0,0.0,0.0,0.55,0.07,1.04
2026-07-28T17:43:46.744,250.187,59,close,ACTUATOR_ACTIVE,TRAJECTORY_RUNNING,24.0,54,33,0,83.49,54,0,0.0,0.0,0.0,2.08,-0.62,-0.06
2026-07-28T17:43:47.867,251.312,59,open,ACTUATOR_ACTIVE,TRAJECTORY_RUNNING,24.0,53,33,1,33.38,53,0,0.0,0.0,0.0,2.17,-0.62,0.32
2026-07-28T17:43:48.879,252.328,59,open,ACTUATOR_ACTIVE,TRAJECTORY_RUNNING,24.0,53,8,12,2.79,53,0,0.0,0.0,0.0,0.62,0.09,0.97
2026-07-28T17:43:49.988,253.437,60,close,ACTUATOR_ACTIVE,TRAJECTORY_RUNNING,24.0,53,10,19,4.86,53,0,0.0,0.0,0.0,0.59,0.07,0.95
2026-07-28T17:43:50.988,254.437,60,close,ACTUATOR_ACTIVE,TRAJECTORY_RUNNING,24.0,53,33,0,82.94,53,0,0.0,0.0,0.0,2.09,-0.61,-0.04
2026-07-28T17:43:52.099,255.546,60,open,ACTUATOR_ACTIVE,TRAJECTORY_RUNNING,24.0,57,33,-1,29.68,57,0,0.0,0.0,0.0,2.17,-0.62,0.35
2026-07-28T17:43:53.097,256.546,60,open,ACTUATOR_ACTIVE,TRAJECTORY_RUNNING,24.0,57,8,10,1.99,57,0,0.0,0.0,0.0,0.62,0.09,0.98
2026-07-28T17:43:54.209,257.656,61,close,ACTUATOR_ACTIVE,TRAJECTORY_RUNNING,24.0,57,10,16,4.74,57,0,0.0,0.0,0.0,0.58,0.08,0.96
2026-07-28T17:43:55.204,258.656,61,close,ACTUATOR_ACTIVE,TRAJECTORY_RUNNING,24.0,57,33,0,79.72,57,0,0.0,0.0,0.0,2.08,-0.61,-0.1
2026-07-28T17:43:56.312,259.765,61,open,ACTUATOR_ACTIVE,TRAJECTORY_RUNNING,24.0,55,33,1,32.94,55,0,0.0,0.0,0.0,2.17,-0.61,0.29
2026-07-28T17:43:57.309,260.765,61,open,ACTUATOR_ACTIVE,TRAJECTORY_COMPLETE,24.0,55,9,1,0.48,55,0,0.0,0.0,0.0,0.62,0.08,0.96
2026-07-28T17:43:58.413,261.859,62,close,ACTUATOR_ACTIVE,TRAJECTORY_RUNNING,24.0,55,10,17,4.02,55,0,0.0,0.0,0.0,0.57,0.07,0.93
2026-07-28T17:43:59.420,262.875,62,close,ACTUATOR_ACTIVE,TRAJECTORY_RUNNING,24.0,55,33,0,79.46,55,0,0.0,0.0,0.0,2.09,-0.61,-0.05
2026-07-28T17:44:00.526,263.968,62,open,ACTUATOR_ACTIVE,TRAJECTORY_RUNNING,24.0,55,33,0,32.7,55,0,0.0,0.0,0.0,2.17,-0.61,0.33
2026-07-28T17:44:01.538,264.984,62,open,ACTUATOR_ACTIVE,TRAJECTORY_RUNNING,24.0,55,9,13,2.89,55,0,0.0,0.0,0.0,0.62,0.1,0.97
2026-07-28T17:44:02.643,266.093,63,close,ACTUATOR_ACTIVE,TRAJECTORY_RUNNING,24.0,55,10,17,3.72,55,0,0.0,0.0,0.0,0.58,0.09,0.96
2026-07-28T17:44:03.637,267.093,63,close,ACTUATOR_ACTIVE,TRAJECTORY_RUNNING,24.0,55,32,0,31.88,55,0,0.0,0.0,0.0,1.43,-0.33,5.2
2026-07-28T17:44:04.746,268.203,63,open,ACTUATOR_ACTIVE,TRAJECTORY_RUNNING,24.0,58,32,-17,7.16,58,0,0.0,0.0,0.0,1.44,-0.29,5.37
2026-07-28T17:44:05.740,269.187,63,open,ACTUATOR_ACTIVE,TRAJECTORY_COMPLETE,24.0,58,10,7,0.64,58,0,0.0,0.0,0.0,0.58,0.07,1.07
2026-07-28T17:44:06.866,270.312,64,close,ACTUATOR_ACTIVE,TRAJECTORY_RUNNING,24.0,58,10,15,5.1,58,0,0.0,0.0,0.0,0.54,0.06,1.07
2026-07-28T17:44:07.864,271.312,64,close,ACTUATOR_ACTIVE,TRAJECTORY_RUNNING,24.0,59,33,0,86.57,59,0,0.0,0.0,0.0,2.1,-0.56,-0.01
2026-07-28T17:44:08.975,272.421,64,open,ACTUATOR_ACTIVE,TRAJECTORY_RUNNING,24.0,59,33,-3,32.88,59,0,0.0,0.0,0.0,2.19,-0.56,0.4
2026-07-28T17:44:09.972,273.421,64,open,ACTUATOR_ACTIVE,TRAJECTORY_RUNNING,24.0,59,8,10,3.59,59,0,0.0,0.0,0.0,0.62,0.08,0.93
2026-07-28T17:44:11.083,274.531,65,close,ACTUATOR_ACTIVE,TRAJECTORY_RUNNING,24.0,59,10,18,3.91,59,0,0.0,0.0,0.0,0.57,0.07,0.89
2026-07-28T17:44:12.074,275.531,65,close,ACTUATOR_ACTIVE,TRAJECTORY_RUNNING,24.0,58,33,-1,78.39,58,0,0.0,0.0,0.0,2.12,-0.55,0.04
2026-07-28T17:44:13.183,276.64,65,open,ACTUATOR_ACTIVE,TRAJECTORY_RUNNING,24.0,58,33,0,32.05,58,0,0.0,0.0,0.0,2.2,-0.54,0.39
2026-07-28T17:44:14.181,277.625,65,open,ACTUATOR_ACTIVE,TRAJECTORY_RUNNING,24.0,58,8,10,3.63,58,0,0.0,0.0,0.0,0.64,0.09,0.9
2026-07-28T17:44:15.300,278.75,66,close,ACTUATOR_ACTIVE,TRAJECTORY_RUNNING,24.0,58,10,16,4.57,58,0,0.0,0.0,0.0,0.59,0.08,0.88
2026-07-28T17:44:16.293,279.75,66,close,ACTUATOR_ACTIVE,TRAJECTORY_RUNNING,24.0,54,32,0,32.33,54,0,0.0,0.0,0.0,1.44,-0.29,5.15
2026-07-28T17:44:17.393,280.843,66,open,ACTUATOR_ACTIVE,TRAJECTORY_RUNNING,24.0,54,32,-14,7.82,54,0,0.0,0.0,0.0,1.1,-0.05,4.83
2026-07-28T17:44:18.389,281.843,66,open,ACTUATOR_ACTIVE,TRAJECTORY_COMPLETE,24.0,54,9,17,1.28,54,0,0.0,0.0,0.0,0.6,0.08,1.0
2026-07-28T17:44:19.495,282.953,67,close,ACTUATOR_ACTIVE,TRAJECTORY_RUNNING,24.0,54,10,19,4.13,54,0,0.0,0.0,0.0,0.56,0.07,1.0
2026-07-28T17:44:20.492,283.937,67,close,ACTUATOR_ACTIVE,TRAJECTORY_RUNNING,24.0,59,33,0,81.05,59,0,0.0,0.0,0.0,2.11,-0.54,0.06
2026-07-28T17:44:21.614,285.062,67,open,ACTUATOR_ACTIVE,TRAJECTORY_RUNNING,24.0,59,33,-2,37.23,59,0,0.0,0.0,0.0,2.2,-0.54,0.41
2026-07-28T17:44:22.613,286.062,67,open,ACTUATOR_ACTIVE,TRAJECTORY_COMPLETE,24.0,59,9,0,-0.7,59,0,0.0,0.0,0.0,0.62,0.07,0.87
2026-07-28T17:44:23.720,287.171,68,close,ACTUATOR_ACTIVE,TRAJECTORY_RUNNING,24.0,59,10,15,4.1,59,0,0.0,0.0,0.0,0.57,0.07,0.86
2026-07-28T17:44:24.713,288.156,68,close,ACTUATOR_ACTIVE,TRAJECTORY_RUNNING,24.0,54,33,1,80.53,54,0,0.0,0.0,0.0,2.11,-0.54,0.03
2026-07-28T17:44:25.835,289.281,68,open,ACTUATOR_ACTIVE,TRAJECTORY_RUNNING,24.0,54,33,0,38.26,54,0,0.0,0.0,0.0,2.21,-0.54,0.42
2026-07-28T17:44:26.830,290.281,68,open,ACTUATOR_ACTIVE,TRAJECTORY_RUNNING,24.0,54,8,9,2.34,54,0,0.0,0.0,0.0,0.61,0.09,0.89
2026-07-28T17:44:27.941,291.39,69,close,ACTUATOR_ACTIVE,TRAJECTORY_RUNNING,24.0,55,10,19,5.57,55,0,0.0,0.0,0.0,0.56,0.08,0.88
2026-07-28T17:44:28.940,292.39,69,close,ACTUATOR_ACTIVE,TRAJECTORY_RUNNING,24.0,55,33,1,82.58,55,0,0.0,0.0,0.0,2.13,-0.53,0.08
2026-07-28T17:44:30.045,293.5,69,open,ACTUATOR_ACTIVE,TRAJECTORY_RUNNING,24.0,55,33,-2,37.59,55,0,0.0,0.0,0.0,2.21,-0.53,0.42
2026-07-28T17:44:31.040,294.484,69,open,ACTUATOR_ACTIVE,TRAJECTORY_RUNNING,24.0,55,8,9,2.2,55,0,0.0,0.0,0.0,0.62,0.11,0.88
2026-07-28T17:44:32.159,295.609,70,close,ACTUATOR_ACTIVE,TRAJECTORY_RUNNING,24.0,55,10,19,3.53,55,0,0.0,0.0,0.0,0.57,0.11,0.83
2026-07-28T17:44:33.147,296.593,70,close,ACTUATOR_ACTIVE,TRAJECTORY_RUNNING,24.0,55,33,1,85.15,55,0,0.0,0.0,0.0,2.12,-0.53,0.06
2026-07-28T17:44:34.266,297.718,70,open,ACTUATOR_ACTIVE,TRAJECTORY_RUNNING,24.0,55,33,-1,31.65,55,0,0.0,0.0,0.0,2.21,-0.53,0.47
2026-07-28T17:44:35.263,298.718,70,open,ACTUATOR_ACTIVE,TRAJECTORY_COMPLETE,24.0,55,9,-7,-1.91,55,0,0.0,0.0,0.0,0.63,0.11,0.82
2026-07-28T17:44:36.365,299.812,71,close,ACTUATOR_ACTIVE,TRAJECTORY_RUNNING,24.0,55,10,14,4.32,55,0,0.0,0.0,0.0,0.57,0.1,0.79
2026-07-28T17:44:37.378,300.828,71,close,ACTUATOR_ACTIVE,TRAJECTORY_RUNNING,24.0,55,32,0,30.56,55,0,0.0,0.0,0.0,1.43,-0.28,5.09
2026-07-28T17:44:38.484,301.937,71,open,ACTUATOR_ACTIVE,TRAJECTORY_RUNNING,24.0,55,32,-17,6.33,55,0,0.0,0.0,0.0,1.03,0.18,3.82
2026-07-28T17:44:39.478,302.921,71,open,ACTUATOR_ACTIVE,TRAJECTORY_COMPLETE,24.0,55,10,9,1.06,55,0,0.0,0.0,0.0,0.58,0.1,0.92
2026-07-28T17:44:40.605,304.062,72,close,ACTUATOR_ACTIVE,TRAJECTORY_RUNNING,24.0,54,10,18,3.43,54,0,0.0,0.0,0.0,0.54,0.11,0.9
2026-07-28T17:44:41.598,305.046,72,close,ACTUATOR_ACTIVE,TRAJECTORY_RUNNING,24.0,54,33,0,80.69,54,0,0.0,0.0,0.0,2.12,-0.54,0.09
2026-07-28T17:44:42.721,306.171,72,open,ACTUATOR_ACTIVE,TRAJECTORY_RUNNING,24.0,54,33,0,36.89,54,0,0.0,0.0,0.0,2.2,-0.53,0.46
2026-07-28T17:44:43.720,307.171,72,open,ACTUATOR_ACTIVE,TRAJECTORY_RUNNING,24.0,54,8,9,3.14,54,0,0.0,0.0,0.0,0.62,0.1,0.82
2026-07-28T17:44:44.829,308.281,73,close,ACTUATOR_ACTIVE,TRAJECTORY_RUNNING,24.0,60,10,15,3.82,60,0,0.0,0.0,0.0,0.56,0.1,0.81
2026-07-28T17:44:45.823,309.265,73,close,ACTUATOR_ACTIVE,TRAJECTORY_RUNNING,24.0,60,32,0,34.65,60,0,0.0,0.0,0.0,1.43,-0.27,5.09
2026-07-28T17:44:46.944,310.39,73,open,ACTUATOR_ACTIVE,TRAJECTORY_RUNNING,24.0,60,32,-13,8.63,60,0,0.0,0.0,0.0,1.24,-0.18,5.27
2026-07-28T17:44:47.952,311.406,73,open,ACTUATOR_ACTIVE,TRAJECTORY_COMPLETE,24.0,59,10,6,1.47,59,0,0.0,0.0,0.0,0.59,0.09,0.9
2026-07-28T17:44:49.056,312.5,74,close,ACTUATOR_ACTIVE,TRAJECTORY_RUNNING,24.0,59,10,17,4.37,59,0,0.0,0.0,0.0,0.56,0.09,0.89
2026-07-28T17:44:50.064,313.515,74,close,ACTUATOR_ACTIVE,TRAJECTORY_RUNNING,24.0,59,33,-1,87.15,59,0,0.0,0.0,0.0,2.11,-0.54,0.09
2026-07-28T17:44:51.163,314.609,74,open,ACTUATOR_ACTIVE,TRAJECTORY_RUNNING,24.0,59,33,-2,36.75,59,0,0.0,0.0,0.0,2.2,-0.54,0.49
2026-07-28T17:44:52.175,315.625,74,open,ACTUATOR_ACTIVE,TRAJECTORY_RUNNING,24.0,58,8,10,2.44,58,0,0.0,0.0,0.0,0.63,0.09,0.85
2026-07-28T17:44:53.282,316.734,75,close,ACTUATOR_ACTIVE,TRAJECTORY_RUNNING,24.0,58,10,18,4.36,58,0,0.0,0.0,0.0,0.57,0.09,0.82
2026-07-28T17:44:54.281,317.734,75,close,ACTUATOR_ACTIVE,TRAJECTORY_RUNNING,24.0,58,33,0,79.56,58,0,0.0,0.0,0.0,2.14,-0.53,0.14
2026-07-28T17:44:55.385,318.828,75,open,ACTUATOR_ACTIVE,TRAJECTORY_RUNNING,24.0,58,33,-1,35.13,58,0,0.0,0.0,0.0,2.21,-0.52,0.46
2026-07-28T17:44:56.398,319.843,75,open,ACTUATOR_ACTIVE,TRAJECTORY_RUNNING,24.0,56,8,10,2.68,56,0,0.0,0.0,0.0,0.61,0.1,0.83
2026-07-28T17:44:57.509,320.953,76,close,ACTUATOR_ACTIVE,TRAJECTORY_RUNNING,24.0,56,10,16,5.8,56,0,0.0,0.0,0.0,0.57,0.1,0.81
2026-07-28T17:44:58.506,321.953,76,close,ACTUATOR_ACTIVE,TRAJECTORY_RUNNING,24.0,56,33,0,80.56,56,0,0.0,0.0,0.0,2.12,-0.53,0.09
2026-07-28T17:44:59.603,323.046,76,open,ACTUATOR_ACTIVE,TRAJECTORY_RUNNING,24.0,56,33,-3,34.97,56,0,0.0,0.0,0.0,2.21,-0.53,0.48
2026-07-28T17:45:00.617,324.062,76,open,ACTUATOR_ACTIVE,TRAJECTORY_RUNNING,24.0,56,8,12,2.56,56,0,0.0,0.0,0.0,0.65,0.1,0.81
2026-07-28T17:45:01.724,325.171,77,close,ACTUATOR_ACTIVE,TRAJECTORY_RUNNING,24.0,56,10,17,4.73,56,0,0.0,0.0,0.0,0.6,0.09,0.78
2026-07-28T17:45:02.721,326.171,77,close,ACTUATOR_ACTIVE,TRAJECTORY_RUNNING,24.0,56,33,0,82.16,56,0,0.0,0.0,0.0,2.13,-0.52,0.15
2026-07-28T17:45:03.833,327.281,77,open,ACTUATOR_ACTIVE,TRAJECTORY_RUNNING,24.0,55,33,0,33.42,55,0,0.0,0.0,0.0,2.2,-0.52,0.48
2026-07-28T17:45:04.831,328.281,77,open,ACTUATOR_ACTIVE,TRAJECTORY_RUNNING,24.0,55,8,9,2.72,55,0,0.0,0.0,0.0,0.64,0.11,0.79
2026-07-28T17:45:05.937,329.39,78,close,ACTUATOR_ACTIVE,TRAJECTORY_RUNNING,24.0,55,10,19,4.38,55,0,0.0,0.0,0.0,0.59,0.1,0.78
2026-07-28T17:45:06.936,330.39,78,close,ACTUATOR_ACTIVE,TRAJECTORY_RUNNING,24.0,55,33,-1,83.87,55,0,0.0,0.0,0.0,2.12,-0.52,0.1
2026-07-28T17:45:08.036,331.484,78,open,ACTUATOR_ACTIVE,TRAJECTORY_RUNNING,24.0,59,33,0,33.39,59,0,0.0,0.0,0.0,2.21,-0.52,0.48
2026-07-28T17:45:09.049,332.5,78,open,ACTUATOR_ACTIVE,TRAJECTORY_COMPLETE,24.0,59,9,-8,-1.64,59,0,0.0,0.0,0.0,0.63,0.12,0.79
2026-07-28T17:45:10.153,333.609,79,close,ACTUATOR_ACTIVE,TRAJECTORY_RUNNING,24.0,59,11,19,1.33,59,0,0.0,0.0,0.0,0.58,0.11,0.76
2026-07-28T17:45:11.149,334.593,79,close,ACTUATOR_ACTIVE,TRAJECTORY_STOPPED,24.0,59,32,0,30.43,59,0,0.0,0.0,0.0,1.42,-0.26,5.04
2026-07-28T17:45:12.275,335.718,79,open,ACTUATOR_ACTIVE,TRAJECTORY_RUNNING,24.0,57,32,-15,6.71,57,0,0.0,0.0,0.0,0.99,0.23,3.36
2026-07-28T17:45:13.274,336.718,79,open,ACTUATOR_ACTIVE,TRAJECTORY_COMPLETE,24.0,57,10,8,1.7,57,0,0.0,0.0,0.0,0.6,0.11,0.87
2026-07-28T17:45:14.397,337.843,80,close,ACTUATOR_ACTIVE,TRAJECTORY_RUNNING,24.0,57,10,15,4.52,57,0,0.0,0.0,0.0,0.56,0.11,0.85
2026-07-28T17:45:15.394,338.843,80,close,ACTUATOR_ACTIVE,TRAJECTORY_RUNNING,24.0,57,33,0,82.25,57,0,0.0,0.0,0.0,2.12,-0.52,0.14
2026-07-28T17:45:16.502,339.953,80,open,ACTUATOR_ACTIVE,TRAJECTORY_RUNNING,24.0,58,33,0,32.76,58,0,0.0,0.0,0.0,2.2,-0.52,0.49
2026-07-28T17:45:17.497,340.953,80,open,ACTUATOR_ACTIVE,TRAJECTORY_RUNNING,24.0,58,8,9,2.81,58,0,0.0,0.0,0.0,0.61,0.11,0.82
2026-07-28T17:45:18.597,342.046,81,close,ACTUATOR_ACTIVE,TRAJECTORY_RUNNING,24.0,58,10,16,6.06,58,0,0.0,0.0,0.0,0.56,0.1,0.79
2026-07-28T17:45:19.610,343.062,81,close,ACTUATOR_ACTIVE,TRAJECTORY_RUNNING,24.0,58,32,0,30.55,58,0,0.0,0.0,0.0,1.42,-0.26,5.01
2026-07-28T17:45:20.711,344.156,81,open,ACTUATOR_ACTIVE,TRAJECTORY_RUNNING,24.0,57,32,-16,7.38,57,0,0.0,0.0,0.0,1.09,0.09,4.26
2026-07-28T17:45:21.722,345.171,81,open,ACTUATOR_ACTIVE,TRAJECTORY_COMPLETE,24.0,57,10,4,1.35,57,0,0.0,0.0,0.0,0.58,0.11,0.86
2026-07-28T17:45:22.832,346.281,82,close,ACTUATOR_ACTIVE,TRAJECTORY_RUNNING,24.0,57,10,17,5.16,57,0,0.0,0.0,0.0,0.54,0.11,0.85
2026-07-28T17:45:23.831,347.281,82,close,ACTUATOR_ACTIVE,TRAJECTORY_RUNNING,24.0,58,33,0,82.13,58,0,0.0,0.0,0.0,2.12,-0.52,0.13
2026-07-28T17:45:24.942,348.39,82,open,ACTUATOR_ACTIVE,TRAJECTORY_RUNNING,24.0,58,33,0,31.93,58,0,0.0,0.0,0.0,2.2,-0.52,0.49
2026-07-28T17:45:25.941,349.39,82,open,ACTUATOR_ACTIVE,TRAJECTORY_RUNNING,24.0,58,8,10,1.71,58,0,0.0,0.0,0.0,0.62,0.1,0.82
2026-07-28T17:45:27.050,350.5,83,close,ACTUATOR_ACTIVE,TRAJECTORY_RUNNING,24.0,58,10,19,4.16,58,0,0.0,0.0,0.0,0.58,0.1,0.79
2026-07-28T17:45:28.045,351.5,83,close,ACTUATOR_ACTIVE,TRAJECTORY_RUNNING,24.0,55,33,0,83.21,55,0,0.0,0.0,0.0,2.12,-0.52,0.1
2026-07-28T17:45:29.153,352.609,83,open,ACTUATOR_ACTIVE,TRAJECTORY_RUNNING,24.0,55,33,0,32.5,55,0,0.0,0.0,0.0,2.21,-0.52,0.5
2026-07-28T17:45:30.145,353.593,83,open,ACTUATOR_ACTIVE,TRAJECTORY_RUNNING,24.0,55,8,9,3.21,55,0,0.0,0.0,0.0,0.63,0.12,0.82
2026-07-28T17:45:31.265,354.718,84,close,ACTUATOR_ACTIVE,TRAJECTORY_RUNNING,24.0,55,10,16,4.15,55,0,0.0,0.0,0.0,0.58,0.1,0.79
2026-07-28T17:45:32.259,355.703,84,close,ACTUATOR_ACTIVE,TRAJECTORY_RUNNING,24.0,57,33,-1,83.2,57,0,0.0,0.0,0.0,2.13,-0.51,0.16
2026-07-28T17:45:33.381,356.828,84,open,ACTUATOR_ACTIVE,TRAJECTORY_RUNNING,24.0,57,33,-1,34.38,57,0,0.0,0.0,0.0,2.22,-0.52,0.55
2026-07-28T17:45:34.395,357.843,84,open,ACTUATOR_ACTIVE,TRAJECTORY_COMPLETE,24.0,57,9,1,0.38,57,0,0.0,0.0,0.0,0.62,0.12,0.81
2026-07-28T17:45:35.501,358.953,85,close,ACTUATOR_ACTIVE,TRAJECTORY_RUNNING,24.0,57,10,15,3.36,57,0,0.0,0.0,0.0,0.57,0.11,0.79
2026-07-28T17:45:36.495,359.937,85,close,ACTUATOR_ACTIVE,TRAJECTORY_RUNNING,24.0,58,33,0,81.5,58,0,0.0,0.0,0.0,2.12,-0.51,0.14
2026-07-28T17:45:37.624,361.078,85,open,ACTUATOR_ACTIVE,TRAJECTORY_RUNNING,24.0,58,33,1,31.28,58,0,0.0,0.0,0.0,2.21,-0.51,0.53
2026-07-28T17:45:38.620,362.078,85,open,ACTUATOR_ACTIVE,TRAJECTORY_RUNNING,24.0,58,8,9,2.82,58,0,0.0,0.0,0.0,0.64,0.12,0.8
2026-07-28T17:45:39.720,363.171,86,close,ACTUATOR_ACTIVE,TRAJECTORY_RUNNING,24.0,58,10,16,4.27,58,0,0.0,0.0,0.0,0.59,0.11,0.78
2026-07-28T17:45:40.733,364.187,86,close,ACTUATOR_ACTIVE,TRAJECTORY_RUNNING,24.0,57,32,0,30.38,57,0,0.0,0.0,0.0,1.41,-0.26,4.97
2026-07-28T17:45:41.834,365.281,86,open,ACTUATOR_ACTIVE,TRAJECTORY_RUNNING,24.0,57,32,-16,8.24,57,0,0.0,0.0,0.0,1.1,-0.04,4.78
2026-07-28T17:45:42.845,366.296,86,open,ACTUATOR_ACTIVE,TRAJECTORY_COMPLETE,24.0,57,10,0,-0.0,57,0,0.0,0.0,0.0,0.59,0.12,0.85
2026-07-28T17:45:43.950,367.406,87,close,ACTUATOR_ACTIVE,TRAJECTORY_RUNNING,24.0,56,10,16,5.09,56,0,0.0,0.0,0.0,0.56,0.12,0.83
2026-07-28T17:45:44.945,368.39,87,close,ACTUATOR_ACTIVE,TRAJECTORY_RUNNING,24.0,56,33,1,77.7,56,0,0.0,0.0,0.0,2.12,-0.52,0.16
2026-07-28T17:45:46.064,369.515,87,open,ACTUATOR_ACTIVE,TRAJECTORY_RUNNING,24.0,56,33,-1,36.7,56,0,0.0,0.0,0.0,2.21,-0.52,0.52
2026-07-28T17:45:47.063,370.515,87,open,ACTUATOR_ACTIVE,TRAJECTORY_COMPLETE,24.0,56,9,0,-0.76,56,0,0.0,0.0,0.0,0.62,0.11,0.8
2026-07-28T17:45:48.166,371.609,88,close,ACTUATOR_ACTIVE,TRAJECTORY_RUNNING,24.0,57,10,16,3.61,57,0,0.0,0.0,0.0,0.57,0.1,0.78
2026-07-28T17:45:49.177,372.625,88,close,ACTUATOR_ACTIVE,TRAJECTORY_RUNNING,24.0,57,32,0,31.28,57,0,0.0,0.0,0.0,1.42,-0.26,4.96
2026-07-28T17:45:50.286,373.734,88,open,ACTUATOR_ACTIVE,TRAJECTORY_RUNNING,24.0,57,32,-16,8.07,57,0,0.0,0.0,0.0,1.31,-0.21,5.18
2026-07-28T17:45:51.278,374.734,88,open,ACTUATOR_ACTIVE,TRAJECTORY_COMPLETE,24.0,57,10,10,1.19,57,0,0.0,0.0,0.0,0.58,0.12,0.84
2026-07-28T17:45:52.388,375.843,89,close,ACTUATOR_ACTIVE,TRAJECTORY_RUNNING,24.0,57,10,16,3.88,57,0,0.0,0.0,0.0,0.54,0.12,0.84
2026-07-28T17:45:53.383,376.828,89,close,ACTUATOR_ACTIVE,TRAJECTORY_RUNNING,24.0,57,32,0,31.16,57,0,0.0,0.0,0.0,1.41,-0.25,4.97
2026-07-28T17:45:54.506,377.953,89,open,ACTUATOR_ACTIVE,TRAJECTORY_RUNNING,24.0,57,32,-14,7.96,57,0,0.0,0.0,0.0,1.08,0.15,4.01
2026-07-28T17:45:55.503,378.953,89,open,ACTUATOR_ACTIVE,TRAJECTORY_COMPLETE,24.0,57,10,9,0.87,57,0,0.0,0.0,0.0,0.58,0.12,0.87
2026-07-28T17:45:56.609,380.062,90,close,ACTUATOR_ACTIVE,TRAJECTORY_RUNNING,24.0,59,10,18,5.07,59,0,0.0,0.0,0.0,0.54,0.12,0.87
2026-07-28T17:45:57.604,381.046,90,close,ACTUATOR_ACTIVE,TRAJECTORY_RUNNING,24.0,59,32,0,29.81,59,0,0.0,0.0,0.0,1.39,-0.23,4.96
2026-07-28T17:45:58.723,382.171,90,open,ACTUATOR_ACTIVE,TRAJECTORY_RUNNING,24.0,59,32,-15,8.55,59,0,0.0,0.0,0.0,1.39,-0.23,5.12
2026-07-28T17:45:59.733,383.187,90,open,ACTUATOR_ACTIVE,TRAJECTORY_COMPLETE,24.0,59,10,0,0.54,56,0,0.0,0.0,0.0,0.58,0.11,0.88
2026-07-28T17:46:00.839,384.296,91,close,ACTUATOR_ACTIVE,TRAJECTORY_RUNNING,24.0,56,10,15,4.36,56,0,0.0,0.0,0.0,0.54,0.12,0.86
2026-07-28T17:46:01.841,385.296,91,close,ACTUATOR_ACTIVE,TRAJECTORY_RUNNING,24.0,56,32,0,31.16,56,0,0.0,0.0,0.0,1.39,-0.22,4.98
2026-07-28T17:46:02.949,386.406,91,open,ACTUATOR_ACTIVE,TRAJECTORY_RUNNING,24.0,56,32,-16,7.41,56,0,0.0,0.0,0.0,1.12,0.02,4.68
2026-07-28T17:46:03.945,387.39,91,open,ACTUATOR_ACTIVE,TRAJECTORY_RUNNING,24.0,53,9,0,0.27,53,0,0.0,0.0,0.0,0.58,0.1,0.89
2026-07-28T17:46:05.076,388.531,92,close,ACTUATOR_ACTIVE,TRAJECTORY_RUNNING,24.0,53,10,17,4.94,53,0,0.0,0.0,0.0,0.54,0.11,0.87
2026-07-28T17:46:06.071,389.515,92,close,ACTUATOR_ACTIVE,TRAJECTORY_RUNNING,24.0,53,33,0,81.14,53,0,0.0,0.0,0.0,2.12,-0.52,0.14
2026-07-28T17:46:07.194,390.64,92,open,ACTUATOR_ACTIVE,TRAJECTORY_RUNNING,24.0,53,33,0,34.23,53,0,0.0,0.0,0.0,2.21,-0.53,0.55
2026-07-28T17:46:08.189,391.64,92,open,ACTUATOR_ACTIVE,TRAJECTORY_RUNNING,24.0,53,8,9,2.07,53,0,0.0,0.0,0.0,0.64,0.08,0.84
2026-07-28T17:46:09.295,392.75,93,close,ACTUATOR_ACTIVE,TRAJECTORY_RUNNING,24.0,53,10,16,5.18,53,0,0.0,0.0,0.0,0.59,0.08,0.81
2026-07-28T17:46:10.292,393.75,93,close,ACTUATOR_ACTIVE,TRAJECTORY_RUNNING,24.0,53,32,0,31.77,53,0,0.0,0.0,0.0,1.41,-0.26,4.93
2026-07-28T17:46:11.392,394.843,93,open,ACTUATOR_ACTIVE,TRAJECTORY_RUNNING,24.0,53,32,-16,7.49,53,0,0.0,0.0,0.0,1.31,-0.21,5.15
2026-07-28T17:46:12.393,395.843,93,open,ACTUATOR_ACTIVE,TRAJECTORY_COMPLETE,24.0,58,10,13,1.36,58,0,0.0,0.0,0.0,0.6,0.09,0.86
2026-07-28T17:46:13.499,396.953,94,close,ACTUATOR_ACTIVE,TRAJECTORY_RUNNING,24.0,58,10,14,3.66,58,0,0.0,0.0,0.0,0.57,0.09,0.85
2026-07-28T17:46:14.495,397.937,94,close,ACTUATOR_ACTIVE,TRAJECTORY_RUNNING,24.0,58,32,0,31.92,58,0,0.0,0.0,0.0,1.41,-0.24,4.96
2026-07-28T17:46:15.615,399.062,94,open,ACTUATOR_ACTIVE,TRAJECTORY_RUNNING,24.0,58,32,-15,6.75,58,0,0.0,0.0,0.0,1.06,0.18,3.87
2026-07-28T17:46:16.625,400.078,94,open,ACTUATOR_ACTIVE,TRAJECTORY_RUNNING,24.0,54,10,3,0.81,54,0,0.0,0.0,0.0,0.59,0.09,0.89
2026-07-28T17:46:17.725,401.171,95,close,ACTUATOR_ACTIVE,TRAJECTORY_RUNNING,24.0,54,10,17,5.53,54,0,0.0,0.0,0.0,0.55,0.1,0.88
2026-07-28T17:46:18.735,402.187,95,close,ACTUATOR_ACTIVE,TRAJECTORY_RUNNING,24.0,54,33,1,83.02,54,0,0.0,0.0,0.0,2.13,-0.52,0.19
2026-07-28T17:46:19.848,403.296,95,open,ACTUATOR_ACTIVE,TRAJECTORY_RUNNING,24.0,53,33,0,30.35,53,0,0.0,0.0,0.0,2.22,-0.52,0.56
2026-07-28T17:46:20.846,404.296,95,open,ACTUATOR_ACTIVE,TRAJECTORY_RUNNING,24.0,53,8,11,2.55,53,0,0.0,0.0,0.0,0.63,0.08,0.85
2026-07-28T17:46:21.946,405.39,96,close,ACTUATOR_ACTIVE,TRAJECTORY_RUNNING,24.0,53,10,15,4.58,53,0,0.0,0.0,0.0,0.58,0.07,0.82
2026-07-28T17:46:22.956,406.406,96,close,ACTUATOR_ACTIVE,TRAJECTORY_RUNNING,24.0,53,32,0,32.83,53,0,0.0,0.0,0.0,1.4,-0.25,4.9
2026-07-28T17:46:24.061,407.515,96,open,ACTUATOR_ACTIVE,TRAJECTORY_RUNNING,24.0,53,32,-16,8.08,53,0,0.0,0.0,0.0,1.1,-0.04,4.71
2026-07-28T17:46:25.057,408.5,96,open,ACTUATOR_ACTIVE,TRAJECTORY_COMPLETE,24.0,53,10,8,0.71,53,0,0.0,0.0,0.0,0.59,0.08,0.86
2026-07-28T17:46:26.183,409.64,97,close,ACTUATOR_ACTIVE,TRAJECTORY_RUNNING,24.0,53,10,17,4.45,53,0,0.0,0.0,0.0,0.55,0.09,0.84
2026-07-28T17:46:27.180,410.625,97,close,ACTUATOR_ACTIVE,TRAJECTORY_RUNNING,24.0,53,32,0,31.93,53,0,0.0,0.0,0.0,1.4,-0.24,4.93
2026-07-28T17:46:28.304,411.75,97,open,ACTUATOR_ACTIVE,TRAJECTORY_RUNNING,24.0,56,32,-15,6.23,56,0,0.0,0.0,0.0,1.05,0.17,3.83
2026-07-28T17:46:29.304,412.75,97,open,ACTUATOR_ACTIVE,TRAJECTORY_COMPLETE,24.0,56,10,4,0.63,56,0,0.0,0.0,0.0,0.58,0.09,0.87
2026-07-28T17:46:30.408,413.859,98,close,ACTUATOR_ACTIVE,TRAJECTORY_RUNNING,24.0,56,10,16,4.06,56,0,0.0,0.0,0.0,0.54,0.09,0.85
2026-07-28T17:46:31.405,414.859,98,close,ACTUATOR_ACTIVE,TRAJECTORY_RUNNING,24.0,56,32,0,32.97,56,0,0.0,0.0,0.0,1.4,-0.22,4.92
2026-07-28T17:46:32.507,415.953,98,open,ACTUATOR_ACTIVE,TRAJECTORY_RUNNING,24.0,54,32,-15,8.59,54,0,0.0,0.0,0.0,1.38,-0.22,5.12
2026-07-28T17:46:33.522,416.968,98,open,ACTUATOR_ACTIVE,TRAJECTORY_COMPLETE,24.0,54,10,6,1.27,54,0,0.0,0.0,0.0,0.57,0.08,0.88
2026-07-28T17:46:34.685,418.14,99,close,ACTUATOR_ACTIVE,TRAJECTORY_RUNNING,24.0,54,11,27,4.91,54,0,0.0,0.0,0.0,0.54,0.09,0.85
2026-07-28T17:46:35.635,419.078,99,close,ACTUATOR_ACTIVE,TRAJECTORY_RUNNING,24.0,54,33,0,84.46,54,0,0.0,0.0,0.0,2.12,-0.52,0.17
2026-07-28T17:46:36.758,420.203,99,open,ACTUATOR_ACTIVE,TRAJECTORY_RUNNING,24.0,51,33,0,31.9,51,0,0.0,0.0,0.0,2.22,-0.52,0.6
2026-07-28T17:46:37.773,421.218,99,open,ACTUATOR_ACTIVE,TRAJECTORY_RUNNING,24.0,51,8,11,3.05,51,0,0.0,0.0,0.0,0.65,0.06,0.86
2026-07-28T17:46:38.883,422.328,100,close,ACTUATOR_ACTIVE,TRAJECTORY_RUNNING,24.0,51,10,17,3.5,51,0,0.0,0.0,0.0,0.6,0.06,0.82
2026-07-28T17:46:39.896,423.343,100,close,ACTUATOR_ACTIVE,TRAJECTORY_RUNNING,24.0,54,33,0,80.11,54,0,0.0,0.0,0.0,2.14,-0.51,0.22
2026-07-28T17:46:40.997,424.453,100,open,ACTUATOR_ACTIVE,TRAJECTORY_RUNNING,24.0,54,33,0,36.14,54,0,0.0,0.0,0.0,2.22,-0.52,0.61
2026-07-28T17:46:41.990,425.437,100,open,ACTUATOR_ACTIVE,TRAJECTORY_RUNNING,24.0,54,8,9,2.5,54,0,0.0,0.0,0.0,0.65,0.08,0.81
2026-07-28T17:46:43.103,426.546,101,close,ACTUATOR_ACTIVE,TRAJECTORY_RUNNING,24.0,54,10,16,3.0,54,0,0.0,0.0,0.0,0.59,0.07,0.79
2026-07-28T17:46:44.116,427.562,101,close,ACTUATOR_ACTIVE,TRAJECTORY_RUNNING,24.0,55,33,1,82.3,55,0,0.0,0.0,0.0,2.15,-0.51,0.25
2026-07-28T17:46:45.224,428.671,101,open,ACTUATOR_ACTIVE,TRAJECTORY_RUNNING,24.0,55,33,-1,34.07,55,0,0.0,0.0,0.0,2.23,-0.51,0.59
2026-07-28T17:46:46.218,429.671,101,open,ACTUATOR_ACTIVE,TRAJECTORY_RUNNING,24.0,55,8,9,2.6,55,0,0.0,0.0,0.0,0.64,0.09,0.82
2026-07-28T17:46:47.325,430.781,102,close,ACTUATOR_ACTIVE,TRAJECTORY_RUNNING,24.0,55,10,15,3.09,55,0,0.0,0.0,0.0,0.58,0.08,0.79
2026-07-28T17:46:48.322,431.765,102,close,ACTUATOR_ACTIVE,TRAJECTORY_RUNNING,24.0,50,32,0,32.5,50,0,0.0,0.0,0.0,1.4,-0.26,4.86
2026-07-28T17:46:49.448,432.89,102,open,ACTUATOR_ACTIVE,TRAJECTORY_RUNNING,24.0,50,31,-16,6.72,50,0,0.0,0.0,0.0,1.11,-0.08,4.8
2026-07-28T17:46:50.464,433.921,102,open,ACTUATOR_ACTIVE,TRAJECTORY_RUNNING,24.0,50,10,0,0.95,50,0,0.0,0.0,0.0,0.58,0.1,0.83
2026-07-28T17:46:51.555,435.0,103,close,ACTUATOR_ACTIVE,TRAJECTORY_RUNNING,24.0,50,10,17,3.83,50,0,0.0,0.0,0.0,0.55,0.1,0.82
2026-07-28T17:46:52.564,436.015,103,close,ACTUATOR_ACTIVE,TRAJECTORY_RUNNING,24.0,56,33,1,81.48,56,0,0.0,0.0,0.0,2.14,-0.51,0.24
2026-07-28T17:46:53.675,437.125,103,open,ACTUATOR_ACTIVE,TRAJECTORY_RUNNING,24.0,56,33,0,30.6,56,0,0.0,0.0,0.0,2.22,-0.52,0.63
2026-07-28T17:46:54.668,438.125,103,open,ACTUATOR_ACTIVE,TRAJECTORY_RUNNING,24.0,56,8,10,2.47,56,0,0.0,0.0,0.0,0.63,0.08,0.83
2026-07-28T17:46:55.779,439.234,104,close,ACTUATOR_ACTIVE,TRAJECTORY_RUNNING,24.0,50,10,16,3.25,50,0,0.0,0.0,0.0,0.56,0.07,0.79
2026-07-28T17:46:56.773,440.218,104,close,ACTUATOR_ACTIVE,TRAJECTORY_RUNNING,24.0,50,32,0,33.31,50,0,0.0,0.0,0.0,1.4,-0.26,4.85
2026-07-28T17:46:57.894,441.343,104,open,ACTUATOR_ACTIVE,TRAJECTORY_RUNNING,24.0,50,32,-15,7.23,50,0,0.0,0.0,0.0,1.4,-0.25,5.02
2026-07-28T17:46:58.891,442.343,104,open,ACTUATOR_ACTIVE,TRAJECTORY_COMPLETE,24.0,50,10,0,0.2,50,0,0.0,0.0,0.0,0.58,0.08,0.82
2026-07-28T17:47:00.005,443.453,105,close,ACTUATOR_ACTIVE,TRAJECTORY_RUNNING,24.0,53,10,19,4.83,53,0,0.0,0.0,0.0,0.54,0.08,0.81
2026-07-28T17:47:01.001,444.453,105,close,ACTUATOR_ACTIVE,TRAJECTORY_RUNNING,24.0,53,33,0,81.97,53,0,0.0,0.0,0.0,2.13,-0.52,0.22
2026-07-28T17:47:02.107,445.562,105,open,ACTUATOR_ACTIVE,TRAJECTORY_RUNNING,24.0,53,33,1,31.96,53,0,0.0,0.0,0.0,2.22,-0.52,0.63
2026-07-28T17:47:03.107,446.562,105,open,ACTUATOR_ACTIVE,TRAJECTORY_RUNNING,24.0,53,8,10,1.83,53,0,0.0,0.0,0.0,0.64,0.08,0.83
2026-07-28T17:47:04.212,447.656,106,close,ACTUATOR_ACTIVE,TRAJECTORY_RUNNING,24.0,53,10,15,3.91,53,0,0.0,0.0,0.0,0.59,0.06,0.76
2026-07-28T17:47:05.226,448.671,106,close,ACTUATOR_ACTIVE,TRAJECTORY_RUNNING,24.0,53,33,1,80.94,53,0,0.0,0.0,0.0,2.15,-0.51,0.3
2026-07-28T17:47:06.334,449.781,106,open,ACTUATOR_ACTIVE,TRAJECTORY_RUNNING,24.0,53,33,2,35.55,53,0,0.0,0.0,0.0,2.23,-0.51,0.64
2026-07-28T17:47:07.332,450.781,106,open,ACTUATOR_ACTIVE,TRAJECTORY_RUNNING,24.0,53,8,7,2.05,53,0,0.0,0.0,0.0,0.65,0.07,0.77
2026-07-28T17:47:08.432,451.875,107,close,ACTUATOR_ACTIVE,TRAJECTORY_RUNNING,24.0,54,10,16,5.36,54,0,0.0,0.0,0.0,0.6,0.06,0.71
2026-07-28T17:47:09.425,452.875,107,close,ACTUATOR_ACTIVE,TRAJECTORY_RUNNING,24.0,54,33,1,79.83,54,0,0.0,0.0,0.0,2.14,-0.51,0.26
2026-07-28T17:47:10.542,454.0,107,open,ACTUATOR_ACTIVE,TRAJECTORY_RUNNING,24.0,54,33,0,36.96,54,0,0.0,0.0,0.0,2.23,-0.51,0.63
2026-07-28T17:47:11.533,454.984,107,open,ACTUATOR_ACTIVE,TRAJECTORY_RUNNING,24.0,54,8,9,2.97,54,0,0.0,0.0,0.0,0.64,0.08,0.76
2026-07-28T17:47:12.652,456.109,108,close,ACTUATOR_ACTIVE,TRAJECTORY_RUNNING,24.0,54,10,16,4.44,54,0,0.0,0.0,0.0,0.57,0.06,0.7
2026-07-28T17:47:13.648,457.093,108,close,ACTUATOR_ACTIVE,TRAJECTORY_RUNNING,24.0,54,32,0,34.99,54,0,0.0,0.0,0.0,1.4,-0.26,4.78
2026-07-28T17:47:14.772,458.218,108,open,ACTUATOR_ACTIVE,TRAJECTORY_RUNNING,24.0,54,32,-15,6.68,54,0,0.0,0.0,0.0,0.94,0.2,2.85
2026-07-28T17:47:15.787,459.234,108,open,ACTUATOR_ACTIVE,TRAJECTORY_RUNNING,24.0,51,10,4,1.3,51,0,0.0,0.0,0.0,0.58,0.09,0.76
2026-07-28T17:47:16.890,460.343,109,close,ACTUATOR_ACTIVE,TRAJECTORY_RUNNING,24.0,51,10,16,5.2,51,0,0.0,0.0,0.0,0.55,0.09,0.75
2026-07-28T17:47:17.881,461.328,109,close,ACTUATOR_ACTIVE,TRAJECTORY_RUNNING,24.0,51,33,1,75.44,51,0,0.0,0.0,0.0,2.13,-0.51,0.23
2026-07-28T17:47:19.000,462.453,109,open,ACTUATOR_ACTIVE,TRAJECTORY_RUNNING,24.0,51,33,1,37.02,51,0,0.0,0.0,0.0,2.22,-0.51,0.63
2026-07-28T17:47:19.997,463.453,109,open,ACTUATOR_ACTIVE,TRAJECTORY_RUNNING,24.0,54,8,10,3.88,54,0,0.0,0.0,0.0,0.63,0.09,0.78
2026-07-28T17:47:21.097,464.546,110,close,ACTUATOR_ACTIVE,TRAJECTORY_RUNNING,24.0,54,10,15,5.94,54,0,0.0,0.0,0.0,0.57,0.06,0.71
2026-07-28T17:47:22.111,465.562,110,close,ACTUATOR_ACTIVE,TRAJECTORY_RUNNING,24.0,54,32,0,32.46,54,0,0.0,0.0,0.0,1.39,-0.25,4.77
2026-07-28T17:47:23.219,466.671,110,open,ACTUATOR_ACTIVE,TRAJECTORY_RUNNING,24.0,54,32,-14,6.68,54,0,0.0,0.0,0.0,1.1,0.1,3.89
2026-07-28T17:47:24.214,467.671,110,open,ACTUATOR_ACTIVE,TRAJECTORY_COMPLETE,24.0,54,10,8,0.88,54,0,0.0,0.0,0.0,0.59,0.07,0.77
2026-07-28T17:47:25.322,468.765,111,close,ACTUATOR_ACTIVE,TRAJECTORY_RUNNING,24.0,54,10,16,3.76,54,0,0.0,0.0,0.0,0.56,0.07,0.77
2026-07-28T17:47:26.338,469.781,111,close,ACTUATOR_ACTIVE,TRAJECTORY_RUNNING,24.0,54,32,0,29.52,54,0,0.0,0.0,0.0,1.39,-0.21,4.86
2026-07-28T17:47:27.442,470.89,111,open,ACTUATOR_ACTIVE,TRAJECTORY_RUNNING,24.0,54,32,-14,7.18,54,0,0.0,0.0,0.0,1.39,-0.21,5.0
2026-07-28T17:47:28.455,471.906,111,open,ACTUATOR_ACTIVE,TRAJECTORY_RUNNING,24.0,52,10,2,1.47,52,0,0.0,0.0,0.0,0.58,0.08,0.79
2026-07-28T17:47:29.552,473.0,112,close,ACTUATOR_ACTIVE,TRAJECTORY_RUNNING,24.0,52,10,16,3.8,52,0,0.0,0.0,0.0,0.54,0.08,0.8
2026-07-28T17:47:30.565,474.015,112,close,ACTUATOR_ACTIVE,TRAJECTORY_RUNNING,24.0,52,33,0,82.08,52,0,0.0,0.0,0.0,2.13,-0.51,0.25
2026-07-28T17:47:31.672,475.125,112,open,ACTUATOR_ACTIVE,TRAJECTORY_RUNNING,24.0,52,33,-1,30.52,52,0,0.0,0.0,0.0,2.23,-0.51,0.66
2026-07-28T17:47:32.664,476.109,112,open,ACTUATOR_ACTIVE,TRAJECTORY_RUNNING,24.0,54,8,9,3.56,54,0,0.0,0.0,0.0,0.63,0.07,0.79
2026-07-28T17:47:33.779,477.234,113,close,ACTUATOR_ACTIVE,TRAJECTORY_RUNNING,24.0,54,10,15,4.68,54,0,0.0,0.0,0.0,0.58,0.05,0.72
2026-07-28T17:47:34.776,478.218,113,close,ACTUATOR_ACTIVE,TRAJECTORY_RUNNING,24.0,54,33,0,80.28,54,0,0.0,0.0,0.0,2.15,-0.5,0.3
2026-07-28T17:47:35.899,479.343,113,open,ACTUATOR_ACTIVE,TRAJECTORY_RUNNING,24.0,56,33,0,35.48,56,0,0.0,0.0,0.0,2.24,-0.51,0.7
2026-07-28T17:47:36.910,480.359,113,open,ACTUATOR_ACTIVE,TRAJECTORY_COMPLETE,24.0,56,9,0,0.49,56,0,0.0,0.0,0.0,0.65,0.08,0.78
2026-07-28T17:47:38.020,481.468,114,close,ACTUATOR_ACTIVE,TRAJECTORY_RUNNING,24.0,56,10,19,4.03,56,0,0.0,0.0,0.0,0.58,0.05,0.69
2026-07-28T17:47:39.016,482.468,114,close,ACTUATOR_ACTIVE,TRAJECTORY_RUNNING,24.0,56,33,0,80.81,56,0,0.0,0.0,0.0,2.15,-0.5,0.35
2026-07-28T17:47:40.119,483.562,114,open,ACTUATOR_ACTIVE,TRAJECTORY_RUNNING,24.0,52,33,-1,31.66,52,0,0.0,0.0,0.0,2.23,-0.5,0.71
2026-07-28T17:47:41.130,484.578,114,open,ACTUATOR_ACTIVE,TRAJECTORY_RUNNING,24.0,52,8,12,3.13,52,0,0.0,0.0,0.0,0.65,0.09,0.74
2026-07-28T17:47:42.238,485.687,115,close,ACTUATOR_ACTIVE,TRAJECTORY_RUNNING,24.0,52,10,20,4.03,52,0,0.0,0.0,0.0,0.58,0.06,0.66
2026-07-28T17:47:43.231,486.687,115,close,ACTUATOR_ACTIVE,TRAJECTORY_RUNNING,24.0,52,33,0,79.59,52,0,0.0,0.0,0.0,2.15,-0.5,0.31
2026-07-28T17:47:44.335,487.781,115,open,ACTUATOR_ACTIVE,TRAJECTORY_RUNNING,24.0,52,33,0,32.26,52,0,0.0,0.0,0.0,2.24,-0.5,0.7
2026-07-28T17:47:45.346,488.796,115,open,ACTUATOR_ACTIVE,TRAJECTORY_COMPLETE,24.0,52,9,0,-0.46,52,0,0.0,0.0,0.0,0.65,0.09,0.72
2026-07-28T17:47:46.448,489.89,116,close,ACTUATOR_ACTIVE,TRAJECTORY_RUNNING,24.0,52,10,17,5.84,52,0,0.0,0.0,0.0,0.6,0.07,0.66
2026-07-28T17:47:47.458,490.906,116,close,ACTUATOR_ACTIVE,TRAJECTORY_RUNNING,24.0,52,32,0,33.51,52,0,0.0,0.0,0.0,1.4,-0.24,4.8
2026-07-28T17:47:48.568,492.015,116,open,ACTUATOR_ACTIVE,TRAJECTORY_RUNNING,24.0,55,32,-14,6.67,55,0,0.0,0.0,0.0,1.4,-0.23,4.94
2026-07-28T17:47:49.558,493.015,116,open,ACTUATOR_ACTIVE,TRAJECTORY_COMPLETE,24.0,55,10,8,1.01,55,0,0.0,0.0,0.0,0.61,0.08,0.75
2026-07-28T17:47:50.663,494.109,117,close,ACTUATOR_ACTIVE,TRAJECTORY_RUNNING,24.0,55,10,16,3.22,55,0,0.0,0.0,0.0,0.58,0.08,0.75
2026-07-28T17:47:51.673,495.125,117,close,ACTUATOR_ACTIVE,TRAJECTORY_RUNNING,24.0,55,32,0,32.1,55,0,0.0,0.0,0.0,1.4,-0.22,4.86
2026-07-28T17:47:52.777,496.234,117,open,ACTUATOR_ACTIVE,TRAJECTORY_RUNNING,24.0,55,32,-16,7.32,55,0,0.0,0.0,0.0,1.17,-0.09,4.85
2026-07-28T17:47:53.773,497.218,117,open,ACTUATOR_ACTIVE,TRAJECTORY_COMPLETE,24.0,55,10,6,0.46,55,0,0.0,0.0,0.0,0.6,0.07,0.79
2026-07-28T17:47:54.898,498.343,118,close,ACTUATOR_ACTIVE,TRAJECTORY_RUNNING,24.0,55,10,14,3.83,55,0,0.0,0.0,0.0,0.58,0.07,0.79
2026-07-28T17:47:55.894,499.343,118,close,ACTUATOR_ACTIVE,TRAJECTORY_RUNNING,24.0,55,33,1,80.8,55,0,0.0,0.0,0.0,2.14,-0.51,0.31
2026-07-28T17:47:57.002,500.453,118,open,ACTUATOR_ACTIVE,TRAJECTORY_RUNNING,24.0,55,33,-2,31.82,55,0,0.0,0.0,0.0,2.23,-0.52,0.74
2026-07-28T17:47:57.998,501.453,118,open,ACTUATOR_ACTIVE,TRAJECTORY_RUNNING,24.0,55,8,11,2.88,55,0,0.0,0.0,0.0,0.62,0.07,0.79
2026-07-28T17:47:59.108,502.562,119,close,ACTUATOR_ACTIVE,TRAJECTORY_RUNNING,24.0,55,10,19,4.28,55,0,0.0,0.0,0.0,0.57,0.05,0.7
2026-07-28T17:48:00.105,503.562,119,close,ACTUATOR_ACTIVE,TRAJECTORY_RUNNING,24.0,52,33,0,76.71,52,0,0.0,0.0,0.0,2.14,-0.5,0.33
2026-07-28T17:48:01.213,504.656,119,open,ACTUATOR_ACTIVE,TRAJECTORY_RUNNING,24.0,52,33,-1,35.28,52,0,0.0,0.0,0.0,2.24,-0.5,0.73
2026-07-28T17:48:02.224,505.671,119,open,ACTUATOR_ACTIVE,TRAJECTORY_RUNNING,24.0,52,8,12,1.72,52,0,0.0,0.0,0.0,0.64,0.09,0.75
2026-07-28T17:48:03.329,506.781,120,close,ACTUATOR_ACTIVE,TRAJECTORY_RUNNING,24.0,52,10,15,4.36,52,0,0.0,0.0,0.0,0.58,0.07,0.68
2026-07-28T17:48:04.326,507.781,120,close,ACTUATOR_ACTIVE,TRAJECTORY_RUNNING,24.0,53,32,0,31.44,53,0,0.0,0.0,0.0,1.41,-0.24,4.83
2026-07-28T17:48:05.433,508.89,120,open,ACTUATOR_ACTIVE,TRAJECTORY_RUNNING,24.0,53,32,-15,6.3,53,0,0.0,0.0,0.0,1.09,0.16,3.61
2026-07-28T17:48:06.425,509.875,120,open,ACTUATOR_ACTIVE,TRAJECTORY_COMPLETE,24.0,53,10,14,1.25,53,0,0.0,0.0,0.0,0.59,0.07,0.77
2026-07-28T17:48:07.546,511.0,121,close,ACTUATOR_ACTIVE,TRAJECTORY_RUNNING,24.0,53,10,16,5.04,53,0,0.0,0.0,0.0,0.56,0.07,0.77
2026-07-28T17:48:08.537,511.984,121,close,ACTUATOR_ACTIVE,TRAJECTORY_RUNNING,24.0,58,33,0,83.75,58,0,0.0,0.0,0.0,2.15,-0.5,0.38
2026-07-28T17:48:09.655,513.109,121,open,ACTUATOR_ACTIVE,TRAJECTORY_RUNNING,24.0,58,33,1,34.5,58,0,0.0,0.0,0.0,2.23,-0.5,0.73
2026-07-28T17:48:10.654,514.109,121,open,ACTUATOR_ACTIVE,TRAJECTORY_RUNNING,24.0,58,8,10,3.23,58,0,0.0,0.0,0.0,0.65,0.07,0.74
2026-07-28T17:48:11.762,515.218,122,close,ACTUATOR_ACTIVE,TRAJECTORY_RUNNING,24.0,53,10,18,3.81,53,0,0.0,0.0,0.0,0.6,0.05,0.68
2026-07-28T17:48:12.756,516.203,122,close,ACTUATOR_ACTIVE,TRAJECTORY_RUNNING,24.0,53,33,0,84.46,53,0,0.0,0.0,0.0,2.16,-0.49,0.38
2026-07-28T17:48:13.877,517.328,122,open,ACTUATOR_ACTIVE,TRAJECTORY_RUNNING,24.0,53,33,0,33.01,53,0,0.0,0.0,0.0,2.25,-0.5,0.78
2026-07-28T17:48:14.874,518.328,122,open,ACTUATOR_ACTIVE,TRAJECTORY_RUNNING,24.0,53,8,8,3.26,53,0,0.0,0.0,0.0,0.67,0.08,0.75
2026-07-28T17:48:15.977,519.421,123,close,ACTUATOR_ACTIVE,TRAJECTORY_RUNNING,24.0,54,10,15,4.02,54,0,0.0,0.0,0.0,0.61,0.06,0.68
2026-07-28T17:48:16.990,520.437,123,close,ACTUATOR_ACTIVE,TRAJECTORY_RUNNING,24.0,54,32,0,34.15,54,0,0.0,0.0,0.0,1.42,-0.24,4.87
2026-07-28T17:48:18.100,521.546,123,open,ACTUATOR_ACTIVE,TRAJECTORY_RUNNING,24.0,54,32,-17,6.57,54,0,0.0,0.0,0.0,1.43,-0.24,5.0
2026-07-28T17:48:19.095,522.546,123,open,ACTUATOR_ACTIVE,TRAJECTORY_COMPLETE,24.0,54,10,6,-0.06,54,0,0.0,0.0,0.0,0.62,0.06,0.75
2026-07-28T17:48:20.198,523.656,124,close,ACTUATOR_ACTIVE,TRAJECTORY_RUNNING,24.0,52,10,17,2.7,52,0,0.0,0.0,0.0,0.58,0.06,0.75
2026-07-28T17:48:21.193,524.64,124,close,ACTUATOR_ACTIVE,TRAJECTORY_RUNNING,24.0,52,33,-1,82.25,52,0,0.0,0.0,0.0,2.14,-0.49,0.37
2026-07-28T17:48:22.308,525.765,124,open,ACTUATOR_ACTIVE,TRAJECTORY_RUNNING,24.0,52,33,0,33.4,52,0,0.0,0.0,0.0,2.24,-0.5,0.79
2026-07-28T17:48:23.299,526.75,124,open,ACTUATOR_ACTIVE,TRAJECTORY_COMPLETE,24.0,52,9,0,-0.82,52,0,0.0,0.0,0.0,0.64,0.08,0.75
2026-07-28T17:48:24.423,527.875,125,close,ACTUATOR_ACTIVE,TRAJECTORY_RUNNING,24.0,54,10,14,4.8,54,0,0.0,0.0,0.0,0.59,0.05,0.7
2026-07-28T17:48:25.415,528.859,125,close,ACTUATOR_ACTIVE,TRAJECTORY_RUNNING,24.0,54,32,0,31.27,54,0,0.0,0.0,0.0,1.42,-0.24,4.91
2026-07-28T17:48:26.535,529.984,125,open,ACTUATOR_ACTIVE,TRAJECTORY_RUNNING,24.0,54,32,-15,7.92,54,0,0.0,0.0,0.0,1.05,0.17,3.35
2026-07-28T17:48:27.526,530.984,125,open,ACTUATOR_ACTIVE,TRAJECTORY_COMPLETE,24.0,54,10,10,0.27,54,0,0.0,0.0,0.0,0.6,0.05,0.77
2026-07-28T17:48:28.631,532.078,126,close,ACTUATOR_ACTIVE,TRAJECTORY_RUNNING,24.0,53,10,15,4.24,53,0,0.0,0.0,0.0,0.57,0.05,0.76
2026-07-28T17:48:29.627,533.078,126,close,ACTUATOR_ACTIVE,TRAJECTORY_RUNNING,24.0,53,33,0,80.57,53,0,0.0,0.0,0.0,2.14,-0.51,0.35
2026-07-28T17:48:30.729,534.171,126,open,ACTUATOR_ACTIVE,TRAJECTORY_RUNNING,24.0,53,33,0,33.87,53,0,0.0,0.0,0.0,2.24,-0.51,0.77
2026-07-28T17:48:31.740,535.187,126,open,ACTUATOR_ACTIVE,TRAJECTORY_COMPLETE,24.0,56,9,-5,-1.79,56,0,0.0,0.0,0.0,0.64,0.08,0.77
2026-07-28T17:48:32.845,536.296,127,close,ACTUATOR_ACTIVE,TRAJECTORY_RUNNING,24.0,56,10,17,4.37,56,0,0.0,0.0,0.0,0.6,0.07,0.72
2026-07-28T17:48:33.839,537.296,127,close,ACTUATOR_ACTIVE,TRAJECTORY_RUNNING,24.0,56,32,0,31.77,56,0,0.0,0.0,0.0,1.42,-0.23,4.89
2026-07-28T17:48:34.945,538.39,127,open,ACTUATOR_ACTIVE,TRAJECTORY_RUNNING,24.0,56,32,-16,7.08,56,0,0.0,0.0,0.0,1.43,-0.23,5.03
2026-07-28T17:48:35.961,539.406,127,open,ACTUATOR_ACTIVE,TRAJECTORY_RUNNING,24.0,53,10,0,1.36,53,0,0.0,0.0,0.0,0.61,0.05,0.79
2026-07-28T17:48:37.064,540.515,128,close,ACTUATOR_ACTIVE,TRAJECTORY_RUNNING,24.0,53,10,18,3.6,53,0,0.0,0.0,0.0,0.58,0.05,0.8
2026-07-28T17:48:38.055,541.5,128,close,ACTUATOR_ACTIVE,TRAJECTORY_RUNNING,24.0,53,33,1,81.55,53,0,0.0,0.0,0.0,2.14,-0.5,0.37
2026-07-28T17:48:39.174,542.625,128,open,ACTUATOR_ACTIVE,TRAJECTORY_RUNNING,24.0,53,33,-1,35.58,53,0,0.0,0.0,0.0,2.24,-0.51,0.79
2026-07-28T17:48:40.165,543.609,128,open,ACTUATOR_ACTIVE,TRAJECTORY_RUNNING,24.0,50,8,8,3.59,50,0,0.0,0.0,0.0,0.66,0.09,0.78
2026-07-28T17:48:41.284,544.734,129,close,ACTUATOR_ACTIVE,TRAJECTORY_RUNNING,24.0,50,10,19,3.3,50,0,0.0,0.0,0.0,0.61,0.07,0.72
2026-07-28T17:48:42.285,545.734,129,close,ACTUATOR_ACTIVE,TRAJECTORY_RUNNING,24.0,50,33,0,79.13,50,0,0.0,0.0,0.0,2.16,-0.49,0.43
2026-07-28T17:48:43.393,546.843,129,open,ACTUATOR_ACTIVE,TRAJECTORY_RUNNING,24.0,50,33,0,32.4,50,0,0.0,0.0,0.0,2.25,-0.5,0.82
2026-07-28T17:48:44.386,547.843,129,open,ACTUATOR_ACTIVE,TRAJECTORY_RUNNING,24.0,56,8,10,3.47,56,0,0.0,0.0,0.0,0.67,0.1,0.76
2026-07-28T17:48:45.496,548.953,130,close,ACTUATOR_ACTIVE,TRAJECTORY_RUNNING,24.0,56,10,18,4.35,56,0,0.0,0.0,0.0,0.61,0.08,0.71
2026-07-28T17:48:46.493,549.937,130,close,ACTUATOR_ACTIVE,TRAJECTORY_RUNNING,24.0,56,33,0,82.97,56,0,0.0,0.0,0.0,2.15,-0.49,0.39
2026-07-28T17:48:47.613,551.062,130,open,ACTUATOR_ACTIVE,TRAJECTORY_RUNNING,24.0,56,33,0,33.27,56,0,0.0,0.0,0.0,2.25,-0.49,0.78
2026-07-28T17:48:48.610,552.062,130,open,ACTUATOR_ACTIVE,TRAJECTORY_RUNNING,24.0,57,10,-15,-2.19,57,0,0.0,0.0,0.0,0.67,0.1,0.73
2026-07-28T17:48:49.716,553.171,131,close,ACTUATOR_ACTIVE,TRAJECTORY_RUNNING,24.0,57,10,15,5.17,57,0,0.0,0.0,0.0,0.61,0.08,0.68
2026-07-28T17:48:50.714,554.171,131,close,ACTUATOR_ACTIVE,TRAJECTORY_STOPPED,24.0,57,33,-1,83.38,57,0,0.0,0.0,0.0,2.17,-0.49,0.44
2026-07-28T17:48:51.825,555.281,131,open,ACTUATOR_ACTIVE,TRAJECTORY_RUNNING,24.0,54,33,0,32.31,54,0,0.0,0.0,0.0,2.26,-0.5,0.84
2026-07-28T17:48:52.821,556.265,131,open,ACTUATOR_ACTIVE,TRAJECTORY_RUNNING,24.0,54,8,11,3.55,54,0,0.0,0.0,0.0,0.67,0.1,0.72
2026-07-28T17:48:53.944,557.39,132,close,ACTUATOR_ACTIVE,TRAJECTORY_RUNNING,24.0,54,10,15,3.62,54,0,0.0,0.0,0.0,0.61,0.08,0.66
2026-07-28T17:48:54.957,558.406,132,close,ACTUATOR_ACTIVE,TRAJECTORY_RUNNING,24.0,54,32,0,33.29,54,0,0.0,0.0,0.0,1.44,-0.24,4.88
2026-07-28T17:48:56.064,559.515,132,open,ACTUATOR_ACTIVE,TRAJECTORY_RUNNING,24.0,55,32,-15,8.21,55,0,0.0,0.0,0.0,1.04,0.2,3.16
2026-07-28T17:48:57.063,560.515,132,open,ACTUATOR_ACTIVE,TRAJECTORY_COMPLETE,24.0,55,10,0,-0.47,55,0,0.0,0.0,0.0,0.62,0.08,0.74
2026-07-28T17:48:58.174,561.625,133,close,ACTUATOR_ACTIVE,TRAJECTORY_RUNNING,24.0,55,10,14,2.91,55,0,0.0,0.0,0.0,0.58,0.08,0.74
2026-07-28T17:48:59.173,562.625,133,close,ACTUATOR_ACTIVE,TRAJECTORY_RUNNING,24.0,55,33,1,80.19,55,0,0.0,0.0,0.0,2.15,-0.5,0.4
2026-07-28T17:49:00.284,563.734,133,open,ACTUATOR_ACTIVE,TRAJECTORY_RUNNING,24.0,55,33,1,30.54,55,0,0.0,0.0,0.0,2.25,-0.5,0.81
2026-07-28T17:49:01.278,564.734,133,open,ACTUATOR_ACTIVE,TRAJECTORY_RUNNING,24.0,55,8,10,2.1,55,0,0.0,0.0,0.0,0.65,0.09,0.75
2026-07-28T17:49:02.389,565.843,134,close,ACTUATOR_ACTIVE,TRAJECTORY_RUNNING,24.0,55,10,15,4.82,55,0,0.0,0.0,0.0,0.6,0.08,0.69
2026-07-28T17:49:03.388,566.843,134,close,ACTUATOR_ACTIVE,TRAJECTORY_RUNNING,24.0,55,33,0,81.6,55,0,0.0,0.0,0.0,2.17,-0.48,0.44
2026-07-28T17:49:04.492,567.937,134,open,ACTUATOR_ACTIVE,TRAJECTORY_RUNNING,24.0,53,33,0,36.32,53,0,0.0,0.0,0.0,2.26,-0.5,0.83
2026-07-28T17:49:05.504,568.953,134,open,ACTUATOR_ACTIVE,TRAJECTORY_COMPLETE,24.0,53,9,-1,-0.6,53,0,0.0,0.0,0.0,0.65,0.1,0.75
2026-07-28T17:49:06.605,570.062,135,close,ACTUATOR_ACTIVE,TRAJECTORY_RUNNING,24.0,53,10,15,3.18,53,0,0.0,0.0,0.0,0.59,0.08,0.66
2026-07-28T17:49:07.599,571.046,135,close,ACTUATOR_ACTIVE,TRAJECTORY_RUNNING,24.0,53,33,0,80.59,53,0,0.0,0.0,0.0,2.16,-0.48,0.41
2026-07-28T17:49:08.723,572.171,135,open,ACTUATOR_ACTIVE,TRAJECTORY_RUNNING,24.0,54,33,-2,34.9,54,0,0.0,0.0,0.0,2.25,-0.49,0.81
2026-07-28T17:49:09.715,573.171,135,open,ACTUATOR_ACTIVE,TRAJECTORY_RUNNING,24.0,54,8,9,2.49,54,0,0.0,0.0,0.0,0.65,0.1,0.71
2026-07-28T17:49:10.821,574.265,136,close,ACTUATOR_ACTIVE,TRAJECTORY_RUNNING,24.0,54,10,17,4.27,54,0,0.0,0.0,0.0,0.6,0.09,0.66
2026-07-28T17:49:11.833,575.281,136,close,ACTUATOR_ACTIVE,TRAJECTORY_RUNNING,24.0,56,33,1,81.79,56,0,0.0,0.0,0.0,2.17,-0.48,0.44
2026-07-28T17:49:12.943,576.39,136,open,ACTUATOR_ACTIVE,TRAJECTORY_RUNNING,24.0,56,33,0,31.27,56,0,0.0,0.0,0.0,2.26,-0.5,0.83
2026-07-28T17:49:13.939,577.39,136,open,ACTUATOR_ACTIVE,TRAJECTORY_COMPLETE,24.0,56,10,0,-0.39,56,0,0.0,0.0,0.0,0.65,0.1,0.73
2026-07-28T17:49:15.053,578.5,137,close,ACTUATOR_ACTIVE,TRAJECTORY_RUNNING,24.0,56,10,18,5.34,56,0,0.0,0.0,0.0,0.59,0.09,0.65
2026-07-28T17:49:16.052,579.5,137,close,ACTUATOR_ACTIVE,TRAJECTORY_RUNNING,24.0,55,33,0,81.7,55,0,0.0,0.0,0.0,2.17,-0.48,0.51
2026-07-28T17:49:17.160,580.609,137,open,ACTUATOR_ACTIVE,TRAJECTORY_RUNNING,24.0,55,33,0,29.46,55,0,0.0,0.0,0.0,2.25,-0.48,0.83
2026-07-28T17:49:18.157,581.609,137,open,ACTUATOR_ACTIVE,TRAJECTORY_RUNNING,24.0,55,8,11,2.66,55,0,0.0,0.0,0.0,0.65,0.09,0.73
2026-07-28T17:49:19.259,582.703,138,close,ACTUATOR_ACTIVE,TRAJECTORY_RUNNING,24.0,55,10,18,3.62,55,0,0.0,0.0,0.0,0.59,0.08,0.66
2026-07-28T17:49:20.273,583.718,138,close,ACTUATOR_ACTIVE,TRAJECTORY_RUNNING,24.0,57,33,-1,79.99,57,0,0.0,0.0,0.0,2.17,-0.48,0.47
2026-07-28T17:49:21.384,584.828,138,open,ACTUATOR_ACTIVE,TRAJECTORY_RUNNING,24.0,57,33,0,30.15,57,0,0.0,0.0,0.0,2.26,-0.49,0.85
2026-07-28T17:49:22.381,585.828,138,open,ACTUATOR_ACTIVE,TRAJECTORY_RUNNING,24.0,57,8,11,2.06,57,0,0.0,0.0,0.0,0.64,0.1,0.72
2026-07-28T17:49:23.488,586.937,139,close,ACTUATOR_ACTIVE,TRAJECTORY_RUNNING,24.0,57,10,14,5.41,57,0,0.0,0.0,0.0,0.59,0.08,0.68
2026-07-28T17:49:24.488,587.937,139,close,ACTUATOR_ACTIVE,TRAJECTORY_RUNNING,24.0,55,33,-1,78.81,55,0,0.0,0.0,0.0,2.18,-0.49,0.5
2026-07-28T17:49:25.593,589.046,139,open,ACTUATOR_ACTIVE,TRAJECTORY_RUNNING,24.0,55,33,0,36.74,55,0,0.0,0.0,0.0,2.25,-0.49,0.83
2026-07-28T17:49:26.588,590.031,139,open,ACTUATOR_ACTIVE,TRAJECTORY_COMPLETE,24.0,55,9,-2,-0.91,55,0,0.0,0.0,0.0,0.63,0.1,0.73
2026-07-28T17:49:27.713,591.156,140,close,ACTUATOR_ACTIVE,TRAJECTORY_RUNNING,24.0,55,10,19,4.03,55,0,0.0,0.0,0.0,0.58,0.08,0.69
2026-07-28T17:49:28.725,592.171,140,close,ACTUATOR_ACTIVE,TRAJECTORY_RUNNING,24.0,57,33,0,82.98,57,0,0.0,0.0,0.0,2.18,-0.48,0.51
2026-07-28T17:49:29.832,593.281,140,open,ACTUATOR_ACTIVE,TRAJECTORY_RUNNING,24.0,57,33,1,33.87,57,0,0.0,0.0,0.0,2.26,-0.48,0.84
2026-07-28T17:49:30.830,594.281,140,open,ACTUATOR_ACTIVE,TRAJECTORY_RUNNING,24.0,57,8,10,2.5,57,0,0.0,0.0,0.0,0.64,0.1,0.73
2026-07-28T17:49:31.941,595.39,141,close,ACTUATOR_ACTIVE,TRAJECTORY_RUNNING,24.0,58,10,17,5.49,58,0,0.0,0.0,0.0,0.58,0.09,0.67
2026-07-28T17:49:32.940,596.39,141,close,ACTUATOR_ACTIVE,TRAJECTORY_RUNNING,24.0,58,33,0,84.57,58,0,0.0,0.0,0.0,2.17,-0.48,0.48
2026-07-28T17:49:34.050,597.5,141,open,ACTUATOR_ACTIVE,TRAJECTORY_RUNNING,24.0,58,33,0,30.7,58,0,0.0,0.0,0.0,2.26,-0.49,0.86
2026-07-28T17:49:35.045,598.5,141,open,ACTUATOR_ACTIVE,TRAJECTORY_RUNNING,24.0,58,8,8,2.62,58,0,0.0,0.0,0.0,0.65,0.11,0.75
2026-07-28T17:49:36.147,599.593,142,close,ACTUATOR_ACTIVE,TRAJECTORY_RUNNING,24.0,55,10,16,3.76,55,0,0.0,0.0,0.0,0.59,0.1,0.68
2026-07-28T17:49:37.157,600.609,142,close,ACTUATOR_ACTIVE,TRAJECTORY_RUNNING,24.0,55,32,0,33.01,55,0,0.0,0.0,0.0,1.44,-0.24,4.87
2026-07-28T17:49:38.266,601.718,142,open,ACTUATOR_ACTIVE,TRAJECTORY_RUNNING,24.0,55,32,-15,7.93,55,0,0.0,0.0,0.0,1.43,-0.24,5.01
2026-07-28T17:49:39.265,602.718,142,open,ACTUATOR_ACTIVE,TRAJECTORY_COMPLETE,24.0,55,10,12,0.37,55,0,0.0,0.0,0.0,0.61,0.11,0.68
2026-07-28T17:49:40.375,603.828,143,close,ACTUATOR_ACTIVE,TRAJECTORY_RUNNING,24.0,60,10,17,5.56,60,0,0.0,0.0,0.0,0.57,0.1,0.67
2026-07-28T17:49:41.369,604.812,143,close,ACTUATOR_ACTIVE,TRAJECTORY_RUNNING,24.0,60,33,-1,79.57,60,0,0.0,0.0,0.0,2.16,-0.49,0.48
2026-07-28T17:49:42.482,605.937,143,open,ACTUATOR_ACTIVE,TRAJECTORY_RUNNING,24.0,60,33,-2,37.77,60,0,0.0,0.0,0.0,2.25,-0.5,0.87
2026-07-28T17:49:43.482,606.937,143,open,ACTUATOR_ACTIVE,TRAJECTORY_RUNNING,24.0,60,8,7,3.52,60,0,0.0,0.0,0.0,0.63,0.1,0.76
2026-07-28T17:49:44.589,608.046,144,close,ACTUATOR_ACTIVE,TRAJECTORY_RUNNING,24.0,57,10,17,5.04,57,0,0.0,0.0,0.0,0.59,0.09,0.69
2026-07-28T17:49:45.580,609.031,144,close,ACTUATOR_ACTIVE,TRAJECTORY_RUNNING,24.0,57,33,0,77.32,57,0,0.0,0.0,0.0,2.18,-0.48,0.51
2026-07-28T17:49:46.700,610.156,144,open,ACTUATOR_ACTIVE,TRAJECTORY_RUNNING,24.0,57,33,0,31.7,57,0,0.0,0.0,0.0,2.26,-0.49,0.85
2026-07-28T17:49:47.692,611.14,144,open,ACTUATOR_ACTIVE,TRAJECTORY_RUNNING,24.0,57,8,7,3.69,57,0,0.0,0.0,0.0,0.64,0.1,0.75
2026-07-28T17:49:48.814,612.265,145,close,ACTUATOR_ACTIVE,TRAJECTORY_RUNNING,24.0,54,10,18,4.42,54,0,0.0,0.0,0.0,0.59,0.09,0.67
2026-07-28T17:49:49.814,613.265,145,close,ACTUATOR_ACTIVE,TRAJECTORY_RUNNING,24.0,54,33,1,80.13,54,0,0.0,0.0,0.0,2.17,-0.48,0.47
2026-07-28T17:49:50.921,614.375,145,open,ACTUATOR_ACTIVE,TRAJECTORY_RUNNING,24.0,54,33,1,32.81,54,0,0.0,0.0,0.0,2.26,-0.49,0.87
2026-07-28T17:49:51.919,615.375,145,open,ACTUATOR_ACTIVE,TRAJECTORY_RUNNING,24.0,58,8,9,3.49,58,0,0.0,0.0,0.0,0.63,0.11,0.74
2026-07-28T17:49:53.031,616.484,146,close,ACTUATOR_ACTIVE,TRAJECTORY_RUNNING,24.0,58,10,20,3.78,58,0,0.0,0.0,0.0,0.58,0.09,0.66
2026-07-28T17:49:54.028,617.484,146,close,ACTUATOR_ACTIVE,TRAJECTORY_RUNNING,24.0,58,33,0,83.59,58,0,0.0,0.0,0.0,2.18,-0.47,0.51
2026-07-28T17:49:55.129,618.578,146,open,ACTUATOR_ACTIVE,TRAJECTORY_RUNNING,24.0,58,33,-1,31.68,58,0,0.0,0.0,0.0,2.26,-0.5,0.89
2026-07-28T17:49:56.139,619.593,146,open,ACTUATOR_ACTIVE,TRAJECTORY_RUNNING,24.0,56,8,12,3.78,56,0,0.0,0.0,0.0,0.63,0.1,0.73
2026-07-28T17:49:57.252,620.703,147,close,ACTUATOR_ACTIVE,TRAJECTORY_RUNNING,24.0,56,10,16,4.26,56,0,0.0,0.0,0.0,0.57,0.09,0.66
2026-07-28T17:49:58.248,621.703,147,close,ACTUATOR_ACTIVE,TRAJECTORY_RUNNING,24.0,56,32,0,33.43,56,0,0.0,0.0,0.0,1.43,-0.23,4.88
2026-07-28T17:49:59.356,622.812,147,open,ACTUATOR_ACTIVE,TRAJECTORY_RUNNING,24.0,56,32,-17,7.64,56,0,0.0,0.0,0.0,1.41,-0.23,5.02
2026-07-28T17:50:00.351,623.796,147,open,ACTUATOR_ACTIVE,TRAJECTORY_COMPLETE,24.0,58,10,9,0.84,58,0,0.0,0.0,0.0,0.58,0.11,0.66
2026-07-28T17:50:01.474,624.921,148,close,ACTUATOR_ACTIVE,TRAJECTORY_RUNNING,24.0,58,10,18,3.47,58,0,0.0,0.0,0.0,0.55,0.1,0.65
2026-07-28T17:50:02.487,625.937,148,close,ACTUATOR_ACTIVE,TRAJECTORY_RUNNING,24.0,58,32,0,30.95,58,0,0.0,0.0,0.0,1.41,-0.22,4.87
2026-07-28T17:50:03.601,627.046,148,open,ACTUATOR_ACTIVE,TRAJECTORY_RUNNING,24.0,58,32,-17,6.89,58,0,0.0,0.0,0.0,1.16,-0.08,4.72
2026-07-28T17:50:04.600,628.046,148,open,ACTUATOR_ACTIVE,TRAJECTORY_RUNNING,24.0,56,10,5,1.76,56,0,0.0,0.0,0.0,0.58,0.09,0.67
2026-07-28T17:50:05.708,629.156,149,close,ACTUATOR_ACTIVE,TRAJECTORY_RUNNING,24.0,56,10,15,5.18,56,0,0.0,0.0,0.0,0.55,0.09,0.66
2026-07-28T17:50:06.708,630.156,149,close,ACTUATOR_ACTIVE,TRAJECTORY_RUNNING,24.0,56,33,0,77.78,56,0,0.0,0.0,0.0,2.17,-0.49,0.51
2026-07-28T17:50:07.815,631.265,149,open,ACTUATOR_ACTIVE,TRAJECTORY_RUNNING,24.0,58,33,2,33.33,58,0,0.0,0.0,0.0,2.25,-0.51,0.9
2026-07-28T17:50:08.805,632.25,149,open,ACTUATOR_ACTIVE,TRAJECTORY_RUNNING,24.0,58,8,8,4.41,58,0,0.0,0.0,0.0,0.63,0.09,0.75
2026-07-28T17:50:09.922,633.375,150,close,ACTUATOR_ACTIVE,TRAJECTORY_RUNNING,24.0,58,10,16,4.96,58,0,0.0,0.0,0.0,0.57,0.08,0.69
2026-07-28T17:50:10.919,634.375,150,close,ACTUATOR_ACTIVE,TRAJECTORY_RUNNING,24.0,58,33,0,80.19,58,0,0.0,0.0,0.0,2.17,-0.48,0.5
2026-07-28T17:50:12.028,635.484,150,open,ACTUATOR_ACTIVE,TRAJECTORY_RUNNING,24.0,56,33,0,33.1,56,0,0.0,0.0,0.0,2.26,-0.49,0.88
2026-07-28T17:50:13.025,636.468,150,open,ACTUATOR_ACTIVE,TRAJECTORY_RUNNING,24.0,56,8,11,3.94,56,0,0.0,0.0,0.0,0.63,0.11,0.75
2026-07-28T17:50:14.141,637.593,151,close,ACTUATOR_ACTIVE,TRAJECTORY_RUNNING,24.0,56,10,17,5.37,56,0,0.0,0.0,0.0,0.58,0.1,0.68
2026-07-28T17:50:15.134,638.578,151,close,ACTUATOR_ACTIVE,TRAJECTORY_RUNNING,24.0,56,33,0,80.68,56,0,0.0,0.0,0.0,2.17,-0.48,0.53
2026-07-28T17:50:16.257,639.703,151,open,ACTUATOR_ACTIVE,TRAJECTORY_RUNNING,24.0,52,33,0,33.49,52,0,0.0,0.0,0.0,2.26,-0.49,0.89
2026-07-28T17:50:17.268,640.718,151,open,ACTUATOR_ACTIVE,TRAJECTORY_RUNNING,24.0,52,8,10,2.2,52,0,0.0,0.0,0.0,0.65,0.11,0.73
2026-07-28T17:50:18.380,641.828,152,close,ACTUATOR_ACTIVE,TRAJECTORY_RUNNING,24.0,52,10,18,3.32,52,0,0.0,0.0,0.0,0.59,0.09,0.65
2026-07-28T17:50:19.377,642.828,152,close,ACTUATOR_ACTIVE,TRAJECTORY_RUNNING,24.0,52,33,0,83.37,52,0,0.0,0.0,0.0,2.19,-0.48,0.55
2026-07-28T17:50:20.479,643.921,152,open,ACTUATOR_ACTIVE,TRAJECTORY_RUNNING,24.0,56,33,-2,39.71,56,0,0.0,0.0,0.0,2.27,-0.48,0.89
2026-07-28T17:50:21.491,644.937,152,open,ACTUATOR_ACTIVE,TRAJECTORY_RUNNING,24.0,56,8,8,2.7,56,0,0.0,0.0,0.0,0.64,0.11,0.73
2026-07-28T17:50:22.600,646.046,153,close,ACTUATOR_ACTIVE,TRAJECTORY_RUNNING,24.0,56,10,17,3.82,56,0,0.0,0.0,0.0,0.58,0.09,0.67
2026-07-28T17:50:23.593,647.046,153,close,ACTUATOR_ACTIVE,TRAJECTORY_RUNNING,24.0,56,32,0,33.86,56,0,0.0,0.0,0.0,1.43,-0.23,4.87
2026-07-28T17:50:24.697,648.14,153,open,ACTUATOR_ACTIVE,TRAJECTORY_RUNNING,24.0,57,32,-16,8.52,57,0,0.0,0.0,0.0,1.15,-0.04,4.51
2026-07-28T17:50:25.711,649.156,153,open,ACTUATOR_ACTIVE,TRAJECTORY_COMPLETE,24.0,57,10,4,1.24,57,0,0.0,0.0,0.0,0.57,0.11,0.69
2026-07-28T17:50:26.819,650.265,154,close,ACTUATOR_ACTIVE,TRAJECTORY_RUNNING,24.0,57,10,15,3.99,57,0,0.0,0.0,0.0,0.54,0.1,0.68
2026-07-28T17:50:27.818,651.265,154,close,ACTUATOR_ACTIVE,TRAJECTORY_RUNNING,24.0,55,33,0,79.27,55,0,0.0,0.0,0.0,2.17,-0.48,0.51
2026-07-28T17:50:28.927,652.375,154,open,ACTUATOR_ACTIVE,TRAJECTORY_RUNNING,24.0,55,33,-2,35.83,55,0,0.0,0.0,0.0,2.26,-0.51,0.91
2026-07-28T17:50:29.924,653.375,154,open,ACTUATOR_ACTIVE,TRAJECTORY_RUNNING,24.0,55,8,9,2.49,55,0,0.0,0.0,0.0,0.63,0.1,0.74
2026-07-28T17:50:31.030,654.484,155,close,ACTUATOR_ACTIVE,TRAJECTORY_RUNNING,24.0,55,10,18,5.17,55,0,0.0,0.0,0.0,0.58,0.08,0.68
2026-07-28T17:50:32.028,655.484,155,close,ACTUATOR_ACTIVE,TRAJECTORY_RUNNING,24.0,56,33,-1,85.96,56,0,0.0,0.0,0.0,2.17,-0.48,0.55
2026-07-28T17:50:33.134,656.578,155,open,ACTUATOR_ACTIVE,TRAJECTORY_RUNNING,24.0,56,33,0,30.93,56,0,0.0,0.0,0.0,2.26,-0.49,0.93
2026-07-28T17:50:34.151,657.593,155,open,ACTUATOR_ACTIVE,TRAJECTORY_RUNNING,24.0,56,8,10,4.31,56,0,0.0,0.0,0.0,0.63,0.1,0.73
2026-07-28T17:50:35.262,658.718,156,close,ACTUATOR_ACTIVE,TRAJECTORY_RUNNING,24.0,56,10,17,5.79,56,0,0.0,0.0,0.0,0.58,0.1,0.68
2026-07-28T17:50:36.258,659.703,156,close,ACTUATOR_ACTIVE,TRAJECTORY_RUNNING,24.0,54,33,1,81.78,54,0,0.0,0.0,0.0,2.18,-0.47,0.56
2026-07-28T17:50:37.378,660.828,156,open,ACTUATOR_ACTIVE,TRAJECTORY_RUNNING,24.0,54,33,-2,35.0,54,0,0.0,0.0,0.0,2.27,-0.49,0.92
2026-07-28T17:50:38.376,661.828,156,open,ACTUATOR_ACTIVE,TRAJECTORY_RUNNING,24.0,54,8,10,2.27,54,0,0.0,0.0,0.0,0.64,0.11,0.75
2026-07-28T17:50:39.480,662.937,157,close,ACTUATOR_ACTIVE,TRAJECTORY_RUNNING,24.0,54,10,19,2.31,54,0,0.0,0.0,0.0,0.58,0.1,0.69
2026-07-28T17:50:40.473,663.921,157,close,ACTUATOR_ACTIVE,TRAJECTORY_RUNNING,24.0,55,33,0,84.03,55,0,0.0,0.0,0.0,2.19,-0.47,0.58
2026-07-28T17:50:41.600,665.046,157,open,ACTUATOR_ACTIVE,TRAJECTORY_RUNNING,24.0,55,33,0,30.71,55,0,0.0,0.0,0.0,2.26,-0.48,0.9
2026-07-28T17:50:42.598,666.046,157,open,ACTUATOR_ACTIVE,TRAJECTORY_RUNNING,24.0,55,8,9,1.31,55,0,0.0,0.0,0.0,0.63,0.11,0.74
2026-07-28T17:50:43.701,667.156,158,close,ACTUATOR_ACTIVE,TRAJECTORY_RUNNING,24.0,55,10,15,4.22,55,0,0.0,0.0,0.0,0.57,0.1,0.66
2026-07-28T17:50:44.697,668.14,158,close,ACTUATOR_ACTIVE,TRAJECTORY_RUNNING,24.0,56,32,0,32.26,56,0,0.0,0.0,0.0,1.43,-0.23,4.85
2026-07-28T17:50:45.818,669.265,158,open,ACTUATOR_ACTIVE,TRAJECTORY_RUNNING,24.0,56,32,-14,7.62,56,0,0.0,0.0,0.0,1.18,-0.12,4.81
2026-07-28T17:50:46.829,670.281,158,open,ACTUATOR_ACTIVE,TRAJECTORY_RUNNING,24.0,56,10,2,0.57,56,0,0.0,0.0,0.0,0.57,0.11,0.66
2026-07-28T17:50:47.926,671.375,159,close,ACTUATOR_ACTIVE,TRAJECTORY_RUNNING,24.0,59,10,16,3.24,59,0,0.0,0.0,0.0,0.54,0.11,0.65
2026-07-28T17:50:48.936,672.39,159,close,ACTUATOR_ACTIVE,TRAJECTORY_RUNNING,24.0,59,33,0,78.84,59,0,0.0,0.0,0.0,2.17,-0.48,0.55
2026-07-28T17:50:50.044,673.5,159,open,ACTUATOR_ACTIVE,TRAJECTORY_RUNNING,24.0,59,33,-1,32.88,59,0,0.0,0.0,0.0,2.26,-0.51,0.94
2026-07-28T17:50:51.042,674.484,159,open,ACTUATOR_ACTIVE,TRAJECTORY_RUNNING,24.0,59,8,8,3.08,59,0,0.0,0.0,0.0,0.64,0.11,0.74
2026-07-28T17:50:52.163,675.609,160,close,ACTUATOR_ACTIVE,TRAJECTORY_RUNNING,24.0,55,10,18,3.65,55,0,0.0,0.0,0.0,0.58,0.1,0.67
2026-07-28T17:50:53.175,676.625,160,close,ACTUATOR_ACTIVE,TRAJECTORY_RUNNING,24.0,55,33,2,85.6,55,0,0.0,0.0,0.0,2.19,-0.47,0.59
2026-07-28T17:50:54.279,677.734,160,open,ACTUATOR_ACTIVE,TRAJECTORY_RUNNING,24.0,55,33,-1,34.07,55,0,0.0,0.0,0.0,2.27,-0.48,0.91
2026-07-28T17:50:55.276,678.718,160,open,ACTUATOR_ACTIVE,TRAJECTORY_RUNNING,24.0,55,8,10,2.81,55,0,0.0,0.0,0.0,0.63,0.11,0.73
2026-07-28T17:50:56.395,679.843,161,close,ACTUATOR_ACTIVE,TRAJECTORY_RUNNING,24.0,58,10,17,3.88,58,0,0.0,0.0,0.0,0.58,0.1,0.67
2026-07-28T17:50:57.408,680.859,161,close,ACTUATOR_ACTIVE,TRAJECTORY_RUNNING,24.0,58,33,1,83.08,58,0,0.0,0.0,0.0,2.18,-0.47,0.54
2026-07-28T17:50:58.519,681.968,161,open,ACTUATOR_ACTIVE,TRAJECTORY_RUNNING,24.0,58,33,0,32.74,58,0,0.0,0.0,0.0,2.27,-0.48,0.91
2026-07-28T17:50:59.518,682.968,161,open,ACTUATOR_ACTIVE,TRAJECTORY_RUNNING,24.0,58,8,10,2.9,58,0,0.0,0.0,0.0,0.62,0.11,0.73
2026-07-28T17:51:00.622,684.078,162,close,ACTUATOR_ACTIVE,TRAJECTORY_RUNNING,24.0,58,10,16,5.65,58,0,0.0,0.0,0.0,0.58,0.1,0.66
2026-07-28T17:51:01.621,685.078,162,close,ACTUATOR_ACTIVE,TRAJECTORY_RUNNING,24.0,58,33,0,78.61,58,0,0.0,0.0,0.0,2.19,-0.47,0.59
2026-07-28T17:51:02.723,686.171,162,open,ACTUATOR_ACTIVE,TRAJECTORY_RUNNING,24.0,58,33,-2,35.95,58,0,0.0,0.0,0.0,2.27,-0.47,0.92
2026-07-28T17:51:03.736,687.187,162,open,ACTUATOR_ACTIVE,TRAJECTORY_RUNNING,24.0,57,8,11,2.92,57,0,0.0,0.0,0.0,0.63,0.1,0.73
2026-07-28T17:51:04.847,688.296,163,close,ACTUATOR_ACTIVE,TRAJECTORY_RUNNING,24.0,57,10,17,2.78,57,0,0.0,0.0,0.0,0.58,0.09,0.66
2026-07-28T17:51:05.846,689.296,163,close,ACTUATOR_ACTIVE,TRAJECTORY_RUNNING,24.0,57,32,0,30.21,57,0,0.0,0.0,0.0,1.43,-0.23,4.86
2026-07-28T17:51:06.951,690.406,163,open,ACTUATOR_ACTIVE,TRAJECTORY_RUNNING,24.0,57,32,-14,7.69,57,0,0.0,0.0,0.0,1.41,-0.23,4.98
2026-07-28T17:51:07.947,691.39,163,open,ACTUATOR_ACTIVE,TRAJECTORY_COMPLETE,24.0,53,10,11,0.56,53,0,0.0,0.0,0.0,0.59,0.12,0.63
2026-07-28T17:51:09.066,692.515,164,close,ACTUATOR_ACTIVE,TRAJECTORY_RUNNING,24.0,53,10,19,2.56,53,0,0.0,0.0,0.0,0.55,0.12,0.62
2026-07-28T17:51:10.080,693.531,164,close,ACTUATOR_ACTIVE,TRAJECTORY_RUNNING,24.0,53,32,0,34.01,53,0,0.0,0.0,0.0,1.41,-0.22,4.87
2026-07-28T17:51:11.188,694.64,164,open,ACTUATOR_ACTIVE,TRAJECTORY_RUNNING,24.0,53,32,-15,6.2,53,0,0.0,0.0,0.0,1.15,-0.03,4.48
2026-07-28T17:51:12.184,695.64,164,open,ACTUATOR_ACTIVE,TRAJECTORY_COMPLETE,24.0,53,10,14,0.78,53,0,0.0,0.0,0.0,0.57,0.11,0.64
2026-07-28T17:51:13.286,696.734,165,close,ACTUATOR_ACTIVE,TRAJECTORY_RUNNING,24.0,53,10,15,4.19,53,0,0.0,0.0,0.0,0.53,0.11,0.63
2026-07-28T17:51:14.295,697.75,165,close,ACTUATOR_ACTIVE,TRAJECTORY_RUNNING,24.0,53,33,0,84.42,53,0,0.0,0.0,0.0,2.17,-0.47,0.58
2026-07-28T17:51:15.401,698.843,165,open,ACTUATOR_ACTIVE,TRAJECTORY_RUNNING,24.0,53,33,0,33.67,53,0,0.0,0.0,0.0,2.26,-0.48,0.92
2026-07-28T17:51:16.408,699.859,165,open,ACTUATOR_ACTIVE,TRAJECTORY_RUNNING,24.0,55,8,11,2.16,55,0,0.0,0.0,0.0,0.64,0.1,0.72
2026-07-28T17:51:17.509,700.953,166,close,ACTUATOR_ACTIVE,TRAJECTORY_RUNNING,24.0,55,10,17,5.43,55,0,0.0,0.0,0.0,0.59,0.09,0.64
2026-07-28T17:51:18.520,701.968,166,close,ACTUATOR_ACTIVE,TRAJECTORY_RUNNING,24.0,55,32,0,27.88,55,0,0.0,0.0,0.0,1.42,-0.23,4.83
2026-07-28T17:51:19.624,703.078,166,open,ACTUATOR_ACTIVE,TRAJECTORY_RUNNING,24.0,55,32,-14,8.33,55,0,0.0,0.0,0.0,1.33,-0.19,4.99
2026-07-28T17:51:20.618,704.062,166,open,ACTUATOR_ACTIVE,TRAJECTORY_COMPLETE,24.0,58,10,11,1.06,58,0,0.0,0.0,0.0,0.58,0.1,0.65
2026-07-28T17:51:21.736,705.187,167,close,ACTUATOR_ACTIVE,TRAJECTORY_RUNNING,24.0,58,10,16,5.34,58,0,0.0,0.0,0.0,0.55,0.09,0.63
2026-07-28T17:51:22.728,706.171,167,close,ACTUATOR_ACTIVE,TRAJECTORY_RUNNING,24.0,58,32,0,33.4,58,0,0.0,0.0,0.0,1.4,-0.21,4.87
2026-07-28T17:51:23.845,707.296,167,open,ACTUATOR_ACTIVE,TRAJECTORY_RUNNING,24.0,55,32,-15,7.21,55,0,0.0,0.0,0.0,1.09,0.16,3.51
2026-07-28T17:51:24.845,708.296,167,open,ACTUATOR_ACTIVE,TRAJECTORY_COMPLETE,24.0,55,9,0,0.26,55,0,0.0,0.0,0.0,0.57,0.09,0.65
2026-07-28T17:51:25.958,709.406,168,close,ACTUATOR_ACTIVE,TRAJECTORY_RUNNING,24.0,55,10,19,3.84,55,0,0.0,0.0,0.0,0.53,0.09,0.64
2026-07-28T17:51:26.955,710.406,168,close,ACTUATOR_ACTIVE,TRAJECTORY_RUNNING,24.0,55,33,0,80.88,55,0,0.0,0.0,0.0,2.18,-0.47,0.59
2026-07-28T17:51:28.061,711.515,168,open,ACTUATOR_ACTIVE,TRAJECTORY_RUNNING,24.0,55,33,0,34.83,55,0,0.0,0.0,0.0,2.26,-0.48,0.93
2026-07-28T17:51:29.059,712.515,168,open,ACTUATOR_ACTIVE,TRAJECTORY_RUNNING,24.0,55,8,9,3.19,55,0,0.0,0.0,0.0,0.66,0.09,0.73
2026-07-28T17:51:30.166,713.609,169,close,ACTUATOR_ACTIVE,TRAJECTORY_RUNNING,24.0,55,10,17,4.5,55,0,0.0,0.0,0.0,0.61,0.08,0.67
2026-07-28T17:51:31.180,714.625,169,close,ACTUATOR_ACTIVE,TRAJECTORY_RUNNING,24.0,55,32,0,30.75,55,0,0.0,0.0,0.0,1.42,-0.22,4.85
2026-07-28T17:51:32.280,715.734,169,open,ACTUATOR_ACTIVE,TRAJECTORY_RUNNING,24.0,54,32,-15,6.94,54,0,0.0,0.0,0.0,1.15,0.04,4.19
2026-07-28T17:51:33.271,716.718,169,open,ACTUATOR_ACTIVE,TRAJECTORY_COMPLETE,24.0,54,10,10,0.15,54,0,0.0,0.0,0.0,0.6,0.09,0.66
2026-07-28T17:51:34.393,717.843,170,close,ACTUATOR_ACTIVE,TRAJECTORY_RUNNING,24.0,54,10,16,2.4,54,0,0.0,0.0,0.0,0.57,0.08,0.65
2026-07-28T17:51:35.393,718.843,170,close,ACTUATOR_ACTIVE,TRAJECTORY_RUNNING,24.0,54,32,0,30.59,54,0,0.0,0.0,0.0,1.41,-0.21,4.86
2026-07-28T17:51:36.502,719.953,170,open,ACTUATOR_ACTIVE,TRAJECTORY_RUNNING,24.0,55,32,-14,7.07,55,0,0.0,0.0,0.0,1.41,-0.22,4.98
2026-07-28T17:51:37.500,720.953,170,open,ACTUATOR_ACTIVE,TRAJECTORY_COMPLETE,24.0,55,10,6,0.26,55,0,0.0,0.0,0.0,0.59,0.09,0.66
2026-07-28T17:51:38.604,722.046,171,close,ACTUATOR_ACTIVE,TRAJECTORY_RUNNING,24.0,55,10,18,3.32,55,0,0.0,0.0,0.0,0.56,0.08,0.65
2026-07-28T17:51:39.619,723.062,171,close,ACTUATOR_ACTIVE,TRAJECTORY_RUNNING,24.0,55,33,-1,77.39,55,0,0.0,0.0,0.0,2.16,-0.47,0.58
2026-07-28T17:51:40.719,724.171,171,open,ACTUATOR_ACTIVE,TRAJECTORY_RUNNING,24.0,55,33,0,34.44,55,0,0.0,0.0,0.0,2.26,-0.48,0.98
2026-07-28T17:51:41.728,725.171,171,open,ACTUATOR_ACTIVE,TRAJECTORY_COMPLETE,24.0,55,9,1,-0.2,55,0,0.0,0.0,0.0,0.65,0.07,0.75
2026-07-28T17:51:42.852,726.296,172,close,ACTUATOR_ACTIVE,TRAJECTORY_RUNNING,24.0,55,10,17,4.8,55,0,0.0,0.0,0.0,0.6,0.06,0.69
2026-07-28T17:51:43.865,727.312,172,close,ACTUATOR_ACTIVE,TRAJECTORY_RUNNING,24.0,54,33,0,83.28,54,0,0.0,0.0,0.0,2.18,-0.45,0.61
2026-07-28T17:51:44.973,728.421,172,open,ACTUATOR_ACTIVE,TRAJECTORY_RUNNING,24.0,54,33,1,34.84,54,0,0.0,0.0,0.0,2.27,-0.47,0.98
2026-07-28T17:51:45.970,729.421,172,open,ACTUATOR_ACTIVE,TRAJECTORY_COMPLETE,24.0,54,9,0,-1.21,54,0,0.0,0.0,0.0,0.68,0.08,0.75
2026-07-28T17:51:47.074,730.531,173,close,ACTUATOR_ACTIVE,TRAJECTORY_RUNNING,24.0,54,10,17,4.27,54,0,0.0,0.0,0.0,0.62,0.07,0.68
2026-07-28T17:51:48.076,731.531,173,close,ACTUATOR_ACTIVE,TRAJECTORY_RUNNING,24.0,54,33,-1,84.82,54,0,0.0,0.0,0.0,2.19,-0.45,0.66
2026-07-28T17:51:49.185,732.64,173,open,ACTUATOR_ACTIVE,TRAJECTORY_RUNNING,24.0,54,33,-1,30.63,54,0,0.0,0.0,0.0,2.27,-0.46,0.97
2026-07-28T17:51:50.185,733.64,173,open,ACTUATOR_ACTIVE,TRAJECTORY_RUNNING,24.0,54,8,11,2.84,54,0,0.0,0.0,0.0,0.67,0.08,0.72
2026-07-28T17:51:51.290,734.734,174,close,ACTUATOR_ACTIVE,TRAJECTORY_RUNNING,24.0,54,10,18,3.36,54,0,0.0,0.0,0.0,0.62,0.06,0.67
2026-07-28T17:51:52.302,735.75,174,close,ACTUATOR_ACTIVE,TRAJECTORY_RUNNING,24.0,54,33,0,79.43,54,0,0.0,0.0,0.0,2.18,-0.45,0.62
2026-07-28T17:51:53.406,736.859,174,open,ACTUATOR_ACTIVE,TRAJECTORY_RUNNING,24.0,54,33,-1,33.99,54,0,0.0,0.0,0.0,2.27,-0.46,0.96
2026-07-28T17:51:54.401,737.859,174,open,ACTUATOR_ACTIVE,TRAJECTORY_RUNNING,24.0,54,8,10,2.28,54,0,0.0,0.0,0.0,0.68,0.09,0.71
2026-07-28T17:51:55.506,738.953,175,close,ACTUATOR_ACTIVE,TRAJECTORY_RUNNING,24.0,54,10,18,3.71,54,0,0.0,0.0,0.0,0.61,0.08,0.65
2026-07-28T17:51:56.517,739.968,175,close,ACTUATOR_ACTIVE,TRAJECTORY_RUNNING,24.0,54,33,0,78.41,54,0,0.0,0.0,0.0,2.19,-0.44,0.67
2026-07-28T17:51:57.625,741.078,175,open,ACTUATOR_ACTIVE,TRAJECTORY_RUNNING,24.0,54,33,0,31.82,54,0,0.0,0.0,0.0,2.27,-0.45,0.98
2026-07-28T17:51:58.623,742.078,175,open,ACTUATOR_ACTIVE,TRAJECTORY_RUNNING,24.0,54,8,9,2.39,54,0,0.0,0.0,0.0,0.67,0.09,0.69
2026-07-28T17:51:59.733,743.187,176,close,ACTUATOR_ACTIVE,TRAJECTORY_RUNNING,24.0,54,10,15,4.65,56,0,0.0,0.0,0.0,0.6,0.08,0.65
2026-07-28T17:52:00.734,744.187,176,close,ACTUATOR_ACTIVE,TRAJECTORY_RUNNING,24.0,56,33,0,80.31,56,0,0.0,0.0,0.0,2.18,-0.45,0.64
2026-07-28T17:52:01.836,745.281,176,open,ACTUATOR_ACTIVE,TRAJECTORY_RUNNING,24.0,56,33,-1,35.11,56,0,0.0,0.0,0.0,2.27,-0.46,1.0
2026-07-28T17:52:02.844,746.296,176,open,ACTUATOR_ACTIVE,TRAJECTORY_RUNNING,24.0,56,8,12,2.08,56,0,0.0,0.0,0.0,0.67,0.1,0.71
2026-07-28T17:52:03.941,747.39,177,close,ACTUATOR_ACTIVE,TRAJECTORY_RUNNING,24.0,55,10,14,3.83,55,0,0.0,0.0,0.0,0.61,0.09,0.65
2026-07-28T17:52:04.951,748.406,177,close,ACTUATOR_ACTIVE,TRAJECTORY_RUNNING,24.0,55,33,0,75.91,55,0,0.0,0.0,0.0,2.2,-0.44,0.67
2026-07-28T17:52:06.054,749.5,177,open,ACTUATOR_ACTIVE,TRAJECTORY_RUNNING,24.0,55,33,-2,36.97,55,0,0.0,0.0,0.0,2.28,-0.47,1.02
2026-07-28T17:52:07.067,750.515,177,open,ACTUATOR_ACTIVE,TRAJECTORY_RUNNING,24.0,55,9,12,2.82,55,0,0.0,0.0,0.0,0.67,0.1,0.71
2026-07-28T17:52:08.177,751.625,178,close,ACTUATOR_ACTIVE,TRAJECTORY_RUNNING,24.0,54,10,14,3.99,54,0,0.0,0.0,0.0,0.6,0.09,0.63
2026-07-28T17:52:09.173,752.625,178,close,ACTUATOR_ACTIVE,TRAJECTORY_RUNNING,24.0,54,33,0,76.38,54,0,0.0,0.0,0.0,2.18,-0.45,0.63
2026-07-28T17:52:10.279,753.734,178,open,ACTUATOR_ACTIVE,TRAJECTORY_RUNNING,24.0,54,33,-1,36.13,54,0,0.0,0.0,0.0,2.28,-0.46,1.02
2026-07-28T17:52:11.281,754.734,178,open,ACTUATOR_ACTIVE,TRAJECTORY_RUNNING,24.0,54,8,9,2.66,54,0,0.0,0.0,0.0,0.65,0.09,0.71
2026-07-28T17:52:12.393,755.843,179,close,ACTUATOR_ACTIVE,TRAJECTORY_RUNNING,24.0,55,10,17,5.11,55,0,0.0,0.0,0.0,0.6,0.09,0.65
2026-07-28T17:52:13.386,756.843,179,close,ACTUATOR_ACTIVE,TRAJECTORY_RUNNING,24.0,55,33,0,78.24,55,0,0.0,0.0,0.0,2.19,-0.44,0.67
2026-07-28T17:52:14.494,757.937,179,open,ACTUATOR_ACTIVE,TRAJECTORY_RUNNING,24.0,55,33,-1,34.38,55,0,0.0,0.0,0.0,2.28,-0.46,1.04
2026-07-28T17:52:15.504,758.953,179,open,ACTUATOR_ACTIVE,TRAJECTORY_RUNNING,24.0,55,9,11,2.98,55,0,0.0,0.0,0.0,0.65,0.11,0.72
2026-07-28T17:52:16.609,760.062,180,close,ACTUATOR_ACTIVE,TRAJECTORY_RUNNING,24.0,55,10,14,5.56,55,0,0.0,0.0,0.0,0.59,0.1,0.64
2026-07-28T17:52:17.606,761.062,180,close,ACTUATOR_ACTIVE,TRAJECTORY_RUNNING,24.0,55,33,-1,76.25,55,0,0.0,0.0,0.0,2.2,-0.44,0.74
2026-07-28T17:52:18.713,762.156,180,open,ACTUATOR_ACTIVE,TRAJECTORY_RUNNING,24.0,55,33,0,33.35,55,0,0.0,0.0,0.0,2.27,-0.45,1.05
2026-07-28T17:52:19.722,763.171,180,open,ACTUATOR_ACTIVE,TRAJECTORY_RUNNING,24.0,55,9,11,2.87,58,0,0.0,0.0,0.0,0.65,0.11,0.71
2026-07-28T17:52:20.832,764.281,181,close,ACTUATOR_ACTIVE,TRAJECTORY_RUNNING,24.0,58,10,17,4.62,58,0,0.0,0.0,0.0,0.6,0.1,0.62
2026-07-28T17:52:21.829,765.281,181,close,ACTUATOR_ACTIVE,TRAJECTORY_RUNNING,24.0,58,33,1,82.17,58,0,0.0,0.0,0.0,2.19,-0.43,0.71
2026-07-28T17:52:22.931,766.375,181,open,ACTUATOR_ACTIVE,TRAJECTORY_RUNNING,24.0,58,33,0,34.99,58,0,0.0,0.0,0.0,2.27,-0.45,1.06
2026-07-28T17:52:23.946,767.39,181,open,ACTUATOR_ACTIVE,TRAJECTORY_RUNNING,24.0,56,8,11,2.67,56,0,0.0,0.0,0.0,0.67,0.1,0.7
2026-07-28T17:52:25.051,768.5,182,close,ACTUATOR_ACTIVE,TRAJECTORY_RUNNING,24.0,56,10,16,3.95,56,0,0.0,0.0,0.0,0.61,0.1,0.62
2026-07-28T17:52:26.046,769.5,182,close,ACTUATOR_ACTIVE,TRAJECTORY_RUNNING,24.0,56,33,0,80.54,56,0,0.0,0.0,0.0,2.2,-0.43,0.75
2026-07-28T17:52:27.148,770.593,182,open,ACTUATOR_ACTIVE,TRAJECTORY_RUNNING,24.0,56,33,0,36.79,56,0,0.0,0.0,0.0,2.27,-0.44,1.06
2026-07-28T17:52:28.163,771.609,182,open,ACTUATOR_ACTIVE,TRAJECTORY_RUNNING,24.0,57,8,10,2.55,57,0,0.0,0.0,0.0,0.67,0.1,0.71
2026-07-28T17:52:29.274,772.718,183,close,ACTUATOR_ACTIVE,TRAJECTORY_RUNNING,24.0,57,10,18,3.7,57,0,0.0,0.0,0.0,0.61,0.09,0.62
2026-07-28T17:52:30.290,773.734,183,close,ACTUATOR_ACTIVE,TRAJECTORY_RUNNING,24.0,57,33,0,78.62,57,0,0.0,0.0,0.0,2.21,-0.43,0.79
2026-07-28T17:52:31.401,774.859,183,open,ACTUATOR_ACTIVE,TRAJECTORY_RUNNING,24.0,57,33,0,29.67,57,0,0.0,0.0,0.0,2.27,-0.45,1.08
2026-07-28T17:52:32.397,775.843,183,open,ACTUATOR_ACTIVE,TRAJECTORY_COMPLETE,24.0,57,9,0,-0.63,57,0,0.0,0.0,0.0,0.67,0.1,0.71
2026-07-28T17:52:33.517,776.968,184,close,ACTUATOR_ACTIVE,TRAJECTORY_RUNNING,24.0,57,10,16,4.39,57,0,0.0,0.0,0.0,0.61,0.09,0.64
2026-07-28T17:52:34.514,777.968,184,close,ACTUATOR_ACTIVE,TRAJECTORY_RUNNING,24.0,57,32,0,32.88,57,0,0.0,0.0,0.0,1.41,-0.2,4.94
2026-07-28T17:52:35.616,779.062,184,open,ACTUATOR_ACTIVE,TRAJECTORY_RUNNING,24.0,57,32,-16,6.78,57,0,0.0,0.0,0.0,1.19,0.06,4.17
2026-07-28T17:52:36.627,780.078,184,open,ACTUATOR_ACTIVE,TRAJECTORY_COMPLETE,24.0,55,10,5,1.21,55,0,0.0,0.0,0.0,0.6,0.1,0.62
2026-07-28T17:52:37.731,781.187,185,close,ACTUATOR_ACTIVE,TRAJECTORY_RUNNING,24.0,55,10,18,3.99,55,0,0.0,0.0,0.0,0.57,0.09,0.58
2026-07-28T17:52:38.727,782.171,185,close,ACTUATOR_ACTIVE,TRAJECTORY_RUNNING,24.0,55,32,0,29.98,55,0,0.0,0.0,0.0,1.4,-0.2,4.93
2026-07-28T17:52:39.848,783.296,185,open,ACTUATOR_ACTIVE,TRAJECTORY_RUNNING,24.0,59,32,-17,7.67,59,0,0.0,0.0,0.0,1.41,-0.21,5.03
2026-07-28T17:52:40.846,784.296,185,open,ACTUATOR_ACTIVE,TRAJECTORY_COMPLETE,24.0,59,10,6,0.77,59,0,0.0,0.0,0.0,0.59,0.09,0.6
2026-07-28T17:52:41.947,785.39,186,close,ACTUATOR_ACTIVE,TRAJECTORY_RUNNING,24.0,59,10,17,4.28,59,0,0.0,0.0,0.0,0.55,0.08,0.57
2026-07-28T17:52:42.958,786.406,186,close,ACTUATOR_ACTIVE,TRAJECTORY_RUNNING,24.0,59,32,0,31.15,59,0,0.0,0.0,0.0,1.4,-0.2,4.92
2026-07-28T17:52:44.064,787.515,186,open,ACTUATOR_ACTIVE,TRAJECTORY_RUNNING,24.0,59,32,-17,7.7,59,0,0.0,0.0,0.0,1.23,-0.12,4.93
2026-07-28T17:52:45.062,788.515,186,open,ACTUATOR_ACTIVE,TRAJECTORY_COMPLETE,24.0,59,10,7,0.78,59,0,0.0,0.0,0.0,0.59,0.08,0.58
2026-07-28T17:52:46.167,789.625,187,close,ACTUATOR_ACTIVE,TRAJECTORY_RUNNING,24.0,59,10,17,4.54,59,0,0.0,0.0,0.0,0.56,0.08,0.57
2026-07-28T17:52:47.165,790.609,187,close,ACTUATOR_ACTIVE,TRAJECTORY_RUNNING,24.0,59,33,1,80.43,59,0,0.0,0.0,0.0,2.18,-0.44,0.69
2026-07-28T17:52:48.284,791.734,187,open,ACTUATOR_ACTIVE,TRAJECTORY_RUNNING,24.0,55,33,0,34.83,55,0,0.0,0.0,0.0,2.27,-0.47,1.06
2026-07-28T17:52:49.276,792.734,187,open,ACTUATOR_ACTIVE,TRAJECTORY_RUNNING,24.0,55,10,-18,-3.22,55,0,0.0,0.0,0.0,0.64,0.09,0.73
2026-07-28T17:52:50.381,793.828,188,close,ACTUATOR_ACTIVE,TRAJECTORY_RUNNING,24.0,55,10,17,4.11,55,0,0.0,0.0,0.0,0.58,0.07,0.67
2026-07-28T17:52:51.378,794.828,188,close,ACTUATOR_ACTIVE,TRAJECTORY_RUNNING,24.0,55,32,0,30.58,55,0,0.0,0.0,0.0,1.41,-0.2,4.92
2026-07-28T17:52:52.485,795.937,188,open,ACTUATOR_ACTIVE,TRAJECTORY_RUNNING,24.0,54,32,-14,7.01,54,0,0.0,0.0,0.0,1.2,-0.1,4.83
2026-07-28T17:52:53.484,796.937,188,open,ACTUATOR_ACTIVE,TRAJECTORY_COMPLETE,24.0,54,10,-1,0.17,54,0,0.0,0.0,0.0,0.57,0.08,0.64
2026-07-28T17:52:54.591,798.046,189,close,ACTUATOR_ACTIVE,TRAJECTORY_RUNNING,24.0,54,10,16,4.22,54,0,0.0,0.0,0.0,0.55,0.08,0.61
2026-07-28T17:52:55.589,799.046,189,close,ACTUATOR_ACTIVE,TRAJECTORY_RUNNING,24.0,54,33,0,84.28,54,0,0.0,0.0,0.0,2.18,-0.44,0.71
2026-07-28T17:52:56.689,800.14,189,open,ACTUATOR_ACTIVE,TRAJECTORY_RUNNING,24.0,58,33,0,33.74,58,0,0.0,0.0,0.0,2.26,-0.45,1.05
2026-07-28T17:52:57.707,801.156,189,open,ACTUATOR_ACTIVE,TRAJECTORY_COMPLETE,24.0,58,9,0,0.62,58,0,0.0,0.0,0.0,0.64,0.08,0.75
2026-07-28T17:52:58.814,802.265,190,close,ACTUATOR_ACTIVE,TRAJECTORY_RUNNING,24.0,58,10,17,5.0,58,0,0.0,0.0,0.0,0.59,0.08,0.69
2026-07-28T17:52:59.813,803.265,190,close,ACTUATOR_ACTIVE,TRAJECTORY_RUNNING,24.0,54,33,0,81.33,54,0,0.0,0.0,0.0,2.19,-0.43,0.69
2026-07-28T17:53:00.925,804.375,190,open,ACTUATOR_ACTIVE,TRAJECTORY_RUNNING,24.0,54,33,-1,30.88,54,0,0.0,0.0,0.0,2.28,-0.44,1.07
2026-07-28T17:53:01.918,805.375,190,open,ACTUATOR_ACTIVE,TRAJECTORY_RUNNING,24.0,54,8,10,3.72,54,0,0.0,0.0,0.0,0.67,0.1,0.72
2026-07-28T17:53:03.021,806.468,191,close,ACTUATOR_ACTIVE,TRAJECTORY_RUNNING,24.0,54,10,17,5.04,54,0,0.0,0.0,0.0,0.61,0.09,0.67
2026-07-28T17:53:04.036,807.484,191,close,ACTUATOR_ACTIVE,TRAJECTORY_RUNNING,24.0,50,33,0,83.46,50,0,0.0,0.0,0.0,2.2,-0.43,0.77
2026-07-28T17:53:05.146,808.593,191,open,ACTUATOR_ACTIVE,TRAJECTORY_RUNNING,24.0,50,33,-1,33.67,50,0,0.0,0.0,0.0,2.28,-0.45,1.12
2026-07-28T17:53:06.139,809.593,191,open,ACTUATOR_ACTIVE,TRAJECTORY_COMPLETE,24.0,50,9,0,-0.54,50,0,0.0,0.0,0.0,0.68,0.09,0.71
2026-07-28T17:53:07.240,810.687,192,close,ACTUATOR_ACTIVE,TRAJECTORY_RUNNING,24.0,50,10,18,3.5,50,0,0.0,0.0,0.0,0.61,0.09,0.64
2026-07-28T17:53:08.249,811.703,192,close,ACTUATOR_ACTIVE,TRAJECTORY_RUNNING,24.0,54,33,0,79.67,54,0,0.0,0.0,0.0,2.21,-0.42,0.82
2026-07-28T17:53:09.352,812.796,192,open,ACTUATOR_ACTIVE,TRAJECTORY_RUNNING,24.0,54,33,-1,35.72,54,0,0.0,0.0,0.0,2.28,-0.44,1.1
2026-07-28T17:53:10.365,813.812,192,open,ACTUATOR_ACTIVE,TRAJECTORY_RUNNING,24.0,54,9,11,2.64,54,0,0.0,0.0,0.0,0.67,0.1,0.72
2026-07-28T17:53:11.467,814.921,193,close,ACTUATOR_ACTIVE,TRAJECTORY_RUNNING,24.0,54,10,17,4.86,54,0,0.0,0.0,0.0,0.61,0.09,0.64
2026-07-28T17:53:12.462,815.906,193,close,ACTUATOR_ACTIVE,TRAJECTORY_RUNNING,24.0,57,33,0,82.31,57,0,0.0,0.0,0.0,2.2,-0.42,0.74
2026-07-28T17:53:13.580,817.031,193,open,ACTUATOR_ACTIVE,TRAJECTORY_RUNNING,24.0,57,33,-1,35.97,57,0,0.0,0.0,0.0,2.28,-0.44,1.1
2026-07-28T17:53:14.577,818.031,193,open,ACTUATOR_ACTIVE,TRAJECTORY_RUNNING,24.0,57,8,8,1.41,57,0,0.0,0.0,0.0,0.68,0.09,0.72
2026-07-28T17:53:15.681,819.125,194,close,ACTUATOR_ACTIVE,TRAJECTORY_RUNNING,24.0,57,10,15,4.42,57,0,0.0,0.0,0.0,0.61,0.09,0.63
2026-07-28T17:53:16.689,820.14,194,close,ACTUATOR_ACTIVE,TRAJECTORY_RUNNING,24.0,54,33,0,82.35,54,0,0.0,0.0,0.0,2.21,-0.42,0.83
2026-07-28T17:53:17.799,821.25,194,open,ACTUATOR_ACTIVE,TRAJECTORY_RUNNING,24.0,54,33,-1,31.77,54,0,0.0,0.0,0.0,2.28,-0.42,1.12
2026-07-28T17:53:18.791,822.234,194,open,ACTUATOR_ACTIVE,TRAJECTORY_RUNNING,24.0,54,8,9,3.44,54,0,0.0,0.0,0.0,0.67,0.1,0.7
2026-07-28T17:53:19.911,823.359,195,close,ACTUATOR_ACTIVE,TRAJECTORY_RUNNING,24.0,53,10,15,3.24,53,0,0.0,0.0,0.0,0.6,0.09,0.61
2026-07-28T17:53:20.908,824.359,195,close,ACTUATOR_ACTIVE,TRAJECTORY_RUNNING,24.0,53,33,1,81.36,53,0,0.0,0.0,0.0,2.19,-0.41,0.76
2026-07-28T17:53:22.012,825.468,195,open,ACTUATOR_ACTIVE,TRAJECTORY_RUNNING,24.0,53,33,-1,38.12,53,0,0.0,0.0,0.0,2.28,-0.43,1.11
2026-07-28T17:53:23.010,826.453,195,open,ACTUATOR_ACTIVE,TRAJECTORY_COMPLETE,24.0,53,9,1,-0.76,53,0,0.0,0.0,0.0,0.65,0.1,0.7
2026-07-28T17:53:24.127,827.578,196,close,ACTUATOR_ACTIVE,TRAJECTORY_RUNNING,24.0,53,10,16,4.0,53,0,0.0,0.0,0.0,0.59,0.09,0.63
2026-07-28T17:53:25.124,828.578,196,close,ACTUATOR_ACTIVE,TRAJECTORY_RUNNING,24.0,53,32,0,32.38,53,0,0.0,0.0,0.0,1.42,-0.2,4.97
2026-07-28T17:53:26.228,829.671,196,open,ACTUATOR_ACTIVE,TRAJECTORY_RUNNING,24.0,53,32,-14,7.99,53,0,0.0,0.0,0.0,1.43,-0.21,5.07
2026-07-28T17:53:27.241,830.687,196,open,ACTUATOR_ACTIVE,TRAJECTORY_RUNNING,24.0,53,10,6,1.56,53,0,0.0,0.0,0.0,0.6,0.1,0.61
2026-07-28T17:53:28.348,831.796,197,close,ACTUATOR_ACTIVE,TRAJECTORY_RUNNING,24.0,59,10,18,4.11,59,0,0.0,0.0,0.0,0.57,0.09,0.56
2026-07-28T17:53:29.342,832.796,197,close,ACTUATOR_ACTIVE,TRAJECTORY_RUNNING,24.0,59,32,0,30.03,59,0,0.0,0.0,0.0,1.4,-0.19,4.94
2026-07-28T17:53:30.453,833.906,197,open,ACTUATOR_ACTIVE,TRAJECTORY_RUNNING,24.0,59,32,-14,7.89,59,0,0.0,0.0,0.0,1.25,-0.13,4.99
2026-07-28T17:53:31.452,834.906,197,open,ACTUATOR_ACTIVE,TRAJECTORY_RUNNING,24.0,59,10,4,1.28,59,0,0.0,0.0,0.0,0.58,0.09,0.6
2026-07-28T17:53:32.562,836.015,198,close,ACTUATOR_ACTIVE,TRAJECTORY_RUNNING,24.0,57,10,17,5.08,57,0,0.0,0.0,0.0,0.55,0.08,0.59
2026-07-28T17:53:33.558,837.015,198,close,ACTUATOR_ACTIVE,TRAJECTORY_RUNNING,24.0,57,33,1,79.9,57,0,0.0,0.0,0.0,2.18,-0.43,0.78
2026-07-28T17:53:34.662,838.109,198,open,ACTUATOR_ACTIVE,TRAJECTORY_RUNNING,24.0,57,33,1,33.87,57,0,0.0,0.0,0.0,2.27,-0.45,1.15
2026-07-28T17:53:35.675,839.125,198,open,ACTUATOR_ACTIVE,TRAJECTORY_RUNNING,24.0,57,9,12,2.48,57,0,0.0,0.0,0.0,0.66,0.09,0.74
2026-07-28T17:53:36.777,840.234,199,close,ACTUATOR_ACTIVE,TRAJECTORY_RUNNING,24.0,56,10,17,3.62,56,0,0.0,0.0,0.0,0.59,0.08,0.67
2026-07-28T17:53:37.774,841.218,199,close,ACTUATOR_ACTIVE,TRAJECTORY_RUNNING,24.0,56,32,0,30.62,56,0,0.0,0.0,0.0,1.41,-0.19,4.95
2026-07-28T17:53:38.892,842.343,199,open,ACTUATOR_ACTIVE,TRAJECTORY_RUNNING,24.0,56,32,-18,7.48,56,0,0.0,0.0,0.0,1.41,-0.2,5.05
2026-07-28T17:53:39.884,843.328,199,open,ACTUATOR_ACTIVE,TRAJECTORY_COMPLETE,24.0,57,10,10,1.25,57,0,0.0,0.0,0.0,0.61,0.08,0.63
2026-07-28T17:53:41.004,844.453,200,close,ACTUATOR_ACTIVE,TRAJECTORY_RUNNING,24.0,57,10,16,3.88,57,0,0.0,0.0,0.0,0.57,0.08,0.59
2026-07-28T17:53:42.015,845.468,200,close,ACTUATOR_ACTIVE,TRAJECTORY_RUNNING,24.0,57,33,0,82.37,57,0,0.0,0.0,0.0,2.18,-0.42,0.77
2026-07-28T17:53:43.120,846.562,200,open,ACTUATOR_ACTIVE,TRAJECTORY_RUNNING,24.0,57,33,1,32.91,57,0,0.0,0.0,0.0,2.27,-0.44,1.14
2026-07-28T17:53:44.130,847.578,200,open,ACTUATOR_ACTIVE,TRAJECTORY_RUNNING,24.0,58,8,11,1.93,58,0,0.0,0.0,0.0,0.65,0.09,0.75
2026-07-28T17:53:45.234,848.687,201,close,ACTUATOR_ACTIVE,TRAJECTORY_RUNNING,24.0,58,10,17,3.68,58,0,0.0,0.0,0.0,0.6,0.08,0.69
2026-07-28T17:53:46.231,849.687,201,close,ACTUATOR_ACTIVE,TRAJECTORY_RUNNING,24.0,58,32,0,29.37,58,0,0.0,0.0,0.0,1.42,-0.19,4.97
2026-07-28T17:53:47.332,850.781,201,open,ACTUATOR_ACTIVE,TRAJECTORY_RUNNING,24.0,58,32,-14,7.41,58,0,0.0,0.0,0.0,1.42,-0.2,5.06
2026-07-28T17:53:48.345,851.796,201,open,ACTUATOR_ACTIVE,TRAJECTORY_COMPLETE,24.0,54,10,12,0.68,54,0,0.0,0.0,0.0,0.6,0.07,0.68
2026-07-28T17:53:49.449,852.906,202,close,ACTUATOR_ACTIVE,TRAJECTORY_RUNNING,24.0,54,10,15,3.06,54,0,0.0,0.0,0.0,0.57,0.07,0.63
2026-07-28T17:53:50.445,853.89,202,close,ACTUATOR_ACTIVE,TRAJECTORY_RUNNING,24.0,54,33,0,82.33,54,0,0.0,0.0,0.0,2.18,-0.42,0.76
2026-07-28T17:53:51.566,855.015,202,open,ACTUATOR_ACTIVE,TRAJECTORY_RUNNING,24.0,54,33,0,34.38,54,0,0.0,0.0,0.0,2.27,-0.43,1.12
2026-07-28T17:53:52.560,856.015,202,open,ACTUATOR_ACTIVE,TRAJECTORY_COMPLETE,24.0,57,9,0,0.08,57,0,0.0,0.0,0.0,0.67,0.09,0.75
2026-07-28T17:53:53.668,857.125,203,close,ACTUATOR_ACTIVE,TRAJECTORY_RUNNING,24.0,57,10,17,5.64,57,0,0.0,0.0,0.0,0.62,0.07,0.68
2026-07-28T17:53:54.666,858.109,203,close,ACTUATOR_ACTIVE,TRAJECTORY_RUNNING,24.0,57,32,0,29.74,57,0,0.0,0.0,0.0,1.41,-0.19,4.98
2026-07-28T17:53:55.794,859.25,203,open,ACTUATOR_ACTIVE,TRAJECTORY_RUNNING,24.0,51,32,-17,7.02,51,0,0.0,0.0,0.0,1.17,0.12,3.86
2026-07-28T17:53:56.787,860.234,203,open,ACTUATOR_ACTIVE,TRAJECTORY_COMPLETE,24.0,51,10,4,0.94,51,0,0.0,0.0,0.0,0.61,0.07,0.67
2026-07-28T17:53:57.912,861.359,204,close,ACTUATOR_ACTIVE,TRAJECTORY_RUNNING,24.0,51,10,17,4.99,51,0,0.0,0.0,0.0,0.58,0.08,0.62
2026-07-28T17:53:58.907,862.359,204,close,ACTUATOR_ACTIVE,TRAJECTORY_RUNNING,24.0,51,33,0,79.92,51,0,0.0,0.0,0.0,2.19,-0.41,0.78
2026-07-28T17:54:00.017,863.468,204,open,ACTUATOR_ACTIVE,TRAJECTORY_RUNNING,24.0,55,33,-1,33.11,55,0,0.0,0.0,0.0,2.28,-0.43,1.1
2026-07-28T17:54:01.013,864.468,204,open,ACTUATOR_ACTIVE,TRAJECTORY_COMPLETE,24.0,55,9,1,-1.56,55,0,0.0,0.0,0.0,0.67,0.09,0.75
2026-07-28T17:54:02.122,865.578,205,close,ACTUATOR_ACTIVE,TRAJECTORY_RUNNING,24.0,55,10,17,3.77,55,0,0.0,0.0,0.0,0.61,0.08,0.67
2026-07-28T17:54:03.119,866.562,205,close,ACTUATOR_ACTIVE,TRAJECTORY_RUNNING,24.0,55,33,-1,85.71,55,0,0.0,0.0,0.0,2.2,-0.4,0.81
2026-07-28T17:54:04.242,867.687,205,open,ACTUATOR_ACTIVE,TRAJECTORY_RUNNING,24.0,54,33,-1,32.7,54,0,0.0,0.0,0.0,2.28,-0.42,1.15
2026-07-28T17:54:05.236,868.687,205,open,ACTUATOR_ACTIVE,TRAJECTORY_RUNNING,24.0,54,8,10,2.81,54,0,0.0,0.0,0.0,0.65,0.1,0.76
2026-07-28T17:54:06.342,869.796,206,close,ACTUATOR_ACTIVE,TRAJECTORY_RUNNING,24.0,54,10,18,5.24,54,0,0.0,0.0,0.0,0.6,0.09,0.68
2026-07-28T17:54:07.338,870.781,206,close,ACTUATOR_ACTIVE,TRAJECTORY_RUNNING,24.0,54,33,0,81.1,54,0,0.0,0.0,0.0,2.21,-0.4,0.84
2026-07-28T17:54:08.455,871.906,206,open,ACTUATOR_ACTIVE,TRAJECTORY_RUNNING,24.0,56,33,1,35.46,56,0,0.0,0.0,0.0,2.28,-0.43,1.17
2026-07-28T17:54:09.449,872.906,206,open,ACTUATOR_ACTIVE,TRAJECTORY_RUNNING,24.0,56,8,8,2.48,56,0,0.0,0.0,0.0,0.66,0.09,0.74
2026-07-28T17:54:10.555,874.0,207,close,ACTUATOR_ACTIVE,TRAJECTORY_RUNNING,24.0,56,10,17,4.24,56,0,0.0,0.0,0.0,0.6,0.08,0.68
2026-07-28T17:54:11.567,875.015,207,close,ACTUATOR_ACTIVE,TRAJECTORY_RUNNING,24.0,56,33,0,77.09,56,0,0.0,0.0,0.0,2.2,-0.39,0.82
2026-07-28T17:54:12.673,876.125,207,open,ACTUATOR_ACTIVE,TRAJECTORY_RUNNING,24.0,53,33,0,32.98,53,0,0.0,0.0,0.0,2.28,-0.41,1.17
2026-07-28T17:54:13.662,877.109,207,open,ACTUATOR_ACTIVE,TRAJECTORY_RUNNING,24.0,53,8,8,3.49,53,0,0.0,0.0,0.0,0.64,0.09,0.73
2026-07-28T17:54:14.779,878.234,208,close,ACTUATOR_ACTIVE,TRAJECTORY_RUNNING,24.0,53,10,16,5.18,53,0,0.0,0.0,0.0,0.59,0.08,0.67
2026-07-28T17:54:15.772,879.218,208,close,ACTUATOR_ACTIVE,TRAJECTORY_RUNNING,24.0,54,33,1,84.01,54,0,0.0,0.0,0.0,2.21,-0.39,0.86
2026-07-28T17:54:16.895,880.343,208,open,ACTUATOR_ACTIVE,TRAJECTORY_RUNNING,24.0,54,33,0,33.58,54,0,0.0,0.0,0.0,2.28,-0.42,1.19
2026-07-28T17:54:17.895,881.343,208,open,ACTUATOR_ACTIVE,TRAJECTORY_RUNNING,24.0,54,8,11,2.79,54,0,0.0,0.0,0.0,0.64,0.09,0.74
2026-07-28T17:54:18.999,882.453,209,close,ACTUATOR_ACTIVE,TRAJECTORY_RUNNING,24.0,54,10,15,4.36,54,0,0.0,0.0,0.0,0.58,0.08,0.67
2026-07-28T17:54:19.991,883.437,209,close,ACTUATOR_ACTIVE,TRAJECTORY_RUNNING,24.0,54,32,0,30.82,54,0,0.0,0.0,0.0,1.41,-0.18,4.97
2026-07-28T17:54:21.108,884.562,209,open,ACTUATOR_ACTIVE,TRAJECTORY_RUNNING,24.0,54,32,-13,6.83,54,0,0.0,0.0,0.0,1.41,-0.19,5.09
2026-07-28T17:54:22.104,885.546,209,open,ACTUATOR_ACTIVE,TRAJECTORY_COMPLETE,24.0,54,10,0,0.45,54,0,0.0,0.0,0.0,0.58,0.09,0.65
2026-07-28T17:54:23.226,886.671,210,close,ACTUATOR_ACTIVE,TRAJECTORY_RUNNING,24.0,54,10,15,3.83,54,0,0.0,0.0,0.0,0.55,0.09,0.62
2026-07-28T17:54:24.235,887.687,210,close,ACTUATOR_ACTIVE,TRAJECTORY_RUNNING,24.0,59,33,-1,78.07,59,0,0.0,0.0,0.0,2.19,-0.4,0.8
2026-07-28T17:54:25.341,888.796,210,open,ACTUATOR_ACTIVE,TRAJECTORY_RUNNING,24.0,59,33,0,32.47,59,0,0.0,0.0,0.0,2.28,-0.42,1.17
2026-07-28T17:54:26.334,889.781,210,open,ACTUATOR_ACTIVE,TRAJECTORY_RUNNING,24.0,59,8,9,3.29,59,0,0.0,0.0,0.0,0.66,0.09,0.74
2026-07-28T17:54:27.460,890.906,211,close,ACTUATOR_ACTIVE,TRAJECTORY_RUNNING,24.0,59,10,18,5.07,59,0,0.0,0.0,0.0,0.59,0.08,0.68
2026-07-28T17:54:28.457,891.906,211,close,ACTUATOR_ACTIVE,TRAJECTORY_RUNNING,24.0,55,33,-1,77.34,55,0,0.0,0.0,0.0,2.21,-0.39,0.85
2026-07-28T17:54:29.563,893.015,211,open,ACTUATOR_ACTIVE,TRAJECTORY_RUNNING,24.0,55,33,0,34.35,55,0,0.0,0.0,0.0,2.28,-0.4,1.17
2026-07-28T17:54:30.558,894.015,211,open,ACTUATOR_ACTIVE,TRAJECTORY_RUNNING,24.0,55,8,9,2.82,55,0,0.0,0.0,0.0,0.65,0.1,0.76
2026-07-28T17:54:31.660,895.109,212,close,ACTUATOR_ACTIVE,TRAJECTORY_RUNNING,24.0,55,10,15,3.47,55,0,0.0,0.0,0.0,0.59,0.09,0.67
2026-07-28T17:54:32.671,896.125,212,close,ACTUATOR_ACTIVE,TRAJECTORY_RUNNING,24.0,56,33,-1,77.18,56,0,0.0,0.0,0.0,2.2,-0.38,0.84
2026-07-28T17:54:33.770,897.218,212,open,ACTUATOR_ACTIVE,TRAJECTORY_RUNNING,24.0,56,33,-1,33.11,56,0,0.0,0.0,0.0,2.28,-0.4,1.19
2026-07-28T17:54:34.785,898.234,212,open,ACTUATOR_ACTIVE,TRAJECTORY_RUNNING,24.0,56,8,9,3.06,56,0,0.0,0.0,0.0,0.64,0.08,0.76
2026-07-28T17:54:35.893,899.343,213,close,ACTUATOR_ACTIVE,TRAJECTORY_RUNNING,24.0,58,10,17,4.71,58,0,0.0,0.0,0.0,0.59,0.07,0.68
2026-07-28T17:54:36.887,900.343,213,close,ACTUATOR_ACTIVE,TRAJECTORY_RUNNING,24.0,58,33,0,81.22,58,0,0.0,0.0,0.0,2.21,-0.38,0.87
2026-07-28T17:54:37.991,901.437,213,open,ACTUATOR_ACTIVE,TRAJECTORY_RUNNING,24.0,58,33,0,32.48,58,0,0.0,0.0,0.0,2.28,-0.41,1.2
2026-07-28T17:54:38.999,902.453,213,open,ACTUATOR_ACTIVE,TRAJECTORY_COMPLETE,24.0,58,9,1,0.03,58,0,0.0,0.0,0.0,0.65,0.09,0.78
2026-07-28T17:54:40.106,903.562,214,close,ACTUATOR_ACTIVE,TRAJECTORY_RUNNING,24.0,58,10,16,3.13,58,0,0.0,0.0,0.0,0.6,0.09,0.67
2026-07-28T17:54:41.107,904.562,214,close,ACTUATOR_ACTIVE,TRAJECTORY_RUNNING,24.0,58,32,0,32.54,58,0,0.0,0.0,0.0,1.41,-0.18,4.93
2026-07-28T17:54:42.214,905.671,214,open,ACTUATOR_ACTIVE,TRAJECTORY_RUNNING,24.0,58,32,-15,8.19,58,0,0.0,0.0,0.0,1.39,-0.18,5.06
2026-07-28T17:54:43.211,906.656,214,open,ACTUATOR_ACTIVE,TRAJECTORY_COMPLETE,24.0,58,10,10,0.53,58,0,0.0,0.0,0.0,0.59,0.1,0.64
2026-07-28T17:54:44.331,907.781,215,close,ACTUATOR_ACTIVE,TRAJECTORY_RUNNING,24.0,55,10,17,3.84,55,0,0.0,0.0,0.0,0.56,0.1,0.6
2026-07-28T17:54:45.327,908.781,215,close,ACTUATOR_ACTIVE,TRAJECTORY_RUNNING,24.0,55,33,0,82.14,55,0,0.0,0.0,0.0,2.19,-0.38,0.85
2026-07-28T17:54:46.429,909.875,215,open,ACTUATOR_ACTIVE,TRAJECTORY_RUNNING,24.0,55,33,-1,36.3,55,0,0.0,0.0,0.0,2.28,-0.41,1.19
2026-07-28T17:54:47.438,910.89,215,open,ACTUATOR_ACTIVE,TRAJECTORY_RUNNING,24.0,55,8,9,2.75,55,0,0.0,0.0,0.0,0.66,0.08,0.78
2026-07-28T17:54:48.536,911.984,216,close,ACTUATOR_ACTIVE,TRAJECTORY_RUNNING,24.0,54,10,17,4.27,54,0,0.0,0.0,0.0,0.59,0.07,0.71
2026-07-28T17:54:49.545,913.0,216,close,ACTUATOR_ACTIVE,TRAJECTORY_RUNNING,24.0,54,32,0,31.92,54,0,0.0,0.0,0.0,1.41,-0.18,4.94
2026-07-28T17:54:50.651,914.093,216,open,ACTUATOR_ACTIVE,TRAJECTORY_RUNNING,24.0,54,32,-16,6.65,54,0,0.0,0.0,0.0,1.41,-0.19,5.04
2026-07-28T17:54:51.659,915.109,216,open,ACTUATOR_ACTIVE,TRAJECTORY_COMPLETE,24.0,54,10,4,1.19,54,0,0.0,0.0,0.0,0.59,0.09,0.65
2026-07-28T17:54:52.767,916.218,217,close,ACTUATOR_ACTIVE,TRAJECTORY_RUNNING,24.0,56,10,15,3.19,56,0,0.0,0.0,0.0,0.56,0.08,0.61
2026-07-28T17:54:53.765,917.218,217,close,ACTUATOR_ACTIVE,TRAJECTORY_RUNNING,24.0,56,32,0,32.83,56,0,0.0,0.0,0.0,1.4,-0.17,4.92
2026-07-28T17:54:54.866,918.312,217,open,ACTUATOR_ACTIVE,TRAJECTORY_RUNNING,24.0,56,32,-15,7.16,56,0,0.0,0.0,0.0,1.18,0.0,4.52
2026-07-28T17:54:55.879,919.328,217,open,ACTUATOR_ACTIVE,TRAJECTORY_COMPLETE,24.0,54,10,4,0.98,54,0,0.0,0.0,0.0,0.56,0.08,0.64
2026-07-28T17:54:56.986,920.437,218,close,ACTUATOR_ACTIVE,TRAJECTORY_RUNNING,24.0,54,10,17,4.37,54,0,0.0,0.0,0.0,0.54,0.08,0.61
2026-07-28T17:54:57.982,921.437,218,close,ACTUATOR_ACTIVE,TRAJECTORY_RUNNING,24.0,54,33,-1,80.35,54,0,0.0,0.0,0.0,2.19,-0.39,0.86
2026-07-28T17:54:59.090,922.546,218,open,ACTUATOR_ACTIVE,TRAJECTORY_RUNNING,24.0,54,33,1,35.55,54,0,0.0,0.0,0.0,2.27,-0.41,1.17
2026-07-28T17:55:00.082,923.531,218,open,ACTUATOR_ACTIVE,TRAJECTORY_COMPLETE,24.0,55,9,0,-0.68,55,0,0.0,0.0,0.0,0.65,0.08,0.79
2026-07-28T17:55:01.205,924.656,219,close,ACTUATOR_ACTIVE,TRAJECTORY_RUNNING,24.0,55,10,16,3.23,55,0,0.0,0.0,0.0,0.59,0.07,0.72
2026-07-28T17:55:02.201,925.656,219,close,ACTUATOR_ACTIVE,TRAJECTORY_RUNNING,24.0,55,32,-1,28.82,55,0,0.0,0.0,0.0,1.4,-0.17,4.95
2026-07-28T17:55:03.309,926.765,219,open,ACTUATOR_ACTIVE,TRAJECTORY_RUNNING,24.0,55,32,-18,8.47,55,0,0.0,0.0,0.0,1.22,-0.09,4.89
2026-07-28T17:55:04.306,927.75,219,open,ACTUATOR_ACTIVE,TRAJECTORY_COMPLETE,24.0,55,10,14,1.44,55,0,0.0,0.0,0.0,0.58,0.08,0.68
2026-07-28T17:55:05.424,928.875,220,close,ACTUATOR_ACTIVE,TRAJECTORY_RUNNING,24.0,55,10,15,3.0,55,0,0.0,0.0,0.0,0.55,0.08,0.64
2026-07-28T17:55:06.435,929.89,220,close,ACTUATOR_ACTIVE,TRAJECTORY_RUNNING,24.0,55,33,1,83.54,55,0,0.0,0.0,0.0,2.19,-0.39,0.84
2026-07-28T17:55:07.538,930.984,220,open,ACTUATOR_ACTIVE,TRAJECTORY_RUNNING,24.0,55,33,-2,34.84,55,0,0.0,0.0,0.0,2.27,-0.41,1.19
2026-07-28T17:55:08.554,932.0,220,open,ACTUATOR_ACTIVE,TRAJECTORY_RUNNING,24.0,56,8,11,2.78,56,0,0.0,0.0,0.0,0.66,0.09,0.79
2026-07-28T17:55:09.654,933.109,221,close,ACTUATOR_ACTIVE,TRAJECTORY_RUNNING,24.0,56,10,18,4.6,56,0,0.0,0.0,0.0,0.61,0.07,0.73
2026-07-28T17:55:10.649,934.093,221,close,ACTUATOR_ACTIVE,TRAJECTORY_RUNNING,24.0,56,33,0,85.24,56,0,0.0,0.0,0.0,2.21,-0.38,0.89
2026-07-28T17:55:11.773,935.218,221,open,ACTUATOR_ACTIVE,TRAJECTORY_RUNNING,24.0,51,33,0,32.53,51,0,0.0,0.0,0.0,2.28,-0.4,1.2
2026-07-28T17:55:12.783,936.234,221,open,ACTUATOR_ACTIVE,TRAJECTORY_COMPLETE,24.0,51,9,-3,-1.2,51,0,0.0,0.0,0.0,0.68,0.08,0.79
2026-07-28T17:55:13.881,937.328,222,close,ACTUATOR_ACTIVE,TRAJECTORY_RUNNING,24.0,51,10,15,4.14,51,0,0.0,0.0,0.0,0.63,0.08,0.7
2026-07-28T17:55:14.893,938.343,222,close,ACTUATOR_ACTIVE,TRAJECTORY_RUNNING,24.0,51,32,0,33.32,51,0,0.0,0.0,0.0,1.42,-0.17,4.95
2026-07-28T17:55:15.996,939.453,222,open,ACTUATOR_ACTIVE,TRAJECTORY_RUNNING,24.0,52,32,-16,6.9,52,0,0.0,0.0,0.0,1.25,-0.12,4.98
2026-07-28T17:55:16.992,940.437,222,open,ACTUATOR_ACTIVE,TRAJECTORY_RUNNING,24.0,52,9,0,-1.88,52,0,0.0,0.0,0.0,0.61,0.08,0.67
2026-07-28T17:55:18.112,941.562,223,close,ACTUATOR_ACTIVE,TRAJECTORY_RUNNING,24.0,52,10,17,3.51,52,0,0.0,0.0,0.0,0.59,0.08,0.63
2026-07-28T17:55:19.108,942.562,223,close,ACTUATOR_ACTIVE,TRAJECTORY_RUNNING,24.0,52,33,0,82.58,52,0,0.0,0.0,0.0,2.19,-0.39,0.86
2026-07-28T17:55:20.214,943.671,223,open,ACTUATOR_ACTIVE,TRAJECTORY_RUNNING,24.0,56,33,-2,35.87,56,0,0.0,0.0,0.0,2.28,-0.41,1.22
2026-07-28T17:55:21.207,944.656,223,open,ACTUATOR_ACTIVE,TRAJECTORY_COMPLETE,24.0,56,9,-2,-0.47,56,0,0.0,0.0,0.0,0.67,0.09,0.8
2026-07-28T17:55:22.324,945.781,224,close,ACTUATOR_ACTIVE,TRAJECTORY_RUNNING,24.0,56,10,17,4.07,56,0,0.0,0.0,0.0,0.61,0.07,0.71
2026-07-28T17:55:23.321,946.765,224,close,ACTUATOR_ACTIVE,TRAJECTORY_RUNNING,24.0,56,33,0,83.97,56,0,0.0,0.0,0.0,2.19,-0.38,0.84
2026-07-28T17:55:24.446,947.89,224,open,ACTUATOR_ACTIVE,TRAJECTORY_RUNNING,24.0,56,33,-1,31.48,56,0,0.0,0.0,0.0,2.28,-0.39,1.21
2026-07-28T17:55:25.460,948.906,224,open,ACTUATOR_ACTIVE,TRAJECTORY_RUNNING,24.0,56,8,12,3.19,56,0,0.0,0.0,0.0,0.67,0.09,0.8
2026-07-28T17:55:26.564,950.015,225,close,ACTUATOR_ACTIVE,TRAJECTORY_RUNNING,24.0,56,10,19,4.43,56,0,0.0,0.0,0.0,0.62,0.07,0.71
2026-07-28T17:55:27.565,951.015,225,close,ACTUATOR_ACTIVE,TRAJECTORY_RUNNING,24.0,56,33,0,81.14,56,0,0.0,0.0,0.0,2.19,-0.37,0.86
2026-07-28T17:55:28.675,952.125,225,open,ACTUATOR_ACTIVE,TRAJECTORY_RUNNING,24.0,54,33,-1,31.34,54,0,0.0,0.0,0.0,2.28,-0.39,1.23
2026-07-28T17:55:29.669,953.125,225,open,ACTUATOR_ACTIVE,TRAJECTORY_RUNNING,24.0,54,8,8,1.62,54,0,0.0,0.0,0.0,0.69,0.09,0.81
2026-07-28T17:55:30.767,954.218,226,close,ACTUATOR_ACTIVE,TRAJECTORY_RUNNING,24.0,54,10,16,4.21,54,0,0.0,0.0,0.0,0.64,0.08,0.72
2026-07-28T17:55:31.763,955.218,226,close,ACTUATOR_ACTIVE,TRAJECTORY_RUNNING,24.0,56,33,0,81.49,56,0,0.0,0.0,0.0,2.21,-0.37,0.9
2026-07-28T17:55:32.875,956.328,226,open,ACTUATOR_ACTIVE,TRAJECTORY_RUNNING,24.0,56,33,-1,30.23,56,0,0.0,0.0,0.0,2.28,-0.38,1.19
2026-07-28T17:55:33.867,957.312,226,open,ACTUATOR_ACTIVE,TRAJECTORY_RUNNING,24.0,56,8,11,2.51,56,0,0.0,0.0,0.0,0.67,0.09,0.8
2026-07-28T17:55:34.990,958.437,227,close,ACTUATOR_ACTIVE,TRAJECTORY_RUNNING,24.0,56,10,16,4.67,56,0,0.0,0.0,0.0,0.62,0.08,0.72
2026-07-28T17:55:35.980,959.437,227,close,ACTUATOR_ACTIVE,TRAJECTORY_RUNNING,24.0,56,33,0,77.48,56,0,0.0,0.0,0.0,2.2,-0.37,0.9
2026-07-28T17:55:37.083,960.531,227,open,ACTUATOR_ACTIVE,TRAJECTORY_RUNNING,24.0,56,33,0,40.02,56,0,0.0,0.0,0.0,2.28,-0.39,1.25
2026-07-28T17:55:38.093,961.546,227,open,ACTUATOR_ACTIVE,TRAJECTORY_RUNNING,24.0,56,9,11,3.27,56,0,0.0,0.0,0.0,0.68,0.09,0.83
2026-07-28T17:55:39.201,962.656,228,close,ACTUATOR_ACTIVE,TRAJECTORY_RUNNING,24.0,56,10,17,4.08,56,0,0.0,0.0,0.0,0.63,0.07,0.74
2026-07-28T17:55:40.197,963.64,228,close,ACTUATOR_ACTIVE,TRAJECTORY_RUNNING,24.0,56,33,1,82.75,56,0,0.0,0.0,0.0,2.21,-0.37,0.92
2026-07-28T17:55:41.321,964.765,228,open,ACTUATOR_ACTIVE,TRAJECTORY_RUNNING,24.0,56,33,0,32.43,56,0,0.0,0.0,0.0,2.29,-0.4,1.27
2026-07-28T17:55:42.336,965.781,228,open,ACTUATOR_ACTIVE,TRAJECTORY_RUNNING,24.0,56,9,13,3.07,56,0,0.0,0.0,0.0,0.68,0.09,0.82
2026-07-28T17:55:43.446,966.89,229,close,ACTUATOR_ACTIVE,TRAJECTORY_RUNNING,24.0,56,10,18,5.04,56,0,0.0,0.0,0.0,0.62,0.08,0.74
2026-07-28T17:55:44.458,967.906,229,close,ACTUATOR_ACTIVE,TRAJECTORY_RUNNING,24.0,55,33,0,82.74,55,0,0.0,0.0,0.0,2.22,-0.36,0.93
2026-07-28T17:55:45.568,969.015,229,open,ACTUATOR_ACTIVE,TRAJECTORY_RUNNING,24.0,55,33,0,32.09,55,0,0.0,0.0,0.0,2.29,-0.38,1.21
2026-07-28T17:55:46.569,970.015,229,open,ACTUATOR_ACTIVE,TRAJECTORY_RUNNING,24.0,55,8,10,2.31,55,0,0.0,0.0,0.0,0.67,0.1,0.82
2026-07-28T17:55:47.679,971.125,230,close,ACTUATOR_ACTIVE,TRAJECTORY_RUNNING,24.0,55,10,17,4.63,55,0,0.0,0.0,0.0,0.62,0.09,0.73
2026-07-28T17:55:48.677,972.125,230,close,ACTUATOR_ACTIVE,TRAJECTORY_RUNNING,24.0,54,33,1,80.9,54,0,0.0,0.0,0.0,2.2,-0.36,0.9
2026-07-28T17:55:49.779,973.234,230,open,ACTUATOR_ACTIVE,TRAJECTORY_RUNNING,24.0,54,33,-3,34.93,54,0,0.0,0.0,0.0,2.28,-0.38,1.24
2026-07-28T17:55:50.779,974.234,230,open,ACTUATOR_ACTIVE,TRAJECTORY_RUNNING,24.0,54,8,10,2.24,54,0,0.0,0.0,0.0,0.67,0.1,0.82
2026-07-28T17:55:51.883,975.328,231,close,ACTUATOR_ACTIVE,TRAJECTORY_RUNNING,24.0,54,10,17,5.45,54,0,0.0,0.0,0.0,0.62,0.09,0.72
2026-07-28T17:55:52.894,976.343,231,close,ACTUATOR_ACTIVE,TRAJECTORY_RUNNING,24.0,54,33,0,80.35,54,0,0.0,0.0,0.0,2.21,-0.36,0.92
2026-07-28T17:55:53.999,977.453,231,open,ACTUATOR_ACTIVE,TRAJECTORY_RUNNING,24.0,54,33,0,31.26,54,0,0.0,0.0,0.0,2.28,-0.37,1.23
2026-07-28T17:55:54.994,978.437,231,open,ACTUATOR_ACTIVE,TRAJECTORY_RUNNING,24.0,54,8,9,1.96,54,0,0.0,0.0,0.0,0.68,0.1,0.8
2026-07-28T17:55:56.113,979.562,232,close,ACTUATOR_ACTIVE,TRAJECTORY_RUNNING,24.0,55,10,17,4.27,55,0,0.0,0.0,0.0,0.63,0.09,0.71
2026-07-28T17:55:57.114,980.562,232,close,ACTUATOR_ACTIVE,TRAJECTORY_RUNNING,24.0,55,33,-1,78.49,55,0,0.0,0.0,0.0,2.2,-0.36,0.9
2026-07-28T17:55:58.218,981.671,232,open,ACTUATOR_ACTIVE,TRAJECTORY_RUNNING,24.0,55,33,0,35.27,55,0,0.0,0.0,0.0,2.29,-0.38,1.23
2026-07-28T17:55:59.216,982.671,232,open,ACTUATOR_ACTIVE,TRAJECTORY_RUNNING,24.0,55,10,-16,-2.39,55,0,0.0,0.0,0.0,0.66,0.1,0.8
2026-07-28T17:56:00.320,983.765,233,close,ACTUATOR_ACTIVE,TRAJECTORY_RUNNING,24.0,54,10,18,2.8,54,0,0.0,0.0,0.0,0.62,0.09,0.72
2026-07-28T17:56:01.334,984.781,233,close,ACTUATOR_ACTIVE,TRAJECTORY_RUNNING,24.0,54,32,0,29.24,54,0,0.0,0.0,0.0,1.41,-0.16,4.95
2026-07-28T17:56:02.443,985.89,233,open,ACTUATOR_ACTIVE,TRAJECTORY_RUNNING,24.0,54,32,-16,7.01,54,0,0.0,0.0,0.0,1.1,0.18,3.43
2026-07-28T17:56:03.439,986.89,233,open,ACTUATOR_ACTIVE,TRAJECTORY_COMPLETE,24.0,54,10,13,0.71,54,0,0.0,0.0,0.0,0.61,0.1,0.68
2026-07-28T17:56:04.545,988.0,234,close,ACTUATOR_ACTIVE,TRAJECTORY_RUNNING,24.0,57,10,17,5.5,57,0,0.0,0.0,0.0,0.57,0.09,0.63
2026-07-28T17:56:05.539,988.984,234,close,ACTUATOR_ACTIVE,TRAJECTORY_RUNNING,24.0,57,33,-2,84.15,57,0,0.0,0.0,0.0,2.19,-0.37,0.86
2026-07-28T17:56:06.659,990.109,234,open,ACTUATOR_ACTIVE,TRAJECTORY_RUNNING,24.0,57,33,0,33.92,57,0,0.0,0.0,0.0,2.27,-0.39,1.21
2026-07-28T17:56:07.652,991.109,234,open,ACTUATOR_ACTIVE,TRAJECTORY_COMPLETE,24.0,57,9,0,-0.24,57,0,0.0,0.0,0.0,0.66,0.09,0.79
2026-07-28T17:56:08.761,992.218,235,close,ACTUATOR_ACTIVE,TRAJECTORY_RUNNING,24.0,59,10,17,3.3,59,0,0.0,0.0,0.0,0.6,0.08,0.72
2026-07-28T17:56:09.757,993.203,235,close,ACTUATOR_ACTIVE,TRAJECTORY_RUNNING,24.0,59,33,0,85.91,59,0,0.0,0.0,0.0,2.21,-0.36,0.91
2026-07-28T17:56:10.880,994.328,235,open,ACTUATOR_ACTIVE,TRAJECTORY_RUNNING,24.0,59,33,0,36.75,59,0,0.0,0.0,0.0,2.28,-0.39,1.24
2026-07-28T17:56:11.876,995.328,235,open,ACTUATOR_ACTIVE,TRAJECTORY_COMPLETE,24.0,57,9,0,-1.02,57,0,0.0,0.0,0.0,0.67,0.1,0.82
2026-07-28T17:56:12.979,996.421,236,close,ACTUATOR_ACTIVE,TRAJECTORY_RUNNING,24.0,57,10,17,3.8,57,0,0.0,0.0,0.0,0.63,0.09,0.73
2026-07-28T17:56:13.994,997.437,236,close,ACTUATOR_ACTIVE,TRAJECTORY_RUNNING,24.0,57,33,1,85.11,57,0,0.0,0.0,0.0,2.21,-0.36,0.94
2026-07-28T17:56:15.097,998.546,236,open,ACTUATOR_ACTIVE,TRAJECTORY_RUNNING,24.0,57,33,-2,36.37,57,0,0.0,0.0,0.0,2.28,-0.38,1.23
2026-07-28T17:56:16.095,999.546,236,open,ACTUATOR_ACTIVE,TRAJECTORY_COMPLETE,24.0,54,9,0,0.83,54,0,0.0,0.0,0.0,0.68,0.1,0.8
2026-07-28T17:56:17.201,1000.656,237,close,ACTUATOR_ACTIVE,TRAJECTORY_RUNNING,24.0,54,10,17,3.4,54,0,0.0,0.0,0.0,0.62,0.08,0.73
2026-07-28T17:56:18.199,1001.656,237,close,ACTUATOR_ACTIVE,TRAJECTORY_RUNNING,24.0,54,33,0,76.3,54,0,0.0,0.0,0.0,2.2,-0.36,0.9
2026-07-28T17:56:19.310,1002.765,237,open,ACTUATOR_ACTIVE,TRAJECTORY_RUNNING,24.0,54,33,0,30.96,54,0,0.0,0.0,0.0,2.28,-0.38,1.24
2026-07-28T17:56:20.303,1003.75,237,open,ACTUATOR_ACTIVE,TRAJECTORY_COMPLETE,24.0,57,9,0,0.07,57,0,0.0,0.0,0.0,0.68,0.11,0.82
2026-07-28T17:56:21.421,1004.875,238,close,ACTUATOR_ACTIVE,TRAJECTORY_RUNNING,24.0,57,10,16,3.89,57,0,0.0,0.0,0.0,0.62,0.09,0.75
2026-07-28T17:56:22.416,1005.859,238,close,ACTUATOR_ACTIVE,TRAJECTORY_RUNNING,24.0,57,32,0,31.89,57,0,0.0,0.0,0.0,1.41,-0.16,4.95
2026-07-28T17:56:23.542,1007.0,238,open,ACTUATOR_ACTIVE,TRAJECTORY_RUNNING,24.0,57,32,-15,7.76,57,0,0.0,0.0,0.0,0.95,0.21,2.83
2026-07-28T17:56:24.540,1007.984,238,open,ACTUATOR_ACTIVE,TRAJECTORY_COMPLETE,24.0,55,10,5,0.78,55,0,0.0,0.0,0.0,0.62,0.1,0.72
2026-07-28T17:56:25.665,1009.109,239,close,ACTUATOR_ACTIVE,TRAJECTORY_RUNNING,24.0,55,10,19,4.44,55,0,0.0,0.0,0.0,0.59,0.09,0.67
2026-07-28T17:56:26.675,1010.125,239,close,ACTUATOR_ACTIVE,TRAJECTORY_RUNNING,24.0,55,32,0,33.81,55,0,0.0,0.0,0.0,1.4,-0.16,4.92
2026-07-28T17:56:27.779,1011.234,239,open,ACTUATOR_ACTIVE,TRAJECTORY_RUNNING,24.0,55,32,-15,7.51,55,0,0.0,0.0,0.0,1.4,-0.17,5.02
2026-07-28T17:56:28.779,1012.234,239,open,ACTUATOR_ACTIVE,TRAJECTORY_COMPLETE,24.0,55,10,8,1.34,55,0,0.0,0.0,0.0,0.6,0.1,0.69
2026-07-28T17:56:29.891,1013.343,240,close,ACTUATOR_ACTIVE,TRAJECTORY_RUNNING,24.0,55,10,19,3.36,55,0,0.0,0.0,0.0,0.56,0.08,0.67
2026-07-28T17:56:30.886,1014.343,240,close,ACTUATOR_ACTIVE,TRAJECTORY_RUNNING,24.0,55,32,0,30.85,55,0,0.0,0.0,0.0,1.39,-0.15,4.93
2026-07-28T17:56:31.996,1015.453,240,open,ACTUATOR_ACTIVE,TRAJECTORY_RUNNING,24.0,58,32,-16,7.72,58,0,0.0,0.0,0.0,1.2,0.07,4.29
2026-07-28T17:56:32.990,1016.437,240,open,ACTUATOR_ACTIVE,TRAJECTORY_COMPLETE,24.0,58,9,0,0.15,58,0,0.0,0.0,0.0,0.6,0.09,0.68
2026-07-28T17:56:34.117,1017.562,241,close,ACTUATOR_ACTIVE,TRAJECTORY_RUNNING,24.0,58,10,19,3.63,58,0,0.0,0.0,0.0,0.56,0.08,0.65
2026-07-28T17:56:35.116,1018.562,241,close,ACTUATOR_ACTIVE,TRAJECTORY_RUNNING,24.0,58,33,-1,77.37,58,0,0.0,0.0,0.0,2.19,-0.37,0.88
2026-07-28T17:56:36.223,1019.671,241,open,ACTUATOR_ACTIVE,TRAJECTORY_RUNNING,24.0,55,33,0,31.76,55,0,0.0,0.0,0.0,2.27,-0.39,1.19
2026-07-28T17:56:37.220,1020.671,241,open,ACTUATOR_ACTIVE,TRAJECTORY_RUNNING,24.0,55,8,9,2.41,55,0,0.0,0.0,0.0,0.66,0.09,0.86
2026-07-28T17:56:38.322,1021.765,242,close,ACTUATOR_ACTIVE,TRAJECTORY_RUNNING,24.0,55,10,15,4.18,55,0,0.0,0.0,0.0,0.6,0.07,0.77
2026-07-28T17:56:39.331,1022.781,242,close,ACTUATOR_ACTIVE,TRAJECTORY_RUNNING,24.0,55,33,0,81.47,55,0,0.0,0.0,0.0,2.2,-0.36,0.86
2026-07-28T17:56:40.433,1023.89,242,open,ACTUATOR_ACTIVE,TRAJECTORY_RUNNING,24.0,57,33,-3,35.28,57,0,0.0,0.0,0.0,2.28,-0.38,1.21
2026-07-28T17:56:41.427,1024.875,242,open,ACTUATOR_ACTIVE,TRAJECTORY_COMPLETE,24.0,57,9,0,-0.76,57,0,0.0,0.0,0.0,0.68,0.1,0.87
2026-07-28T17:56:42.547,1026.0,243,close,ACTUATOR_ACTIVE,TRAJECTORY_RUNNING,24.0,57,10,16,4.24,57,0,0.0,0.0,0.0,0.62,0.09,0.77
2026-07-28T17:56:43.547,1027.0,243,close,ACTUATOR_ACTIVE,TRAJECTORY_RUNNING,24.0,57,32,0,33.03,57,0,0.0,0.0,0.0,1.42,-0.17,4.95
2026-07-28T17:56:44.649,1028.093,243,open,ACTUATOR_ACTIVE,TRAJECTORY_RUNNING,24.0,56,32,-16,7.22,56,0,0.0,0.0,0.0,1.42,-0.17,5.03
2026-07-28T17:56:45.660,1029.109,243,open,ACTUATOR_ACTIVE,TRAJECTORY_COMPLETE,24.0,56,10,2,1.58,56,0,0.0,0.0,0.0,0.61,0.09,0.73
2026-07-28T17:56:46.761,1030.218,244,close,ACTUATOR_ACTIVE,TRAJECTORY_RUNNING,24.0,56,10,15,4.59,56,0,0.0,0.0,0.0,0.58,0.08,0.69
2026-07-28T17:56:47.756,1031.203,244,close,ACTUATOR_ACTIVE,TRAJECTORY_RUNNING,24.0,54,33,0,80.5,54,0,0.0,0.0,0.0,2.18,-0.37,0.84
2026-07-28T17:56:48.875,1032.328,244,open,ACTUATOR_ACTIVE,TRAJECTORY_RUNNING,24.0,54,33,0,32.62,54,0,0.0,0.0,0.0,2.27,-0.38,1.2
2026-07-28T17:56:49.871,1033.328,244,open,ACTUATOR_ACTIVE,TRAJECTORY_RUNNING,24.0,54,8,8,2.5,54,0,0.0,0.0,0.0,0.66,0.09,0.87
2026-07-28T17:56:50.973,1034.421,245,close,ACTUATOR_ACTIVE,TRAJECTORY_RUNNING,24.0,54,10,16,4.01,54,0,0.0,0.0,0.0,0.61,0.08,0.79
2026-07-28T17:56:51.971,1035.421,245,close,ACTUATOR_ACTIVE,TRAJECTORY_RUNNING,24.0,61,32,0,30.44,61,0,0.0,0.0,0.0,1.41,-0.16,4.96
2026-07-28T17:56:53.079,1036.531,245,open,ACTUATOR_ACTIVE,TRAJECTORY_RUNNING,24.0,61,32,-16,7.36,61,0,0.0,0.0,0.0,1.0,0.21,3.06
2026-07-28T17:56:54.079,1037.531,245,open,ACTUATOR_ACTIVE,TRAJECTORY_COMPLETE,24.0,61,10,4,0.29,61,0,0.0,0.0,0.0,0.6,0.09,0.75
2026-07-28T17:56:55.189,1038.64,246,close,ACTUATOR_ACTIVE,TRAJECTORY_RUNNING,24.0,61,10,15,4.0,61,0,0.0,0.0,0.0,0.57,0.09,0.71
2026-07-28T17:56:56.185,1039.64,246,close,ACTUATOR_ACTIVE,TRAJECTORY_RUNNING,24.0,57,33,0,83.79,57,0,0.0,0.0,0.0,2.18,-0.36,0.83
2026-07-28T17:56:57.291,1040.734,246,open,ACTUATOR_ACTIVE,TRAJECTORY_RUNNING,24.0,57,33,1,34.2,57,0,0.0,0.0,0.0,2.27,-0.38,1.22
2026-07-28T17:56:58.305,1041.75,246,open,ACTUATOR_ACTIVE,TRAJECTORY_RUNNING,24.0,57,8,11,2.98,57,0,0.0,0.0,0.0,0.66,0.09,0.9
2026-07-28T17:56:59.408,1042.859,247,close,ACTUATOR_ACTIVE,TRAJECTORY_RUNNING,24.0,57,10,15,4.5,57,0,0.0,0.0,0.0,0.62,0.08,0.83
2026-07-28T17:57:00.404,1043.859,247,close,ACTUATOR_ACTIVE,TRAJECTORY_RUNNING,24.0,56,33,0,84.5,56,0,0.0,0.0,0.0,2.2,-0.35,0.9
2026-07-28T17:57:01.513,1044.968,247,open,ACTUATOR_ACTIVE,TRAJECTORY_RUNNING,24.0,56,33,-1,31.7,56,0,0.0,0.0,0.0,2.28,-0.38,1.26
2026-07-28T17:57:02.512,1045.968,247,open,ACTUATOR_ACTIVE,TRAJECTORY_RUNNING,24.0,56,8,9,2.66,56,0,0.0,0.0,0.0,0.66,0.09,0.89
2026-07-28T17:57:03.622,1047.078,248,close,ACTUATOR_ACTIVE,TRAJECTORY_RUNNING,24.0,56,10,19,3.74,56,0,0.0,0.0,0.0,0.6,0.08,0.8
2026-07-28T17:57:04.619,1048.062,248,close,ACTUATOR_ACTIVE,TRAJECTORY_RUNNING,24.0,58,33,0,82.99,58,0,0.0,0.0,0.0,2.21,-0.35,0.94
2026-07-28T17:57:05.737,1049.187,248,open,ACTUATOR_ACTIVE,TRAJECTORY_RUNNING,24.0,58,33,0,32.09,58,0,0.0,0.0,0.0,2.29,-0.36,1.25
2026-07-28T17:57:06.749,1050.203,248,open,ACTUATOR_ACTIVE,TRAJECTORY_RUNNING,24.0,58,8,11,3.08,58,0,0.0,0.0,0.0,0.65,0.1,0.88
2026-07-28T17:57:07.858,1051.312,249,close,ACTUATOR_ACTIVE,TRAJECTORY_RUNNING,24.0,57,10,19,2.51,57,0,0.0,0.0,0.0,0.59,0.08,0.8
2026-07-28T17:57:08.854,1052.296,249,close,ACTUATOR_ACTIVE,TRAJECTORY_RUNNING,24.0,57,33,0,82.54,57,0,0.0,0.0,0.0,2.2,-0.34,0.93
2026-07-28T17:57:09.970,1053.421,249,open,ACTUATOR_ACTIVE,TRAJECTORY_RUNNING,24.0,57,33,-1,36.04,57,0,0.0,0.0,0.0,2.28,-0.37,1.26
2026-07-28T17:57:10.964,1054.421,249,open,ACTUATOR_ACTIVE,TRAJECTORY_RUNNING,24.0,57,8,7,3.59,57,0,0.0,0.0,0.0,0.66,0.09,0.87
2026-07-28T17:57:12.071,1055.515,250,close,ACTUATOR_ACTIVE,TRAJECTORY_RUNNING,24.0,57,10,16,2.99,57,0,0.0,0.0,0.0,0.62,0.08,0.79
2026-07-28T17:57:13.079,1056.531,250,close,ACTUATOR_ACTIVE,TRAJECTORY_RUNNING,24.0,57,32,0,32.19,57,0,0.0,0.0,0.0,1.41,-0.16,4.95
2026-07-28T17:57:14.184,1057.64,250,open,ACTUATOR_ACTIVE,TRAJECTORY_RUNNING,24.0,57,32,-14,7.31,57,0,0.0,0.0,0.0,1.42,-0.17,5.02
2026-07-28T17:57:15.185,1058.64,250,open,ACTUATOR_ACTIVE,TRAJECTORY_COMPLETE,24.0,57,10,6,1.31,57,0,0.0,0.0,0.0,0.61,0.1,0.78
2026-07-28T17:57:16.286,1059.734,251,close,ACTUATOR_ACTIVE,TRAJECTORY_RUNNING,24.0,55,10,16,5.02,55,0,0.0,0.0,0.0,0.57,0.08,0.73
2026-07-28T17:57:17.299,1060.75,251,close,ACTUATOR_ACTIVE,TRAJECTORY_RUNNING,24.0,55,33,-2,78.21,55,0,0.0,0.0,0.0,2.19,-0.36,0.9
2026-07-28T17:57:18.402,1061.859,251,open,ACTUATOR_ACTIVE,TRAJECTORY_RUNNING,24.0,55,33,-1,35.04,55,0,0.0,0.0,0.0,2.27,-0.38,1.25
2026-07-28T17:57:19.399,1062.843,251,open,ACTUATOR_ACTIVE,TRAJECTORY_COMPLETE,24.0,55,9,0,-0.72,55,0,0.0,0.0,0.0,0.67,0.08,0.89
2026-07-28T17:57:20.521,1063.968,252,close,ACTUATOR_ACTIVE,TRAJECTORY_RUNNING,24.0,52,10,17,3.32,52,0,0.0,0.0,0.0,0.63,0.07,0.83
2026-07-28T17:57:21.516,1064.968,252,close,ACTUATOR_ACTIVE,TRAJECTORY_RUNNING,24.0,52,32,0,33.71,52,0,0.0,0.0,0.0,1.41,-0.15,4.95
2026-07-28T17:57:22.625,1066.078,252,open,ACTUATOR_ACTIVE,TRAJECTORY_RUNNING,24.0,52,32,-14,6.67,52,0,0.0,0.0,0.0,1.14,0.18,3.6
2026-07-28T17:57:23.624,1067.078,252,open,ACTUATOR_ACTIVE,TRAJECTORY_COMPLETE,24.0,52,10,5,0.11,52,0,0.0,0.0,0.0,0.62,0.09,0.8
2026-07-28T17:57:24.727,1068.171,253,close,ACTUATOR_ACTIVE,TRAJECTORY_RUNNING,24.0,56,10,18,3.7,56,0,0.0,0.0,0.0,0.59,0.08,0.76
2026-07-28T17:57:25.742,1069.187,253,close,ACTUATOR_ACTIVE,TRAJECTORY_RUNNING,24.0,56,32,0,30.08,56,0,0.0,0.0,0.0,1.39,-0.14,4.94
2026-07-28T17:57:26.846,1070.296,253,open,ACTUATOR_ACTIVE,TRAJECTORY_RUNNING,24.0,56,32,-14,7.11,56,0,0.0,0.0,0.0,1.39,-0.15,5.03
2026-07-28T17:57:27.840,1071.296,253,open,ACTUATOR_ACTIVE,TRAJECTORY_COMPLETE,24.0,54,10,9,1.46,54,0,0.0,0.0,0.0,0.6,0.08,0.77
2026-07-28T17:57:28.948,1072.39,254,close,ACTUATOR_ACTIVE,TRAJECTORY_RUNNING,24.0,54,10,18,3.35,54,0,0.0,0.0,0.0,0.57,0.07,0.73
2026-07-28T17:57:29.963,1073.406,254,close,ACTUATOR_ACTIVE,TRAJECTORY_RUNNING,24.0,54,32,0,32.49,54,0,0.0,0.0,0.0,1.39,-0.14,4.93
2026-07-28T17:57:31.072,1074.515,254,open,ACTUATOR_ACTIVE,TRAJECTORY_RUNNING,24.0,54,32,-15,7.44,54,0,0.0,0.0,0.0,1.2,0.03,4.56
2026-07-28T17:57:32.083,1075.531,254,open,ACTUATOR_ACTIVE,TRAJECTORY_COMPLETE,24.0,54,10,0,0.71,54,0,0.0,0.0,0.0,0.6,0.08,0.74
2026-07-28T17:57:33.192,1076.64,255,close,ACTUATOR_ACTIVE,TRAJECTORY_RUNNING,24.0,54,10,17,3.06,54,0,0.0,0.0,0.0,0.57,0.07,0.72
2026-07-28T17:57:34.192,1077.64,255,close,ACTUATOR_ACTIVE,TRAJECTORY_RUNNING,24.0,54,32,0,30.72,54,0,0.0,0.0,0.0,1.39,-0.14,4.93
2026-07-28T17:57:35.300,1078.75,255,open,ACTUATOR_ACTIVE,TRAJECTORY_RUNNING,24.0,54,32,-15,7.42,54,0,0.0,0.0,0.0,1.05,0.21,3.22
2026-07-28T17:57:36.296,1079.75,255,open,ACTUATOR_ACTIVE,TRAJECTORY_RUNNING,24.0,56,10,9,1.94,56,0,0.0,0.0,0.0,0.6,0.07,0.74
2026-07-28T17:57:37.402,1080.859,256,close,ACTUATOR_ACTIVE,TRAJECTORY_RUNNING,24.0,56,10,17,4.94,56,0,0.0,0.0,0.0,0.56,0.06,0.72
2026-07-28T17:57:38.401,1081.859,256,close,ACTUATOR_ACTIVE,TRAJECTORY_RUNNING,24.0,56,32,0,31.41,56,0,0.0,0.0,0.0,1.39,-0.13,4.92
2026-07-28T17:57:39.509,1082.953,256,open,ACTUATOR_ACTIVE,TRAJECTORY_RUNNING,24.0,56,32,-16,7.28,56,0,0.0,0.0,0.0,1.24,-0.07,4.93
2026-07-28T17:57:40.524,1083.968,256,open,ACTUATOR_ACTIVE,TRAJECTORY_RUNNING,24.0,57,10,3,1.26,57,0,0.0,0.0,0.0,0.59,0.06,0.74
2026-07-28T17:57:41.629,1085.078,257,close,ACTUATOR_ACTIVE,TRAJECTORY_RUNNING,24.0,57,10,19,4.91,57,0,0.0,0.0,0.0,0.56,0.06,0.73
2026-07-28T17:57:42.626,1086.078,257,close,ACTUATOR_ACTIVE,TRAJECTORY_RUNNING,24.0,57,33,1,81.53,57,0,0.0,0.0,0.0,2.18,-0.37,0.87
2026-07-28T17:57:43.734,1087.187,257,open,ACTUATOR_ACTIVE,TRAJECTORY_RUNNING,24.0,57,33,0,34.49,57,0,0.0,0.0,0.0,2.27,-0.39,1.24
2026-07-28T17:57:44.731,1088.187,257,open,ACTUATOR_ACTIVE,TRAJECTORY_RUNNING,24.0,57,8,10,2.18,57,0,0.0,0.0,0.0,0.66,0.08,0.93
2026-07-28T17:57:45.839,1089.296,258,close,ACTUATOR_ACTIVE,TRAJECTORY_RUNNING,24.0,57,10,17,2.64,57,0,0.0,0.0,0.0,0.6,0.06,0.86
2026-07-28T17:57:46.835,1090.281,258,close,ACTUATOR_ACTIVE,TRAJECTORY_RUNNING,24.0,57,33,1,82.69,57,0,0.0,0.0,0.0,2.19,-0.35,0.89
2026-07-28T17:57:47.955,1091.406,258,open,ACTUATOR_ACTIVE,TRAJECTORY_RUNNING,24.0,55,33,0,34.89,55,0,0.0,0.0,0.0,2.28,-0.37,1.26
2026-07-28T17:57:48.948,1092.406,258,open,ACTUATOR_ACTIVE,TRAJECTORY_COMPLETE,24.0,55,9,0,-0.85,55,0,0.0,0.0,0.0,0.68,0.07,0.94
2026-07-28T17:57:50.052,1093.5,259,close,ACTUATOR_ACTIVE,TRAJECTORY_RUNNING,24.0,55,10,17,3.39,55,0,0.0,0.0,0.0,0.64,0.07,0.86
2026-07-28T17:57:51.047,1094.5,259,close,ACTUATOR_ACTIVE,TRAJECTORY_RUNNING,24.0,55,32,0,33.07,55,0,0.0,0.0,0.0,1.41,-0.15,4.95
2026-07-28T17:57:52.151,1095.609,259,open,ACTUATOR_ACTIVE,TRAJECTORY_RUNNING,24.0,56,32,-17,7.06,56,0,0.0,0.0,0.0,1.12,0.19,3.52
2026-07-28T17:57:53.150,1096.593,259,open,ACTUATOR_ACTIVE,TRAJECTORY_COMPLETE,24.0,56,10,7,1.36,56,0,0.0,0.0,0.0,0.62,0.08,0.83
2026-07-28T17:57:54.273,1097.718,260,close,ACTUATOR_ACTIVE,TRAJECTORY_RUNNING,24.0,56,10,16,3.32,56,0,0.0,0.0,0.0,0.58,0.07,0.79
2026-07-28T17:57:55.283,1098.734,260,close,ACTUATOR_ACTIVE,TRAJECTORY_RUNNING,24.0,56,33,-1,80.35,56,0,0.0,0.0,0.0,2.2,-0.36,0.93
2026-07-28T17:57:56.390,1099.843,260,open,ACTUATOR_ACTIVE,TRAJECTORY_RUNNING,24.0,54,33,-1,31.49,54,0,0.0,0.0,0.0,2.27,-0.37,1.25
2026-07-28T17:57:57.390,1100.843,260,open,ACTUATOR_ACTIVE,TRAJECTORY_RUNNING,24.0,54,8,9,3.37,54,0,0.0,0.0,0.0,0.67,0.08,0.91
2026-07-28T17:57:58.490,1101.937,261,close,ACTUATOR_ACTIVE,TRAJECTORY_RUNNING,24.0,54,10,15,5.05,54,0,0.0,0.0,0.0,0.62,0.06,0.84
2026-07-28T17:57:59.498,1102.953,261,close,ACTUATOR_ACTIVE,TRAJECTORY_RUNNING,24.0,54,32,0,33.37,54,0,0.0,0.0,0.0,1.41,-0.15,4.95
2026-07-28T17:58:00.605,1104.062,261,open,ACTUATOR_ACTIVE,TRAJECTORY_RUNNING,24.0,58,32,-15,7.69,58,0,0.0,0.0,0.0,1.21,0.03,4.56
2026-07-28T17:58:01.599,1105.046,261,open,ACTUATOR_ACTIVE,TRAJECTORY_COMPLETE,24.0,58,10,5,0.7,58,0,0.0,0.0,0.0,0.63,0.08,0.83
2026-07-28T17:58:02.720,1106.171,262,close,ACTUATOR_ACTIVE,TRAJECTORY_RUNNING,24.0,58,10,14,3.92,58,0,0.0,0.0,0.0,0.59,0.07,0.78
2026-07-28T17:58:03.718,1107.171,262,close,ACTUATOR_ACTIVE,TRAJECTORY_RUNNING,24.0,58,33,0,79.39,54,0,0.0,0.0,0.0,2.19,-0.37,0.94
2026-07-28T17:58:04.831,1108.281,262,open,ACTUATOR_ACTIVE,TRAJECTORY_RUNNING,24.0,54,33,0,33.0,54,0,0.0,0.0,0.0,2.27,-0.39,1.31
2026-07-28T17:58:05.826,1109.281,262,open,ACTUATOR_ACTIVE,TRAJECTORY_RUNNING,24.0,54,8,8,2.63,54,0,0.0,0.0,0.0,0.66,0.07,0.91
2026-07-28T17:58:06.938,1110.39,263,close,ACTUATOR_ACTIVE,TRAJECTORY_RUNNING,24.0,54,10,16,3.85,54,0,0.0,0.0,0.0,0.62,0.06,0.86
2026-07-28T17:58:07.935,1111.39,263,close,ACTUATOR_ACTIVE,TRAJECTORY_RUNNING,24.0,56,33,1,79.45,56,0,0.0,0.0,0.0,2.2,-0.35,0.92
2026-07-28T17:58:09.037,1112.484,263,open,ACTUATOR_ACTIVE,TRAJECTORY_RUNNING,24.0,56,33,-1,32.41,56,0,0.0,0.0,0.0,2.28,-0.36,1.28
2026-07-28T17:58:10.051,1113.5,263,open,ACTUATOR_ACTIVE,TRAJECTORY_RUNNING,24.0,56,8,10,3.95,56,0,0.0,0.0,0.0,0.67,0.08,0.92
2026-07-28T17:58:11.157,1114.609,264,close,ACTUATOR_ACTIVE,TRAJECTORY_RUNNING,24.0,56,10,15,3.92,56,0,0.0,0.0,0.0,0.63,0.07,0.86
2026-07-28T17:58:12.155,1115.609,264,close,ACTUATOR_ACTIVE,TRAJECTORY_RUNNING,24.0,54,32,0,29.86,54,0,0.0,0.0,0.0,1.41,-0.14,4.95
2026-07-28T17:58:13.264,1116.718,264,open,ACTUATOR_ACTIVE,TRAJECTORY_RUNNING,24.0,54,32,-16,6.3,54,0,0.0,0.0,0.0,1.09,0.2,3.39
2026-07-28T17:58:14.259,1117.703,264,open,ACTUATOR_ACTIVE,TRAJECTORY_COMPLETE,24.0,54,10,0,0.5,54,0,0.0,0.0,0.0,0.63,0.08,0.81
2026-07-28T17:58:15.376,1118.828,265,close,ACTUATOR_ACTIVE,TRAJECTORY_RUNNING,24.0,54,10,14,4.33,54,0,0.0,0.0,0.0,0.59,0.07,0.77
2026-07-28T17:58:16.371,1119.828,265,close,ACTUATOR_ACTIVE,TRAJECTORY_RUNNING,24.0,54,33,0,79.45,54,0,0.0,0.0,0.0,2.18,-0.36,0.9
2026-07-28T17:58:17.477,1120.921,265,open,ACTUATOR_ACTIVE,TRAJECTORY_RUNNING,24.0,54,33,-1,32.31,54,0,0.0,0.0,0.0,2.27,-0.37,1.28
2026-07-28T17:58:18.490,1121.937,265,open,ACTUATOR_ACTIVE,TRAJECTORY_COMPLETE,24.0,54,9,-8,-2.01,54,0,0.0,0.0,0.0,0.66,0.07,0.91
2026-07-28T17:58:19.594,1123.046,266,close,ACTUATOR_ACTIVE,TRAJECTORY_RUNNING,24.0,54,10,17,5.34,54,0,0.0,0.0,0.0,0.6,0.06,0.85
2026-07-28T17:58:20.592,1124.046,266,close,ACTUATOR_ACTIVE,TRAJECTORY_RUNNING,24.0,53,33,-1,75.42,53,0,0.0,0.0,0.0,2.2,-0.35,0.95
2026-07-28T17:58:21.694,1125.14,266,open,ACTUATOR_ACTIVE,TRAJECTORY_RUNNING,24.0,53,33,0,34.46,53,0,0.0,0.0,0.0,2.28,-0.37,1.31
2026-07-28T17:58:22.706,1126.156,266,open,ACTUATOR_ACTIVE,TRAJECTORY_RUNNING,24.0,53,8,10,1.55,53,0,0.0,0.0,0.0,0.68,0.07,0.91
2026-07-28T17:58:23.816,1127.265,267,close,ACTUATOR_ACTIVE,TRAJECTORY_RUNNING,24.0,55,10,19,5.55,55,0,0.0,0.0,0.0,0.63,0.06,0.83
2026-07-28T17:58:24.812,1128.265,267,close,ACTUATOR_ACTIVE,TRAJECTORY_RUNNING,24.0,55,33,0,80.59,55,0,0.0,0.0,0.0,2.21,-0.35,0.99
2026-07-28T17:58:25.918,1129.375,267,open,ACTUATOR_ACTIVE,TRAJECTORY_RUNNING,24.0,55,33,0,32.63,55,0,0.0,0.0,0.0,2.28,-0.36,1.29
2026-07-28T17:58:26.911,1130.359,267,open,ACTUATOR_ACTIVE,TRAJECTORY_COMPLETE,24.0,55,9,0,-1.09,55,0,0.0,0.0,0.0,0.68,0.08,0.91
2026-07-28T17:58:28.030,1131.484,268,close,ACTUATOR_ACTIVE,TRAJECTORY_RUNNING,24.0,56,10,15,2.55,56,0,0.0,0.0,0.0,0.64,0.07,0.83
2026-07-28T17:58:29.023,1132.468,268,close,ACTUATOR_ACTIVE,TRAJECTORY_RUNNING,24.0,56,33,1,76.48,56,0,0.0,0.0,0.0,2.2,-0.35,0.96
2026-07-28T17:58:30.146,1133.593,268,open,ACTUATOR_ACTIVE,TRAJECTORY_RUNNING,24.0,56,33,-2,32.17,56,0,0.0,0.0,0.0,2.28,-0.36,1.29
2026-07-28T17:58:31.141,1134.593,268,open,ACTUATOR_ACTIVE,TRAJECTORY_COMPLETE,24.0,56,9,1,-1.08,56,0,0.0,0.0,0.0,0.68,0.08,0.91
2026-07-28T17:58:32.240,1135.687,269,close,ACTUATOR_ACTIVE,TRAJECTORY_RUNNING,24.0,56,10,15,3.97,56,0,0.0,0.0,0.0,0.64,0.07,0.82
2026-07-28T17:58:33.256,1136.703,269,close,ACTUATOR_ACTIVE,TRAJECTORY_RUNNING,24.0,56,33,0,78.19,56,0,0.0,0.0,0.0,2.21,-0.35,1.0
2026-07-28T17:58:34.368,1137.812,269,open,ACTUATOR_ACTIVE,TRAJECTORY_RUNNING,24.0,56,33,0,32.47,56,0,0.0,0.0,0.0,2.28,-0.38,1.35
2026-07-28T17:58:35.364,1138.812,269,open,ACTUATOR_ACTIVE,TRAJECTORY_RUNNING,24.0,56,8,9,2.68,56,0,0.0,0.0,0.0,0.68,0.08,0.89
2026-07-28T17:58:36.473,1139.921,270,close,ACTUATOR_ACTIVE,TRAJECTORY_RUNNING,24.0,52,10,17,4.8,52,0,0.0,0.0,0.0,0.63,0.07,0.81
2026-07-28T17:58:37.470,1140.921,270,close,ACTUATOR_ACTIVE,TRAJECTORY_RUNNING,24.0,52,33,0,83.02,52,0,0.0,0.0,0.0,2.2,-0.35,0.97
2026-07-28T17:58:38.575,1142.031,270,open,ACTUATOR_ACTIVE,TRAJECTORY_RUNNING,24.0,52,33,-1,33.1,52,0,0.0,0.0,0.0,2.28,-0.35,1.31
2026-07-28T17:58:39.573,1143.015,270,open,ACTUATOR_ACTIVE,TRAJECTORY_RUNNING,24.0,52,8,10,3.49,52,0,0.0,0.0,0.0,0.68,0.09,0.91
2026-07-28T17:58:40.678,1144.125,271,close,ACTUATOR_ACTIVE,TRAJECTORY_RUNNING,24.0,59,10,16,3.95,59,0,0.0,0.0,0.0,0.64,0.08,0.85
2026-07-28T17:58:41.692,1145.14,271,close,ACTUATOR_ACTIVE,TRAJECTORY_RUNNING,24.0,59,32,0,31.75,59,0,0.0,0.0,0.0,1.41,-0.13,4.96
2026-07-28T17:58:42.796,1146.25,271,open,ACTUATOR_ACTIVE,TRAJECTORY_RUNNING,24.0,59,32,-17,7.89,59,0,0.0,0.0,0.0,1.12,0.21,3.46
2026-07-28T17:58:43.786,1147.234,271,open,ACTUATOR_ACTIVE,TRAJECTORY_COMPLETE,24.0,61,10,0,0.34,61,0,0.0,0.0,0.0,0.63,0.08,0.84
2026-07-28T17:58:44.904,1148.359,272,close,ACTUATOR_ACTIVE,TRAJECTORY_RUNNING,24.0,61,10,17,3.92,61,0,0.0,0.0,0.0,0.6,0.07,0.82
2026-07-28T17:58:45.907,1149.359,272,close,ACTUATOR_ACTIVE,TRAJECTORY_RUNNING,24.0,61,32,0,32.12,61,0,0.0,0.0,0.0,1.39,-0.13,4.94
2026-07-28T17:58:47.019,1150.468,272,open,ACTUATOR_ACTIVE,TRAJECTORY_RUNNING,24.0,61,32,-15,8.81,61,0,0.0,0.0,0.0,1.38,-0.14,5.04
2026-07-28T17:58:48.016,1151.468,272,open,ACTUATOR_ACTIVE,TRAJECTORY_COMPLETE,24.0,56,10,6,0.46,56,0,0.0,0.0,0.0,0.61,0.08,0.83
2026-07-28T17:58:49.121,1152.578,273,close,ACTUATOR_ACTIVE,TRAJECTORY_RUNNING,24.0,56,10,16,5.02,56,0,0.0,0.0,0.0,0.58,0.07,0.83
2026-07-28T17:58:50.118,1153.562,273,close,ACTUATOR_ACTIVE,TRAJECTORY_RUNNING,24.0,56,33,0,87.41,56,0,0.0,0.0,0.0,2.19,-0.36,0.95
2026-07-28T17:58:51.243,1154.687,273,open,ACTUATOR_ACTIVE,TRAJECTORY_RUNNING,24.0,56,33,1,32.24,56,0,0.0,0.0,0.0,2.28,-0.38,1.3
2026-07-28T17:58:52.252,1155.703,273,open,ACTUATOR_ACTIVE,TRAJECTORY_RUNNING,24.0,58,8,11,3.1,58,0,0.0,0.0,0.0,0.66,0.07,0.96
2026-07-28T17:58:53.352,1156.796,274,close,ACTUATOR_ACTIVE,TRAJECTORY_RUNNING,24.0,58,10,19,3.36,58,0,0.0,0.0,0.0,0.61,0.06,0.88
2026-07-28T17:58:54.364,1157.812,274,close,ACTUATOR_ACTIVE,TRAJECTORY_RUNNING,24.0,58,33,0,82.41,58,0,0.0,0.0,0.0,2.2,-0.35,1.0
2026-07-28T17:58:55.469,1158.921,274,open,ACTUATOR_ACTIVE,TRAJECTORY_RUNNING,24.0,58,33,-1,36.68,58,0,0.0,0.0,0.0,2.28,-0.36,1.3
2026-07-28T17:58:56.466,1159.921,274,open,ACTUATOR_ACTIVE,TRAJECTORY_COMPLETE,24.0,55,9,0,-1.09,55,0,0.0,0.0,0.0,0.69,0.07,0.93
2026-07-28T17:58:57.573,1161.031,275,close,ACTUATOR_ACTIVE,TRAJECTORY_RUNNING,24.0,55,10,16,3.44,55,0,0.0,0.0,0.0,0.64,0.07,0.85
2026-07-28T17:58:58.568,1162.015,275,close,ACTUATOR_ACTIVE,TRAJECTORY_RUNNING,24.0,55,32,0,32.79,55,0,0.0,0.0,0.0,1.41,-0.13,4.97
2026-07-28T17:58:59.689,1163.14,275,open,ACTUATOR_ACTIVE,TRAJECTORY_RUNNING,24.0,55,32,-15,6.85,55,0,0.0,0.0,0.0,1.28,-0.08,5.01
2026-07-28T17:59:00.685,1164.14,275,open,ACTUATOR_ACTIVE,TRAJECTORY_COMPLETE,24.0,56,10,1,0.37,56,0,0.0,0.0,0.0,0.63,0.08,0.87
2026-07-28T17:59:01.788,1165.234,276,close,ACTUATOR_ACTIVE,TRAJECTORY_RUNNING,24.0,56,10,17,3.52,56,0,0.0,0.0,0.0,0.6,0.08,0.85
2026-07-28T17:59:02.801,1166.25,276,close,ACTUATOR_ACTIVE,TRAJECTORY_RUNNING,24.0,56,33,0,79.81,56,0,0.0,0.0,0.0,2.19,-0.36,0.99
2026-07-28T17:59:03.900,1167.343,276,open,ACTUATOR_ACTIVE,TRAJECTORY_RUNNING,24.0,58,33,-2,34.3,58,0,0.0,0.0,0.0,2.27,-0.38,1.33
2026-07-28T17:59:04.917,1168.375,276,open,ACTUATOR_ACTIVE,TRAJECTORY_RUNNING,24.0,58,8,12,2.24,58,0,0.0,0.0,0.0,0.66,0.07,0.95
2026-07-28T17:59:06.010,1169.453,277,close,ACTUATOR_ACTIVE,TRAJECTORY_RUNNING,24.0,58,10,18,5.43,58,0,0.0,0.0,0.0,0.61,0.06,0.87
2026-07-28T17:59:07.024,1170.468,277,close,ACTUATOR_ACTIVE,TRAJECTORY_RUNNING,24.0,58,33,0,79.81,58,0,0.0,0.0,0.0,2.21,-0.35,1.02
2026-07-28T17:59:08.126,1171.578,277,open,ACTUATOR_ACTIVE,TRAJECTORY_RUNNING,24.0,55,33,-2,37.34,55,0,0.0,0.0,0.0,2.28,-0.36,1.31
2026-07-28T17:59:09.124,1172.578,277,open,ACTUATOR_ACTIVE,TRAJECTORY_RUNNING,24.0,55,10,-16,-3.2,55,0,0.0,0.0,0.0,0.68,0.07,0.95
2026-07-28T17:59:10.225,1173.671,278,close,ACTUATOR_ACTIVE,TRAJECTORY_RUNNING,24.0,55,10,18,4.67,55,0,0.0,0.0,0.0,0.64,0.07,0.86
2026-07-28T17:59:11.238,1174.687,278,close,ACTUATOR_ACTIVE,TRAJECTORY_RUNNING,24.0,55,33,0,80.42,55,0,0.0,0.0,0.0,2.21,-0.35,1.0
2026-07-28T17:59:12.345,1175.796,278,open,ACTUATOR_ACTIVE,TRAJECTORY_RUNNING,24.0,55,33,0,36.1,55,0,0.0,0.0,0.0,2.28,-0.37,1.33
2026-07-28T17:59:13.341,1176.796,278,open,ACTUATOR_ACTIVE,TRAJECTORY_COMPLETE,24.0,55,9,0,-1.03,55,0,0.0,0.0,0.0,0.68,0.07,0.93
2026-07-28T17:59:14.451,1177.906,279,close,ACTUATOR_ACTIVE,TRAJECTORY_RUNNING,24.0,55,10,17,3.84,55,0,0.0,0.0,0.0,0.62,0.07,0.84
2026-07-28T17:59:15.449,1178.906,279,close,ACTUATOR_ACTIVE,TRAJECTORY_RUNNING,24.0,55,33,0,84.01,55,0,0.0,0.0,0.0,2.21,-0.35,1.04
2026-07-28T17:59:16.560,1180.015,279,open,ACTUATOR_ACTIVE,TRAJECTORY_RUNNING,24.0,58,33,0,30.59,58,0,0.0,0.0,0.0,2.28,-0.36,1.33
2026-07-28T17:59:17.560,1181.015,279,open,ACTUATOR_ACTIVE,TRAJECTORY_RUNNING,24.0,58,8,11,2.54,58,0,0.0,0.0,0.0,0.66,0.08,0.93
2026-07-28T17:59:18.671,1182.125,280,close,ACTUATOR_ACTIVE,TRAJECTORY_RUNNING,24.0,58,10,17,2.69,58,0,0.0,0.0,0.0,0.61,0.07,0.84
2026-07-28T17:59:19.667,1183.125,280,close,ACTUATOR_ACTIVE,TRAJECTORY_RUNNING,24.0,58,33,0,81.2,58,0,0.0,0.0,0.0,2.2,-0.34,0.99
2026-07-28T17:59:20.773,1184.218,280,open,ACTUATOR_ACTIVE,TRAJECTORY_RUNNING,24.0,54,33,0,31.64,54,0,0.0,0.0,0.0,2.28,-0.36,1.33
2026-07-28T17:59:21.774,1185.218,280,open,ACTUATOR_ACTIVE,TRAJECTORY_RUNNING,24.0,54,8,10,1.97,54,0,0.0,0.0,0.0,0.66,0.08,0.93
2026-07-28T17:59:22.881,1186.328,281,close,ACTUATOR_ACTIVE,TRAJECTORY_RUNNING,24.0,54,10,15,4.12,54,0,0.0,0.0,0.0,0.61,0.08,0.85
2026-07-28T17:59:23.896,1187.343,281,close,ACTUATOR_ACTIVE,TRAJECTORY_RUNNING,24.0,57,33,1,81.56,57,0,0.0,0.0,0.0,2.21,-0.35,1.02
2026-07-28T17:59:25.000,1188.453,281,open,ACTUATOR_ACTIVE,TRAJECTORY_RUNNING,24.0,57,33,0,33.91,57,0,0.0,0.0,0.0,2.28,-0.35,1.31
2026-07-28T17:59:25.993,1189.437,281,open,ACTUATOR_ACTIVE,TRAJECTORY_RUNNING,24.0,57,8,9,3.08,57,0,0.0,0.0,0.0,0.64,0.09,0.93
2026-07-28T17:59:27.115,1190.562,282,close,ACTUATOR_ACTIVE,TRAJECTORY_RUNNING,24.0,57,10,17,4.16,57,0,0.0,0.0,0.0,0.6,0.08,0.85
2026-07-28T17:59:28.114,1191.562,282,close,ACTUATOR_ACTIVE,TRAJECTORY_RUNNING,24.0,55,33,-1,82.33,55,0,0.0,0.0,0.0,2.2,-0.34,1.02
2026-07-28T17:59:29.221,1192.671,282,open,ACTUATOR_ACTIVE,TRAJECTORY_RUNNING,24.0,55,33,0,31.51,55,0,0.0,0.0,0.0,2.28,-0.35,1.34
2026-07-28T17:59:30.219,1193.671,282,open,ACTUATOR_ACTIVE,TRAJECTORY_RUNNING,24.0,55,8,10,2.68,55,0,0.0,0.0,0.0,0.65,0.09,0.93
2026-07-28T17:59:31.325,1194.781,283,close,ACTUATOR_ACTIVE,TRAJECTORY_RUNNING,24.0,55,10,17,4.2,55,0,0.0,0.0,0.0,0.61,0.08,0.86
2026-07-28T17:59:32.315,1195.765,283,close,ACTUATOR_ACTIVE,TRAJECTORY_RUNNING,24.0,55,32,0,35.66,55,0,0.0,0.0,0.0,1.4,-0.12,4.97
2026-07-28T17:59:33.441,1196.89,283,open,ACTUATOR_ACTIVE,TRAJECTORY_RUNNING,24.0,55,32,-16,7.25,55,0,0.0,0.0,0.0,1.04,0.22,3.17
2026-07-28T17:59:34.438,1197.89,283,open,ACTUATOR_ACTIVE,TRAJECTORY_COMPLETE,24.0,55,10,5,0.75,55,0,0.0,0.0,0.0,0.61,0.1,0.86
2026-07-28T17:59:35.545,1199.0,284,close,ACTUATOR_ACTIVE,TRAJECTORY_RUNNING,24.0,55,10,19,4.87,55,0,0.0,0.0,0.0,0.58,0.09,0.84
2026-07-28T17:59:36.542,1200.0,284,close,ACTUATOR_ACTIVE,TRAJECTORY_RUNNING,24.0,60,33,-1,82.14,60,0,0.0,0.0,0.0,2.19,-0.36,0.99
2026-07-28T17:59:37.652,1201.109,284,open,ACTUATOR_ACTIVE,TRAJECTORY_RUNNING,24.0,60,33,1,31.43,60,0,0.0,0.0,0.0,2.27,-0.36,1.34
2026-07-28T17:59:38.648,1202.093,284,open,ACTUATOR_ACTIVE,TRAJECTORY_COMPLETE,24.0,60,9,1,-1.0,60,0,0.0,0.0,0.0,0.66,0.08,0.92
2026-07-28T17:59:39.772,1203.218,285,close,ACTUATOR_ACTIVE,TRAJECTORY_RUNNING,24.0,55,10,17,5.02,55,0,0.0,0.0,0.0,0.62,0.07,0.85
2026-07-28T17:59:40.783,1204.234,285,close,ACTUATOR_ACTIVE,TRAJECTORY_RUNNING,24.0,55,32,0,32.93,55,0,0.0,0.0,0.0,1.4,-0.12,4.97
2026-07-28T17:59:41.890,1205.343,285,open,ACTUATOR_ACTIVE,TRAJECTORY_RUNNING,24.0,55,32,-17,7.8,55,0,0.0,0.0,0.0,1.21,0.05,4.54
2026-07-28T17:59:42.883,1206.328,285,open,ACTUATOR_ACTIVE,TRAJECTORY_COMPLETE,24.0,55,10,1,0.65,55,0,0.0,0.0,0.0,0.61,0.1,0.86
2026-07-28T17:59:44.005,1207.453,286,close,ACTUATOR_ACTIVE,TRAJECTORY_RUNNING,24.0,60,10,15,4.92,60,0,0.0,0.0,0.0,0.58,0.09,0.84
2026-07-28T17:59:45.002,1208.453,286,close,ACTUATOR_ACTIVE,TRAJECTORY_RUNNING,24.0,60,32,0,30.36,60,0,0.0,0.0,0.0,1.38,-0.11,4.96
2026-07-28T17:59:46.110,1209.562,286,open,ACTUATOR_ACTIVE,TRAJECTORY_RUNNING,24.0,60,32,-14,8.12,60,0,0.0,0.0,0.0,1.39,-0.12,5.04
2026-07-28T17:59:47.103,1210.546,286,open,ACTUATOR_ACTIVE,TRAJECTORY_COMPLETE,24.0,60,10,3,1.07,60,0,0.0,0.0,0.0,0.6,0.1,0.85
2026-07-28T17:59:48.220,1211.671,287,close,ACTUATOR_ACTIVE,TRAJECTORY_RUNNING,24.0,58,10,16,3.46,58,0,0.0,0.0,0.0,0.58,0.09,0.83
2026-07-28T17:59:49.218,1212.671,287,close,ACTUATOR_ACTIVE,TRAJECTORY_RUNNING,24.0,58,33,-1,82.32,58,0,0.0,0.0,0.0,2.18,-0.36,0.94
2026-07-28T17:59:50.323,1213.781,287,open,ACTUATOR_ACTIVE,TRAJECTORY_RUNNING,24.0,58,33,0,35.06,58,0,0.0,0.0,0.0,2.27,-0.37,1.32
2026-07-28T17:59:51.324,1214.781,287,open,ACTUATOR_ACTIVE,TRAJECTORY_RUNNING,24.0,58,8,10,2.59,58,0,0.0,0.0,0.0,0.66,0.07,0.95
2026-07-28T17:59:52.426,1215.875,288,close,ACTUATOR_ACTIVE,TRAJECTORY_RUNNING,24.0,56,10,16,4.0,56,0,0.0,0.0,0.0,0.63,0.08,0.87
2026-07-28T17:59:53.435,1216.89,288,close,ACTUATOR_ACTIVE,TRAJECTORY_RUNNING,24.0,56,32,0,32.87,56,0,0.0,0.0,0.0,1.4,-0.12,4.96
2026-07-28T17:59:54.535,1217.984,288,open,ACTUATOR_ACTIVE,TRAJECTORY_RUNNING,24.0,56,32,-15,7.12,56,0,0.0,0.0,0.0,1.4,-0.12,5.04
2026-07-28T17:59:55.549,1219.0,288,open,ACTUATOR_ACTIVE,TRAJECTORY_COMPLETE,24.0,56,10,2,1.37,56,0,0.0,0.0,0.0,0.62,0.09,0.87
2026-07-28T17:59:56.652,1220.109,289,close,ACTUATOR_ACTIVE,TRAJECTORY_RUNNING,24.0,56,10,15,3.0,56,0,0.0,0.0,0.0,0.59,0.09,0.86
2026-07-28T17:59:57.649,1221.093,289,close,ACTUATOR_ACTIVE,TRAJECTORY_RUNNING,24.0,56,32,0,30.95,56,0,0.0,0.0,0.0,1.39,-0.1,4.93
2026-07-28T17:59:58.772,1222.218,289,open,ACTUATOR_ACTIVE,TRAJECTORY_RUNNING,24.0,56,32,-14,7.96,56,0,0.0,0.0,0.0,1.38,-0.12,5.04
2026-07-28T17:59:59.772,1223.218,289,open,ACTUATOR_ACTIVE,TRAJECTORY_COMPLETE,24.0,54,10,12,0.37,54,0,0.0,0.0,0.0,0.6,0.1,0.86
2026-07-28T18:00:00.878,1224.328,290,close,ACTUATOR_ACTIVE,TRAJECTORY_RUNNING,24.0,54,10,18,3.17,54,0,0.0,0.0,0.0,0.58,0.09,0.85
2026-07-28T18:00:01.870,1225.328,290,close,ACTUATOR_ACTIVE,TRAJECTORY_RUNNING,24.0,54,32,0,32.98,54,0,0.0,0.0,0.0,1.39,-0.1,4.94
2026-07-28T18:00:02.972,1226.421,290,open,ACTUATOR_ACTIVE,TRAJECTORY_RUNNING,24.0,54,32,-14,7.59,54,0,0.0,0.0,0.0,1.11,0.21,3.51
2026-07-28T18:00:03.970,1227.421,290,open,ACTUATOR_ACTIVE,TRAJECTORY_COMPLETE,24.0,56,10,5,0.54,56,0,0.0,0.0,0.0,0.6,0.09,0.85
2026-07-28T18:00:05.079,1228.531,291,close,ACTUATOR_ACTIVE,TRAJECTORY_RUNNING,24.0,56,10,18,2.73,56,0,0.0,0.0,0.0,0.57,0.08,0.82
2026-07-28T18:00:06.076,1229.531,291,close,ACTUATOR_ACTIVE,TRAJECTORY_RUNNING,24.0,56,33,1,79.85,56,0,0.0,0.0,0.0,2.18,-0.36,0.96
2026-07-28T18:00:07.185,1230.64,291,open,ACTUATOR_ACTIVE,TRAJECTORY_RUNNING,24.0,56,33,-2,33.6,56,0,0.0,0.0,0.0,2.27,-0.36,1.33
2026-07-28T18:00:08.179,1231.625,291,open,ACTUATOR_ACTIVE,TRAJECTORY_RUNNING,24.0,52,8,9,2.69,52,0,0.0,0.0,0.0,0.65,0.07,0.96
2026-07-28T18:00:09.293,1232.75,292,close,ACTUATOR_ACTIVE,TRAJECTORY_RUNNING,24.0,52,10,15,3.35,52,0,0.0,0.0,0.0,0.62,0.07,0.89
2026-07-28T18:00:10.288,1233.734,292,close,ACTUATOR_ACTIVE,TRAJECTORY_RUNNING,24.0,52,33,-1,82.65,52,0,0.0,0.0,0.0,2.2,-0.34,1.01
2026-07-28T18:00:11.412,1234.859,292,open,ACTUATOR_ACTIVE,TRAJECTORY_RUNNING,24.0,52,33,0,31.88,52,0,0.0,0.0,0.0,2.27,-0.36,1.35
2026-07-28T18:00:12.411,1235.859,292,open,ACTUATOR_ACTIVE,TRAJECTORY_RUNNING,24.0,58,8,9,2.98,58,0,0.0,0.0,0.0,0.68,0.07,0.96
2026-07-28T18:00:13.518,1236.968,293,close,ACTUATOR_ACTIVE,TRAJECTORY_RUNNING,24.0,58,10,15,3.39,58,0,0.0,0.0,0.0,0.64,0.07,0.88
2026-07-28T18:00:14.514,1237.968,293,close,ACTUATOR_ACTIVE,TRAJECTORY_RUNNING,24.0,58,33,0,79.19,58,0,0.0,0.0,0.0,2.21,-0.33,1.07
2026-07-28T18:00:15.620,1239.062,293,open,ACTUATOR_ACTIVE,TRAJECTORY_RUNNING,24.0,58,33,0,36.49,58,0,0.0,0.0,0.0,2.28,-0.34,1.35
2026-07-28T18:00:16.629,1240.078,293,open,ACTUATOR_ACTIVE,TRAJECTORY_RUNNING,24.0,54,9,11,2.74,54,0,0.0,0.0,0.0,0.68,0.08,0.94
2026-07-28T18:00:17.738,1241.187,294,close,ACTUATOR_ACTIVE,TRAJECTORY_RUNNING,24.0,54,10,18,2.71,54,0,0.0,0.0,0.0,0.64,0.07,0.87
2026-07-28T18:00:18.733,1242.187,294,close,ACTUATOR_ACTIVE,TRAJECTORY_RUNNING,24.0,54,33,1,79.85,54,0,0.0,0.0,0.0,2.2,-0.33,1.04
2026-07-28T18:00:19.838,1243.281,294,open,ACTUATOR_ACTIVE,TRAJECTORY_RUNNING,24.0,52,33,-3,39.03,52,0,0.0,0.0,0.0,2.28,-0.35,1.38
2026-07-28T18:00:20.850,1244.296,294,open,ACTUATOR_ACTIVE,TRAJECTORY_RUNNING,24.0,52,9,12,3.28,52,0,0.0,0.0,0.0,0.68,0.08,0.95
2026-07-28T18:00:21.958,1245.406,295,close,ACTUATOR_ACTIVE,TRAJECTORY_RUNNING,24.0,52,10,16,4.45,52,0,0.0,0.0,0.0,0.63,0.07,0.86
2026-07-28T18:00:22.948,1246.406,295,close,ACTUATOR_ACTIVE,TRAJECTORY_RUNNING,24.0,52,32,0,27.67,52,0,0.0,0.0,0.0,1.41,-0.11,4.97
2026-07-28T18:00:24.059,1247.515,295,open,ACTUATOR_ACTIVE,TRAJECTORY_RUNNING,24.0,56,32,-14,7.53,56,0,0.0,0.0,0.0,1.41,-0.12,5.05
2026-07-28T18:00:25.060,1248.515,295,open,ACTUATOR_ACTIVE,TRAJECTORY_COMPLETE,24.0,56,10,5,0.8,56,0,0.0,0.0,0.0,0.63,0.09,0.88
2026-07-28T18:00:26.161,1249.609,296,close,ACTUATOR_ACTIVE,TRAJECTORY_RUNNING,24.0,56,10,15,2.74,56,0,0.0,0.0,0.0,0.6,0.09,0.84
2026-07-28T18:00:27.175,1250.625,296,close,ACTUATOR_ACTIVE,TRAJECTORY_RUNNING,24.0,56,33,1,81.51,56,0,0.0,0.0,0.0,2.19,-0.34,1.01
2026-07-28T18:00:28.275,1251.718,296,open,ACTUATOR_ACTIVE,TRAJECTORY_RUNNING,24.0,54,33,0,34.86,54,0,0.0,0.0,0.0,2.27,-0.35,1.37
2026-07-28T18:00:29.288,1252.734,296,open,ACTUATOR_ACTIVE,TRAJECTORY_RUNNING,24.0,54,8,11,3.11,54,0,0.0,0.0,0.0,0.67,0.08,0.96
2026-07-28T18:00:30.391,1253.843,297,close,ACTUATOR_ACTIVE,TRAJECTORY_RUNNING,24.0,54,10,16,3.21,54,0,0.0,0.0,0.0,0.63,0.08,0.88
2026-07-28T18:00:31.384,1254.828,297,close,ACTUATOR_ACTIVE,TRAJECTORY_RUNNING,24.0,54,33,0,83.11,54,0,0.0,0.0,0.0,2.21,-0.34,1.05
2026-07-28T18:00:32.506,1255.953,297,open,ACTUATOR_ACTIVE,TRAJECTORY_RUNNING,24.0,57,33,-2,35.75,57,0,0.0,0.0,0.0,2.28,-0.35,1.39
2026-07-28T18:00:33.501,1256.953,297,open,ACTUATOR_ACTIVE,TRAJECTORY_COMPLETE,24.0,57,9,0,-1.08,57,0,0.0,0.0,0.0,0.68,0.08,0.94
2026-07-28T18:00:34.608,1258.062,298,close,ACTUATOR_ACTIVE,TRAJECTORY_RUNNING,24.0,57,10,16,4.12,57,0,0.0,0.0,0.0,0.63,0.08,0.87
2026-07-28T18:00:35.606,1259.062,298,close,ACTUATOR_ACTIVE,TRAJECTORY_RUNNING,24.0,57,33,0,81.6,57,0,0.0,0.0,0.0,2.2,-0.33,1.04
2026-07-28T18:00:36.717,1260.171,298,open,ACTUATOR_ACTIVE,TRAJECTORY_RUNNING,24.0,54,33,0,30.14,54,0,0.0,0.0,0.0,2.28,-0.34,1.36
2026-07-28T18:00:37.717,1261.171,298,open,ACTUATOR_ACTIVE,TRAJECTORY_RUNNING,24.0,54,8,10,2.96,54,0,0.0,0.0,0.0,0.68,0.09,0.95
2026-07-28T18:00:38.822,1262.265,299,close,ACTUATOR_ACTIVE,TRAJECTORY_RUNNING,24.0,54,10,18,2.78,54,0,0.0,0.0,0.0,0.63,0.09,0.88
2026-07-28T18:00:39.836,1263.281,299,close,ACTUATOR_ACTIVE,TRAJECTORY_RUNNING,24.0,56,32,0,30.82,56,0,0.0,0.0,0.0,1.4,-0.11,4.97
2026-07-28T18:00:40.941,1264.39,299,open,ACTUATOR_ACTIVE,TRAJECTORY_RUNNING,24.0,56,32,-16,7.37,56,0,0.0,0.0,0.0,1.21,0.17,3.94
2026-07-28T18:00:41.949,1265.406,299,open,ACTUATOR_ACTIVE,TRAJECTORY_RUNNING,24.0,56,10,0,3.74,56,0,0.0,0.0,0.0,0.64,0.1,0.88
2026-07-28T18:00:43.054,1266.5,300,close,ACTUATOR_ACTIVE,TRAJECTORY_RUNNING,24.0,56,10,14,2.75,56,0,0.0,0.0,0.0,0.6,0.09,0.84
2026-07-28T18:00:44.066,1267.515,300,close,ACTUATOR_ACTIVE,TRAJECTORY_RUNNING,24.0,54,33,0,75.98,54,0,0.0,0.0,0.0,2.2,-0.34,1.04
2026-07-28T18:00:45.172,1268.625,300,open,ACTUATOR_ACTIVE,TRAJECTORY_RUNNING,24.0,54,33,0,34.12,54,0,0.0,0.0,0.0,2.27,-0.35,1.35
2026-07-28T18:00:46.167,1269.625,300,open,ACTUATOR_ACTIVE,TRAJECTORY_RUNNING,24.0,54,8,9,2.03,54,0,0.0,0.0,0.0,0.67,0.07,0.95
2026-07-28T18:00:47.271,1270.718,301,close,ACTUATOR_ACTIVE,TRAJECTORY_RUNNING,24.0,54,10,18,3.46,54,0,0.0,0.0,0.0,0.63,0.07,0.87
2026-07-28T18:00:48.270,1271.718,301,close,ACTUATOR_ACTIVE,TRAJECTORY_RUNNING,24.0,60,32,0,31.88,60,0,0.0,0.0,0.0,1.41,-0.11,4.98
2026-07-28T18:00:49.381,1272.828,301,open,ACTUATOR_ACTIVE,TRAJECTORY_RUNNING,24.0,60,32,-16,6.9,60,0,0.0,0.0,0.0,1.23,0.11,4.31
2026-07-28T18:00:50.380,1273.828,301,open,ACTUATOR_ACTIVE,TRAJECTORY_COMPLETE,24.0,60,10,5,0.37,60,0,0.0,0.0,0.0,0.63,0.1,0.88
2026-07-28T18:00:51.485,1274.937,302,close,ACTUATOR_ACTIVE,TRAJECTORY_RUNNING,24.0,60,10,19,3.04,60,0,0.0,0.0,0.0,0.6,0.09,0.86
2026-07-28T18:00:52.481,1275.937,302,close,ACTUATOR_ACTIVE,TRAJECTORY_RUNNING,24.0,56,32,0,34.82,56,0,0.0,0.0,0.0,1.39,-0.09,4.96
2026-07-28T18:00:53.583,1277.031,302,open,ACTUATOR_ACTIVE,TRAJECTORY_RUNNING,24.0,56,32,-15,7.14,56,0,0.0,0.0,0.0,1.39,-0.11,5.04
2026-07-28T18:00:54.597,1278.046,302,open,ACTUATOR_ACTIVE,TRAJECTORY_COMPLETE,24.0,56,10,4,0.95,56,0,0.0,0.0,0.0,0.61,0.09,0.87
2026-07-28T18:00:55.708,1279.156,303,close,ACTUATOR_ACTIVE,TRAJECTORY_RUNNING,24.0,56,11,21,4.26,56,0,0.0,0.0,0.0,0.58,0.09,0.86
2026-07-28T18:00:56.706,1280.156,303,close,ACTUATOR_ACTIVE,TRAJECTORY_RUNNING,24.0,58,33,0,85.36,58,0,0.0,0.0,0.0,2.18,-0.34,1.01
2026-07-28T18:00:57.804,1281.25,303,open,ACTUATOR_ACTIVE,TRAJECTORY_RUNNING,24.0,58,33,0,37.46,58,0,0.0,0.0,0.0,2.27,-0.36,1.37
2026-07-28T18:00:58.819,1282.265,303,open,ACTUATOR_ACTIVE,TRAJECTORY_RUNNING,24.0,58,8,10,2.37,58,0,0.0,0.0,0.0,0.66,0.07,0.97
2026-07-28T18:00:59.926,1283.375,304,close,ACTUATOR_ACTIVE,TRAJECTORY_RUNNING,24.0,58,10,16,4.34,58,0,0.0,0.0,0.0,0.62,0.07,0.9
2026-07-28T18:01:00.927,1284.375,304,close,ACTUATOR_ACTIVE,TRAJECTORY_RUNNING,24.0,58,33,0,83.21,58,0,0.0,0.0,0.0,2.2,-0.32,1.04
2026-07-28T18:01:02.030,1285.484,304,open,ACTUATOR_ACTIVE,TRAJECTORY_RUNNING,24.0,58,33,0,31.28,58,0,0.0,0.0,0.0,2.28,-0.33,1.35
2026-07-28T18:01:03.026,1286.468,304,open,ACTUATOR_ACTIVE,TRAJECTORY_RUNNING,24.0,58,8,9,3.04,58,0,0.0,0.0,0.0,0.68,0.07,0.97
2026-07-28T18:01:04.148,1287.593,305,close,ACTUATOR_ACTIVE,TRAJECTORY_RUNNING,24.0,52,10,17,4.73,52,0,0.0,0.0,0.0,0.64,0.08,0.89
2026-07-28T18:01:05.159,1288.609,305,close,ACTUATOR_ACTIVE,TRAJECTORY_RUNNING,24.0,52,33,-1,84.17,52,0,0.0,0.0,0.0,2.21,-0.32,1.08
2026-07-28T18:01:06.265,1289.718,305,open,ACTUATOR_ACTIVE,TRAJECTORY_RUNNING,24.0,52,33,-1,32.08,52,0,0.0,0.0,0.0,2.28,-0.33,1.38
2026-07-28T18:01:07.265,1290.718,305,open,ACTUATOR_ACTIVE,TRAJECTORY_RUNNING,24.0,52,8,7,1.61,52,0,0.0,0.0,0.0,0.67,0.08,0.97
2026-07-28T18:01:08.371,1291.828,306,close,ACTUATOR_ACTIVE,TRAJECTORY_RUNNING,24.0,54,10,15,3.5,54,0,0.0,0.0,0.0,0.63,0.08,0.9
2026-07-28T18:01:09.367,1292.812,306,close,ACTUATOR_ACTIVE,TRAJECTORY_RUNNING,24.0,54,32,0,30.91,54,0,0.0,0.0,0.0,1.41,-0.1,4.99
2026-07-28T18:01:10.487,1293.937,306,open,ACTUATOR_ACTIVE,TRAJECTORY_RUNNING,24.0,54,32,-14,6.4,54,0,0.0,0.0,0.0,1.22,0.08,4.48
2026-07-28T18:01:11.481,1294.937,306,open,ACTUATOR_ACTIVE,TRAJECTORY_COMPLETE,24.0,54,10,6,-0.29,54,0,0.0,0.0,0.0,0.62,0.1,0.9
2026-07-28T18:01:12.591,1296.046,307,close,ACTUATOR_ACTIVE,TRAJECTORY_RUNNING,24.0,54,10,17,3.41,54,0,0.0,0.0,0.0,0.59,0.09,0.87
2026-07-28T18:01:13.589,1297.046,307,close,ACTUATOR_ACTIVE,TRAJECTORY_RUNNING,24.0,54,33,1,83.18,54,0,0.0,0.0,0.0,2.2,-0.33,1.08
2026-07-28T18:01:14.693,1298.14,307,open,ACTUATOR_ACTIVE,TRAJECTORY_RUNNING,24.0,54,33,0,34.27,54,0,0.0,0.0,0.0,2.28,-0.34,1.38
2026-07-28T18:01:15.708,1299.156,307,open,ACTUATOR_ACTIVE,TRAJECTORY_COMPLETE,24.0,54,9,1,0.43,54,0,0.0,0.0,0.0,0.67,0.07,0.96
2026-07-28T18:01:16.813,1300.265,308,close,ACTUATOR_ACTIVE,TRAJECTORY_RUNNING,24.0,57,10,15,3.98,57,0,0.0,0.0,0.0,0.63,0.07,0.89
2026-07-28T18:01:17.805,1301.25,308,close,ACTUATOR_ACTIVE,TRAJECTORY_RUNNING,24.0,57,33,0,83.83,57,0,0.0,0.0,0.0,2.2,-0.33,1.06
2026-07-28T18:01:18.931,1302.375,308,open,ACTUATOR_ACTIVE,TRAJECTORY_RUNNING,24.0,57,33,0,31.77,57,0,0.0,0.0,0.0,2.28,-0.34,1.4
2026-07-28T18:01:19.927,1303.375,308,open,ACTUATOR_ACTIVE,TRAJECTORY_RUNNING,24.0,53,8,8,2.67,53,0,0.0,0.0,0.0,0.68,0.07,0.97
2026-07-28T18:01:21.032,1304.484,309,close,ACTUATOR_ACTIVE,TRAJECTORY_RUNNING,24.0,53,10,18,4.29,53,0,0.0,0.0,0.0,0.64,0.08,0.9
2026-07-28T18:01:22.030,1305.484,309,close,ACTUATOR_ACTIVE,TRAJECTORY_RUNNING,24.0,53,33,0,84.94,53,0,0.0,0.0,0.0,2.2,-0.32,1.07
2026-07-28T18:01:23.137,1306.593,309,open,ACTUATOR_ACTIVE,TRAJECTORY_RUNNING,24.0,53,33,-3,33.38,53,0,0.0,0.0,0.0,2.28,-0.33,1.38
2026-07-28T18:01:24.138,1307.593,309,open,ACTUATOR_ACTIVE,TRAJECTORY_RUNNING,24.0,54,8,9,3.19,54,0,0.0,0.0,0.0,0.67,0.08,0.97
2026-07-28T18:01:25.246,1308.703,310,close,ACTUATOR_ACTIVE,TRAJECTORY_RUNNING,24.0,54,10,17,4.24,54,0,0.0,0.0,0.0,0.61,0.08,0.9
2026-07-28T18:01:26.240,1309.687,310,close,ACTUATOR_ACTIVE,TRAJECTORY_RUNNING,24.0,54,33,0,78.56,54,0,0.0,0.0,0.0,2.2,-0.32,1.05
2026-07-28T18:01:27.358,1310.812,310,open,ACTUATOR_ACTIVE,TRAJECTORY_RUNNING,24.0,54,33,0,34.07,54,0,0.0,0.0,0.0,2.28,-0.34,1.38
2026-07-28T18:01:28.359,1311.812,310,open,ACTUATOR_ACTIVE,TRAJECTORY_RUNNING,24.0,57,8,9,3.2,57,0,0.0,0.0,0.0,0.65,0.07,0.95
2026-07-28T18:01:29.463,1312.906,311,close,ACTUATOR_ACTIVE,TRAJECTORY_RUNNING,24.0,57,10,19,4.46,57,0,0.0,0.0,0.0,0.61,0.07,0.89
2026-07-28T18:01:30.475,1313.921,311,close,ACTUATOR_ACTIVE,TRAJECTORY_RUNNING,24.0,57,32,0,30.75,57,0,0.0,0.0,0.0,1.41,-0.1,4.99
2026-07-28T18:01:31.578,1315.031,311,open,ACTUATOR_ACTIVE,TRAJECTORY_RUNNING,24.0,57,32,-13,6.99,57,0,0.0,0.0,0.0,1.2,0.16,3.89
2026-07-28T18:01:32.574,1316.031,311,open,ACTUATOR_ACTIVE,TRAJECTORY_COMPLETE,24.0,58,9,0,1.31,58,0,0.0,0.0,0.0,0.61,0.11,0.88
2026-07-28T18:01:33.677,1317.125,312,close,ACTUATOR_ACTIVE,TRAJECTORY_RUNNING,24.0,58,10,19,2.53,58,0,0.0,0.0,0.0,0.58,0.1,0.86
2026-07-28T18:01:34.691,1318.14,312,close,ACTUATOR_ACTIVE,TRAJECTORY_RUNNING,24.0,58,33,-1,76.68,58,0,0.0,0.0,0.0,2.2,-0.33,1.08
2026-07-28T18:01:35.798,1319.25,312,open,ACTUATOR_ACTIVE,TRAJECTORY_RUNNING,24.0,58,33,-3,35.08,58,0,0.0,0.0,0.0,2.27,-0.34,1.37
2026-07-28T18:01:36.799,1320.25,312,open,ACTUATOR_ACTIVE,TRAJECTORY_RUNNING,24.0,58,8,9,2.77,58,0,0.0,0.0,0.0,0.66,0.07,0.97
2026-07-28T18:01:37.909,1321.359,313,close,ACTUATOR_ACTIVE,TRAJECTORY_RUNNING,24.0,58,10,19,4.36,58,0,0.0,0.0,0.0,0.62,0.07,0.88
2026-07-28T18:01:38.907,1322.359,313,close,ACTUATOR_ACTIVE,TRAJECTORY_RUNNING,24.0,58,32,0,29.22,58,0,0.0,0.0,0.0,1.4,-0.09,4.99
2026-07-28T18:01:40.014,1323.468,313,open,ACTUATOR_ACTIVE,TRAJECTORY_RUNNING,24.0,55,32,-16,6.36,55,0,0.0,0.0,0.0,1.18,0.17,3.93
2026-07-28T18:01:41.011,1324.468,313,open,ACTUATOR_ACTIVE,TRAJECTORY_COMPLETE,24.0,55,10,4,0.25,55,0,0.0,0.0,0.0,0.62,0.11,0.89
2026-07-28T18:01:42.117,1325.562,314,close,ACTUATOR_ACTIVE,TRAJECTORY_RUNNING,24.0,55,10,16,3.57,55,0,0.0,0.0,0.0,0.59,0.1,0.85
2026-07-28T18:01:43.127,1326.578,314,close,ACTUATOR_ACTIVE,TRAJECTORY_RUNNING,24.0,55,33,0,85.13,55,0,0.0,0.0,0.0,2.19,-0.33,1.07
2026-07-28T18:01:44.234,1327.687,314,open,ACTUATOR_ACTIVE,TRAJECTORY_RUNNING,24.0,55,33,0,33.43,55,0,0.0,0.0,0.0,2.27,-0.34,1.38
2026-07-28T18:01:45.231,1328.687,314,open,ACTUATOR_ACTIVE,TRAJECTORY_COMPLETE,24.0,55,9,0,-0.92,55,0,0.0,0.0,0.0,0.67,0.06,0.97
2026-07-28T18:01:46.339,1329.781,315,close,ACTUATOR_ACTIVE,TRAJECTORY_RUNNING,24.0,55,10,18,3.36,55,0,0.0,0.0,0.0,0.63,0.06,0.9
2026-07-28T18:01:47.350,1330.796,315,close,ACTUATOR_ACTIVE,TRAJECTORY_RUNNING,24.0,55,32,0,32.25,55,0,0.0,0.0,0.0,1.41,-0.09,5.0
2026-07-28T18:01:48.460,1331.906,315,open,ACTUATOR_ACTIVE,TRAJECTORY_RUNNING,24.0,56,32,-15,6.65,56,0,0.0,0.0,0.0,1.22,0.04,4.71
2026-07-28T18:01:49.470,1332.921,315,open,ACTUATOR_ACTIVE,TRAJECTORY_RUNNING,24.0,56,10,2,0.84,56,0,0.0,0.0,0.0,0.62,0.09,0.89
2026-07-28T18:01:50.578,1334.031,316,close,ACTUATOR_ACTIVE,TRAJECTORY_RUNNING,24.0,56,10,16,3.58,56,0,0.0,0.0,0.0,0.6,0.09,0.87
2026-07-28T18:01:51.575,1335.031,316,close,ACTUATOR_ACTIVE,TRAJECTORY_RUNNING,24.0,56,32,0,29.89,56,0,0.0,0.0,0.0,1.39,-0.08,4.96
2026-07-28T18:01:52.681,1336.125,316,open,ACTUATOR_ACTIVE,TRAJECTORY_RUNNING,24.0,54,32,-15,7.08,54,0,0.0,0.0,0.0,1.04,0.25,3.17
2026-07-28T18:01:53.691,1337.14,316,open,ACTUATOR_ACTIVE,TRAJECTORY_RUNNING,24.0,54,10,2,1.33,54,0,0.0,0.0,0.0,0.62,0.1,0.88
2026-07-28T18:01:54.797,1338.25,317,close,ACTUATOR_ACTIVE,TRAJECTORY_RUNNING,24.0,54,10,14,2.91,54,0,0.0,0.0,0.0,0.59,0.09,0.87
2026-07-28T18:01:55.789,1339.234,317,close,ACTUATOR_ACTIVE,TRAJECTORY_RUNNING,24.0,59,33,-1,79.18,59,0,0.0,0.0,0.0,2.17,-0.33,0.99
2026-07-28T18:01:56.911,1340.359,317,open,ACTUATOR_ACTIVE,TRAJECTORY_RUNNING,24.0,59,33,0,32.56,59,0,0.0,0.0,0.0,2.27,-0.34,1.39
2026-07-28T18:01:57.911,1341.359,317,open,ACTUATOR_ACTIVE,TRAJECTORY_RUNNING,24.0,59,8,10,3.44,59,0,0.0,0.0,0.0,0.67,0.06,0.99
2026-07-28T18:01:59.013,1342.468,318,close,ACTUATOR_ACTIVE,TRAJECTORY_RUNNING,24.0,59,10,16,5.12,59,0,0.0,0.0,0.0,0.63,0.06,0.94
2026-07-28T18:02:00.005,1343.453,318,close,ACTUATOR_ACTIVE,TRAJECTORY_RUNNING,24.0,54,33,0,76.76,54,0,0.0,0.0,0.0,2.2,-0.31,1.07
2026-07-28T18:02:01.129,1344.578,318,open,ACTUATOR_ACTIVE,TRAJECTORY_RUNNING,24.0,54,33,0,31.99,54,0,0.0,0.0,0.0,2.28,-0.34,1.42
2026-07-28T18:02:02.119,1345.562,318,open,ACTUATOR_ACTIVE,TRAJECTORY_RUNNING,24.0,54,8,11,3.59,54,0,0.0,0.0,0.0,0.68,0.07,1.0
2026-07-28T18:02:03.241,1346.687,319,close,ACTUATOR_ACTIVE,TRAJECTORY_RUNNING,24.0,54,10,16,4.51,54,0,0.0,0.0,0.0,0.64,0.07,0.92
2026-07-28T18:02:04.241,1347.687,319,close,ACTUATOR_ACTIVE,TRAJECTORY_RUNNING,24.0,55,32,0,29.57,55,0,0.0,0.0,0.0,1.4,-0.08,4.98
2026-07-28T18:02:05.347,1348.796,319,open,ACTUATOR_ACTIVE,TRAJECTORY_RUNNING,24.0,55,32,-15,8.03,55,0,0.0,0.0,0.0,1.4,-0.1,5.06
2026-07-28T18:02:06.345,1349.796,319,open,ACTUATOR_ACTIVE,TRAJECTORY_COMPLETE,24.0,55,10,0,0.42,55,0,0.0,0.0,0.0,0.64,0.1,0.9
2026-07-28T18:02:07.462,1350.906,320,close,ACTUATOR_ACTIVE,TRAJECTORY_RUNNING,24.0,55,10,18,3.52,55,0,0.0,0.0,0.0,0.61,0.09,0.89
2026-07-28T18:02:08.462,1351.906,320,close,ACTUATOR_ACTIVE,TRAJECTORY_RUNNING,24.0,55,33,0,83.97,55,0,0.0,0.0,0.0,2.19,-0.32,1.02
2026-07-28T18:02:09.571,1353.015,320,open,ACTUATOR_ACTIVE,TRAJECTORY_RUNNING,24.0,55,33,-1,30.37,55,0,0.0,0.0,0.0,2.28,-0.34,1.38
2026-07-28T18:02:10.585,1354.031,320,open,ACTUATOR_ACTIVE,TRAJECTORY_COMPLETE,24.0,55,9,0,-1.46,55,0,0.0,0.0,0.0,0.67,0.07,0.99
2026-07-28T18:02:11.693,1355.14,321,close,ACTUATOR_ACTIVE,TRAJECTORY_RUNNING,24.0,55,10,17,4.49,55,0,0.0,0.0,0.0,0.63,0.07,0.92
2026-07-28T18:02:12.692,1356.14,321,close,ACTUATOR_ACTIVE,TRAJECTORY_RUNNING,24.0,56,32,0,32.28,56,0,0.0,0.0,0.0,1.41,-0.09,4.99
2026-07-28T18:02:13.800,1357.25,321,open,ACTUATOR_ACTIVE,TRAJECTORY_RUNNING,24.0,56,32,-15,7.09,56,0,0.0,0.0,0.0,1.11,0.22,3.54
2026-07-28T18:02:14.795,1358.25,321,open,ACTUATOR_ACTIVE,TRAJECTORY_COMPLETE,24.0,56,10,7,0.75,56,0,0.0,0.0,0.0,0.62,0.1,0.91
2026-07-28T18:02:15.892,1359.343,322,close,ACTUATOR_ACTIVE,TRAJECTORY_RUNNING,24.0,55,10,16,3.26,55,0,0.0,0.0,0.0,0.59,0.09,0.88
2026-07-28T18:02:16.888,1360.343,322,close,ACTUATOR_ACTIVE,TRAJECTORY_RUNNING,24.0,55,32,0,32.57,55,0,0.0,0.0,0.0,1.39,-0.07,4.97
2026-07-28T18:02:17.997,1361.453,322,open,ACTUATOR_ACTIVE,TRAJECTORY_RUNNING,24.0,55,32,-16,7.65,55,0,0.0,0.0,0.0,1.21,0.03,4.79
2026-07-28T18:02:18.990,1362.437,322,open,ACTUATOR_ACTIVE,TRAJECTORY_COMPLETE,24.0,55,10,5,0.94,55,0,0.0,0.0,0.0,0.61,0.1,0.89
2026-07-28T18:02:20.105,1363.562,323,close,ACTUATOR_ACTIVE,TRAJECTORY_RUNNING,24.0,55,10,15,3.54,55,0,0.0,0.0,0.0,0.58,0.09,0.87
2026-07-28T18:02:21.096,1364.546,323,close,ACTUATOR_ACTIVE,TRAJECTORY_RUNNING,24.0,55,33,-1,79.93,55,0,0.0,0.0,0.0,2.18,-0.32,1.07
2026-07-28T18:02:22.221,1365.671,323,open,ACTUATOR_ACTIVE,TRAJECTORY_RUNNING,24.0,55,33,-1,30.59,55,0,0.0,0.0,0.0,2.27,-0.35,1.44
2026-07-28T18:02:23.222,1366.671,323,open,ACTUATOR_ACTIVE,TRAJECTORY_RUNNING,24.0,55,8,9,2.67,55,0,0.0,0.0,0.0,0.67,0.07,1.0
2026-07-28T18:02:24.331,1367.781,324,close,ACTUATOR_ACTIVE,TRAJECTORY_RUNNING,24.0,58,10,16,3.43,58,0,0.0,0.0,0.0,0.64,0.06,0.94
2026-07-28T18:02:25.321,1368.765,324,close,ACTUATOR_ACTIVE,TRAJECTORY_RUNNING,24.0,58,33,0,81.9,58,0,0.0,0.0,0.0,2.19,-0.31,1.06
2026-07-28T18:02:26.441,1369.89,324,open,ACTUATOR_ACTIVE,TRAJECTORY_RUNNING,24.0,58,33,0,34.47,58,0,0.0,0.0,0.0,2.27,-0.32,1.42
2026-07-28T18:02:27.439,1370.89,324,open,ACTUATOR_ACTIVE,TRAJECTORY_RUNNING,24.0,58,10,-14,-3.0,58,0,0.0,0.0,0.0,0.68,0.06,0.98
2026-07-28T18:02:28.544,1372.0,325,close,ACTUATOR_ACTIVE,TRAJECTORY_RUNNING,24.0,57,10,15,3.94,57,0,0.0,0.0,0.0,0.64,0.06,0.92
2026-07-28T18:02:29.540,1372.984,325,close,ACTUATOR_ACTIVE,TRAJECTORY_RUNNING,24.0,57,32,0,31.08,57,0,0.0,0.0,0.0,1.41,-0.08,5.01
2026-07-28T18:02:30.666,1374.109,325,open,ACTUATOR_ACTIVE,TRAJECTORY_RUNNING,24.0,57,32,-14,6.97,57,0,0.0,0.0,0.0,1.24,0.14,4.22
2026-07-28T18:02:31.665,1375.109,325,open,ACTUATOR_ACTIVE,TRAJECTORY_COMPLETE,24.0,57,10,8,0.9,57,0,0.0,0.0,0.0,0.63,0.1,0.91
2026-07-28T18:02:32.769,1376.218,326,close,ACTUATOR_ACTIVE,TRAJECTORY_RUNNING,24.0,54,10,17,4.62,54,0,0.0,0.0,0.0,0.6,0.09,0.89
2026-07-28T18:02:33.783,1377.234,326,close,ACTUATOR_ACTIVE,TRAJECTORY_RUNNING,24.0,54,33,0,75.35,54,0,0.0,0.0,0.0,2.19,-0.31,1.11
2026-07-28T18:02:34.886,1378.343,326,open,ACTUATOR_ACTIVE,TRAJECTORY_RUNNING,24.0,54,33,-1,31.13,54,0,0.0,0.0,0.0,2.27,-0.33,1.42
2026-07-28T18:02:35.882,1379.328,326,open,ACTUATOR_ACTIVE,TRAJECTORY_COMPLETE,24.0,54,9,0,-0.8,54,0,0.0,0.0,0.0,0.67,0.05,0.99
2026-07-28T18:02:37.001,1380.453,327,close,ACTUATOR_ACTIVE,TRAJECTORY_RUNNING,24.0,54,10,16,3.6,54,0,0.0,0.0,0.0,0.63,0.05,0.92
2026-07-28T18:02:38.000,1381.453,327,close,ACTUATOR_ACTIVE,TRAJECTORY_RUNNING,24.0,54,32,0,33.79,54,0,0.0,0.0,0.0,1.41,-0.08,5.0
2026-07-28T18:02:39.108,1382.562,327,open,ACTUATOR_ACTIVE,TRAJECTORY_RUNNING,24.0,54,32,-14,6.56,54,0,0.0,0.0,0.0,1.28,-0.03,5.0
2026-07-28T18:02:40.108,1383.562,327,open,ACTUATOR_ACTIVE,TRAJECTORY_COMPLETE,24.0,58,10,7,0.48,58,0,0.0,0.0,0.0,0.63,0.09,0.91
2026-07-28T18:02:41.222,1384.671,328,close,ACTUATOR_ACTIVE,TRAJECTORY_RUNNING,24.0,58,10,18,4.71,58,0,0.0,0.0,0.0,0.6,0.07,0.89
2026-07-28T18:02:42.214,1385.671,328,close,ACTUATOR_ACTIVE,TRAJECTORY_RUNNING,24.0,58,33,-1,82.69,58,0,0.0,0.0,0.0,2.19,-0.31,1.09
2026-07-28T18:02:43.325,1386.781,328,open,ACTUATOR_ACTIVE,TRAJECTORY_RUNNING,24.0,58,33,1,31.05,58,0,0.0,0.0,0.0,2.28,-0.35,1.47
2026-07-28T18:02:44.315,1387.765,328,open,ACTUATOR_ACTIVE,TRAJECTORY_RUNNING,24.0,56,9,9,2.83,56,0,0.0,0.0,0.0,0.67,0.06,1.01
2026-07-28T18:02:45.437,1388.89,329,close,ACTUATOR_ACTIVE,TRAJECTORY_RUNNING,24.0,56,10,18,4.5,56,0,0.0,0.0,0.0,0.63,0.06,0.94
2026-07-28T18:02:46.433,1389.89,329,close,ACTUATOR_ACTIVE,TRAJECTORY_RUNNING,24.0,56,32,0,30.45,56,0,0.0,0.0,0.0,1.4,-0.07,5.0
2026-07-28T18:02:47.537,1390.984,329,open,ACTUATOR_ACTIVE,TRAJECTORY_RUNNING,24.0,56,32,-14,7.34,56,0,0.0,0.0,0.0,1.32,-0.05,5.06
2026-07-28T18:02:48.546,1392.0,329,open,ACTUATOR_ACTIVE,TRAJECTORY_COMPLETE,24.0,56,10,0,0.15,56,0,0.0,0.0,0.0,0.63,0.09,0.92
2026-07-28T18:02:49.655,1393.109,330,close,ACTUATOR_ACTIVE,TRAJECTORY_RUNNING,24.0,56,10,18,5.02,56,0,0.0,0.0,0.0,0.6,0.08,0.91
2026-07-28T18:02:50.653,1394.109,330,close,ACTUATOR_ACTIVE,TRAJECTORY_RUNNING,24.0,56,33,-1,80.8,56,0,0.0,0.0,0.0,2.19,-0.31,1.09
2026-07-28T18:02:51.762,1395.218,330,open,ACTUATOR_ACTIVE,TRAJECTORY_RUNNING,24.0,55,33,1,34.81,55,0,0.0,0.0,0.0,2.27,-0.34,1.45
2026-07-28T18:02:52.761,1396.218,330,open,ACTUATOR_ACTIVE,TRAJECTORY_RUNNING,24.0,55,8,10,2.38,55,0,0.0,0.0,0.0,0.66,0.06,1.01
2026-07-28T18:02:53.867,1397.312,331,close,ACTUATOR_ACTIVE,TRAJECTORY_RUNNING,24.0,55,10,14,3.23,55,0,0.0,0.0,0.0,0.63,0.06,0.93
2026-07-28T18:02:54.879,1398.328,331,close,ACTUATOR_ACTIVE,TRAJECTORY_RUNNING,24.0,55,32,0,31.18,55,0,0.0,0.0,0.0,1.41,-0.08,5.0
2026-07-28T18:02:55.988,1399.437,331,open,ACTUATOR_ACTIVE,TRAJECTORY_RUNNING,24.0,55,32,-15,7.74,55,0,0.0,0.0,0.0,1.4,-0.09,5.07
2026-07-28T18:02:56.984,1400.437,331,open,ACTUATOR_ACTIVE,TRAJECTORY_COMPLETE,24.0,55,10,4,1.0,55,0,0.0,0.0,0.0,0.63,0.09,0.92
2026-07-28T18:02:58.090,1401.546,332,close,ACTUATOR_ACTIVE,TRAJECTORY_RUNNING,24.0,55,10,17,4.83,55,0,0.0,0.0,0.0,0.59,0.08,0.89
2026-07-28T18:02:59.088,1402.531,332,close,ACTUATOR_ACTIVE,TRAJECTORY_RUNNING,24.0,55,33,0,78.56,55,0,0.0,0.0,0.0,2.19,-0.31,1.1
2026-07-28T18:03:00.212,1403.656,332,open,ACTUATOR_ACTIVE,TRAJECTORY_RUNNING,24.0,54,33,-1,33.56,54,0,0.0,0.0,0.0,2.27,-0.33,1.45
2026-07-28T18:03:01.225,1404.671,332,open,ACTUATOR_ACTIVE,TRAJECTORY_RUNNING,24.0,54,9,10,4.09,54,0,0.0,0.0,0.0,0.66,0.06,1.01
2026-07-28T18:03:02.330,1405.781,333,close,ACTUATOR_ACTIVE,TRAJECTORY_RUNNING,24.0,54,10,15,3.15,54,0,0.0,0.0,0.0,0.62,0.07,0.95
2026-07-28T18:03:03.324,1406.781,333,close,ACTUATOR_ACTIVE,TRAJECTORY_RUNNING,24.0,54,32,0,30.43,54,0,0.0,0.0,0.0,1.4,-0.07,5.01
2026-07-28T18:03:04.435,1407.89,333,open,ACTUATOR_ACTIVE,TRAJECTORY_RUNNING,24.0,56,32,-14,7.98,56,0,0.0,0.0,0.0,0.95,0.27,2.87
2026-07-28T18:03:05.431,1408.875,333,open,ACTUATOR_ACTIVE,TRAJECTORY_COMPLETE,24.0,56,10,6,0.09,56,0,0.0,0.0,0.0,0.63,0.09,0.93
2026-07-28T18:03:06.554,1410.0,334,close,ACTUATOR_ACTIVE,TRAJECTORY_RUNNING,24.0,56,10,16,5.55,56,0,0.0,0.0,0.0,0.6,0.08,0.9
2026-07-28T18:03:07.568,1411.015,334,close,ACTUATOR_ACTIVE,TRAJECTORY_RUNNING,24.0,56,33,0,81.99,56,0,0.0,0.0,0.0,2.2,-0.31,1.12
2026-07-28T18:03:08.677,1412.125,334,open,ACTUATOR_ACTIVE,TRAJECTORY_RUNNING,24.0,56,33,0,34.48,56,0,0.0,0.0,0.0,2.27,-0.33,1.43
2026-07-28T18:03:09.676,1413.125,334,open,ACTUATOR_ACTIVE,TRAJECTORY_RUNNING,24.0,56,8,8,2.65,56,0,0.0,0.0,0.0,0.66,0.05,1.01
2026-07-28T18:03:10.779,1414.234,335,close,ACTUATOR_ACTIVE,TRAJECTORY_RUNNING,24.0,56,10,18,2.69,56,0,0.0,0.0,0.0,0.61,0.06,0.94
2026-07-28T18:03:11.773,1415.218,335,close,ACTUATOR_ACTIVE,TRAJECTORY_RUNNING,24.0,52,33,-1,78.25,52,0,0.0,0.0,0.0,2.2,-0.29,1.11
2026-07-28T18:03:12.888,1416.343,335,open,ACTUATOR_ACTIVE,TRAJECTORY_RUNNING,24.0,52,33,0,37.13,52,0,0.0,0.0,0.0,2.28,-0.32,1.45
2026-07-28T18:03:13.887,1417.343,335,open,ACTUATOR_ACTIVE,TRAJECTORY_RUNNING,24.0,52,8,9,1.08,52,0,0.0,0.0,0.0,0.68,0.06,1.01
2026-07-28T18:03:14.998,1418.453,336,close,ACTUATOR_ACTIVE,TRAJECTORY_RUNNING,24.0,52,10,15,3.99,52,0,0.0,0.0,0.0,0.63,0.06,0.94
2026-07-28T18:03:15.988,1419.437,336,close,ACTUATOR_ACTIVE,TRAJECTORY_RUNNING,24.0,56,33,0,82.41,56,0,0.0,0.0,0.0,2.21,-0.29,1.17
2026-07-28T18:03:17.112,1420.562,336,open,ACTUATOR_ACTIVE,TRAJECTORY_RUNNING,24.0,56,33,-2,32.52,56,0,0.0,0.0,0.0,2.28,-0.31,1.46
2026-07-28T18:03:18.110,1421.562,336,open,ACTUATOR_ACTIVE,TRAJECTORY_RUNNING,24.0,56,8,10,3.09,56,0,0.0,0.0,0.0,0.67,0.06,1.01
2026-07-28T18:03:19.218,1422.671,337,close,ACTUATOR_ACTIVE,TRAJECTORY_RUNNING,24.0,56,10,19,4.66,56,0,0.0,0.0,0.0,0.62,0.06,0.95
2026-07-28T18:03:20.214,1423.671,337,close,ACTUATOR_ACTIVE,TRAJECTORY_RUNNING,24.0,57,33,0,83.05,57,0,0.0,0.0,0.0,2.21,-0.28,1.15
2026-07-28T18:03:21.320,1424.765,337,open,ACTUATOR_ACTIVE,TRAJECTORY_RUNNING,24.0,57,33,-3,37.13,57,0,0.0,0.0,0.0,2.28,-0.31,1.47
2026-07-28T18:03:22.334,1425.781,337,open,ACTUATOR_ACTIVE,TRAJECTORY_RUNNING,24.0,57,8,13,2.45,57,0,0.0,0.0,0.0,0.67,0.06,1.01
2026-07-28T18:03:23.440,1426.89,338,close,ACTUATOR_ACTIVE,TRAJECTORY_RUNNING,24.0,57,10,15,3.64,57,0,0.0,0.0,0.0,0.63,0.07,0.94
2026-07-28T18:03:24.438,1427.89,338,close,ACTUATOR_ACTIVE,TRAJECTORY_RUNNING,24.0,52,33,1,82.19,52,0,0.0,0.0,0.0,2.21,-0.29,1.16
2026-07-28T18:03:25.549,1429.0,338,open,ACTUATOR_ACTIVE,TRAJECTORY_RUNNING,24.0,52,33,1,33.09,52,0,0.0,0.0,0.0,2.28,-0.32,1.49
2026-07-28T18:03:26.542,1430.0,338,open,ACTUATOR_ACTIVE,TRAJECTORY_RUNNING,24.0,52,8,9,2.87,52,0,0.0,0.0,0.0,0.66,0.07,1.02
2026-07-28T18:03:27.643,1431.093,339,close,ACTUATOR_ACTIVE,TRAJECTORY_RUNNING,24.0,52,10,15,4.0,52,0,0.0,0.0,0.0,0.62,0.08,0.93
2026-07-28T18:03:28.639,1432.093,339,close,ACTUATOR_ACTIVE,TRAJECTORY_RUNNING,24.0,54,33,0,79.42,54,0,0.0,0.0,0.0,2.2,-0.29,1.14
2026-07-28T18:03:29.749,1433.203,339,open,ACTUATOR_ACTIVE,TRAJECTORY_RUNNING,24.0,54,33,0,32.61,54,0,0.0,0.0,0.0,2.28,-0.31,1.47
2026-07-28T18:03:30.748,1434.203,339,open,ACTUATOR_ACTIVE,TRAJECTORY_RUNNING,24.0,54,8,10,3.65,54,0,0.0,0.0,0.0,0.66,0.06,1.0
2026-07-28T18:03:31.850,1435.296,340,close,ACTUATOR_ACTIVE,TRAJECTORY_RUNNING,24.0,56,10,15,5.78,56,0,0.0,0.0,0.0,0.62,0.07,0.93
2026-07-28T18:03:32.858,1436.312,340,close,ACTUATOR_ACTIVE,TRAJECTORY_RUNNING,24.0,56,33,0,78.18,56,0,0.0,0.0,0.0,2.21,-0.28,1.16
2026-07-28T18:03:33.968,1437.421,340,open,ACTUATOR_ACTIVE,TRAJECTORY_RUNNING,24.0,56,33,0,34.18,56,0,0.0,0.0,0.0,2.28,-0.32,1.5
2026-07-28T18:03:34.966,1438.421,340,open,ACTUATOR_ACTIVE,TRAJECTORY_COMPLETE,24.0,56,9,0,-0.62,56,0,0.0,0.0,0.0,0.67,0.06,1.03
2026-07-28T18:03:36.078,1439.531,341,close,ACTUATOR_ACTIVE,TRAJECTORY_RUNNING,24.0,57,10,18,4.92,57,0,0.0,0.0,0.0,0.63,0.07,0.96
2026-07-28T18:03:37.072,1440.515,341,close,ACTUATOR_ACTIVE,TRAJECTORY_RUNNING,24.0,57,32,0,32.62,57,0,0.0,0.0,0.0,1.4,-0.06,5.0
2026-07-28T18:03:38.198,1441.64,341,open,ACTUATOR_ACTIVE,TRAJECTORY_RUNNING,24.0,57,32,-14,6.78,57,0,0.0,0.0,0.0,1.39,-0.07,5.07
2026-07-28T18:03:39.213,1442.656,341,open,ACTUATOR_ACTIVE,TRAJECTORY_RUNNING,24.0,57,10,1,1.24,57,0,0.0,0.0,0.0,0.62,0.1,0.93
2026-07-28T18:03:40.323,1443.781,342,close,ACTUATOR_ACTIVE,TRAJECTORY_RUNNING,24.0,60,10,16,5.41,60,0,0.0,0.0,0.0,0.59,0.09,0.91
2026-07-28T18:03:41.323,1444.765,342,close,ACTUATOR_ACTIVE,TRAJECTORY_RUNNING,24.0,60,33,0,78.89,60,0,0.0,0.0,0.0,2.19,-0.3,1.14
2026-07-28T18:03:42.450,1445.906,342,open,ACTUATOR_ACTIVE,TRAJECTORY_RUNNING,24.0,60,33,0,33.44,60,0,0.0,0.0,0.0,2.27,-0.32,1.47
2026-07-28T18:03:43.445,1446.89,342,open,ACTUATOR_ACTIVE,TRAJECTORY_RUNNING,24.0,60,8,10,3.51,60,0,0.0,0.0,0.0,0.65,0.05,1.04
2026-07-28T18:03:44.570,1448.015,343,close,ACTUATOR_ACTIVE,TRAJECTORY_RUNNING,24.0,54,10,19,2.03,54,0,0.0,0.0,0.0,0.61,0.06,0.95
2026-07-28T18:03:45.568,1449.015,343,close,ACTUATOR_ACTIVE,TRAJECTORY_RUNNING,24.0,54,33,0,83.32,54,0,0.0,0.0,0.0,2.2,-0.29,1.18
2026-07-28T18:03:46.674,1450.125,343,open,ACTUATOR_ACTIVE,TRAJECTORY_RUNNING,24.0,54,33,0,32.52,54,0,0.0,0.0,0.0,2.28,-0.32,1.49
2026-07-28T18:03:47.670,1451.125,343,open,ACTUATOR_ACTIVE,TRAJECTORY_COMPLETE,24.0,54,9,0,-0.9,54,0,0.0,0.0,0.0,0.67,0.06,1.04
2026-07-28T18:03:48.776,1452.234,344,close,ACTUATOR_ACTIVE,TRAJECTORY_RUNNING,24.0,58,10,14,3.19,58,0,0.0,0.0,0.0,0.63,0.07,0.96
2026-07-28T18:03:49.775,1453.218,344,close,ACTUATOR_ACTIVE,TRAJECTORY_RUNNING,24.0,58,32,0,31.01,58,0,0.0,0.0,0.0,1.4,-0.06,5.01
2026-07-28T18:03:50.899,1454.343,344,open,ACTUATOR_ACTIVE,TRAJECTORY_RUNNING,24.0,58,32,-16,6.05,58,0,0.0,0.0,0.0,1.4,-0.07,5.07
2026-07-28T18:03:51.912,1455.359,344,open,ACTUATOR_ACTIVE,TRAJECTORY_RUNNING,24.0,56,10,1,1.51,56,0,0.0,0.0,0.0,0.63,0.1,0.95
2026-07-28T18:03:53.021,1456.468,345,close,ACTUATOR_ACTIVE,TRAJECTORY_RUNNING,24.0,56,10,19,3.91,56,0,0.0,0.0,0.0,0.6,0.09,0.92
2026-07-28T18:03:54.014,1457.468,345,close,ACTUATOR_ACTIVE,TRAJECTORY_RUNNING,24.0,56,33,0,83.53,56,0,0.0,0.0,0.0,2.19,-0.3,1.12
2026-07-28T18:03:55.120,1458.578,345,open,ACTUATOR_ACTIVE,TRAJECTORY_RUNNING,24.0,56,33,-2,33.82,56,0,0.0,0.0,0.0,2.27,-0.32,1.46
2026-07-28T18:03:56.112,1459.562,345,open,ACTUATOR_ACTIVE,TRAJECTORY_RUNNING,24.0,57,8,8,2.84,57,0,0.0,0.0,0.0,0.66,0.06,1.04
2026-07-28T18:03:57.232,1460.687,346,close,ACTUATOR_ACTIVE,TRAJECTORY_RUNNING,24.0,57,10,19,5.08,57,0,0.0,0.0,0.0,0.62,0.07,0.95
2026-07-28T18:03:58.235,1461.687,346,close,ACTUATOR_ACTIVE,TRAJECTORY_RUNNING,24.0,57,33,0,78.73,57,0,0.0,0.0,0.0,2.2,-0.29,1.17
2026-07-28T18:03:59.346,1462.796,346,open,ACTUATOR_ACTIVE,TRAJECTORY_RUNNING,24.0,57,33,0,32.4,57,0,0.0,0.0,0.0,2.27,-0.32,1.51
2026-07-28T18:04:00.346,1463.796,346,open,ACTUATOR_ACTIVE,TRAJECTORY_RUNNING,24.0,56,8,11,1.91,56,0,0.0,0.0,0.0,0.66,0.06,1.03
2026-07-28T18:04:01.455,1464.906,347,close,ACTUATOR_ACTIVE,TRAJECTORY_RUNNING,24.0,56,10,17,4.15,56,0,0.0,0.0,0.0,0.62,0.06,0.98
2026-07-28T18:04:02.450,1465.906,347,close,ACTUATOR_ACTIVE,TRAJECTORY_RUNNING,24.0,56,32,0,33.66,56,0,0.0,0.0,0.0,1.41,-0.06,5.01
2026-07-28T18:04:03.560,1467.015,347,open,ACTUATOR_ACTIVE,TRAJECTORY_RUNNING,24.0,56,32,-14,7.21,56,0,0.0,0.0,0.0,1.33,-0.04,5.05
2026-07-28T18:04:04.559,1468.015,347,open,ACTUATOR_ACTIVE,TRAJECTORY_COMPLETE,24.0,58,9,0,-0.97,58,0,0.0,0.0,0.0,0.62,0.09,0.95
2026-07-28T18:04:05.670,1469.125,348,close,ACTUATOR_ACTIVE,TRAJECTORY_RUNNING,24.0,58,10,18,3.88,58,0,0.0,0.0,0.0,0.6,0.08,0.93
2026-07-28T18:04:06.670,1470.125,348,close,ACTUATOR_ACTIVE,TRAJECTORY_RUNNING,24.0,58,33,1,83.45,58,0,0.0,0.0,0.0,2.19,-0.29,1.15
2026-07-28T18:04:07.769,1471.218,348,open,ACTUATOR_ACTIVE,TRAJECTORY_RUNNING,24.0,58,33,0,32.77,58,0,0.0,0.0,0.0,2.27,-0.33,1.5
2026-07-28T18:04:08.784,1472.234,348,open,ACTUATOR_ACTIVE,TRAJECTORY_RUNNING,24.0,58,8,11,2.53,58,0,0.0,0.0,0.0,0.66,0.05,1.04
2026-07-28T18:04:09.889,1473.343,349,close,ACTUATOR_ACTIVE,TRAJECTORY_RUNNING,24.0,58,10,15,3.88,58,0,0.0,0.0,0.0,0.61,0.06,0.98
2026-07-28T18:04:10.886,1474.343,349,close,ACTUATOR_ACTIVE,TRAJECTORY_RUNNING,24.0,58,32,0,33.38,58,0,0.0,0.0,0.0,1.4,-0.05,5.01
2026-07-28T18:04:11.996,1475.453,349,open,ACTUATOR_ACTIVE,TRAJECTORY_RUNNING,24.0,55,32,-14,6.24,55,0,0.0,0.0,0.0,1.38,-0.06,5.07
2026-07-28T18:04:12.994,1476.437,349,open,ACTUATOR_ACTIVE,TRAJECTORY_COMPLETE,24.0,55,10,4,1.07,55,0,0.0,0.0,0.0,0.63,0.1,0.96
2026-07-28T18:04:14.116,1477.562,350,close,ACTUATOR_ACTIVE,TRAJECTORY_RUNNING,24.0,55,10,18,3.95,55,0,0.0,0.0,0.0,0.6,0.09,0.94
2026-07-28T18:04:15.122,1478.578,350,close,ACTUATOR_ACTIVE,TRAJECTORY_RUNNING,24.0,55,33,0,79.64,55,0,0.0,0.0,0.0,2.19,-0.29,1.16
2026-07-28T18:04:16.232,1479.687,350,open,ACTUATOR_ACTIVE,TRAJECTORY_RUNNING,24.0,58,33,-1,33.62,58,0,0.0,0.0,0.0,2.27,-0.32,1.49
2026-07-28T18:04:17.226,1480.671,350,open,ACTUATOR_ACTIVE,TRAJECTORY_RUNNING,24.0,58,8,10,2.26,58,0,0.0,0.0,0.0,0.64,0.05,1.06
2026-07-28T18:04:18.343,1481.796,351,close,ACTUATOR_ACTIVE,TRAJECTORY_RUNNING,24.0,58,10,17,3.88,58,0,0.0,0.0,0.0,0.61,0.06,0.97
2026-07-28T18:04:19.338,1482.781,351,close,ACTUATOR_ACTIVE,TRAJECTORY_RUNNING,24.0,58,33,0,78.51,58,0,0.0,0.0,0.0,2.21,-0.29,1.21
2026-07-28T18:04:20.462,1483.906,351,open,ACTUATOR_ACTIVE,TRAJECTORY_RUNNING,24.0,60,33,0,31.09,60,0,0.0,0.0,0.0,2.27,-0.31,1.51
2026-07-28T18:04:21.478,1484.921,351,open,ACTUATOR_ACTIVE,TRAJECTORY_RUNNING,24.0,60,8,12,3.31,60,0,0.0,0.0,0.0,0.67,0.05,1.06
2026-07-28T18:04:22.584,1486.031,352,close,ACTUATOR_ACTIVE,TRAJECTORY_RUNNING,24.0,60,10,18,3.18,60,0,0.0,0.0,0.0,0.62,0.07,0.97
2026-07-28T18:04:23.596,1487.046,352,close,ACTUATOR_ACTIVE,TRAJECTORY_RUNNING,24.0,60,33,0,81.94,60,0,0.0,0.0,0.0,2.21,-0.28,1.22
2026-07-28T18:04:24.701,1488.156,352,open,ACTUATOR_ACTIVE,TRAJECTORY_RUNNING,24.0,57,33,0,35.82,57,0,0.0,0.0,0.0,2.27,-0.3,1.5
2026-07-28T18:04:25.698,1489.14,352,open,ACTUATOR_ACTIVE,TRAJECTORY_RUNNING,24.0,57,8,9,3.02,57,0,0.0,0.0,0.0,0.66,0.06,1.06
2026-07-28T18:04:26.825,1490.281,353,close,ACTUATOR_ACTIVE,TRAJECTORY_RUNNING,24.0,57,10,18,4.81,57,0,0.0,0.0,0.0,0.6,0.07,0.98
2026-07-28T18:04:27.818,1491.265,353,close,ACTUATOR_ACTIVE,TRAJECTORY_RUNNING,24.0,58,33,0,79.96,58,0,0.0,0.0,0.0,2.2,-0.28,1.17
2026-07-28T18:04:28.943,1492.39,353,open,ACTUATOR_ACTIVE,TRAJECTORY_RUNNING,24.0,58,33,-2,36.81,58,0,0.0,0.0,0.0,2.28,-0.3,1.49
2026-07-28T18:04:29.938,1493.39,353,open,ACTUATOR_ACTIVE,TRAJECTORY_RUNNING,24.0,58,10,-16,-1.17,58,0,0.0,0.0,0.0,0.66,0.07,1.04
2026-07-28T18:04:31.038,1494.484,354,close,ACTUATOR_ACTIVE,TRAJECTORY_RUNNING,24.0,58,10,16,3.79,58,0,0.0,0.0,0.0,0.62,0.08,0.96
2026-07-28T18:04:32.054,1495.5,354,close,ACTUATOR_ACTIVE,TRAJECTORY_RUNNING,24.0,60,32,0,33.44,60,0,0.0,0.0,0.0,1.4,-0.05,5.01
2026-07-28T18:04:33.162,1496.609,354,open,ACTUATOR_ACTIVE,TRAJECTORY_RUNNING,24.0,60,32,-15,7.44,60,0,0.0,0.0,0.0,1.21,0.18,4.05
2026-07-28T18:04:34.158,1497.609,354,open,ACTUATOR_ACTIVE,TRAJECTORY_COMPLETE,24.0,60,10,6,1.27,60,0,0.0,0.0,0.0,0.62,0.1,0.96
2026-07-28T18:04:35.262,1498.718,355,close,ACTUATOR_ACTIVE,TRAJECTORY_RUNNING,24.0,60,10,19,5.57,60,0,0.0,0.0,0.0,0.58,0.09,0.94
2026-07-28T18:04:36.254,1499.703,355,close,ACTUATOR_ACTIVE,TRAJECTORY_RUNNING,24.0,56,33,1,82.89,56,0,0.0,0.0,0.0,2.18,-0.29,1.16
2026-07-28T18:04:37.369,1500.812,355,open,ACTUATOR_ACTIVE,TRAJECTORY_RUNNING,24.0,56,33,0,32.33,56,0,0.0,0.0,0.0,2.27,-0.3,1.51
2026-07-28T18:04:38.383,1501.828,355,open,ACTUATOR_ACTIVE,TRAJECTORY_RUNNING,24.0,56,8,11,2.25,56,0,0.0,0.0,0.0,0.65,0.05,1.06
2026-07-28T18:04:39.484,1502.937,356,close,ACTUATOR_ACTIVE,TRAJECTORY_RUNNING,24.0,56,10,17,5.12,56,0,0.0,0.0,0.0,0.61,0.06,0.97
2026-07-28T18:04:40.485,1503.937,356,close,ACTUATOR_ACTIVE,TRAJECTORY_RUNNING,24.0,55,33,1,80.92,55,0,0.0,0.0,0.0,2.2,-0.28,1.2
2026-07-28T18:04:41.594,1505.046,356,open,ACTUATOR_ACTIVE,TRAJECTORY_RUNNING,24.0,55,33,0,31.72,55,0,0.0,0.0,0.0,2.28,-0.3,1.52
2026-07-28T18:04:42.591,1506.046,356,open,ACTUATOR_ACTIVE,TRAJECTORY_RUNNING,24.0,55,8,9,3.08,55,0,0.0,0.0,0.0,0.66,0.07,1.06
2026-07-28T18:04:43.697,1507.14,357,close,ACTUATOR_ACTIVE,TRAJECTORY_RUNNING,24.0,55,10,14,3.92,55,0,0.0,0.0,0.0,0.62,0.07,0.96
2026-07-28T18:04:44.708,1508.156,357,close,ACTUATOR_ACTIVE,TRAJECTORY_RUNNING,24.0,56,33,0,85.63,56,0,0.0,0.0,0.0,2.21,-0.27,1.22
2026-07-28T18:04:45.812,1509.265,357,open,ACTUATOR_ACTIVE,TRAJECTORY_RUNNING,24.0,56,33,0,33.33,56,0,0.0,0.0,0.0,2.28,-0.29,1.49
2026-07-28T18:04:46.810,1510.265,357,open,ACTUATOR_ACTIVE,TRAJECTORY_COMPLETE,24.0,56,9,0,-0.99,56,0,0.0,0.0,0.0,0.66,0.06,1.04
2026-07-28T18:04:47.917,1511.359,358,close,ACTUATOR_ACTIVE,TRAJECTORY_RUNNING,24.0,57,10,18,4.23,57,0,0.0,0.0,0.0,0.62,0.08,0.95
2026-07-28T18:04:48.933,1512.39,358,close,ACTUATOR_ACTIVE,TRAJECTORY_RUNNING,24.0,57,33,0,84.6,57,0,0.0,0.0,0.0,2.21,-0.27,1.2
2026-07-28T18:04:50.021,1513.468,358,open,ACTUATOR_ACTIVE,TRAJECTORY_RUNNING,24.0,57,33,-2,37.67,57,0,0.0,0.0,0.0,2.28,-0.29,1.53
2026-07-28T18:04:51.034,1514.484,358,open,ACTUATOR_ACTIVE,TRAJECTORY_RUNNING,24.0,57,9,9,2.87,57,0,0.0,0.0,0.0,0.65,0.05,1.05
2026-07-28T18:04:52.141,1515.593,359,close,ACTUATOR_ACTIVE,TRAJECTORY_RUNNING,24.0,57,10,19,4.75,57,0,0.0,0.0,0.0,0.62,0.06,0.98
2026-07-28T18:04:53.143,1516.593,359,close,ACTUATOR_ACTIVE,TRAJECTORY_RUNNING,24.0,57,32,0,32.22,57,0,0.0,0.0,0.0,1.41,-0.05,5.03
2026-07-28T18:04:54.248,1517.703,359,open,ACTUATOR_ACTIVE,TRAJECTORY_RUNNING,24.0,57,32,-14,7.42,57,0,0.0,0.0,0.0,1.03,0.26,3.05
2026-07-28T18:04:55.242,1518.687,359,open,ACTUATOR_ACTIVE,TRAJECTORY_COMPLETE,24.0,57,10,9,0.09,57,0,0.0,0.0,0.0,0.62,0.09,0.98
2026-07-28T18:04:56.363,1519.812,360,close,ACTUATOR_ACTIVE,TRAJECTORY_RUNNING,24.0,54,10,14,3.92,54,0,0.0,0.0,0.0,0.59,0.08,0.95
2026-07-28T18:04:57.362,1520.812,360,close,ACTUATOR_ACTIVE,TRAJECTORY_RUNNING,24.0,54,33,1,77.59,54,0,0.0,0.0,0.0,2.18,-0.28,1.18
2026-07-28T18:04:58.470,1521.921,360,open,ACTUATOR_ACTIVE,TRAJECTORY_RUNNING,24.0,54,33,0,31.01,54,0,0.0,0.0,0.0,2.28,-0.3,1.54
2026-07-28T18:04:59.465,1522.921,360,open,ACTUATOR_ACTIVE,TRAJECTORY_RUNNING,24.0,54,8,10,2.87,54,0,0.0,0.0,0.0,0.64,0.04,1.1
2026-07-28T18:05:00.574,1524.031,361,close,ACTUATOR_ACTIVE,TRAJECTORY_RUNNING,24.0,54,10,15,5.06,54,0,0.0,0.0,0.0,0.59,0.06,1.01
2026-07-28T18:05:01.565,1525.015,361,close,ACTUATOR_ACTIVE,TRAJECTORY_RUNNING,24.0,54,33,0,80.55,54,0,0.0,0.0,0.0,2.21,-0.27,1.22
2026-07-28T18:05:02.684,1526.14,361,open,ACTUATOR_ACTIVE,TRAJECTORY_RUNNING,24.0,54,33,0,30.5,54,0,0.0,0.0,0.0,2.28,-0.3,1.53
2026-07-28T18:05:03.682,1527.125,361,open,ACTUATOR_ACTIVE,TRAJECTORY_RUNNING,24.0,54,8,9,2.93,54,0,0.0,0.0,0.0,0.66,0.06,1.07
2026-07-28T18:05:04.802,1528.25,362,close,ACTUATOR_ACTIVE,TRAJECTORY_RUNNING,24.0,59,10,16,4.02,59,0,0.0,0.0,0.0,0.61,0.07,0.98
2026-07-28T18:05:05.799,1529.25,362,close,ACTUATOR_ACTIVE,TRAJECTORY_RUNNING,24.0,59,32,0,30.33,59,0,0.0,0.0,0.0,1.41,-0.04,5.03
2026-07-28T18:05:06.902,1530.359,362,open,ACTUATOR_ACTIVE,TRAJECTORY_RUNNING,24.0,59,32,-15,6.05,59,0,0.0,0.0,0.0,1.4,-0.06,5.09
2026-07-28T18:05:07.898,1531.343,362,open,ACTUATOR_ACTIVE,TRAJECTORY_COMPLETE,24.0,56,10,0,0.25,56,0,0.0,0.0,0.0,0.62,0.09,0.97
2026-07-28T18:05:09.015,1532.468,363,close,ACTUATOR_ACTIVE,TRAJECTORY_RUNNING,24.0,56,10,17,4.52,56,0,0.0,0.0,0.0,0.59,0.09,0.96
2026-07-28T18:05:10.014,1533.468,363,close,ACTUATOR_ACTIVE,TRAJECTORY_RUNNING,24.0,56,33,-1,80.54,56,0,0.0,0.0,0.0,2.19,-0.28,1.17
2026-07-28T18:05:11.121,1534.578,363,open,ACTUATOR_ACTIVE,TRAJECTORY_RUNNING,24.0,56,33,0,32.35,56,0,0.0,0.0,0.0,2.27,-0.3,1.52
2026-07-28T18:05:12.119,1535.562,363,open,ACTUATOR_ACTIVE,TRAJECTORY_RUNNING,24.0,55,8,8,1.91,55,0,0.0,0.0,0.0,0.66,0.05,1.08
2026-07-28T18:05:13.241,1536.687,364,close,ACTUATOR_ACTIVE,TRAJECTORY_RUNNING,24.0,55,10,18,2.42,55,0,0.0,0.0,0.0,0.6,0.06,0.99
2026-07-28T18:05:14.252,1537.703,364,close,ACTUATOR_ACTIVE,TRAJECTORY_RUNNING,24.0,55,32,0,33.19,55,0,0.0,0.0,0.0,1.4,-0.04,5.03
2026-07-28T18:05:15.356,1538.812,364,open,ACTUATOR_ACTIVE,TRAJECTORY_RUNNING,24.0,55,32,-15,7.23,55,0,0.0,0.0,0.0,1.4,-0.05,5.08
2026-07-28T18:05:16.357,1539.812,364,open,ACTUATOR_ACTIVE,TRAJECTORY_COMPLETE,24.0,55,10,7,0.4,55,0,0.0,0.0,0.0,0.63,0.1,0.98
2026-07-28T18:05:17.459,1540.906,365,close,ACTUATOR_ACTIVE,TRAJECTORY_RUNNING,24.0,55,10,16,4.19,55,0,0.0,0.0,0.0,0.59,0.09,0.97
2026-07-28T18:05:18.470,1541.921,365,close,ACTUATOR_ACTIVE,TRAJECTORY_RUNNING,24.0,55,32,0,34.36,55,0,0.0,0.0,0.0,1.39,-0.03,4.99
2026-07-28T18:05:19.576,1543.031,365,open,ACTUATOR_ACTIVE,TRAJECTORY_RUNNING,24.0,55,32,-15,7.84,55,0,0.0,0.0,0.0,1.31,-0.02,5.02
2026-07-28T18:05:20.575,1544.031,365,open,ACTUATOR_ACTIVE,TRAJECTORY_COMPLETE,24.0,57,10,5,1.05,57,0,0.0,0.0,0.0,0.62,0.09,0.96
2026-07-28T18:05:21.674,1545.125,366,close,ACTUATOR_ACTIVE,TRAJECTORY_RUNNING,24.0,57,10,17,3.45,57,0,0.0,0.0,0.0,0.59,0.09,0.94
2026-07-28T18:05:22.688,1546.14,366,close,ACTUATOR_ACTIVE,TRAJECTORY_RUNNING,24.0,57,32,0,32.09,57,0,0.0,0.0,0.0,1.39,-0.03,4.98
2026-07-28T18:05:23.788,1547.234,366,open,ACTUATOR_ACTIVE,TRAJECTORY_RUNNING,24.0,57,32,-15,6.97,57,0,0.0,0.0,0.0,1.14,0.24,3.54
2026-07-28T18:05:24.799,1548.25,366,open,ACTUATOR_ACTIVE,TRAJECTORY_COMPLETE,24.0,57,10,3,1.04,57,0,0.0,0.0,0.0,0.61,0.08,0.95
2026-07-28T18:05:25.899,1549.343,367,close,ACTUATOR_ACTIVE,TRAJECTORY_RUNNING,24.0,57,10,19,4.23,57,0,0.0,0.0,0.0,0.58,0.08,0.94
2026-07-28T18:05:26.906,1550.359,367,close,ACTUATOR_ACTIVE,TRAJECTORY_RUNNING,24.0,57,33,0,75.27,57,0,0.0,0.0,0.0,2.2,-0.28,1.22
2026-07-28T18:05:28.013,1551.468,367,open,ACTUATOR_ACTIVE,TRAJECTORY_RUNNING,24.0,56,33,-1,31.28,56,0,0.0,0.0,0.0,2.27,-0.29,1.54
2026-07-28T18:05:29.007,1552.453,367,open,ACTUATOR_ACTIVE,TRAJECTORY_RUNNING,24.0,56,8,10,2.91,56,0,0.0,0.0,0.0,0.65,0.05,1.07
2026-07-28T18:05:30.125,1553.578,368,close,ACTUATOR_ACTIVE,TRAJECTORY_RUNNING,24.0,56,10,16,4.79,56,0,0.0,0.0,0.0,0.61,0.06,0.99
2026-07-28T18:05:31.123,1554.578,368,close,ACTUATOR_ACTIVE,TRAJECTORY_RUNNING,24.0,56,33,0,87.83,56,0,0.0,0.0,0.0,2.21,-0.27,1.22
2026-07-28T18:05:32.230,1555.687,368,open,ACTUATOR_ACTIVE,TRAJECTORY_RUNNING,24.0,57,33,0,31.64,57,0,0.0,0.0,0.0,2.28,-0.29,1.57
2026-07-28T18:05:33.221,1556.671,368,open,ACTUATOR_ACTIVE,TRAJECTORY_RUNNING,24.0,57,8,10,2.93,57,0,0.0,0.0,0.0,0.67,0.05,1.08
2026-07-28T18:05:34.341,1557.796,369,close,ACTUATOR_ACTIVE,TRAJECTORY_RUNNING,24.0,57,10,17,5.82,57,0,0.0,0.0,0.0,0.61,0.06,1.01
2026-07-28T18:05:35.339,1558.796,369,close,ACTUATOR_ACTIVE,TRAJECTORY_RUNNING,24.0,57,33,0,81.67,57,0,0.0,0.0,0.0,2.21,-0.27,1.26
2026-07-28T18:05:36.449,1559.906,369,open,ACTUATOR_ACTIVE,TRAJECTORY_RUNNING,24.0,57,33,0,33.44,57,0,0.0,0.0,0.0,2.28,-0.28,1.56
2026-07-28T18:05:37.442,1560.89,369,open,ACTUATOR_ACTIVE,TRAJECTORY_RUNNING,24.0,57,8,10,2.73,57,0,0.0,0.0,0.0,0.65,0.05,1.07
2026-07-28T18:05:38.562,1562.015,370,close,ACTUATOR_ACTIVE,TRAJECTORY_RUNNING,24.0,57,10,19,5.09,57,0,0.0,0.0,0.0,0.61,0.06,1.01
2026-07-28T18:05:39.562,1563.015,370,close,ACTUATOR_ACTIVE,TRAJECTORY_RUNNING,24.0,57,33,0,78.43,57,0,0.0,0.0,0.0,2.2,-0.26,1.26
2026-07-28T18:05:40.667,1564.125,370,open,ACTUATOR_ACTIVE,TRAJECTORY_RUNNING,24.0,56,33,0,30.98,56,0,0.0,0.0,0.0,2.28,-0.28,1.59
2026-07-28T18:05:41.666,1565.109,370,open,ACTUATOR_ACTIVE,TRAJECTORY_RUNNING,24.0,56,8,10,2.95,56,0,0.0,0.0,0.0,0.66,0.05,1.09
2026-07-28T18:05:42.789,1566.234,371,close,ACTUATOR_ACTIVE,TRAJECTORY_RUNNING,24.0,56,10,18,4.63,56,0,0.0,0.0,0.0,0.61,0.06,1.01
2026-07-28T18:05:43.806,1567.25,371,close,ACTUATOR_ACTIVE,TRAJECTORY_RUNNING,24.0,56,32,0,31.91,56,0,0.0,0.0,0.0,1.41,-0.03,5.05
2026-07-28T18:05:44.906,1568.359,371,open,ACTUATOR_ACTIVE,TRAJECTORY_RUNNING,24.0,56,32,-14,6.48,56,0,0.0,0.0,0.0,1.23,0.2,3.97
2026-07-28T18:05:45.900,1569.343,371,open,ACTUATOR_ACTIVE,TRAJECTORY_COMPLETE,24.0,56,10,0,0.37,56,0,0.0,0.0,0.0,0.62,0.09,1.0
2026-07-28T18:05:47.025,1570.468,372,close,ACTUATOR_ACTIVE,TRAJECTORY_RUNNING,24.0,56,10,20,3.67,56,0,0.0,0.0,0.0,0.59,0.08,0.98
2026-07-28T18:05:48.040,1571.484,372,close,ACTUATOR_ACTIVE,TRAJECTORY_RUNNING,24.0,57,33,0,78.4,57,0,0.0,0.0,0.0,2.21,-0.27,1.24
2026-07-28T18:05:49.148,1572.593,372,open,ACTUATOR_ACTIVE,TRAJECTORY_RUNNING,24.0,57,33,-2,31.21,57,0,0.0,0.0,0.0,2.28,-0.28,1.53
2026-07-28T18:05:50.143,1573.593,372,open,ACTUATOR_ACTIVE,TRAJECTORY_RUNNING,24.0,57,8,10,2.93,57,0,0.0,0.0,0.0,0.65,0.05,1.1
2026-07-28T18:05:51.247,1574.703,373,close,ACTUATOR_ACTIVE,TRAJECTORY_RUNNING,24.0,57,10,18,4.96,57,0,0.0,0.0,0.0,0.61,0.06,1.0
2026-07-28T18:05:52.243,1575.687,373,close,ACTUATOR_ACTIVE,TRAJECTORY_RUNNING,24.0,57,32,0,29.27,57,0,0.0,0.0,0.0,1.4,-0.03,5.03
2026-07-28T18:05:53.367,1576.812,373,open,ACTUATOR_ACTIVE,TRAJECTORY_RUNNING,24.0,57,32,-14,6.45,57,0,0.0,0.0,0.0,1.26,0.04,4.91
2026-07-28T18:05:54.361,1577.812,373,open,ACTUATOR_ACTIVE,TRAJECTORY_COMPLETE,24.0,57,10,5,0.81,57,0,0.0,0.0,0.0,0.62,0.09,1.01
2026-07-28T18:05:55.463,1578.906,374,close,ACTUATOR_ACTIVE,TRAJECTORY_RUNNING,24.0,57,10,18,3.52,57,0,0.0,0.0,0.0,0.6,0.09,0.98
2026-07-28T18:05:56.476,1579.921,374,close,ACTUATOR_ACTIVE,TRAJECTORY_RUNNING,24.0,56,33,0,80.26,56,0,0.0,0.0,0.0,2.2,-0.27,1.23
2026-07-28T18:05:57.578,1581.031,374,open,ACTUATOR_ACTIVE,TRAJECTORY_RUNNING,24.0,56,33,0,36.68,56,0,0.0,0.0,0.0,2.28,-0.28,1.57
2026-07-28T18:05:58.576,1582.031,374,open,ACTUATOR_ACTIVE,TRAJECTORY_RUNNING,24.0,56,8,8,1.71,56,0,0.0,0.0,0.0,0.65,0.04,1.12
2026-07-28T18:05:59.684,1583.14,375,close,ACTUATOR_ACTIVE,TRAJECTORY_RUNNING,24.0,56,10,18,3.36,56,0,0.0,0.0,0.0,0.61,0.04,1.02
2026-07-28T18:06:00.685,1584.14,375,close,ACTUATOR_ACTIVE,TRAJECTORY_RUNNING,24.0,52,32,0,31.72,52,0,0.0,0.0,0.0,1.4,-0.03,5.05
2026-07-28T18:06:01.789,1585.234,375,open,ACTUATOR_ACTIVE,TRAJECTORY_RUNNING,24.0,52,32,-14,7.72,52,0,0.0,0.0,0.0,1.29,0.01,5.0
2026-07-28T18:06:02.804,1586.25,375,open,ACTUATOR_ACTIVE,TRAJECTORY_COMPLETE,24.0,52,10,10,0.65,52,0,0.0,0.0,0.0,0.62,0.08,1.02
2026-07-28T18:06:03.905,1587.359,376,close,ACTUATOR_ACTIVE,TRAJECTORY_RUNNING,24.0,57,10,18,4.23,57,0,0.0,0.0,0.0,0.59,0.08,1.0
2026-07-28T18:06:04.900,1588.343,376,close,ACTUATOR_ACTIVE,TRAJECTORY_RUNNING,24.0,57,33,0,77.78,57,0,0.0,0.0,0.0,2.2,-0.27,1.22
2026-07-28T18:06:06.018,1589.468,376,open,ACTUATOR_ACTIVE,TRAJECTORY_RUNNING,24.0,57,33,-1,40.42,57,0,0.0,0.0,0.0,2.28,-0.29,1.59
2026-07-28T18:06:07.018,1590.468,376,open,ACTUATOR_ACTIVE,TRAJECTORY_COMPLETE,24.0,57,9,0,-0.42,57,0,0.0,0.0,0.0,0.65,0.04,1.11
2026-07-28T18:06:08.124,1591.578,377,close,ACTUATOR_ACTIVE,TRAJECTORY_RUNNING,24.0,56,10,18,3.02,56,0,0.0,0.0,0.0,0.6,0.04,1.01
2026-07-28T18:06:09.122,1592.578,377,close,ACTUATOR_ACTIVE,TRAJECTORY_RUNNING,24.0,56,32,0,32.33,56,0,0.0,0.0,0.0,1.4,-0.04,5.04
2026-07-28T18:06:10.228,1593.671,377,open,ACTUATOR_ACTIVE,TRAJECTORY_RUNNING,24.0,56,32,-14,6.9,56,0,0.0,0.0,0.0,1.39,-0.05,5.1
2026-07-28T18:06:11.243,1594.687,377,open,ACTUATOR_ACTIVE,TRAJECTORY_COMPLETE,24.0,56,10,-2,-1.53,56,0,0.0,0.0,0.0,0.62,0.08,1.02
2026-07-28T18:06:12.349,1595.796,378,close,ACTUATOR_ACTIVE,TRAJECTORY_RUNNING,24.0,53,10,19,3.61,53,0,0.0,0.0,0.0,0.58,0.07,1.01
2026-07-28T18:06:13.363,1596.812,378,close,ACTUATOR_ACTIVE,TRAJECTORY_RUNNING,24.0,53,33,-1,82.7,53,0,0.0,0.0,0.0,2.19,-0.27,1.2
2026-07-28T18:06:14.473,1597.921,378,open,ACTUATOR_ACTIVE,TRAJECTORY_RUNNING,24.0,53,33,0,32.26,53,0,0.0,0.0,0.0,2.28,-0.28,1.57
2026-07-28T18:06:15.467,1598.921,378,open,ACTUATOR_ACTIVE,TRAJECTORY_RUNNING,24.0,53,8,10,3.54,53,0,0.0,0.0,0.0,0.63,0.03,1.12
2026-07-28T18:06:16.568,1600.015,379,close,ACTUATOR_ACTIVE,TRAJECTORY_RUNNING,24.0,57,10,17,3.8,57,0,0.0,0.0,0.0,0.6,0.04,1.04
2026-07-28T18:06:17.580,1601.031,379,close,ACTUATOR_ACTIVE,TRAJECTORY_RUNNING,24.0,57,32,0,33.58,57,0,0.0,0.0,0.0,1.41,-0.04,5.06
2026-07-28T18:06:18.681,1602.125,379,open,ACTUATOR_ACTIVE,TRAJECTORY_RUNNING,24.0,57,32,-14,6.41,57,0,0.0,0.0,0.0,1.41,-0.05,5.1
2026-07-28T18:06:19.692,1603.14,379,open,ACTUATOR_ACTIVE,TRAJECTORY_COMPLETE,24.0,57,9,0,0.69,57,0,0.0,0.0,0.0,0.62,0.06,1.06
2026-07-28T18:06:20.800,1604.25,380,close,ACTUATOR_ACTIVE,TRAJECTORY_RUNNING,24.0,59,10,17,3.61,59,0,0.0,0.0,0.0,0.58,0.06,1.02
2026-07-28T18:06:21.793,1605.25,380,close,ACTUATOR_ACTIVE,TRAJECTORY_RUNNING,24.0,59,33,0,79.34,59,0,0.0,0.0,0.0,2.18,-0.27,1.18
2026-07-28T18:06:22.894,1606.343,380,open,ACTUATOR_ACTIVE,TRAJECTORY_RUNNING,24.0,59,33,-2,33.61,59,0,0.0,0.0,0.0,2.27,-0.28,1.56
2026-07-28T18:06:23.906,1607.359,380,open,ACTUATOR_ACTIVE,TRAJECTORY_RUNNING,24.0,56,8,10,3.22,56,0,0.0,0.0,0.0,0.64,0.03,1.12
2026-07-28T18:06:25.007,1608.453,381,close,ACTUATOR_ACTIVE,TRAJECTORY_RUNNING,24.0,56,10,18,2.75,56,0,0.0,0.0,0.0,0.6,0.03,1.05
2026-07-28T18:06:26.021,1609.468,381,close,ACTUATOR_ACTIVE,TRAJECTORY_RUNNING,24.0,56,33,-1,78.92,56,0,0.0,0.0,0.0,2.21,-0.26,1.25
2026-07-28T18:06:27.124,1610.578,381,open,ACTUATOR_ACTIVE,TRAJECTORY_RUNNING,24.0,56,33,-1,34.46,56,0,0.0,0.0,0.0,2.28,-0.28,1.6
2026-07-28T18:06:28.119,1611.562,381,open,ACTUATOR_ACTIVE,TRAJECTORY_RUNNING,24.0,55,8,9,1.39,55,0,0.0,0.0,0.0,0.66,0.04,1.12
2026-07-28T18:06:29.239,1612.687,382,close,ACTUATOR_ACTIVE,TRAJECTORY_RUNNING,24.0,55,10,18,3.98,55,0,0.0,0.0,0.0,0.61,0.04,1.04
2026-07-28T18:06:30.235,1613.687,382,close,ACTUATOR_ACTIVE,TRAJECTORY_RUNNING,24.0,55,32,0,30.06,55,0,0.0,0.0,0.0,1.41,-0.03,5.05
2026-07-28T18:06:31.344,1614.796,382,open,ACTUATOR_ACTIVE,TRAJECTORY_RUNNING,24.0,55,32,-16,7.06,55,0,0.0,0.0,0.0,1.39,-0.04,5.12
2026-07-28T18:06:32.340,1615.796,382,open,ACTUATOR_ACTIVE,TRAJECTORY_COMPLETE,24.0,56,10,6,0.4,56,0,0.0,0.0,0.0,0.61,0.06,1.04
2026-07-28T18:06:33.446,1616.89,383,close,ACTUATOR_ACTIVE,TRAJECTORY_RUNNING,24.0,56,10,19,3.42,56,0,0.0,0.0,0.0,0.59,0.06,1.02
2026-07-28T18:06:34.459,1617.906,383,close,ACTUATOR_ACTIVE,TRAJECTORY_RUNNING,24.0,56,32,0,32.67,56,0,0.0,0.0,0.0,1.4,-0.02,5.03
2026-07-28T18:06:35.570,1619.015,383,open,ACTUATOR_ACTIVE,TRAJECTORY_RUNNING,24.0,56,32,-17,6.35,56,0,0.0,0.0,0.0,1.26,0.15,4.39
2026-07-28T18:06:36.567,1620.015,383,open,ACTUATOR_ACTIVE,TRAJECTORY_COMPLETE,24.0,57,10,5,0.86,57,0,0.0,0.0,0.0,0.6,0.06,1.03
2026-07-28T18:06:37.671,1621.125,384,close,ACTUATOR_ACTIVE,TRAJECTORY_RUNNING,24.0,57,10,17,3.73,57,0,0.0,0.0,0.0,0.57,0.05,1.0
2026-07-28T18:06:38.668,1622.125,384,close,ACTUATOR_ACTIVE,TRAJECTORY_RUNNING,24.0,57,33,0,75.89,57,0,0.0,0.0,0.0,2.2,-0.26,1.24
2026-07-28T18:06:39.774,1623.218,384,open,ACTUATOR_ACTIVE,TRAJECTORY_RUNNING,24.0,54,33,-1,33.13,54,0,0.0,0.0,0.0,2.28,-0.27,1.57
2026-07-28T18:06:40.787,1624.234,384,open,ACTUATOR_ACTIVE,TRAJECTORY_RUNNING,24.0,54,9,12,3.14,54,0,0.0,0.0,0.0,0.65,0.03,1.14
2026-07-28T18:06:41.891,1625.343,385,close,ACTUATOR_ACTIVE,TRAJECTORY_RUNNING,24.0,54,10,17,3.79,54,0,0.0,0.0,0.0,0.6,0.04,1.04
2026-07-28T18:06:42.890,1626.343,385,close,ACTUATOR_ACTIVE,TRAJECTORY_RUNNING,24.0,54,32,0,32.01,54,0,0.0,0.0,0.0,1.4,-0.02,5.06
2026-07-28T18:06:43.999,1627.453,385,open,ACTUATOR_ACTIVE,TRAJECTORY_RUNNING,24.0,56,32,-15,7.3,56,0,0.0,0.0,0.0,1.26,0.13,4.51
2026-07-28T18:06:44.993,1628.437,385,open,ACTUATOR_ACTIVE,TRAJECTORY_COMPLETE,24.0,56,10,5,0.25,56,0,0.0,0.0,0.0,0.62,0.08,1.06
2026-07-28T18:06:46.118,1629.562,386,close,ACTUATOR_ACTIVE,TRAJECTORY_RUNNING,24.0,56,10,18,3.82,56,0,0.0,0.0,0.0,0.59,0.07,1.03
2026-07-28T18:06:47.118,1630.562,386,close,ACTUATOR_ACTIVE,TRAJECTORY_RUNNING,24.0,56,33,0,80.09,56,0,0.0,0.0,0.0,2.2,-0.26,1.27
2026-07-28T18:06:48.226,1631.671,386,open,ACTUATOR_ACTIVE,TRAJECTORY_RUNNING,24.0,54,33,0,30.51,54,0,0.0,0.0,0.0,2.28,-0.28,1.64
2026-07-28T18:06:49.238,1632.687,386,open,ACTUATOR_ACTIVE,TRAJECTORY_RUNNING,24.0,54,8,11,3.03,54,0,0.0,0.0,0.0,0.65,0.03,1.13
2026-07-28T18:06:50.344,1633.796,387,close,ACTUATOR_ACTIVE,TRAJECTORY_RUNNING,24.0,54,10,19,4.02,54,0,0.0,0.0,0.0,0.61,0.03,1.06
2026-07-28T18:06:51.339,1634.796,387,close,ACTUATOR_ACTIVE,TRAJECTORY_RUNNING,24.0,54,33,-1,78.18,54,0,0.0,0.0,0.0,2.2,-0.25,1.21
2026-07-28T18:06:52.447,1635.89,387,open,ACTUATOR_ACTIVE,TRAJECTORY_RUNNING,24.0,52,33,2,32.22,52,0,0.0,0.0,0.0,2.28,-0.26,1.58
2026-07-28T18:06:53.460,1636.906,387,open,ACTUATOR_ACTIVE,TRAJECTORY_RUNNING,24.0,52,9,11,2.31,52,0,0.0,0.0,0.0,0.65,0.04,1.12
2026-07-28T18:06:54.565,1638.015,388,close,ACTUATOR_ACTIVE,TRAJECTORY_RUNNING,24.0,52,10,17,5.1,52,0,0.0,0.0,0.0,0.6,0.04,1.04
2026-07-28T18:06:55.561,1639.015,388,close,ACTUATOR_ACTIVE,TRAJECTORY_RUNNING,24.0,52,33,1,83.5,52,0,0.0,0.0,0.0,2.21,-0.24,1.25
2026-07-28T18:06:56.673,1640.125,388,open,ACTUATOR_ACTIVE,TRAJECTORY_RUNNING,24.0,58,33,0,34.15,58,0,0.0,0.0,0.0,2.29,-0.26,1.61
2026-07-28T18:06:57.671,1641.125,388,open,ACTUATOR_ACTIVE,TRAJECTORY_RUNNING,24.0,58,8,9,2.75,58,0,0.0,0.0,0.0,0.65,0.04,1.11
2026-07-28T18:06:58.773,1642.218,389,close,ACTUATOR_ACTIVE,TRAJECTORY_RUNNING,24.0,58,10,19,3.32,58,0,0.0,0.0,0.0,0.6,0.05,1.02
2026-07-28T18:06:59.786,1643.234,389,close,ACTUATOR_ACTIVE,TRAJECTORY_RUNNING,24.0,53,32,0,29.27,53,0,0.0,0.0,0.0,1.42,-0.02,5.06
2026-07-28T18:07:00.890,1644.343,389,open,ACTUATOR_ACTIVE,TRAJECTORY_RUNNING,24.0,53,32,-16,6.03,53,0,0.0,0.0,0.0,1.41,-0.04,5.12
2026-07-28T18:07:01.884,1645.328,389,open,ACTUATOR_ACTIVE,TRAJECTORY_COMPLETE,24.0,53,10,0,0.17,53,0,0.0,0.0,0.0,0.61,0.07,1.02
2026-07-28T18:07:03.005,1646.453,390,close,ACTUATOR_ACTIVE,TRAJECTORY_RUNNING,24.0,53,10,14,3.24,53,0,0.0,0.0,0.0,0.58,0.07,1.0
2026-07-28T18:07:03.999,1647.453,390,close,ACTUATOR_ACTIVE,TRAJECTORY_RUNNING,24.0,54,33,0,82.05,54,0,0.0,0.0,0.0,2.2,-0.26,1.24
2026-07-28T18:07:05.099,1648.546,390,open,ACTUATOR_ACTIVE,TRAJECTORY_RUNNING,24.0,54,33,0,38.98,54,0,0.0,0.0,0.0,2.28,-0.27,1.61
2026-07-28T18:07:06.116,1649.562,390,open,ACTUATOR_ACTIVE,TRAJECTORY_RUNNING,24.0,54,8,11,2.79,54,0,0.0,0.0,0.0,0.64,0.04,1.09
2026-07-28T18:07:07.225,1650.671,391,close,ACTUATOR_ACTIVE,TRAJECTORY_RUNNING,24.0,54,10,17,4.66,54,0,0.0,0.0,0.0,0.6,0.05,1.01
2026-07-28T18:07:08.222,1651.671,391,close,ACTUATOR_ACTIVE,TRAJECTORY_RUNNING,24.0,56,33,1,78.87,56,0,0.0,0.0,0.0,2.21,-0.24,1.3
2026-07-28T18:07:09.329,1652.781,391,open,ACTUATOR_ACTIVE,TRAJECTORY_RUNNING,24.0,56,33,-2,31.13,56,0,0.0,0.0,0.0,2.28,-0.24,1.6
2026-07-28T18:07:10.323,1653.765,391,open,ACTUATOR_ACTIVE,TRAJECTORY_COMPLETE,24.0,56,9,0,-1.13,56,0,0.0,0.0,0.0,0.65,0.04,1.11
2026-07-28T18:07:11.446,1654.89,392,close,ACTUATOR_ACTIVE,TRAJECTORY_RUNNING,24.0,56,10,18,4.35,56,0,0.0,0.0,0.0,0.61,0.05,1.01
2026-07-28T18:07:12.459,1655.906,392,close,ACTUATOR_ACTIVE,TRAJECTORY_RUNNING,24.0,52,33,0,81.88,52,0,0.0,0.0,0.0,2.22,-0.24,1.32
2026-07-28T18:07:13.568,1657.015,392,open,ACTUATOR_ACTIVE,TRAJECTORY_RUNNING,24.0,52,33,-2,32.03,52,0,0.0,0.0,0.0,2.29,-0.24,1.61
2026-07-28T18:07:14.562,1658.015,392,open,ACTUATOR_ACTIVE,TRAJECTORY_COMPLETE,24.0,52,9,0,-0.1,52,0,0.0,0.0,0.0,0.65,0.04,1.1
2026-07-28T18:07:15.668,1659.125,393,close,ACTUATOR_ACTIVE,TRAJECTORY_RUNNING,24.0,52,10,15,5.16,52,0,0.0,0.0,0.0,0.61,0.06,1.01
2026-07-28T18:07:16.667,1660.125,393,close,ACTUATOR_ACTIVE,TRAJECTORY_RUNNING,24.0,55,33,0,81.34,55,0,0.0,0.0,0.0,2.21,-0.24,1.29
2026-07-28T18:07:17.777,1661.234,393,open,ACTUATOR_ACTIVE,TRAJECTORY_RUNNING,24.0,55,33,0,30.41,55,0,0.0,0.0,0.0,2.29,-0.25,1.64
2026-07-28T18:07:18.775,1662.218,393,open,ACTUATOR_ACTIVE,TRAJECTORY_COMPLETE,24.0,55,9,0,-0.88,55,0,0.0,0.0,0.0,0.66,0.04,1.11
2026-07-28T18:07:19.898,1663.343,394,close,ACTUATOR_ACTIVE,TRAJECTORY_RUNNING,24.0,55,10,16,4.92,55,0,0.0,0.0,0.0,0.61,0.05,1.02
2026-07-28T18:07:20.908,1664.359,394,close,ACTUATOR_ACTIVE,TRAJECTORY_RUNNING,24.0,55,33,-1,83.28,55,0,0.0,0.0,0.0,2.22,-0.24,1.33
2026-07-28T18:07:22.012,1665.468,394,open,ACTUATOR_ACTIVE,TRAJECTORY_RUNNING,24.0,55,33,0,38.02,55,0,0.0,0.0,0.0,2.28,-0.24,1.62
2026-07-28T18:07:23.006,1666.453,394,open,ACTUATOR_ACTIVE,TRAJECTORY_COMPLETE,24.0,55,9,0,-0.94,55,0,0.0,0.0,0.0,0.65,0.04,1.12
2026-07-28T18:07:24.126,1667.578,395,close,ACTUATOR_ACTIVE,TRAJECTORY_RUNNING,24.0,56,10,15,4.05,56,0,0.0,0.0,0.0,0.6,0.06,1.03
2026-07-28T18:07:25.121,1668.578,395,close,ACTUATOR_ACTIVE,TRAJECTORY_RUNNING,24.0,56,33,0,82.12,56,0,0.0,0.0,0.0,2.21,-0.24,1.27
2026-07-28T18:07:26.222,1669.671,395,open,ACTUATOR_ACTIVE,TRAJECTORY_RUNNING,24.0,56,33,-2,36.29,56,0,0.0,0.0,0.0,2.28,-0.25,1.62
2026-07-28T18:07:27.233,1670.687,395,open,ACTUATOR_ACTIVE,TRAJECTORY_RUNNING,24.0,56,8,11,3.06,56,0,0.0,0.0,0.0,0.65,0.04,1.14
2026-07-28T18:07:28.333,1671.781,396,close,ACTUATOR_ACTIVE,TRAJECTORY_RUNNING,24.0,55,10,16,4.27,55,0,0.0,0.0,0.0,0.61,0.05,1.05
2026-07-28T18:07:29.343,1672.796,396,close,ACTUATOR_ACTIVE,TRAJECTORY_RUNNING,24.0,55,33,-1,80.36,55,0,0.0,0.0,0.0,2.22,-0.24,1.31
2026-07-28T18:07:30.454,1673.906,396,open,ACTUATOR_ACTIVE,TRAJECTORY_RUNNING,24.0,55,33,-1,33.67,55,0,0.0,0.0,0.0,2.29,-0.25,1.65
2026-07-28T18:07:31.454,1674.906,396,open,ACTUATOR_ACTIVE,TRAJECTORY_RUNNING,24.0,55,8,10,2.21,55,0,0.0,0.0,0.0,0.66,0.04,1.15
2026-07-28T18:07:32.558,1676.015,397,close,ACTUATOR_ACTIVE,TRAJECTORY_RUNNING,24.0,57,10,18,4.33,57,0,0.0,0.0,0.0,0.61,0.05,1.06
2026-07-28T18:07:33.554,1677.0,397,close,ACTUATOR_ACTIVE,TRAJECTORY_RUNNING,24.0,57,32,0,33.19,57,0,0.0,0.0,0.0,1.41,-0.02,5.07
2026-07-28T18:07:34.679,1678.125,397,open,ACTUATOR_ACTIVE,TRAJECTORY_RUNNING,24.0,57,32,-16,7.01,57,0,0.0,0.0,0.0,1.4,-0.04,5.13
2026-07-28T18:07:35.676,1679.125,397,open,ACTUATOR_ACTIVE,TRAJECTORY_COMPLETE,24.0,57,10,5,0.38,57,0,0.0,0.0,0.0,0.61,0.07,1.04
2026-07-28T18:07:36.781,1680.234,398,close,ACTUATOR_ACTIVE,TRAJECTORY_RUNNING,24.0,52,10,18,4.55,52,0,0.0,0.0,0.0,0.58,0.07,1.02
2026-07-28T18:07:37.775,1681.218,398,close,ACTUATOR_ACTIVE,TRAJECTORY_RUNNING,24.0,52,33,0,82.61,52,0,0.0,0.0,0.0,2.2,-0.25,1.29
2026-07-28T18:07:38.895,1682.343,398,open,ACTUATOR_ACTIVE,TRAJECTORY_RUNNING,24.0,52,33,0,32.94,52,0,0.0,0.0,0.0,2.28,-0.25,1.63
2026-07-28T18:07:39.909,1683.359,398,open,ACTUATOR_ACTIVE,TRAJECTORY_RUNNING,24.0,59,8,11,3.3,59,0,0.0,0.0,0.0,0.64,0.03,1.13
2026-07-28T18:07:41.018,1684.468,399,close,ACTUATOR_ACTIVE,TRAJECTORY_RUNNING,24.0,59,10,16,3.58,59,0,0.0,0.0,0.0,0.6,0.04,1.04
2026-07-28T18:07:42.017,1685.468,399,close,ACTUATOR_ACTIVE,TRAJECTORY_RUNNING,24.0,59,33,0,84.1,59,0,0.0,0.0,0.0,2.21,-0.24,1.34
2026-07-28T18:07:43.125,1686.578,399,open,ACTUATOR_ACTIVE,TRAJECTORY_RUNNING,24.0,59,33,0,29.84,59,0,0.0,0.0,0.0,2.28,-0.24,1.62
2026-07-28T18:07:44.123,1687.578,399,open,ACTUATOR_ACTIVE,TRAJECTORY_RUNNING,24.0,54,10,-16,-1.92,54,0,0.0,0.0,0.0,0.65,0.03,1.12
2026-07-28T18:07:45.232,1688.687,400,close,ACTUATOR_ACTIVE,TRAJECTORY_RUNNING,24.0,54,10,19,4.98,54,0,0.0,0.0,0.0,0.61,0.04,1.03
2026-07-28T18:07:46.227,1689.671,400,close,ACTUATOR_ACTIVE,TRAJECTORY_RUNNING,24.0,54,33,1,80.55,54,0,0.0,0.0,0.0,2.21,-0.24,1.31
2026-07-28T18:07:47.349,1690.796,400,open,ACTUATOR_ACTIVE,TRAJECTORY_RUNNING,24.0,54,33,-1,35.3,54,0,0.0,0.0,0.0,2.28,-0.24,1.65
2026-07-28T18:07:48.361,1691.812,400,open,ACTUATOR_ACTIVE,TRAJECTORY_RUNNING,24.0,57,9,11,2.93,57,0,0.0,0.0,0.0,0.65,0.03,1.15
2026-07-28T18:07:49.470,1692.921,401,close,ACTUATOR_ACTIVE,TRAJECTORY_RUNNING,24.0,57,10,16,3.99,57,0,0.0,0.0,0.0,0.61,0.05,1.07
2026-07-28T18:07:50.470,1693.921,401,close,ACTUATOR_ACTIVE,TRAJECTORY_RUNNING,24.0,57,33,0,87.14,57,0,0.0,0.0,0.0,2.21,-0.24,1.31
2026-07-28T18:07:51.575,1695.031,401,open,ACTUATOR_ACTIVE,TRAJECTORY_RUNNING,24.0,57,33,-1,32.79,57,0,0.0,0.0,0.0,2.29,-0.25,1.64
2026-07-28T18:07:52.572,1696.015,401,open,ACTUATOR_ACTIVE,TRAJECTORY_RUNNING,24.0,60,8,9,1.88,60,0,0.0,0.0,0.0,0.66,0.04,1.16
2026-07-28T18:07:53.694,1697.14,402,close,ACTUATOR_ACTIVE,TRAJECTORY_RUNNING,24.0,60,10,17,4.75,60,0,0.0,0.0,0.0,0.61,0.04,1.07
2026-07-28T18:07:54.705,1698.156,402,close,ACTUATOR_ACTIVE,TRAJECTORY_RUNNING,24.0,60,33,0,78.29,60,0,0.0,0.0,0.0,2.22,-0.23,1.36
2026-07-28T18:07:55.814,1699.265,402,open,ACTUATOR_ACTIVE,TRAJECTORY_RUNNING,24.0,61,33,0,32.18,61,0,0.0,0.0,0.0,2.28,-0.23,1.64
2026-07-28T18:07:56.815,1700.265,402,open,ACTUATOR_ACTIVE,TRAJECTORY_RUNNING,24.0,61,8,11,2.27,61,0,0.0,0.0,0.0,0.65,0.04,1.12
2026-07-28T18:07:57.928,1701.375,403,close,ACTUATOR_ACTIVE,TRAJECTORY_RUNNING,24.0,61,10,16,5.71,61,0,0.0,0.0,0.0,0.61,0.04,1.07
2026-07-28T18:07:58.924,1702.375,403,close,ACTUATOR_ACTIVE,TRAJECTORY_RUNNING,24.0,61,33,1,81.93,61,0,0.0,0.0,0.0,2.21,-0.23,1.32
2026-07-28T18:08:00.024,1703.468,403,open,ACTUATOR_ACTIVE,TRAJECTORY_RUNNING,24.0,55,33,-1,33.01,55,0,0.0,0.0,0.0,2.29,-0.24,1.63
2026-07-28T18:08:01.036,1704.484,403,open,ACTUATOR_ACTIVE,TRAJECTORY_COMPLETE,24.0,55,9,1,-0.72,55,0,0.0,0.0,0.0,0.64,0.03,1.12
2026-07-28T18:08:02.136,1705.593,404,close,ACTUATOR_ACTIVE,TRAJECTORY_RUNNING,24.0,55,10,15,4.74,55,0,0.0,0.0,0.0,0.59,0.04,1.06
2026-07-28T18:08:03.133,1706.578,404,close,ACTUATOR_ACTIVE,TRAJECTORY_RUNNING,24.0,55,33,0,82.91,55,0,0.0,0.0,0.0,2.22,-0.24,1.37
2026-07-28T18:08:04.256,1707.703,404,open,ACTUATOR_ACTIVE,TRAJECTORY_RUNNING,24.0,61,33,0,30.87,61,0,0.0,0.0,0.0,2.28,-0.25,1.69
2026-07-28T18:08:05.254,1708.703,404,open,ACTUATOR_ACTIVE,TRAJECTORY_COMPLETE,24.0,61,9,0,-1.19,61,0,0.0,0.0,0.0,0.65,0.05,1.13
2026-07-28T18:08:06.364,1709.812,405,close,ACTUATOR_ACTIVE,TRAJECTORY_RUNNING,24.0,61,10,17,4.49,61,0,0.0,0.0,0.0,0.61,0.05,1.08
2026-07-28T18:08:07.358,1710.812,405,close,ACTUATOR_ACTIVE,TRAJECTORY_RUNNING,24.0,61,33,0,83.03,61,0,0.0,0.0,0.0,2.21,-0.24,1.33
2026-07-28T18:08:08.471,1711.921,405,open,ACTUATOR_ACTIVE,TRAJECTORY_RUNNING,24.0,58,33,-2,32.23,58,0,0.0,0.0,0.0,2.29,-0.24,1.66
2026-07-28T18:08:09.466,1712.921,405,open,ACTUATOR_ACTIVE,TRAJECTORY_RUNNING,24.0,58,8,10,2.53,58,0,0.0,0.0,0.0,0.65,0.04,1.11
2026-07-28T18:08:10.572,1714.015,406,close,ACTUATOR_ACTIVE,TRAJECTORY_RUNNING,24.0,58,10,18,2.98,58,0,0.0,0.0,0.0,0.6,0.05,1.06
2026-07-28T18:08:11.584,1715.031,406,close,ACTUATOR_ACTIVE,TRAJECTORY_RUNNING,24.0,58,33,0,83.45,58,0,0.0,0.0,0.0,2.21,-0.23,1.34
2026-07-28T18:08:12.690,1716.14,406,open,ACTUATOR_ACTIVE,TRAJECTORY_RUNNING,24.0,59,33,-1,36.48,59,0,0.0,0.0,0.0,2.29,-0.25,1.66
2026-07-28T18:08:13.691,1717.14,406,open,ACTUATOR_ACTIVE,TRAJECTORY_COMPLETE,24.0,59,9,0,-0.78,59,0,0.0,0.0,0.0,0.65,0.04,1.11
2026-07-28T18:08:14.802,1718.25,407,close,ACTUATOR_ACTIVE,TRAJECTORY_RUNNING,24.0,59,10,18,4.91,59,0,0.0,0.0,0.0,0.6,0.05,1.05
2026-07-28T18:08:15.799,1719.25,407,close,ACTUATOR_ACTIVE,TRAJECTORY_RUNNING,24.0,58,33,0,81.03,58,0,0.0,0.0,0.0,2.22,-0.23,1.4
2026-07-28T18:08:16.907,1720.359,407,open,ACTUATOR_ACTIVE,TRAJECTORY_RUNNING,24.0,58,33,0,30.79,58,0,0.0,0.0,0.0,2.28,-0.24,1.66
2026-07-28T18:08:17.905,1721.359,407,open,ACTUATOR_ACTIVE,TRAJECTORY_COMPLETE,24.0,58,9,0,-0.31,58,0,0.0,0.0,0.0,0.65,0.04,1.09
2026-07-28T18:08:19.015,1722.468,408,close,ACTUATOR_ACTIVE,TRAJECTORY_RUNNING,24.0,58,10,19,4.19,58,0,0.0,0.0,0.0,0.61,0.06,1.05
2026-07-28T18:08:20.010,1723.453,408,close,ACTUATOR_ACTIVE,TRAJECTORY_RUNNING,24.0,58,33,0,78.43,58,0,0.0,0.0,0.0,2.22,-0.24,1.36
2026-07-28T18:08:21.133,1724.578,408,open,ACTUATOR_ACTIVE,TRAJECTORY_RUNNING,24.0,58,33,0,33.31,58,0,0.0,0.0,0.0,2.29,-0.24,1.67
2026-07-28T18:08:22.141,1725.593,408,open,ACTUATOR_ACTIVE,TRAJECTORY_RUNNING,24.0,58,8,11,4.39,58,0,0.0,0.0,0.0,0.66,0.04,1.11
2026-07-28T18:08:23.250,1726.703,409,close,ACTUATOR_ACTIVE,TRAJECTORY_RUNNING,24.0,58,10,18,5.17,58,0,0.0,0.0,0.0,0.61,0.05,1.06
2026-07-28T18:08:24.245,1727.703,409,close,ACTUATOR_ACTIVE,TRAJECTORY_RUNNING,24.0,54,33,-1,80.03,54,0,0.0,0.0,0.0,2.22,-0.24,1.36
2026-07-28T18:08:25.350,1728.796,409,open,ACTUATOR_ACTIVE,TRAJECTORY_RUNNING,24.0,54,33,-2,36.05,54,0,0.0,0.0,0.0,2.29,-0.24,1.64
2026-07-28T18:08:26.363,1729.812,409,open,ACTUATOR_ACTIVE,TRAJECTORY_RUNNING,24.0,54,8,11,2.0,54,0,0.0,0.0,0.0,0.65,0.04,1.1
2026-07-28T18:08:27.465,1730.921,410,close,ACTUATOR_ACTIVE,TRAJECTORY_RUNNING,24.0,54,10,17,3.95,54,0,0.0,0.0,0.0,0.6,0.05,1.04
2026-07-28T18:08:28.464,1731.921,410,close,ACTUATOR_ACTIVE,TRAJECTORY_RUNNING,24.0,60,33,0,81.24,60,0,0.0,0.0,0.0,2.21,-0.23,1.35
2026-07-28T18:08:29.569,1733.015,410,open,ACTUATOR_ACTIVE,TRAJECTORY_RUNNING,24.0,60,33,-1,37.94,60,0,0.0,0.0,0.0,2.29,-0.24,1.67
2026-07-28T18:08:30.582,1734.031,410,open,ACTUATOR_ACTIVE,TRAJECTORY_RUNNING,24.0,60,9,9,3.65,60,0,0.0,0.0,0.0,0.65,0.04,1.11
2026-07-28T18:08:31.683,1735.14,411,close,ACTUATOR_ACTIVE,TRAJECTORY_RUNNING,24.0,60,10,15,4.95,60,0,0.0,0.0,0.0,0.62,0.04,1.07
2026-07-28T18:08:32.681,1736.125,411,close,ACTUATOR_ACTIVE,TRAJECTORY_RUNNING,24.0,58,32,0,30.74,58,0,0.0,0.0,0.0,1.42,-0.0,5.09
2026-07-28T18:08:33.804,1737.25,411,open,ACTUATOR_ACTIVE,TRAJECTORY_RUNNING,24.0,58,32,-16,6.56,58,0,0.0,0.0,0.0,1.26,0.16,4.4
2026-07-28T18:08:34.817,1738.265,411,open,ACTUATOR_ACTIVE,TRAJECTORY_COMPLETE,24.0,58,10,0,0.06,58,0,0.0,0.0,0.0,0.62,0.07,1.03
2026-07-28T18:08:35.927,1739.375,412,close,ACTUATOR_ACTIVE,TRAJECTORY_RUNNING,24.0,54,10,17,3.81,54,0,0.0,0.0,0.0,0.59,0.06,1.02
2026-07-28T18:08:36.925,1740.375,412,close,ACTUATOR_ACTIVE,TRAJECTORY_RUNNING,24.0,54,32,0,32.45,54,0,0.0,0.0,0.0,1.4,0.0,5.08
2026-07-28T18:08:38.032,1741.484,412,open,ACTUATOR_ACTIVE,TRAJECTORY_RUNNING,24.0,54,32,-15,6.62,54,0,0.0,0.0,0.0,1.41,-0.02,5.14
2026-07-28T18:08:39.028,1742.484,412,open,ACTUATOR_ACTIVE,TRAJECTORY_RUNNING,24.0,54,9,0,-1.05,54,0,0.0,0.0,0.0,0.62,0.06,1.01
2026-07-28T18:08:40.128,1743.578,413,close,ACTUATOR_ACTIVE,TRAJECTORY_RUNNING,24.0,57,10,17,4.38,57,0,0.0,0.0,0.0,0.59,0.06,1.01
2026-07-28T18:08:41.139,1744.593,413,close,ACTUATOR_ACTIVE,TRAJECTORY_RUNNING,24.0,57,32,0,30.74,57,0,0.0,0.0,0.0,1.4,0.01,5.07
2026-07-28T18:08:42.243,1745.687,413,open,ACTUATOR_ACTIVE,TRAJECTORY_RUNNING,24.0,57,32,-16,7.09,57,0,0.0,0.0,0.0,1.26,0.09,4.84
2026-07-28T18:08:43.253,1746.703,413,open,ACTUATOR_ACTIVE,TRAJECTORY_COMPLETE,24.0,57,10,0,0.45,57,0,0.0,0.0,0.0,0.61,0.06,1.0
2026-07-28T18:08:44.361,1747.812,414,close,ACTUATOR_ACTIVE,TRAJECTORY_RUNNING,24.0,56,10,16,4.28,56,0,0.0,0.0,0.0,0.58,0.05,0.99
2026-07-28T18:08:45.359,1748.812,414,close,ACTUATOR_ACTIVE,TRAJECTORY_RUNNING,24.0,56,32,0,33.59,56,0,0.0,0.0,0.0,1.4,0.0,5.06
2026-07-28T18:08:46.464,1749.921,414,open,ACTUATOR_ACTIVE,TRAJECTORY_RUNNING,24.0,56,32,-16,7.63,56,0,0.0,0.0,0.0,0.96,0.27,2.98
2026-07-28T18:08:47.462,1750.906,414,open,ACTUATOR_ACTIVE,TRAJECTORY_COMPLETE,24.0,56,10,0,1.25,56,0,0.0,0.0,0.0,0.6,0.05,0.99
2026-07-28T18:08:48.585,1752.031,415,close,ACTUATOR_ACTIVE,TRAJECTORY_RUNNING,24.0,58,10,18,4.39,58,0,0.0,0.0,0.0,0.58,0.04,0.98
2026-07-28T18:08:49.596,1753.046,415,close,ACTUATOR_ACTIVE,TRAJECTORY_RUNNING,24.0,58,33,0,83.46,58,0,0.0,0.0,0.0,2.21,-0.24,1.35
2026-07-28T18:08:50.702,1754.156,415,open,ACTUATOR_ACTIVE,TRAJECTORY_RUNNING,24.0,58,33,-1,31.98,58,0,0.0,0.0,0.0,2.28,-0.25,1.65
2026-07-28T18:08:51.700,1755.156,415,open,ACTUATOR_ACTIVE,TRAJECTORY_COMPLETE,24.0,58,9,0,-1.07,58,0,0.0,0.0,0.0,0.64,0.04,1.09
2026-07-28T18:08:52.807,1756.265,416,close,ACTUATOR_ACTIVE,TRAJECTORY_RUNNING,24.0,56,10,17,3.84,56,0,0.0,0.0,0.0,0.6,0.04,1.04
2026-07-28T18:08:53.802,1757.25,416,close,ACTUATOR_ACTIVE,TRAJECTORY_RUNNING,24.0,56,33,-1,77.89,56,0,0.0,0.0,0.0,2.21,-0.23,1.33
2026-07-28T18:08:54.922,1758.375,416,open,ACTUATOR_ACTIVE,TRAJECTORY_RUNNING,24.0,56,33,0,37.41,56,0,0.0,0.0,0.0,2.29,-0.24,1.67
2026-07-28T18:08:55.914,1759.359,416,open,ACTUATOR_ACTIVE,TRAJECTORY_COMPLETE,24.0,57,9,0,-0.44,57,0,0.0,0.0,0.0,0.65,0.03,1.09
2026-07-28T18:08:57.033,1760.484,417,close,ACTUATOR_ACTIVE,TRAJECTORY_RUNNING,24.0,57,10,14,3.27,57,0,0.0,0.0,0.0,0.61,0.03,1.02
2026-07-28T18:08:58.028,1761.484,417,close,ACTUATOR_ACTIVE,TRAJECTORY_RUNNING,24.0,57,33,0,80.22,57,0,0.0,0.0,0.0,2.22,-0.23,1.36
2026-07-28T18:08:59.131,1762.578,417,open,ACTUATOR_ACTIVE,TRAJECTORY_RUNNING,24.0,57,33,0,35.05,57,0,0.0,0.0,0.0,2.29,-0.24,1.65
2026-07-28T18:09:00.136,1763.593,417,open,ACTUATOR_ACTIVE,TRAJECTORY_RUNNING,24.0,55,8,9,3.98,55,0,0.0,0.0,0.0,0.65,0.04,1.07
2026-07-28T18:09:01.237,1764.687,418,close,ACTUATOR_ACTIVE,TRAJECTORY_RUNNING,24.0,55,10,16,4.49,55,0,0.0,0.0,0.0,0.61,0.04,1.02
2026-07-28T18:09:02.232,1765.687,418,close,ACTUATOR_ACTIVE,TRAJECTORY_RUNNING,24.0,55,33,-1,75.49,55,0,0.0,0.0,0.0,2.22,-0.23,1.37
2026-07-28T18:09:03.339,1766.796,418,open,ACTUATOR_ACTIVE,TRAJECTORY_RUNNING,24.0,55,33,-4,33.13,55,0,0.0,0.0,0.0,2.29,-0.24,1.68
2026-07-28T18:09:04.337,1767.781,418,open,ACTUATOR_ACTIVE,TRAJECTORY_COMPLETE,24.0,56,9,-1,-0.38,56,0,0.0,0.0,0.0,0.66,0.04,1.07
2026-07-28T18:09:05.457,1768.906,419,close,ACTUATOR_ACTIVE,TRAJECTORY_RUNNING,24.0,56,10,17,5.13,56,0,0.0,0.0,0.0,0.62,0.04,1.02
2026-07-28T18:09:06.450,1769.906,419,close,ACTUATOR_ACTIVE,TRAJECTORY_RUNNING,24.0,56,33,0,77.54,56,0,0.0,0.0,0.0,2.22,-0.23,1.39
2026-07-28T18:09:07.557,1771.0,419,open,ACTUATOR_ACTIVE,TRAJECTORY_RUNNING,24.0,56,33,0,36.29,56,0,0.0,0.0,0.0,2.29,-0.23,1.66
2026-07-28T18:09:08.570,1772.015,419,open,ACTUATOR_ACTIVE,TRAJECTORY_RUNNING,24.0,55,9,12,3.37,55,0,0.0,0.0,0.0,0.65,0.04,1.07
2026-07-28T18:09:09.679,1773.125,420,close,ACTUATOR_ACTIVE,TRAJECTORY_RUNNING,24.0,55,10,17,4.46,55,0,0.0,0.0,0.0,0.61,0.04,1.01
2026-07-28T18:09:10.691,1774.14,420,close,ACTUATOR_ACTIVE,TRAJECTORY_RUNNING,24.0,55,33,0,80.47,55,0,0.0,0.0,0.0,2.22,-0.22,1.36
2026-07-28T18:09:11.800,1775.25,420,open,ACTUATOR_ACTIVE,TRAJECTORY_RUNNING,24.0,57,33,-2,33.42,57,0,0.0,0.0,0.0,2.3,-0.23,1.68
2026-07-28T18:09:12.795,1776.25,420,open,ACTUATOR_ACTIVE,TRAJECTORY_RUNNING,24.0,57,8,8,2.77,57,0,0.0,0.0,0.0,0.65,0.04,1.06
2026-07-28T18:09:13.906,1777.359,421,close,ACTUATOR_ACTIVE,TRAJECTORY_RUNNING,24.0,57,10,18,3.0,57,0,0.0,0.0,0.0,0.61,0.04,1.01
2026-07-28T18:09:14.899,1778.343,421,close,ACTUATOR_ACTIVE,TRAJECTORY_RUNNING,24.0,57,33,-1,78.03,57,0,0.0,0.0,0.0,2.22,-0.22,1.39
2026-07-28T18:09:16.026,1779.468,421,open,ACTUATOR_ACTIVE,TRAJECTORY_RUNNING,24.0,59,33,0,31.63,59,0,0.0,0.0,0.0,2.29,-0.24,1.72
2026-07-28T18:09:17.042,1780.484,421,open,ACTUATOR_ACTIVE,TRAJECTORY_COMPLETE,24.0,59,9,0,-0.74,59,0,0.0,0.0,0.0,0.65,0.04,1.05
2026-07-28T18:09:18.145,1781.593,422,close,ACTUATOR_ACTIVE,TRAJECTORY_RUNNING,24.0,59,10,16,4.23,59,0,0.0,0.0,0.0,0.61,0.04,1.01
2026-07-28T18:09:19.155,1782.609,422,close,ACTUATOR_ACTIVE,TRAJECTORY_RUNNING,24.0,59,32,0,33.62,59,0,0.0,0.0,0.0,1.42,0.01,5.1
2026-07-28T18:09:20.258,1783.703,422,open,ACTUATOR_ACTIVE,TRAJECTORY_RUNNING,24.0,56,32,-14,7.32,56,0,0.0,0.0,0.0,1.43,-0.01,5.17
2026-07-28T18:09:21.266,1784.718,422,open,ACTUATOR_ACTIVE,TRAJECTORY_COMPLETE,24.0,56,10,2,1.08,56,0,0.0,0.0,0.0,0.62,0.07,1.0
2026-07-28T18:09:22.373,1785.828,423,close,ACTUATOR_ACTIVE,TRAJECTORY_RUNNING,24.0,56,10,17,4.4,56,0,0.0,0.0,0.0,0.59,0.06,0.98
2026-07-28T18:09:23.365,1786.812,423,close,ACTUATOR_ACTIVE,TRAJECTORY_RUNNING,24.0,56,33,1,79.81,56,0,0.0,0.0,0.0,2.21,-0.23,1.34
2026-07-28T18:09:24.486,1787.937,423,open,ACTUATOR_ACTIVE,TRAJECTORY_RUNNING,24.0,60,33,-1,39.61,60,0,0.0,0.0,0.0,2.29,-0.24,1.67
2026-07-28T18:09:25.481,1788.937,423,open,ACTUATOR_ACTIVE,TRAJECTORY_RUNNING,24.0,60,8,10,2.63,60,0,0.0,0.0,0.0,0.65,0.04,1.04
2026-07-28T18:09:26.584,1790.031,424,close,ACTUATOR_ACTIVE,TRAJECTORY_RUNNING,24.0,60,10,19,4.22,60,0,0.0,0.0,0.0,0.6,0.04,0.99
2026-07-28T18:09:27.597,1791.046,424,close,ACTUATOR_ACTIVE,TRAJECTORY_RUNNING,24.0,60,32,0,32.74,60,0,0.0,0.0,0.0,1.42,0.01,5.1
2026-07-28T18:09:28.700,1792.156,424,open,ACTUATOR_ACTIVE,TRAJECTORY_RUNNING,24.0,57,32,-14,7.54,57,0,0.0,0.0,0.0,1.25,0.21,4.04
2026-07-28T18:09:29.694,1793.14,424,open,ACTUATOR_ACTIVE,TRAJECTORY_COMPLETE,24.0,57,10,8,-0.79,57,0,0.0,0.0,0.0,0.62,0.07,1.0
2026-07-28T18:09:30.813,1794.265,425,close,ACTUATOR_ACTIVE,TRAJECTORY_RUNNING,24.0,57,10,16,6.21,57,0,0.0,0.0,0.0,0.59,0.06,0.98
2026-07-28T18:09:31.807,1795.25,425,close,ACTUATOR_ACTIVE,TRAJECTORY_RUNNING,24.0,56,32,0,32.01,56,0,0.0,0.0,0.0,1.42,0.02,5.1
2026-07-28T18:09:32.928,1796.375,425,open,ACTUATOR_ACTIVE,TRAJECTORY_RUNNING,24.0,56,32,-15,6.59,56,0,0.0,0.0,0.0,1.42,-0.01,5.16
2026-07-28T18:09:33.938,1797.39,425,open,ACTUATOR_ACTIVE,TRAJECTORY_COMPLETE,24.0,56,10,0,1.02,56,0,0.0,0.0,0.0,0.6,0.06,0.98
2026-07-28T18:09:35.047,1798.5,426,close,ACTUATOR_ACTIVE,TRAJECTORY_RUNNING,24.0,56,10,19,3.85,56,0,0.0,0.0,0.0,0.58,0.06,0.96
2026-07-28T18:09:36.042,1799.5,426,close,ACTUATOR_ACTIVE,TRAJECTORY_RUNNING,24.0,55,33,0,83.42,55,0,0.0,0.0,0.0,2.21,-0.23,1.36
2026-07-28T18:09:37.150,1800.593,426,open,ACTUATOR_ACTIVE,TRAJECTORY_RUNNING,24.0,55,33,-2,34.37,55,0,0.0,0.0,0.0,2.29,-0.25,1.71
2026-07-28T18:09:38.162,1801.609,426,open,ACTUATOR_ACTIVE,TRAJECTORY_RUNNING,24.0,55,9,12,3.16,55,0,0.0,0.0,0.0,0.64,0.05,1.04
2026-07-28T18:09:39.264,1802.718,427,close,ACTUATOR_ACTIVE,TRAJECTORY_RUNNING,24.0,55,10,16,3.89,55,0,0.0,0.0,0.0,0.6,0.04,1.0
2026-07-28T18:09:40.260,1803.703,427,close,ACTUATOR_ACTIVE,TRAJECTORY_RUNNING,24.0,57,32,0,34.34,57,0,0.0,0.0,0.0,1.42,0.02,5.09
2026-07-28T18:09:41.387,1804.843,427,open,ACTUATOR_ACTIVE,TRAJECTORY_RUNNING,24.0,57,32,-15,6.77,57,0,0.0,0.0,0.0,1.18,0.25,3.68
2026-07-28T18:09:42.377,1805.828,427,open,ACTUATOR_ACTIVE,TRAJECTORY_COMPLETE,24.0,57,10,6,0.51,57,0,0.0,0.0,0.0,0.63,0.07,1.01
2026-07-28T18:09:43.501,1806.953,428,close,ACTUATOR_ACTIVE,TRAJECTORY_RUNNING,24.0,57,10,18,5.24,57,0,0.0,0.0,0.0,0.6,0.07,0.98
2026-07-28T18:09:44.499,1807.953,428,close,ACTUATOR_ACTIVE,TRAJECTORY_RUNNING,24.0,56,33,0,80.02,56,0,0.0,0.0,0.0,2.22,-0.23,1.45
2026-07-28T18:09:45.607,1809.062,428,open,ACTUATOR_ACTIVE,TRAJECTORY_RUNNING,24.0,56,33,0,27.6,56,0,0.0,0.0,0.0,2.29,-0.24,1.72
2026-07-28T18:09:46.605,1810.062,428,open,ACTUATOR_ACTIVE,TRAJECTORY_RUNNING,24.0,56,8,11,3.21,56,0,0.0,0.0,0.0,0.64,0.05,1.03
2026-07-28T18:09:47.715,1811.171,429,close,ACTUATOR_ACTIVE,TRAJECTORY_RUNNING,24.0,56,10,19,4.17,54,0,0.0,0.0,0.0,0.6,0.04,1.0
2026-07-28T18:09:48.712,1812.156,429,close,ACTUATOR_ACTIVE,TRAJECTORY_RUNNING,24.0,54,33,0,79.2,54,0,0.0,0.0,0.0,2.22,-0.22,1.41
2026-07-28T18:09:49.836,1813.281,429,open,ACTUATOR_ACTIVE,TRAJECTORY_RUNNING,24.0,54,33,0,33.71,54,0,0.0,0.0,0.0,2.3,-0.24,1.72
2026-07-28T18:09:50.848,1814.296,429,open,ACTUATOR_ACTIVE,TRAJECTORY_RUNNING,24.0,54,9,11,3.32,54,0,0.0,0.0,0.0,0.65,0.05,1.04
2026-07-28T18:09:51.954,1815.406,430,close,ACTUATOR_ACTIVE,TRAJECTORY_RUNNING,24.0,57,10,15,3.57,57,0,0.0,0.0,0.0,0.61,0.05,1.0
2026-07-28T18:09:52.947,1816.39,430,close,ACTUATOR_ACTIVE,TRAJECTORY_RUNNING,24.0,57,33,0,80.42,57,0,0.0,0.0,0.0,2.23,-0.22,1.44
2026-07-28T18:09:54.065,1817.515,430,open,ACTUATOR_ACTIVE,TRAJECTORY_RUNNING,24.0,57,33,0,34.28,57,0,0.0,0.0,0.0,2.3,-0.24,1.75
2026-07-28T18:09:55.065,1818.515,430,open,ACTUATOR_ACTIVE,TRAJECTORY_RUNNING,24.0,57,8,9,3.44,57,0,0.0,0.0,0.0,0.66,0.04,1.04
2026-07-28T18:09:56.172,1819.625,431,close,ACTUATOR_ACTIVE,TRAJECTORY_RUNNING,24.0,57,10,17,3.48,57,0,0.0,0.0,0.0,0.61,0.04,0.99
2026-07-28T18:09:57.164,1820.609,431,close,ACTUATOR_ACTIVE,TRAJECTORY_RUNNING,24.0,57,32,0,29.61,57,0,0.0,0.0,0.0,1.42,0.03,5.09
2026-07-28T18:09:58.286,1821.734,431,open,ACTUATOR_ACTIVE,TRAJECTORY_RUNNING,24.0,57,32,-16,6.86,57,0,0.0,0.0,0.0,1.42,0.01,5.17
2026-07-28T18:09:59.283,1822.734,431,open,ACTUATOR_ACTIVE,TRAJECTORY_COMPLETE,24.0,57,10,1,0.35,57,0,0.0,0.0,0.0,0.62,0.07,0.99
2026-07-28T18:10:00.381,1823.828,432,close,ACTUATOR_ACTIVE,TRAJECTORY_RUNNING,24.0,56,10,18,5.12,56,0,0.0,0.0,0.0,0.59,0.07,0.97
2026-07-28T18:10:01.392,1824.843,432,close,ACTUATOR_ACTIVE,TRAJECTORY_RUNNING,24.0,56,32,0,32.62,56,0,0.0,0.0,0.0,1.42,0.03,5.09
2026-07-28T18:10:02.501,1825.953,432,open,ACTUATOR_ACTIVE,TRAJECTORY_RUNNING,24.0,56,32,-15,7.96,56,0,0.0,0.0,0.0,1.22,0.23,3.92
2026-07-28T18:10:03.499,1826.953,432,open,ACTUATOR_ACTIVE,TRAJECTORY_COMPLETE,24.0,56,10,4,0.33,56,0,0.0,0.0,0.0,0.61,0.07,0.97
2026-07-28T18:10:04.607,1828.062,433,close,ACTUATOR_ACTIVE,TRAJECTORY_RUNNING,24.0,58,10,18,4.82,58,0,0.0,0.0,0.0,0.58,0.06,0.95
2026-07-28T18:10:05.605,1829.062,433,close,ACTUATOR_ACTIVE,TRAJECTORY_RUNNING,24.0,58,33,0,82.12,58,0,0.0,0.0,0.0,2.22,-0.22,1.46
2026-07-28T18:10:06.708,1830.156,433,open,ACTUATOR_ACTIVE,TRAJECTORY_RUNNING,24.0,58,33,-1,32.01,58,0,0.0,0.0,0.0,2.29,-0.24,1.73
2026-07-28T18:10:07.723,1831.171,433,open,ACTUATOR_ACTIVE,TRAJECTORY_RUNNING,24.0,56,8,11,3.93,56,0,0.0,0.0,0.0,0.65,0.05,1.04
2026-07-28T18:10:08.833,1832.281,434,close,ACTUATOR_ACTIVE,TRAJECTORY_RUNNING,24.0,56,10,18,5.04,56,0,0.0,0.0,0.0,0.6,0.05,0.98
2026-07-28T18:10:09.831,1833.281,434,close,ACTUATOR_ACTIVE,TRAJECTORY_RUNNING,24.0,56,33,0,75.85,56,0,0.0,0.0,0.0,2.23,-0.21,1.41
2026-07-28T18:10:10.930,1834.375,434,open,ACTUATOR_ACTIVE,TRAJECTORY_RUNNING,24.0,56,33,-2,36.27,56,0,0.0,0.0,0.0,2.3,-0.23,1.74
2026-07-28T18:10:11.938,1835.39,434,open,ACTUATOR_ACTIVE,TRAJECTORY_COMPLETE,24.0,56,9,0,-0.99,56,0,0.0,0.0,0.0,0.66,0.05,1.04
2026-07-28T18:10:13.046,1836.5,435,close,ACTUATOR_ACTIVE,TRAJECTORY_RUNNING,24.0,56,10,17,4.53,56,0,0.0,0.0,0.0,0.61,0.05,0.98
2026-07-28T18:10:14.041,1837.484,435,close,ACTUATOR_ACTIVE,TRAJECTORY_RUNNING,24.0,56,32,0,33.38,56,0,0.0,0.0,0.0,1.42,0.03,5.07
2026-07-28T18:10:15.164,1838.609,435,open,ACTUATOR_ACTIVE,TRAJECTORY_RUNNING,24.0,56,32,-15,7.23,56,0,0.0,0.0,0.0,1.42,0.01,5.13
2026-07-28T18:10:16.177,1839.625,435,open,ACTUATOR_ACTIVE,TRAJECTORY_COMPLETE,24.0,59,10,0,0.66,59,0,0.0,0.0,0.0,0.62,0.07,0.97
2026-07-28T18:10:17.289,1840.734,436,close,ACTUATOR_ACTIVE,TRAJECTORY_RUNNING,24.0,59,10,19,3.66,59,0,0.0,0.0,0.0,0.58,0.06,0.95
2026-07-28T18:10:18.286,1841.734,436,close,ACTUATOR_ACTIVE,TRAJECTORY_RUNNING,24.0,59,33,0,82.45,59,0,0.0,0.0,0.0,2.21,-0.22,1.41
2026-07-28T18:10:19.397,1842.843,436,open,ACTUATOR_ACTIVE,TRAJECTORY_RUNNING,24.0,59,33,0,31.62,59,0,0.0,0.0,0.0,2.29,-0.23,1.74
2026-07-28T18:10:20.392,1843.843,436,open,ACTUATOR_ACTIVE,TRAJECTORY_RUNNING,24.0,57,8,8,2.82,57,0,0.0,0.0,0.0,0.64,0.04,1.03
2026-07-28T18:10:21.492,1844.937,437,close,ACTUATOR_ACTIVE,TRAJECTORY_RUNNING,24.0,57,10,15,4.28,57,0,0.0,0.0,0.0,0.6,0.03,0.98
2026-07-28T18:10:22.499,1845.953,437,close,ACTUATOR_ACTIVE,TRAJECTORY_RUNNING,24.0,57,32,0,31.54,57,0,0.0,0.0,0.0,1.43,0.03,5.08
2026-07-28T18:10:23.599,1847.046,437,open,ACTUATOR_ACTIVE,TRAJECTORY_RUNNING,24.0,57,32,-15,6.36,57,0,0.0,0.0,0.0,1.16,0.26,3.58
2026-07-28T18:10:24.608,1848.062,437,open,ACTUATOR_ACTIVE,TRAJECTORY_RUNNING,24.0,53,9,0,0.15,53,0,0.0,0.0,0.0,0.61,0.06,0.98
2026-07-28T18:10:25.708,1849.156,438,close,ACTUATOR_ACTIVE,TRAJECTORY_RUNNING,24.0,53,10,17,4.88,53,0,0.0,0.0,0.0,0.58,0.06,0.96
2026-07-28T18:10:26.719,1850.171,438,close,ACTUATOR_ACTIVE,TRAJECTORY_RUNNING,24.0,53,33,1,85.67,53,0,0.0,0.0,0.0,2.23,-0.22,1.45
2026-07-28T18:10:27.822,1851.265,438,open,ACTUATOR_ACTIVE,TRAJECTORY_RUNNING,24.0,58,33,-1,32.44,58,0,0.0,0.0,0.0,2.3,-0.23,1.74
2026-07-28T18:10:28.836,1852.281,438,open,ACTUATOR_ACTIVE,TRAJECTORY_RUNNING,24.0,58,8,11,3.01,58,0,0.0,0.0,0.0,0.64,0.05,1.03
2026-07-28T18:10:29.939,1853.39,439,close,ACTUATOR_ACTIVE,TRAJECTORY_RUNNING,24.0,58,10,17,3.2,58,0,0.0,0.0,0.0,0.6,0.04,0.97
2026-07-28T18:10:30.933,1854.39,439,close,ACTUATOR_ACTIVE,TRAJECTORY_RUNNING,24.0,58,33,1,79.57,58,0,0.0,0.0,0.0,2.23,-0.21,1.45
2026-07-28T18:10:32.036,1855.484,439,open,ACTUATOR_ACTIVE,TRAJECTORY_RUNNING,24.0,55,33,0,38.52,55,0,0.0,0.0,0.0,2.3,-0.23,1.78
2026-07-28T18:10:33.029,1856.484,439,open,ACTUATOR_ACTIVE,TRAJECTORY_RUNNING,24.0,55,8,8,3.53,55,0,0.0,0.0,0.0,0.66,0.05,1.04
2026-07-28T18:10:34.135,1857.578,440,close,ACTUATOR_ACTIVE,TRAJECTORY_RUNNING,24.0,55,10,16,4.7,55,0,0.0,0.0,0.0,0.6,0.04,1.0
2026-07-28T18:10:35.149,1858.593,440,close,ACTUATOR_ACTIVE,TRAJECTORY_RUNNING,24.0,55,33,0,77.63,55,0,0.0,0.0,0.0,2.24,-0.21,1.48
2026-07-28T18:10:36.248,1859.703,440,open,ACTUATOR_ACTIVE,TRAJECTORY_RUNNING,24.0,54,33,-1,40.72,54,0,0.0,0.0,0.0,2.3,-0.21,1.74
2026-07-28T18:10:37.247,1860.703,440,open,ACTUATOR_ACTIVE,TRAJECTORY_RUNNING,24.0,54,8,8,2.89,54,0,0.0,0.0,0.0,0.66,0.05,1.04
2026-07-28T18:10:38.353,1861.796,441,close,ACTUATOR_ACTIVE,TRAJECTORY_RUNNING,24.0,54,10,15,3.71,54,0,0.0,0.0,0.0,0.61,0.04,0.98
2026-07-28T18:10:39.368,1862.812,441,close,ACTUATOR_ACTIVE,TRAJECTORY_RUNNING,24.0,54,33,0,77.94,54,0,0.0,0.0,0.0,2.23,-0.21,1.48
2026-07-28T18:10:40.472,1863.921,441,open,ACTUATOR_ACTIVE,TRAJECTORY_RUNNING,24.0,58,33,0,32.06,58,0,0.0,0.0,0.0,2.31,-0.22,1.8
2026-07-28T18:10:41.473,1864.921,441,open,ACTUATOR_ACTIVE,TRAJECTORY_RUNNING,24.0,58,8,10,2.77,58,0,0.0,0.0,0.0,0.66,0.06,1.05
2026-07-28T18:10:42.582,1866.031,442,close,ACTUATOR_ACTIVE,TRAJECTORY_RUNNING,24.0,58,10,15,4.05,58,0,0.0,0.0,0.0,0.62,0.05,1.0
2026-07-28T18:10:43.577,1867.031,442,close,ACTUATOR_ACTIVE,TRAJECTORY_RUNNING,24.0,58,33,-1,80.49,58,0,0.0,0.0,0.0,2.24,-0.2,1.52
2026-07-28T18:10:44.684,1868.14,442,open,ACTUATOR_ACTIVE,TRAJECTORY_RUNNING,24.0,57,33,0,32.65,57,0,0.0,0.0,0.0,2.3,-0.22,1.77
2026-07-28T18:10:45.680,1869.125,442,open,ACTUATOR_ACTIVE,TRAJECTORY_RUNNING,24.0,57,8,10,2.38,57,0,0.0,0.0,0.0,0.65,0.05,1.05
2026-07-28T18:10:46.802,1870.25,443,close,ACTUATOR_ACTIVE,TRAJECTORY_RUNNING,24.0,57,10,19,3.54,57,0,0.0,0.0,0.0,0.6,0.05,0.99
2026-07-28T18:10:47.811,1871.265,443,close,ACTUATOR_ACTIVE,TRAJECTORY_RUNNING,24.0,61,33,1,78.22,61,0,0.0,0.0,0.0,2.24,-0.2,1.47
2026-07-28T18:10:48.913,1872.359,443,open,ACTUATOR_ACTIVE,TRAJECTORY_RUNNING,24.0,61,33,-1,36.55,61,0,0.0,0.0,0.0,2.3,-0.21,1.77
2026-07-28T18:10:49.925,1873.375,443,open,ACTUATOR_ACTIVE,TRAJECTORY_RUNNING,24.0,61,8,9,2.88,61,0,0.0,0.0,0.0,0.65,0.05,1.06
2026-07-28T18:10:51.032,1874.484,444,close,ACTUATOR_ACTIVE,TRAJECTORY_RUNNING,24.0,61,10,15,4.84,61,0,0.0,0.0,0.0,0.61,0.04,1.0
2026-07-28T18:10:52.031,1875.484,444,close,ACTUATOR_ACTIVE,TRAJECTORY_RUNNING,24.0,55,32,0,33.48,55,0,0.0,0.0,0.0,1.43,0.04,5.1
2026-07-28T18:10:53.136,1876.593,444,open,ACTUATOR_ACTIVE,TRAJECTORY_RUNNING,24.0,55,32,-13,7.03,55,0,0.0,0.0,0.0,1.17,0.26,3.62
2026-07-28T18:10:54.131,1877.578,444,open,ACTUATOR_ACTIVE,TRAJECTORY_COMPLETE,24.0,55,10,7,0.46,55,0,0.0,0.0,0.0,0.62,0.07,0.99
2026-07-28T18:10:55.248,1878.703,445,close,ACTUATOR_ACTIVE,TRAJECTORY_RUNNING,24.0,55,10,16,3.73,55,0,0.0,0.0,0.0,0.59,0.06,0.97
2026-07-28T18:10:56.248,1879.703,445,close,ACTUATOR_ACTIVE,TRAJECTORY_RUNNING,24.0,56,33,1,80.71,56,0,0.0,0.0,0.0,2.24,-0.21,1.5
2026-07-28T18:10:57.347,1880.796,445,open,ACTUATOR_ACTIVE,TRAJECTORY_RUNNING,24.0,56,33,-2,35.87,56,0,0.0,0.0,0.0,2.31,-0.22,1.78
2026-07-28T18:10:58.360,1881.812,445,open,ACTUATOR_ACTIVE,TRAJECTORY_COMPLETE,24.0,56,9,-1,-0.62,56,0,0.0,0.0,0.0,0.65,0.05,1.04
2026-07-28T18:10:59.469,1882.921,446,close,ACTUATOR_ACTIVE,TRAJECTORY_RUNNING,24.0,56,10,15,5.01,56,0,0.0,0.0,0.0,0.61,0.05,0.99
2026-07-28T18:11:00.463,1883.906,446,close,ACTUATOR_ACTIVE,TRAJECTORY_RUNNING,24.0,57,33,0,80.23,57,0,0.0,0.0,0.0,2.24,-0.21,1.48
2026-07-28T18:11:01.586,1885.031,446,open,ACTUATOR_ACTIVE,TRAJECTORY_RUNNING,24.0,57,33,0,32.67,57,0,0.0,0.0,0.0,2.31,-0.22,1.81
2026-07-28T18:11:02.596,1886.046,446,open,ACTUATOR_ACTIVE,TRAJECTORY_RUNNING,24.0,57,9,12,2.4,57,0,0.0,0.0,0.0,0.65,0.05,1.06
2026-07-28T18:11:03.699,1887.156,447,close,ACTUATOR_ACTIVE,TRAJECTORY_RUNNING,24.0,57,10,14,3.31,57,0,0.0,0.0,0.0,0.61,0.05,1.01
2026-07-28T18:11:04.691,1888.14,447,close,ACTUATOR_ACTIVE,TRAJECTORY_RUNNING,24.0,57,32,0,30.79,57,0,0.0,0.0,0.0,1.43,0.05,5.1
2026-07-28T18:11:05.808,1889.265,447,open,ACTUATOR_ACTIVE,TRAJECTORY_RUNNING,24.0,57,32,-13,6.89,57,0,0.0,0.0,0.0,1.43,0.03,5.15
2026-07-28T18:11:06.806,1890.25,447,open,ACTUATOR_ACTIVE,TRAJECTORY_COMPLETE,24.0,57,10,8,1.31,57,0,0.0,0.0,0.0,0.62,0.07,1.0
2026-07-28T18:11:07.924,1891.375,448,close,ACTUATOR_ACTIVE,TRAJECTORY_RUNNING,24.0,58,10,16,4.85,58,0,0.0,0.0,0.0,0.59,0.06,0.99
2026-07-28T18:11:08.920,1892.375,448,close,ACTUATOR_ACTIVE,TRAJECTORY_RUNNING,24.0,58,33,0,89.08,58,0,0.0,0.0,0.0,2.23,-0.21,1.45
2026-07-28T18:11:10.024,1893.468,448,open,ACTUATOR_ACTIVE,TRAJECTORY_RUNNING,24.0,58,33,-2,33.7,58,0,0.0,0.0,0.0,2.3,-0.22,1.8
2026-07-28T18:11:11.036,1894.484,448,open,ACTUATOR_ACTIVE,TRAJECTORY_COMPLETE,24.0,58,9,0,0.46,58,0,0.0,0.0,0.0,0.65,0.06,1.06
2026-07-28T18:11:12.138,1895.593,449,close,ACTUATOR_ACTIVE,TRAJECTORY_RUNNING,24.0,57,10,16,4.03,57,0,0.0,0.0,0.0,0.61,0.06,1.01
2026-07-28T18:11:13.128,1896.578,449,close,ACTUATOR_ACTIVE,TRAJECTORY_RUNNING,24.0,57,32,0,33.77,57,0,0.0,0.0,0.0,1.43,0.05,5.1
2026-07-28T18:11:14.248,1897.703,449,open,ACTUATOR_ACTIVE,TRAJECTORY_RUNNING,24.0,57,32,-15,6.8,57,0,0.0,0.0,0.0,1.22,0.27,3.84
2026-07-28T18:11:15.242,1898.687,449,open,ACTUATOR_ACTIVE,TRAJECTORY_COMPLETE,24.0,57,10,8,0.12,57,0,0.0,0.0,0.0,0.63,0.07,1.02
2026-07-28T18:11:16.356,1899.812,450,close,ACTUATOR_ACTIVE,TRAJECTORY_RUNNING,24.0,55,10,15,3.75,55,0,0.0,0.0,0.0,0.59,0.07,1.01
2026-07-28T18:11:17.349,1900.796,450,close,ACTUATOR_ACTIVE,TRAJECTORY_STOPPED,24.0,55,32,0,33.67,55,0,0.0,0.0,0.0,1.42,0.05,5.1
2026-07-28T18:11:18.474,1901.921,450,open,ACTUATOR_ACTIVE,TRAJECTORY_RUNNING,24.0,55,32,-15,7.11,55,0,0.0,0.0,0.0,1.42,0.03,5.16
2026-07-28T18:11:19.473,1902.921,450,open,ACTUATOR_ACTIVE,TRAJECTORY_COMPLETE,24.0,55,10,4,1.11,55,0,0.0,0.0,0.0,0.61,0.08,1.0
2026-07-28T18:11:20.582,1904.031,451,close,ACTUATOR_ACTIVE,TRAJECTORY_RUNNING,24.0,52,10,18,4.5,52,0,0.0,0.0,0.0,0.59,0.06,0.99
2026-07-28T18:11:21.580,1905.031,451,close,ACTUATOR_ACTIVE,TRAJECTORY_RUNNING,24.0,52,32,0,32.98,52,0,0.0,0.0,0.0,1.42,0.05,5.09
2026-07-28T18:11:22.689,1906.14,451,open,ACTUATOR_ACTIVE,TRAJECTORY_RUNNING,24.0,52,32,-14,7.4,52,0,0.0,0.0,0.0,1.3,0.21,4.43
2026-07-28T18:11:23.687,1907.14,451,open,ACTUATOR_ACTIVE,TRAJECTORY_COMPLETE,24.0,52,10,4,0.97,52,0,0.0,0.0,0.0,0.61,0.06,0.99
2026-07-28T18:11:24.797,1908.25,452,close,ACTUATOR_ACTIVE,TRAJECTORY_RUNNING,24.0,55,10,17,2.8,55,0,0.0,0.0,0.0,0.59,0.06,0.97
2026-07-28T18:11:25.793,1909.25,452,close,ACTUATOR_ACTIVE,TRAJECTORY_RUNNING,24.0,55,33,0,85.55,55,0,0.0,0.0,0.0,2.23,-0.21,1.53
2026-07-28T18:11:26.901,1910.359,452,open,ACTUATOR_ACTIVE,TRAJECTORY_RUNNING,24.0,55,33,0,31.49,55,0,0.0,0.0,0.0,2.3,-0.22,1.85
2026-07-28T18:11:27.899,1911.343,452,open,ACTUATOR_ACTIVE,TRAJECTORY_RUNNING,24.0,56,8,10,1.58,56,0,0.0,0.0,0.0,0.65,0.06,1.07
2026-07-28T18:11:29.018,1912.468,453,close,ACTUATOR_ACTIVE,TRAJECTORY_RUNNING,24.0,56,10,16,4.12,56,0,0.0,0.0,0.0,0.61,0.06,1.03
2026-07-28T18:11:30.016,1913.468,453,close,ACTUATOR_ACTIVE,TRAJECTORY_RUNNING,24.0,56,33,0,78.1,56,0,0.0,0.0,0.0,2.24,-0.2,1.5
2026-07-28T18:11:31.122,1914.578,453,open,ACTUATOR_ACTIVE,TRAJECTORY_RUNNING,24.0,56,33,0,33.08,56,0,0.0,0.0,0.0,2.31,-0.21,1.84
2026-07-28T18:11:32.117,1915.562,453,open,ACTUATOR_ACTIVE,TRAJECTORY_RUNNING,24.0,57,8,10,2.5,57,0,0.0,0.0,0.0,0.66,0.07,1.08
2026-07-28T18:11:33.235,1916.687,454,close,ACTUATOR_ACTIVE,TRAJECTORY_RUNNING,24.0,57,10,18,3.63,57,0,0.0,0.0,0.0,0.61,0.06,1.04
2026-07-28T18:11:34.232,1917.687,454,close,ACTUATOR_ACTIVE,TRAJECTORY_RUNNING,24.0,57,32,0,32.32,57,0,0.0,0.0,0.0,1.44,0.06,5.11
2026-07-28T18:11:35.337,1918.781,454,open,ACTUATOR_ACTIVE,TRAJECTORY_RUNNING,24.0,57,32,-16,7.01,57,0,0.0,0.0,0.0,1.43,0.04,5.16
2026-07-28T18:11:36.345,1919.796,454,open,ACTUATOR_ACTIVE,TRAJECTORY_RUNNING,24.0,56,10,2,1.27,56,0,0.0,0.0,0.0,0.63,0.08,1.02
2026-07-28T18:11:37.449,1920.906,455,close,ACTUATOR_ACTIVE,TRAJECTORY_RUNNING,24.0,56,10,18,3.93,56,0,0.0,0.0,0.0,0.59,0.07,1.0
2026-07-28T18:11:38.442,1921.89,455,close,ACTUATOR_ACTIVE,TRAJECTORY_RUNNING,24.0,56,33,0,82.26,56,0,0.0,0.0,0.0,2.23,-0.2,1.5
2026-07-28T18:11:39.561,1923.015,455,open,ACTUATOR_ACTIVE,TRAJECTORY_RUNNING,24.0,56,33,0,33.01,56,0,0.0,0.0,0.0,2.31,-0.21,1.84
2026-07-28T18:11:40.553,1924.0,455,open,ACTUATOR_ACTIVE,TRAJECTORY_RUNNING,24.0,55,8,8,1.35,55,0,0.0,0.0,0.0,0.66,0.06,1.08
2026-07-28T18:11:41.671,1925.125,456,close,ACTUATOR_ACTIVE,TRAJECTORY_RUNNING,24.0,55,10,16,5.78,55,0,0.0,0.0,0.0,0.62,0.05,1.03
2026-07-28T18:11:42.667,1926.109,456,close,ACTUATOR_ACTIVE,TRAJECTORY_RUNNING,24.0,55,33,-1,78.77,55,0,0.0,0.0,0.0,2.25,-0.2,1.53
2026-07-28T18:11:43.782,1927.234,456,open,ACTUATOR_ACTIVE,TRAJECTORY_RUNNING,24.0,56,33,-2,36.2,56,0,0.0,0.0,0.0,2.32,-0.21,1.87
2026-07-28T18:11:44.793,1928.25,456,open,ACTUATOR_ACTIVE,TRAJECTORY_RUNNING,24.0,56,8,8,2.75,56,0,0.0,0.0,0.0,0.67,0.07,1.09
2026-07-28T18:11:45.897,1929.343,457,close,ACTUATOR_ACTIVE,TRAJECTORY_RUNNING,24.0,56,10,15,4.71,56,0,0.0,0.0,0.0,0.63,0.07,1.05
2026-07-28T18:11:46.908,1930.359,457,close,ACTUATOR_ACTIVE,TRAJECTORY_RUNNING,24.0,56,33,-1,83.81,56,0,0.0,0.0,0.0,2.25,-0.19,1.57
2026-07-28T18:11:48.007,1931.453,457,open,ACTUATOR_ACTIVE,TRAJECTORY_RUNNING,24.0,58,33,0,39.32,58,0,0.0,0.0,0.0,2.32,-0.2,1.85
2026-07-28T18:11:49.019,1932.468,457,open,ACTUATOR_ACTIVE,TRAJECTORY_RUNNING,24.0,58,10,-14,-2.2,58,0,0.0,0.0,0.0,0.66,0.06,1.09
2026-07-28T18:11:50.128,1933.578,458,close,ACTUATOR_ACTIVE,TRAJECTORY_RUNNING,24.0,58,10,17,4.09,58,0,0.0,0.0,0.0,0.61,0.06,1.06
2026-07-28T18:11:51.125,1934.578,458,close,ACTUATOR_ACTIVE,TRAJECTORY_RUNNING,24.0,58,33,-1,79.41,58,0,0.0,0.0,0.0,2.24,-0.19,1.51
2026-07-28T18:11:52.228,1935.671,458,open,ACTUATOR_ACTIVE,TRAJECTORY_RUNNING,24.0,55,33,-2,35.8,55,0,0.0,0.0,0.0,2.32,-0.2,1.85
2026-07-28T18:11:53.241,1936.687,458,open,ACTUATOR_ACTIVE,TRAJECTORY_RUNNING,24.0,55,9,10,3.75,55,0,0.0,0.0,0.0,0.66,0.06,1.1
2026-07-28T18:11:54.346,1937.796,459,close,ACTUATOR_ACTIVE,TRAJECTORY_RUNNING,24.0,55,11,19,2.84,55,0,0.0,0.0,0.0,0.62,0.06,1.07
2026-07-28T18:11:55.343,1938.796,459,close,ACTUATOR_ACTIVE,TRAJECTORY_RUNNING,24.0,55,33,2,83.89,55,0,0.0,0.0,0.0,2.26,-0.19,1.57
2026-07-28T18:11:56.448,1939.89,459,open,ACTUATOR_ACTIVE,TRAJECTORY_RUNNING,24.0,57,33,0,34.39,57,0,0.0,0.0,0.0,2.32,-0.19,1.85
2026-07-28T18:11:57.461,1940.906,459,open,ACTUATOR_ACTIVE,TRAJECTORY_COMPLETE,24.0,57,9,0,-0.3,57,0,0.0,0.0,0.0,0.67,0.07,1.11
2026-07-28T18:11:58.566,1942.015,460,close,ACTUATOR_ACTIVE,TRAJECTORY_RUNNING,24.0,57,10,14,2.9,57,0,0.0,0.0,0.0,0.63,0.07,1.08
2026-07-28T18:11:59.567,1943.015,460,close,ACTUATOR_ACTIVE,TRAJECTORY_RUNNING,24.0,57,33,0,81.94,57,0,0.0,0.0,0.0,2.25,-0.19,1.53
2026-07-28T18:12:00.680,1944.125,460,open,ACTUATOR_ACTIVE,TRAJECTORY_RUNNING,24.0,59,33,-1,29.21,59,0,0.0,0.0,0.0,2.32,-0.19,1.86
2026-07-28T18:12:01.677,1945.125,460,open,ACTUATOR_ACTIVE,TRAJECTORY_RUNNING,24.0,59,8,10,2.63,59,0,0.0,0.0,0.0,0.67,0.07,1.11
2026-07-28T18:12:02.783,1946.234,461,close,ACTUATOR_ACTIVE,TRAJECTORY_RUNNING,24.0,59,10,17,4.61,59,0,0.0,0.0,0.0,0.63,0.08,1.07
2026-07-28T18:12:03.777,1947.234,461,close,ACTUATOR_ACTIVE,TRAJECTORY_RUNNING,24.0,58,33,1,82.79,58,0,0.0,0.0,0.0,2.25,-0.18,1.56
2026-07-28T18:12:04.888,1948.343,461,open,ACTUATOR_ACTIVE,TRAJECTORY_RUNNING,24.0,58,33,-2,31.39,58,0,0.0,0.0,0.0,2.32,-0.2,1.9
2026-07-28T18:12:05.881,1949.328,461,open,ACTUATOR_ACTIVE,TRAJECTORY_RUNNING,24.0,58,8,10,3.99,58,0,0.0,0.0,0.0,0.67,0.09,1.1
2026-07-28T18:12:07.003,1950.453,462,close,ACTUATOR_ACTIVE,TRAJECTORY_RUNNING,24.0,58,10,18,3.56,58,0,0.0,0.0,0.0,0.63,0.09,1.05
2026-07-28T18:12:08.001,1951.453,462,close,ACTUATOR_ACTIVE,TRAJECTORY_RUNNING,24.0,55,33,0,80.85,55,0,0.0,0.0,0.0,2.26,-0.19,1.61
2026-07-28T18:12:09.108,1952.562,462,open,ACTUATOR_ACTIVE,TRAJECTORY_RUNNING,24.0,55,33,-1,33.94,55,0,0.0,0.0,0.0,2.32,-0.19,1.91
2026-07-28T18:12:10.106,1953.562,462,open,ACTUATOR_ACTIVE,TRAJECTORY_RUNNING,24.0,55,8,10,3.19,55,0,0.0,0.0,0.0,0.66,0.08,1.1
2026-07-28T18:12:11.217,1954.671,463,close,ACTUATOR_ACTIVE,TRAJECTORY_RUNNING,24.0,55,10,16,3.99,55,0,0.0,0.0,0.0,0.62,0.09,1.06
2026-07-28T18:12:12.212,1955.656,463,close,ACTUATOR_ACTIVE,TRAJECTORY_RUNNING,24.0,58,33,0,80.25,58,0,0.0,0.0,0.0,2.25,-0.18,1.59
2026-07-28T18:12:13.335,1956.781,463,open,ACTUATOR_ACTIVE,TRAJECTORY_RUNNING,24.0,58,33,0,33.66,58,0,0.0,0.0,0.0,2.32,-0.19,1.91
2026-07-28T18:12:14.347,1957.796,463,open,ACTUATOR_ACTIVE,TRAJECTORY_RUNNING,24.0,58,8,9,3.16,58,0,0.0,0.0,0.0,0.67,0.09,1.11
2026-07-28T18:12:15.454,1958.906,464,close,ACTUATOR_ACTIVE,TRAJECTORY_RUNNING,24.0,58,10,18,4.37,58,0,0.0,0.0,0.0,0.62,0.09,1.06
2026-07-28T18:12:16.449,1959.906,464,close,ACTUATOR_ACTIVE,TRAJECTORY_RUNNING,24.0,59,32,0,34.43,59,0,0.0,0.0,0.0,1.43,0.08,5.09
2026-07-28T18:12:17.551,1961.0,464,open,ACTUATOR_ACTIVE,TRAJECTORY_RUNNING,24.0,59,32,-16,6.24,59,0,0.0,0.0,0.0,1.43,0.06,5.14
2026-07-28T18:12:18.562,1962.015,464,open,ACTUATOR_ACTIVE,TRAJECTORY_COMPLETE,24.0,59,10,0,0.28,59,0,0.0,0.0,0.0,0.63,0.1,1.07
2026-07-28T18:12:19.671,1963.125,465,close,ACTUATOR_ACTIVE,TRAJECTORY_RUNNING,24.0,59,10,17,3.63,59,0,0.0,0.0,0.0,0.6,0.09,1.06
2026-07-28T18:12:20.668,1964.125,465,close,ACTUATOR_ACTIVE,TRAJECTORY_RUNNING,24.0,58,33,0,81.3,58,0,0.0,0.0,0.0,2.23,-0.19,1.54
2026-07-28T18:12:21.776,1965.234,465,open,ACTUATOR_ACTIVE,TRAJECTORY_RUNNING,24.0,58,33,-1,32.1,58,0,0.0,0.0,0.0,2.32,-0.2,1.89
2026-07-28T18:12:22.772,1966.218,465,open,ACTUATOR_ACTIVE,TRAJECTORY_COMPLETE,24.0,58,9,0,-0.72,58,0,0.0,0.0,0.0,0.65,0.08,1.1
2026-07-28T18:12:23.893,1967.343,466,close,ACTUATOR_ACTIVE,TRAJECTORY_RUNNING,24.0,57,10,16,4.09,57,0,0.0,0.0,0.0,0.62,0.09,1.08
2026-07-28T18:12:24.892,1968.343,466,close,ACTUATOR_ACTIVE,TRAJECTORY_RUNNING,24.0,57,32,0,31.23,57,0,0.0,0.0,0.0,1.43,0.08,5.08
2026-07-28T18:12:26.002,1969.453,466,open,ACTUATOR_ACTIVE,TRAJECTORY_RUNNING,24.0,57,32,-15,7.26,57,0,0.0,0.0,0.0,1.12,0.31,3.42
2026-07-28T18:12:26.997,1970.453,466,open,ACTUATOR_ACTIVE,TRAJECTORY_COMPLETE,24.0,57,10,3,0.7,57,0,0.0,0.0,0.0,0.63,0.1,1.08
2026-07-28T18:12:28.104,1971.546,467,close,ACTUATOR_ACTIVE,TRAJECTORY_RUNNING,24.0,55,10,17,3.81,55,0,0.0,0.0,0.0,0.6,0.09,1.07
2026-07-28T18:12:29.113,1972.562,467,close,ACTUATOR_ACTIVE,TRAJECTORY_RUNNING,24.0,55,33,0,79.3,55,0,0.0,0.0,0.0,2.25,-0.18,1.6
2026-07-28T18:12:30.224,1973.671,467,open,ACTUATOR_ACTIVE,TRAJECTORY_RUNNING,24.0,55,33,0,32.13,55,0,0.0,0.0,0.0,2.31,-0.19,1.89
2026-07-28T18:12:31.220,1974.671,467,open,ACTUATOR_ACTIVE,TRAJECTORY_RUNNING,24.0,55,8,11,1.9,55,0,0.0,0.0,0.0,0.66,0.09,1.09
2026-07-28T18:12:32.324,1975.781,468,close,ACTUATOR_ACTIVE,TRAJECTORY_RUNNING,24.0,55,10,15,3.57,55,0,0.0,0.0,0.0,0.62,0.09,1.06
2026-07-28T18:12:33.320,1976.765,468,close,ACTUATOR_ACTIVE,TRAJECTORY_RUNNING,24.0,55,33,1,76.68,55,0,0.0,0.0,0.0,2.25,-0.17,1.57
2026-07-28T18:12:34.440,1977.89,468,open,ACTUATOR_ACTIVE,TRAJECTORY_RUNNING,24.0,55,33,-1,34.12,55,0,0.0,0.0,0.0,2.32,-0.19,1.92
2026-07-28T18:12:35.438,1978.89,468,open,ACTUATOR_ACTIVE,TRAJECTORY_RUNNING,24.0,55,8,9,2.95,55,0,0.0,0.0,0.0,0.67,0.1,1.09
2026-07-28T18:12:36.540,1979.984,469,close,ACTUATOR_ACTIVE,TRAJECTORY_RUNNING,24.0,59,10,16,4.91,59,0,0.0,0.0,0.0,0.62,0.1,1.07
2026-07-28T18:12:37.550,1981.0,469,close,ACTUATOR_ACTIVE,TRAJECTORY_RUNNING,24.0,59,32,0,33.21,59,0,0.0,0.0,0.0,1.43,0.08,5.08
2026-07-28T18:12:38.651,1982.109,469,open,ACTUATOR_ACTIVE,TRAJECTORY_RUNNING,24.0,59,32,-15,7.17,59,0,0.0,0.0,0.0,1.42,0.06,5.14
2026-07-28T18:12:39.645,1983.093,469,open,ACTUATOR_ACTIVE,TRAJECTORY_COMPLETE,24.0,59,9,0,0.54,59,0,0.0,0.0,0.0,0.63,0.09,1.07
2026-07-28T18:12:40.764,1984.218,470,close,ACTUATOR_ACTIVE,TRAJECTORY_RUNNING,24.0,54,10,17,5.0,54,0,0.0,0.0,0.0,0.6,0.08,1.06
2026-07-28T18:12:41.758,1985.203,470,close,ACTUATOR_ACTIVE,TRAJECTORY_RUNNING,24.0,54,32,0,29.67,54,0,0.0,0.0,0.0,1.42,0.08,5.07
2026-07-28T18:12:42.879,1986.328,470,open,ACTUATOR_ACTIVE,TRAJECTORY_RUNNING,24.0,54,32,-15,7.73,54,0,0.0,0.0,0.0,1.29,0.17,4.86
2026-07-28T18:12:43.875,1987.328,470,open,ACTUATOR_ACTIVE,TRAJECTORY_COMPLETE,24.0,59,10,10,1.99,59,0,0.0,0.0,0.0,0.62,0.09,1.06
2026-07-28T18:12:44.977,1988.421,471,close,ACTUATOR_ACTIVE,TRAJECTORY_RUNNING,24.0,59,10,16,5.73,59,0,0.0,0.0,0.0,0.59,0.08,1.05
2026-07-28T18:12:45.989,1989.437,471,close,ACTUATOR_ACTIVE,TRAJECTORY_STOPPED,24.0,59,33,0,77.95,59,0,0.0,0.0,0.0,2.24,-0.19,1.6
2026-07-28T18:12:47.090,1990.546,471,open,ACTUATOR_ACTIVE,TRAJECTORY_RUNNING,24.0,59,33,-1,36.99,59,0,0.0,0.0,0.0,2.32,-0.2,1.95
2026-07-28T18:12:48.081,1991.531,471,open,ACTUATOR_ACTIVE,TRAJECTORY_COMPLETE,24.0,58,9,-1,-1.19,58,0,0.0,0.0,0.0,0.66,0.08,1.09
2026-07-28T18:12:49.200,1992.656,472,close,ACTUATOR_ACTIVE,TRAJECTORY_RUNNING,24.0,58,10,17,4.88,58,0,0.0,0.0,0.0,0.62,0.09,1.07
2026-07-28T18:12:50.196,1993.64,472,close,ACTUATOR_ACTIVE,TRAJECTORY_RUNNING,24.0,58,33,0,82.64,58,0,0.0,0.0,0.0,2.24,-0.18,1.57
2026-07-28T18:12:51.314,1994.765,472,open,ACTUATOR_ACTIVE,TRAJECTORY_RUNNING,24.0,58,33,-3,32.1,58,0,0.0,0.0,0.0,2.32,-0.18,1.92
2026-07-28T18:12:52.310,1995.765,472,open,ACTUATOR_ACTIVE,TRAJECTORY_RUNNING,24.0,54,8,9,2.31,54,0,0.0,0.0,0.0,0.66,0.1,1.09
2026-07-28T18:12:53.418,1996.875,473,close,ACTUATOR_ACTIVE,TRAJECTORY_RUNNING,24.0,54,10,15,4.84,54,0,0.0,0.0,0.0,0.62,0.09,1.07
2026-07-28T18:12:54.414,1997.859,473,close,ACTUATOR_ACTIVE,TRAJECTORY_RUNNING,24.0,54,33,1,81.41,54,0,0.0,0.0,0.0,2.25,-0.17,1.61
2026-07-28T18:12:55.532,1998.984,473,open,ACTUATOR_ACTIVE,TRAJECTORY_RUNNING,24.0,54,33,0,32.79,54,0,0.0,0.0,0.0,2.33,-0.19,1.97
2026-07-28T18:12:56.527,1999.984,473,open,ACTUATOR_ACTIVE,TRAJECTORY_COMPLETE,24.0,54,9,0,-0.78,54,0,0.0,0.0,0.0,0.66,0.09,1.09
2026-07-28T18:12:57.634,2001.078,474,close,ACTUATOR_ACTIVE,TRAJECTORY_RUNNING,24.0,54,10,16,3.82,54,0,0.0,0.0,0.0,0.61,0.1,1.07
2026-07-28T18:12:58.645,2002.093,474,close,ACTUATOR_ACTIVE,TRAJECTORY_RUNNING,24.0,54,33,0,80.15,54,0,0.0,0.0,0.0,2.26,-0.17,1.67
2026-07-28T18:12:59.755,2003.203,474,open,ACTUATOR_ACTIVE,TRAJECTORY_RUNNING,24.0,54,33,-1,30.45,54,0,0.0,0.0,0.0,2.33,-0.18,1.96
2026-07-28T18:13:00.748,2004.203,474,open,ACTUATOR_ACTIVE,TRAJECTORY_RUNNING,24.0,54,8,10,3.19,54,0,0.0,0.0,0.0,0.66,0.1,1.1
2026-07-28T18:13:01.851,2005.296,475,close,ACTUATOR_ACTIVE,TRAJECTORY_RUNNING,24.0,54,10,17,5.47,54,0,0.0,0.0,0.0,0.62,0.1,1.09
2026-07-28T18:13:02.857,2006.312,475,close,ACTUATOR_ACTIVE,TRAJECTORY_RUNNING,24.0,54,33,0,77.31,54,0,0.0,0.0,0.0,2.25,-0.17,1.67
2026-07-28T18:13:03.960,2007.406,475,open,ACTUATOR_ACTIVE,TRAJECTORY_RUNNING,24.0,60,33,-1,34.63,60,0,0.0,0.0,0.0,2.32,-0.19,2.01
2026-07-28T18:13:04.971,2008.421,475,open,ACTUATOR_ACTIVE,TRAJECTORY_COMPLETE,24.0,60,9,-1,-0.13,60,0,0.0,0.0,0.0,0.66,0.1,1.11
2026-07-28T18:13:06.076,2009.531,476,close,ACTUATOR_ACTIVE,TRAJECTORY_RUNNING,24.0,60,10,16,4.69,60,0,0.0,0.0,0.0,0.62,0.11,1.09
2026-07-28T18:13:07.074,2010.531,476,close,ACTUATOR_ACTIVE,TRAJECTORY_RUNNING,24.0,60,33,1,76.14,60,0,0.0,0.0,0.0,2.26,-0.16,1.66
2026-07-28T18:13:08.177,2011.625,476,open,ACTUATOR_ACTIVE,TRAJECTORY_RUNNING,24.0,57,33,-3,34.02,57,0,0.0,0.0,0.0,2.33,-0.17,1.96
2026-07-28T18:13:09.176,2012.625,476,open,ACTUATOR_ACTIVE,TRAJECTORY_RUNNING,24.0,57,8,9,3.09,57,0,0.0,0.0,0.0,0.67,0.11,1.1
2026-07-28T18:13:10.284,2013.734,477,close,ACTUATOR_ACTIVE,TRAJECTORY_RUNNING,24.0,57,10,19,2.92,57,0,0.0,0.0,0.0,0.62,0.11,1.09
2026-07-28T18:13:11.282,2014.734,477,close,ACTUATOR_ACTIVE,TRAJECTORY_RUNNING,24.0,57,33,0,82.04,57,0,0.0,0.0,0.0,2.26,-0.17,1.66
2026-07-28T18:13:12.388,2015.843,477,open,ACTUATOR_ACTIVE,TRAJECTORY_RUNNING,24.0,60,33,-1,34.74,60,0,0.0,0.0,0.0,2.32,-0.18,1.99
2026-07-28T18:13:13.382,2016.828,477,open,ACTUATOR_ACTIVE,TRAJECTORY_RUNNING,24.0,60,8,9,2.42,60,0,0.0,0.0,0.0,0.66,0.11,1.11
2026-07-28T18:13:14.498,2017.953,478,close,ACTUATOR_ACTIVE,TRAJECTORY_RUNNING,24.0,60,10,18,3.22,60,0,0.0,0.0,0.0,0.61,0.11,1.09
2026-07-28T18:13:15.490,2018.937,478,close,ACTUATOR_ACTIVE,TRAJECTORY_RUNNING,24.0,60,32,0,32.52,60,0,0.0,0.0,0.0,1.42,0.1,5.05
2026-07-28T18:13:16.613,2020.062,478,open,ACTUATOR_ACTIVE,TRAJECTORY_RUNNING,24.0,57,32,-15,8.3,57,0,0.0,0.0,0.0,1.42,0.08,5.12
2026-07-28T18:13:17.611,2021.062,478,open,ACTUATOR_ACTIVE,TRAJECTORY_COMPLETE,24.0,57,10,4,0.86,57,0,0.0,0.0,0.0,0.62,0.12,1.08
2026-07-28T18:13:18.723,2022.171,479,close,ACTUATOR_ACTIVE,TRAJECTORY_RUNNING,24.0,57,10,16,3.86,57,0,0.0,0.0,0.0,0.59,0.11,1.06
2026-07-28T18:13:19.721,2023.171,479,close,ACTUATOR_ACTIVE,TRAJECTORY_RUNNING,24.0,59,32,0,33.99,59,0,0.0,0.0,0.0,1.41,0.1,5.06
2026-07-28T18:13:20.825,2024.281,479,open,ACTUATOR_ACTIVE,TRAJECTORY_RUNNING,24.0,59,32,-16,7.01,59,0,0.0,0.0,0.0,1.29,0.23,4.57
2026-07-28T18:13:21.820,2025.265,479,open,ACTUATOR_ACTIVE,TRAJECTORY_COMPLETE,24.0,59,10,8,0.56,59,0,0.0,0.0,0.0,0.62,0.11,1.06
2026-07-28T18:13:22.936,2026.39,480,close,ACTUATOR_ACTIVE,TRAJECTORY_RUNNING,24.0,59,10,17,4.46,59,0,0.0,0.0,0.0,0.59,0.11,1.04
2026-07-28T18:13:23.930,2027.375,480,close,ACTUATOR_ACTIVE,TRAJECTORY_RUNNING,24.0,55,32,0,30.59,55,0,0.0,0.0,0.0,1.41,0.1,5.05
2026-07-28T18:13:25.055,2028.5,480,open,ACTUATOR_ACTIVE,TRAJECTORY_RUNNING,24.0,55,31,-15,6.79,55,0,0.0,0.0,0.0,1.41,0.07,5.09
2026-07-28T18:13:26.066,2029.515,480,open,ACTUATOR_ACTIVE,TRAJECTORY_RUNNING,24.0,55,10,0,1.36,55,0,0.0,0.0,0.0,0.61,0.1,1.03
2026-07-28T18:13:27.175,2030.625,481,close,ACTUATOR_ACTIVE,TRAJECTORY_RUNNING,24.0,55,10,18,4.58,55,0,0.0,0.0,0.0,0.59,0.1,1.02
2026-07-28T18:13:28.167,2031.609,481,close,ACTUATOR_ACTIVE,TRAJECTORY_RUNNING,24.0,56,33,0,79.7,56,0,0.0,0.0,0.0,2.23,-0.18,1.64
2026-07-28T18:13:29.282,2032.734,481,open,ACTUATOR_ACTIVE,TRAJECTORY_RUNNING,24.0,56,33,-1,39.4,56,0,0.0,0.0,0.0,2.31,-0.18,1.99
2026-07-28T18:13:30.280,2033.734,481,open,ACTUATOR_ACTIVE,TRAJECTORY_RUNNING,24.0,56,8,9,2.04,56,0,0.0,0.0,0.0,0.66,0.1,1.09
2026-07-28T18:13:31.385,2034.828,482,close,ACTUATOR_ACTIVE,TRAJECTORY_RUNNING,24.0,56,10,16,5.6,56,0,0.0,0.0,0.0,0.61,0.1,1.07
2026-07-28T18:13:32.386,2035.843,482,close,ACTUATOR_ACTIVE,TRAJECTORY_RUNNING,24.0,54,33,0,83.49,54,0,0.0,0.0,0.0,2.25,-0.16,1.7
2026-07-28T18:13:33.493,2036.937,482,open,ACTUATOR_ACTIVE,TRAJECTORY_RUNNING,24.0,54,33,0,31.56,54,0,0.0,0.0,0.0,2.32,-0.17,2.04
2026-07-28T18:13:34.501,2037.953,482,open,ACTUATOR_ACTIVE,TRAJECTORY_COMPLETE,24.0,54,9,0,-0.3,54,0,0.0,0.0,0.0,0.66,0.1,1.1
2026-07-28T18:13:35.600,2039.046,483,close,ACTUATOR_ACTIVE,TRAJECTORY_RUNNING,24.0,54,10,16,4.88,54,0,0.0,0.0,0.0,0.62,0.11,1.08
2026-07-28T18:13:36.609,2040.062,483,close,ACTUATOR_ACTIVE,TRAJECTORY_RUNNING,24.0,56,33,0,78.37,56,0,0.0,0.0,0.0,2.26,-0.16,1.72
2026-07-28T18:13:37.713,2041.156,483,open,ACTUATOR_ACTIVE,TRAJECTORY_RUNNING,24.0,56,33,0,38.35,56,0,0.0,0.0,0.0,2.32,-0.16,2.0
2026-07-28T18:13:38.725,2042.171,483,open,ACTUATOR_ACTIVE,TRAJECTORY_RUNNING,24.0,56,8,8,1.95,56,0,0.0,0.0,0.0,0.66,0.1,1.1
2026-07-28T18:13:39.828,2043.281,484,close,ACTUATOR_ACTIVE,TRAJECTORY_RUNNING,24.0,59,10,16,3.74,59,0,0.0,0.0,0.0,0.61,0.1,1.07
2026-07-28T18:13:40.822,2044.265,484,close,ACTUATOR_ACTIVE,TRAJECTORY_RUNNING,24.0,59,32,0,33.96,59,0,0.0,0.0,0.0,1.43,0.1,5.04
2026-07-28T18:13:41.943,2045.39,484,open,ACTUATOR_ACTIVE,TRAJECTORY_RUNNING,24.0,59,32,-14,6.7,59,0,0.0,0.0,0.0,1.3,0.2,4.77
2026-07-28T18:13:42.953,2046.406,484,open,ACTUATOR_ACTIVE,TRAJECTORY_COMPLETE,24.0,59,10,4,1.37,59,0,0.0,0.0,0.0,0.62,0.11,1.05
2026-07-28T18:13:44.059,2047.515,485,close,ACTUATOR_ACTIVE,TRAJECTORY_RUNNING,24.0,57,10,17,5.28,57,0,0.0,0.0,0.0,0.6,0.11,1.04
2026-07-28T18:13:45.053,2048.5,485,close,ACTUATOR_ACTIVE,TRAJECTORY_RUNNING,24.0,57,33,-1,83.2,57,0,0.0,0.0,0.0,2.25,-0.17,1.71
2026-07-28T18:13:46.172,2049.625,485,open,ACTUATOR_ACTIVE,TRAJECTORY_RUNNING,24.0,57,33,1,32.88,57,0,0.0,0.0,0.0,2.32,-0.18,2.06
2026-07-28T18:13:47.168,2050.625,485,open,ACTUATOR_ACTIVE,TRAJECTORY_COMPLETE,24.0,57,9,0,-0.91,57,0,0.0,0.0,0.0,0.64,0.1,1.1
2026-07-28T18:13:48.268,2051.718,486,close,ACTUATOR_ACTIVE,TRAJECTORY_RUNNING,24.0,57,10,17,4.87,57,0,0.0,0.0,0.0,0.61,0.1,1.07
2026-07-28T18:13:49.282,2052.734,486,close,ACTUATOR_ACTIVE,TRAJECTORY_RUNNING,24.0,57,32,0,30.71,57,0,0.0,0.0,0.0,1.43,0.11,5.04
2026-07-28T18:13:50.385,2053.828,486,open,ACTUATOR_ACTIVE,TRAJECTORY_RUNNING,24.0,57,32,-16,7.32,57,0,0.0,0.0,0.0,1.35,0.11,5.09
2026-07-28T18:13:51.394,2054.843,486,open,ACTUATOR_ACTIVE,TRAJECTORY_RUNNING,24.0,57,10,3,1.48,57,0,0.0,0.0,0.0,0.62,0.11,1.05
2026-07-28T18:13:52.497,2055.953,487,close,ACTUATOR_ACTIVE,TRAJECTORY_RUNNING,24.0,52,10,15,3.29,52,0,0.0,0.0,0.0,0.6,0.1,1.03
2026-07-28T18:13:53.498,2056.953,487,close,ACTUATOR_ACTIVE,TRAJECTORY_RUNNING,24.0,52,33,0,78.79,52,0,0.0,0.0,0.0,2.25,-0.17,1.67
2026-07-28T18:13:54.596,2058.046,487,open,ACTUATOR_ACTIVE,TRAJECTORY_RUNNING,24.0,52,33,-1,36.35,52,0,0.0,0.0,0.0,2.32,-0.18,2.03
2026-07-28T18:13:55.612,2059.062,487,open,ACTUATOR_ACTIVE,TRAJECTORY_RUNNING,24.0,52,8,11,3.06,52,0,0.0,0.0,0.0,0.66,0.09,1.09
2026-07-28T18:13:56.714,2060.171,488,close,ACTUATOR_ACTIVE,TRAJECTORY_RUNNING,24.0,55,10,16,5.32,55,0,0.0,0.0,0.0,0.61,0.1,1.06
2026-07-28T18:13:57.712,2061.156,488,close,ACTUATOR_ACTIVE,TRAJECTORY_RUNNING,24.0,55,33,1,77.53,55,0,0.0,0.0,0.0,2.26,-0.16,1.72
2026-07-28T18:13:58.835,2062.281,488,open,ACTUATOR_ACTIVE,TRAJECTORY_RUNNING,24.0,55,33,-1,33.87,55,0,0.0,0.0,0.0,2.32,-0.16,2.0
2026-07-28T18:13:59.826,2063.281,488,open,ACTUATOR_ACTIVE,TRAJECTORY_RUNNING,24.0,57,8,9,3.57,57,0,0.0,0.0,0.0,0.66,0.1,1.09
2026-07-28T18:14:00.936,2064.39,489,close,ACTUATOR_ACTIVE,TRAJECTORY_RUNNING,24.0,57,10,19,3.34,57,0,0.0,0.0,0.0,0.62,0.11,1.07
2026-07-28T18:14:01.929,2065.375,489,close,ACTUATOR_ACTIVE,TRAJECTORY_RUNNING,24.0,57,33,0,74.5,57,0,0.0,0.0,0.0,2.25,-0.16,1.69
2026-07-28T18:14:03.051,2066.5,489,open,ACTUATOR_ACTIVE,TRAJECTORY_RUNNING,24.0,57,33,-1,30.87,57,0,0.0,0.0,0.0,2.33,-0.17,2.02
2026-07-28T18:14:04.048,2067.5,489,open,ACTUATOR_ACTIVE,TRAJECTORY_RUNNING,24.0,54,8,9,3.9,54,0,0.0,0.0,0.0,0.67,0.1,1.1
2026-07-28T18:14:05.151,2068.593,490,close,ACTUATOR_ACTIVE,TRAJECTORY_RUNNING,24.0,54,10,18,2.51,54,0,0.0,0.0,0.0,0.62,0.1,1.06
2026-07-28T18:14:06.161,2069.609,490,close,ACTUATOR_ACTIVE,TRAJECTORY_RUNNING,24.0,54,32,0,29.82,54,0,0.0,0.0,0.0,1.43,0.12,5.03
2026-07-28T18:14:07.270,2070.718,490,open,ACTUATOR_ACTIVE,TRAJECTORY_RUNNING,24.0,54,32,-17,4.24,54,0,0.0,0.0,0.0,1.43,0.1,5.09
2026-07-28T18:14:08.266,2071.718,490,open,ACTUATOR_ACTIVE,TRAJECTORY_COMPLETE,24.0,53,10,5,0.82,53,0,0.0,0.0,0.0,0.63,0.11,1.05
2026-07-28T18:14:09.370,2072.828,491,close,ACTUATOR_ACTIVE,TRAJECTORY_RUNNING,24.0,53,10,15,5.13,53,0,0.0,0.0,0.0,0.6,0.11,1.03
2026-07-28T18:14:10.366,2073.812,491,close,ACTUATOR_ACTIVE,TRAJECTORY_RUNNING,24.0,53,33,2,81.95,53,0,0.0,0.0,0.0,2.24,-0.16,1.69
2026-07-28T18:14:11.488,2074.937,491,open,ACTUATOR_ACTIVE,TRAJECTORY_RUNNING,24.0,53,33,0,32.54,53,0,0.0,0.0,0.0,2.32,-0.16,2.0
2026-07-28T18:14:12.479,2075.921,491,open,ACTUATOR_ACTIVE,TRAJECTORY_RUNNING,24.0,56,10,-15,-4.08,56,0,0.0,0.0,0.0,0.65,0.1,1.09
2026-07-28T18:14:13.599,2077.046,492,close,ACTUATOR_ACTIVE,TRAJECTORY_RUNNING,24.0,56,10,16,2.58,56,0,0.0,0.0,0.0,0.61,0.1,1.06
2026-07-28T18:14:14.599,2078.046,492,close,ACTUATOR_ACTIVE,TRAJECTORY_RUNNING,24.0,56,32,0,32.48,56,0,0.0,0.0,0.0,1.42,0.11,5.02
2026-07-28T18:14:15.705,2079.156,492,open,ACTUATOR_ACTIVE,TRAJECTORY_RUNNING,24.0,54,32,-16,7.1,54,0,0.0,0.0,0.0,1.09,0.33,3.43
2026-07-28T18:14:16.705,2080.156,492,open,ACTUATOR_ACTIVE,TRAJECTORY_COMPLETE,24.0,54,10,0,0.53,54,0,0.0,0.0,0.0,0.63,0.12,1.06
2026-07-28T18:14:17.806,2081.25,493,close,ACTUATOR_ACTIVE,TRAJECTORY_RUNNING,24.0,54,10,17,4.23,54,0,0.0,0.0,0.0,0.6,0.11,1.04
2026-07-28T18:14:18.821,2082.265,493,close,ACTUATOR_ACTIVE,TRAJECTORY_RUNNING,24.0,54,32,0,30.97,54,0,0.0,0.0,0.0,1.41,0.12,5.01
2026-07-28T18:14:19.925,2083.375,493,open,ACTUATOR_ACTIVE,TRAJECTORY_RUNNING,24.0,59,32,-18,5.02,59,0,0.0,0.0,0.0,1.38,0.11,5.08
2026-07-28T18:14:20.917,2084.375,493,open,ACTUATOR_ACTIVE,TRAJECTORY_RUNNING,24.0,59,9,0,-3.16,59,0,0.0,0.0,0.0,0.62,0.11,1.03
2026-07-28T18:14:22.020,2085.468,494,close,ACTUATOR_ACTIVE,TRAJECTORY_RUNNING,24.0,59,10,16,4.28,59,0,0.0,0.0,0.0,0.6,0.11,1.02
2026-07-28T18:14:23.035,2086.484,494,close,ACTUATOR_ACTIVE,TRAJECTORY_RUNNING,24.0,59,32,0,31.65,59,0,0.0,0.0,0.0,1.41,0.11,5.01
2026-07-28T18:14:24.134,2087.578,494,open,ACTUATOR_ACTIVE,TRAJECTORY_RUNNING,24.0,56,32,-15,7.49,56,0,0.0,0.0,0.0,1.23,0.29,3.95
2026-07-28T18:14:25.150,2088.593,494,open,ACTUATOR_ACTIVE,TRAJECTORY_COMPLETE,24.0,56,10,0,0.84,56,0,0.0,0.0,0.0,0.62,0.11,1.02
2026-07-28T18:14:26.260,2089.703,495,close,ACTUATOR_ACTIVE,TRAJECTORY_RUNNING,24.0,56,10,15,4.75,56,0,0.0,0.0,0.0,0.59,0.1,1.01
2026-07-28T18:14:27.273,2090.718,495,close,ACTUATOR_ACTIVE,TRAJECTORY_RUNNING,24.0,56,33,-1,82.34,56,0,0.0,0.0,0.0,2.24,-0.16,1.68
2026-07-28T18:14:28.378,2091.828,495,open,ACTUATOR_ACTIVE,TRAJECTORY_RUNNING,24.0,57,33,-1,32.36,57,0,0.0,0.0,0.0,2.31,-0.17,1.99
2026-07-28T18:14:29.372,2092.828,495,open,ACTUATOR_ACTIVE,TRAJECTORY_COMPLETE,24.0,57,9,0,-0.22,57,0,0.0,0.0,0.0,0.66,0.1,1.05
2026-07-28T18:14:30.478,2093.921,496,close,ACTUATOR_ACTIVE,TRAJECTORY_RUNNING,24.0,57,10,16,4.4,57,0,0.0,0.0,0.0,0.62,0.1,1.05
2026-07-28T18:14:31.483,2094.937,496,close,ACTUATOR_ACTIVE,TRAJECTORY_RUNNING,24.0,57,33,0,82.48,57,0,0.0,0.0,0.0,2.25,-0.15,1.67
2026-07-28T18:14:32.587,2096.031,496,open,ACTUATOR_ACTIVE,TRAJECTORY_RUNNING,24.0,56,33,-2,36.06,56,0,0.0,0.0,0.0,2.32,-0.16,2.01
2026-07-28T18:14:33.596,2097.046,496,open,ACTUATOR_ACTIVE,TRAJECTORY_RUNNING,24.0,56,9,10,2.33,56,0,0.0,0.0,0.0,0.65,0.1,1.09
2026-07-28T18:14:34.704,2098.156,497,close,ACTUATOR_ACTIVE,TRAJECTORY_RUNNING,24.0,56,10,15,2.79,56,0,0.0,0.0,0.0,0.62,0.1,1.06
2026-07-28T18:14:35.702,2099.156,497,close,ACTUATOR_ACTIVE,TRAJECTORY_RUNNING,24.0,56,32,0,28.51,56,0,0.0,0.0,0.0,1.43,0.12,5.03
2026-07-28T18:14:36.812,2100.265,497,open,ACTUATOR_ACTIVE,TRAJECTORY_RUNNING,24.0,56,32,-15,6.44,56,0,0.0,0.0,0.0,1.43,0.11,5.08
2026-07-28T18:14:37.807,2101.25,497,open,ACTUATOR_ACTIVE,TRAJECTORY_COMPLETE,24.0,56,10,5,1.1,56,0,0.0,0.0,0.0,0.61,0.11,1.04
2026-07-28T18:14:38.932,2102.375,498,close,ACTUATOR_ACTIVE,TRAJECTORY_RUNNING,24.0,56,10,15,4.3,56,0,0.0,0.0,0.0,0.59,0.11,1.03
2026-07-28T18:14:39.942,2103.39,498,close,ACTUATOR_ACTIVE,TRAJECTORY_RUNNING,24.0,57,33,-1,77.02,57,0,0.0,0.0,0.0,2.25,-0.15,1.75
2026-07-28T18:14:41.050,2104.5,498,open,ACTUATOR_ACTIVE,TRAJECTORY_RUNNING,24.0,57,33,1,33.53,57,0,0.0,0.0,0.0,2.32,-0.16,2.03
2026-07-28T18:14:42.049,2105.5,498,open,ACTUATOR_ACTIVE,TRAJECTORY_RUNNING,24.0,57,8,8,2.65,57,0,0.0,0.0,0.0,0.65,0.11,1.1
2026-07-28T18:14:43.154,2106.609,499,close,ACTUATOR_ACTIVE,TRAJECTORY_RUNNING,24.0,57,10,16,3.31,57,0,0.0,0.0,0.0,0.62,0.11,1.06
2026-07-28T18:14:44.154,2107.609,499,close,ACTUATOR_ACTIVE,TRAJECTORY_RUNNING,24.0,56,32,0,29.98,56,0,0.0,0.0,0.0,1.43,0.13,5.0
2026-07-28T18:14:45.262,2108.718,499,open,ACTUATOR_ACTIVE,TRAJECTORY_RUNNING,24.0,56,32,-14,6.49,56,0,0.0,0.0,0.0,1.32,0.27,4.45
2026-07-28T18:14:46.257,2109.703,499,open,ACTUATOR_ACTIVE,TRAJECTORY_COMPLETE,24.0,56,9,0,-0.1,56,0,0.0,0.0,0.0,0.62,0.12,1.05
