timestamp,elapsed_s,cycle,phase,actuator_state,trajectory_return,voltage,avg_temperature,position_gripper_joint,velocity_gripper_joint,force_gripper_joint,temperature_gripper_joint,error_gripper_joint,fingertip_gripper_join_left_x,fingertip_gripper_join_left_y,fingertip_gripper_join_left_z,fingertip_gripper_join_right_x,fingertip_gripper_join_right_y,fingertip_gripper_join_right_z
2026-07-29T13:39:28.203,0.141,0,close,ACTUATOR_ACTIVE,TRAJECTORY_RUNNING,24.0,45,10,13,4.59,45,0,0.0,0.0,0.0,0.27,0.18,0.38
2026-07-29T13:39:29.192,1.125,0,close,ACTUATOR_ACTIVE,TRAJECTORY_RUNNING,24.0,45,32,0,31.52,45,0,0.0,0.0,0.0,1.44,1.02,4.72
2026-07-29T13:39:30.309,2.234,0,open,ACTUATOR_ACTIVE,TRAJECTORY_RUNNING,24.0,49,32,-15,7.28,49,0,0.0,0.0,0.0,1.1,0.75,3.57
2026-07-29T13:39:31.316,3.25,0,open,ACTUATOR_ACTIVE,TRAJECTORY_COMPLETE,24.0,49,10,0,-0.06,49,0,0.0,0.0,0.0,0.3,0.15,0.52
2026-07-29T13:39:32.426,4.359,1,close,ACTUATOR_ACTIVE,TRAJECTORY_RUNNING,24.0,49,10,17,3.72,49,0,0.0,0.0,0.0,0.28,0.16,0.46
2026-07-29T13:39:33.426,5.359,1,close,ACTUATOR_ACTIVE,TRAJECTORY_RUNNING,24.0,49,33,0,84.18,49,0,0.0,0.0,0.0,2.26,0.85,2.48
2026-07-29T13:39:34.531,6.453,1,open,ACTUATOR_ACTIVE,TRAJECTORY_RUNNING,24.0,44,33,-3,40.48,44,0,0.0,0.0,0.0,2.34,0.86,2.57
2026-07-29T13:39:35.545,7.469,1,open,ACTUATOR_ACTIVE,TRAJECTORY_RUNNING,24.0,44,9,12,2.78,44,0,0.0,0.0,0.0,0.34,0.18,0.47
2026-07-29T13:39:36.651,8.578,2,close,ACTUATOR_ACTIVE,TRAJECTORY_RUNNING,24.0,44,10,17,5.07,44,0,0.0,0.0,0.0,0.29,0.17,0.4
2026-07-29T13:39:37.663,9.594,2,close,ACTUATOR_ACTIVE,TRAJECTORY_RUNNING,24.0,49,33,0,86.77,49,0,0.0,0.0,0.0,2.25,0.86,2.48
2026-07-29T13:39:38.770,10.703,2,open,ACTUATOR_ACTIVE,TRAJECTORY_RUNNING,24.0,49,33,0,34.78,49,0,0.0,0.0,0.0,2.39,0.81,3.26
2026-07-29T13:39:39.769,11.703,2,open,ACTUATOR_ACTIVE,TRAJECTORY_RUNNING,24.0,49,8,11,3.43,49,0,0.0,0.0,0.0,0.33,0.18,0.46
2026-07-29T13:39:40.870,12.797,3,close,ACTUATOR_ACTIVE,TRAJECTORY_RUNNING,24.0,49,10,16,4.36,49,0,0.0,0.0,0.0,0.3,0.17,0.38
2026-07-29T13:39:41.882,13.813,3,close,ACTUATOR_ACTIVE,TRAJECTORY_RUNNING,24.0,47,33,0,78.48,47,0,0.0,0.0,0.0,2.23,0.92,2.1
2026-07-29T13:39:42.986,14.922,3,open,ACTUATOR_ACTIVE,TRAJECTORY_RUNNING,24.0,47,33,-2,36.86,47,0,0.0,0.0,0.0,2.39,0.84,2.91
2026-07-29T13:39:43.982,15.906,3,open,ACTUATOR_ACTIVE,TRAJECTORY_COMPLETE,24.0,47,9,1,-0.78,47,0,0.0,0.0,0.0,0.36,0.25,0.5
2026-07-29T13:39:45.099,17.031,4,close,ACTUATOR_ACTIVE,TRAJECTORY_RUNNING,24.0,47,10,19,3.4,47,0,0.0,0.0,0.0,0.32,0.24,0.42
2026-07-29T13:39:46.097,18.031,4,close,ACTUATOR_ACTIVE,TRAJECTORY_RUNNING,24.0,47,33,0,82.22,47,0,0.0,0.0,0.0,2.23,0.94,2.15
2026-07-29T13:39:47.206,19.141,4,open,ACTUATOR_ACTIVE,TRAJECTORY_RUNNING,24.0,47,33,-2,38.14,47,0,0.0,0.0,0.0,2.37,0.88,2.85
2026-07-29T13:39:48.200,20.125,4,open,ACTUATOR_ACTIVE,TRAJECTORY_RUNNING,24.0,47,8,10,2.66,47,0,0.0,0.0,0.0,0.37,0.27,0.51
2026-07-29T13:39:49.322,21.25,5,close,ACTUATOR_ACTIVE,TRAJECTORY_RUNNING,24.0,47,10,17,5.18,47,0,0.0,0.0,0.0,0.32,0.26,0.43
2026-07-29T13:39:50.320,22.25,5,close,ACTUATOR_ACTIVE,TRAJECTORY_RUNNING,24.0,52,33,0,80.77,52,0,0.0,0.0,0.0,2.21,0.95,2.05
2026-07-29T13:39:51.430,23.359,5,open,ACTUATOR_ACTIVE,TRAJECTORY_RUNNING,24.0,52,33,-2,34.05,52,0,0.0,0.0,0.0,2.38,0.88,2.88
2026-07-29T13:39:52.425,24.359,5,open,ACTUATOR_ACTIVE,TRAJECTORY_RUNNING,24.0,52,10,-16,-2.65,52,0,0.0,0.0,0.0,0.37,0.28,0.53
2026-07-29T13:39:53.537,25.469,6,close,ACTUATOR_ACTIVE,TRAJECTORY_RUNNING,24.0,52,10,17,3.98,52,0,0.0,0.0,0.0,0.33,0.27,0.43
2026-07-29T13:39:54.530,26.453,6,close,ACTUATOR_ACTIVE,TRAJECTORY_RUNNING,24.0,49,33,0,82.31,49,0,0.0,0.0,0.0,2.23,0.95,2.17
2026-07-29T13:39:55.656,27.578,6,open,ACTUATOR_ACTIVE,TRAJECTORY_RUNNING,24.0,49,33,-3,36.46,49,0,0.0,0.0,0.0,2.37,0.89,2.87
2026-07-29T13:39:56.667,28.594,6,open,ACTUATOR_ACTIVE,TRAJECTORY_RUNNING,24.0,49,8,13,2.05,49,0,0.0,0.0,0.0,0.38,0.28,0.54
2026-07-29T13:39:57.771,29.703,7,close,ACTUATOR_ACTIVE,TRAJECTORY_RUNNING,24.0,52,10,14,6.42,52,0,0.0,0.0,0.0,0.34,0.27,0.43
2026-07-29T13:39:58.760,30.688,7,close,ACTUATOR_ACTIVE,TRAJECTORY_RUNNING,24.0,52,33,0,80.16,52,0,0.0,0.0,0.0,2.21,0.97,2.06
2026-07-29T13:39:59.876,31.797,7,open,ACTUATOR_ACTIVE,TRAJECTORY_RUNNING,24.0,52,33,-2,41.96,52,0,0.0,0.0,0.0,2.38,0.89,2.9
2026-07-29T13:40:00.884,32.813,7,open,ACTUATOR_ACTIVE,TRAJECTORY_COMPLETE,24.0,52,9,0,-0.25,52,0,0.0,0.0,0.0,0.38,0.3,0.55
2026-07-29T13:40:01.990,33.922,8,close,ACTUATOR_ACTIVE,TRAJECTORY_RUNNING,24.0,49,10,16,5.09,49,0,0.0,0.0,0.0,0.34,0.28,0.47
2026-07-29T13:40:02.982,34.906,8,close,ACTUATOR_ACTIVE,TRAJECTORY_RUNNING,24.0,49,33,0,80.06,49,0,0.0,0.0,0.0,2.21,0.98,2.11
2026-07-29T13:40:04.102,36.031,8,open,ACTUATOR_ACTIVE,TRAJECTORY_RUNNING,24.0,49,33,-4,36.4,49,0,0.0,0.0,0.0,2.38,0.89,2.96
2026-07-29T13:40:05.100,37.031,8,open,ACTUATOR_ACTIVE,TRAJECTORY_RUNNING,24.0,49,8,8,2.72,49,0,0.0,0.0,0.0,0.38,0.31,0.56
2026-07-29T13:40:06.207,38.141,9,close,ACTUATOR_ACTIVE,TRAJECTORY_RUNNING,24.0,51,10,14,4.7,51,0,0.0,0.0,0.0,0.33,0.3,0.45
2026-07-29T13:40:07.200,39.125,9,close,ACTUATOR_ACTIVE,TRAJECTORY_RUNNING,24.0,51,33,0,81.01,51,0,0.0,0.0,0.0,2.19,0.99,1.99
2026-07-29T13:40:08.319,40.25,9,open,ACTUATOR_ACTIVE,TRAJECTORY_RUNNING,24.0,51,33,-3,39.23,51,0,0.0,0.0,0.0,2.37,0.91,2.91
2026-07-29T13:40:09.318,41.25,9,open,ACTUATOR_ACTIVE,TRAJECTORY_RUNNING,24.0,51,8,10,2.54,51,0,0.0,0.0,0.0,0.39,0.31,0.54
2026-07-29T13:40:10.423,42.344,10,close,ACTUATOR_ACTIVE,TRAJECTORY_RUNNING,24.0,52,10,15,4.21,52,0,0.0,0.0,0.0,0.35,0.3,0.45
2026-07-29T13:40:11.436,43.359,10,close,ACTUATOR_ACTIVE,TRAJECTORY_RUNNING,24.0,52,32,0,33.89,52,0,0.0,0.0,0.0,1.55,1.06,4.64
2026-07-29T13:40:12.536,44.469,10,open,ACTUATOR_ACTIVE,TRAJECTORY_RUNNING,24.0,52,32,-17,8.5,52,0,0.0,0.0,0.0,1.22,0.86,3.83
2026-07-29T13:40:13.535,45.469,10,open,ACTUATOR_ACTIVE,TRAJECTORY_COMPLETE,24.0,52,9,17,2.01,52,0,0.0,0.0,0.0,0.34,0.28,0.51
2026-07-29T13:40:14.641,46.563,11,close,ACTUATOR_ACTIVE,TRAJECTORY_RUNNING,24.0,51,10,18,5.35,51,0,0.0,0.0,0.0,0.32,0.28,0.44
2026-07-29T13:40:15.653,47.578,11,close,ACTUATOR_ACTIVE,TRAJECTORY_RUNNING,24.0,51,33,0,82.14,51,0,0.0,0.0,0.0,2.21,0.97,2.1
2026-07-29T13:40:16.762,48.688,11,open,ACTUATOR_ACTIVE,TRAJECTORY_RUNNING,24.0,51,33,-4,39.14,51,0,0.0,0.0,0.0,2.36,0.91,2.87
2026-07-29T13:40:17.760,49.688,11,open,ACTUATOR_ACTIVE,TRAJECTORY_RUNNING,24.0,54,8,10,1.87,54,0,0.0,0.0,0.0,0.38,0.31,0.52
2026-07-29T13:40:18.864,50.797,12,close,ACTUATOR_ACTIVE,TRAJECTORY_RUNNING,24.0,54,10,20,0.66,54,0,0.0,0.0,0.0,0.34,0.3,0.42
2026-07-29T13:40:19.858,51.781,12,close,ACTUATOR_ACTIVE,TRAJECTORY_RUNNING,24.0,54,33,0,79.85,54,0,0.0,0.0,0.0,2.2,0.99,2.07
2026-07-29T13:40:20.981,52.906,12,open,ACTUATOR_ACTIVE,TRAJECTORY_RUNNING,24.0,54,33,-3,38.3,54,0,0.0,0.0,0.0,2.37,0.91,2.92
2026-07-29T13:40:21.977,53.906,12,open,ACTUATOR_ACTIVE,TRAJECTORY_RUNNING,24.0,54,8,8,2.92,54,0,0.0,0.0,0.0,0.38,0.33,0.54
2026-07-29T13:40:23.077,55.0,13,close,ACTUATOR_ACTIVE,TRAJECTORY_RUNNING,24.0,54,10,14,3.96,54,0,0.0,0.0,0.0,0.35,0.32,0.45
2026-07-29T13:40:24.087,56.016,13,close,ACTUATOR_ACTIVE,TRAJECTORY_RUNNING,24.0,54,33,0,78.15,54,0,0.0,0.0,0.0,2.22,0.99,2.16
2026-07-29T13:40:25.186,57.109,13,open,ACTUATOR_ACTIVE,TRAJECTORY_RUNNING,24.0,54,33,-1,40.62,54,0,0.0,0.0,0.0,2.37,0.92,2.9
2026-07-29T13:40:26.194,58.125,13,open,ACTUATOR_ACTIVE,TRAJECTORY_COMPLETE,24.0,52,9,1,-0.65,52,0,0.0,0.0,0.0,0.38,0.33,0.53
2026-07-29T13:40:27.300,59.219,14,close,ACTUATOR_ACTIVE,TRAJECTORY_RUNNING,24.0,52,10,15,3.51,52,0,0.0,0.0,0.0,0.34,0.31,0.45
2026-07-29T13:40:28.311,60.234,14,close,ACTUATOR_ACTIVE,TRAJECTORY_RUNNING,24.0,52,33,0,78.31,52,0,0.0,0.0,0.0,2.18,1.01,2.01
2026-07-29T13:40:29.416,61.344,14,open,ACTUATOR_ACTIVE,TRAJECTORY_RUNNING,24.0,52,33,-3,38.55,52,0,0.0,0.0,0.0,2.35,0.93,2.89
2026-07-29T13:40:30.411,62.344,14,open,ACTUATOR_ACTIVE,TRAJECTORY_RUNNING,24.0,51,8,9,1.16,51,0,0.0,0.0,0.0,0.38,0.34,0.52
2026-07-29T13:40:31.515,63.438,15,close,ACTUATOR_ACTIVE,TRAJECTORY_RUNNING,24.0,51,10,15,3.31,51,0,0.0,0.0,0.0,0.34,0.33,0.44
2026-07-29T13:40:32.525,64.453,15,close,ACTUATOR_ACTIVE,TRAJECTORY_RUNNING,24.0,51,33,1,79.76,51,0,0.0,0.0,0.0,2.21,0.98,2.27
2026-07-29T13:40:33.629,65.547,15,open,ACTUATOR_ACTIVE,TRAJECTORY_RUNNING,24.0,56,33,-1,39.39,56,0,0.0,0.0,0.0,2.35,0.93,2.9
2026-07-29T13:40:34.644,66.563,15,open,ACTUATOR_ACTIVE,TRAJECTORY_RUNNING,24.0,56,8,13,2.42,56,0,0.0,0.0,0.0,0.38,0.34,0.54
2026-07-29T13:40:35.749,67.672,16,close,ACTUATOR_ACTIVE,TRAJECTORY_RUNNING,24.0,56,10,16,5.21,56,0,0.0,0.0,0.0,0.35,0.34,0.45
2026-07-29T13:40:36.741,68.672,16,close,ACTUATOR_ACTIVE,TRAJECTORY_RUNNING,24.0,56,33,0,79.5,56,0,0.0,0.0,0.0,2.17,1.03,1.97
2026-07-29T13:40:37.852,69.781,16,open,ACTUATOR_ACTIVE,TRAJECTORY_RUNNING,24.0,54,33,-4,35.65,54,0,0.0,0.0,0.0,2.35,0.95,2.88
2026-07-29T13:40:38.846,70.766,16,open,ACTUATOR_ACTIVE,TRAJECTORY_RUNNING,24.0,54,8,8,2.31,54,0,0.0,0.0,0.0,0.39,0.35,0.53
2026-07-29T13:40:39.962,71.891,17,close,ACTUATOR_ACTIVE,TRAJECTORY_RUNNING,24.0,54,10,19,3.49,54,0,0.0,0.0,0.0,0.34,0.34,0.44
2026-07-29T13:40:40.958,72.875,17,close,ACTUATOR_ACTIVE,TRAJECTORY_RUNNING,24.0,54,33,0,80.49,54,0,0.0,0.0,0.0,2.19,1.03,2.09
2026-07-29T13:40:42.082,74.0,17,open,ACTUATOR_ACTIVE,TRAJECTORY_RUNNING,24.0,55,33,-3,37.85,55,0,0.0,0.0,0.0,2.35,0.96,2.9
2026-07-29T13:40:43.094,75.016,17,open,ACTUATOR_ACTIVE,TRAJECTORY_RUNNING,24.0,55,9,12,4.38,55,0,0.0,0.0,0.0,0.38,0.36,0.53
2026-07-29T13:40:44.194,76.125,18,close,ACTUATOR_ACTIVE,TRAJECTORY_RUNNING,24.0,55,10,17,4.6,55,0,0.0,0.0,0.0,0.34,0.35,0.46
2026-07-29T13:40:45.185,77.109,18,close,ACTUATOR_ACTIVE,TRAJECTORY_RUNNING,24.0,55,32,0,32.03,55,0,0.0,0.0,0.0,1.55,1.13,4.62
2026-07-29T13:40:46.302,78.219,18,open,ACTUATOR_ACTIVE,TRAJECTORY_RUNNING,24.0,58,32,-17,6.65,58,0,0.0,0.0,0.0,1.55,1.11,4.84
2026-07-29T13:40:47.315,79.234,18,open,ACTUATOR_ACTIVE,TRAJECTORY_COMPLETE,24.0,58,10,2,1.26,58,0,0.0,0.0,0.0,0.35,0.32,0.49
2026-07-29T13:40:48.421,80.344,19,close,ACTUATOR_ACTIVE,TRAJECTORY_RUNNING,24.0,58,10,16,3.64,58,0,0.0,0.0,0.0,0.33,0.33,0.42
2026-07-29T13:40:49.414,81.344,19,close,ACTUATOR_ACTIVE,TRAJECTORY_RUNNING,24.0,58,33,0,81.15,58,0,0.0,0.0,0.0,2.21,0.98,2.57
2026-07-29T13:40:50.514,82.438,19,open,ACTUATOR_ACTIVE,TRAJECTORY_RUNNING,24.0,52,33,-2,39.31,52,0,0.0,0.0,0.0,2.34,0.92,3.33
2026-07-29T13:40:51.522,83.453,19,open,ACTUATOR_ACTIVE,TRAJECTORY_COMPLETE,24.0,52,9,1,-0.63,52,0,0.0,0.0,0.0,0.37,0.26,0.44
2026-07-29T13:40:52.628,84.547,20,close,ACTUATOR_ACTIVE,TRAJECTORY_RUNNING,24.0,52,10,18,4.06,52,0,0.0,0.0,0.0,0.34,0.25,0.33
2026-07-29T13:40:53.627,85.547,20,close,ACTUATOR_ACTIVE,TRAJECTORY_RUNNING,24.0,52,32,0,33.19,55,0,0.0,0.0,0.0,1.55,1.12,4.6
2026-07-29T13:40:54.738,86.656,20,open,ACTUATOR_ACTIVE,TRAJECTORY_RUNNING,24.0,55,32,-17,7.64,55,0,0.0,0.0,0.0,0.79,0.6,2.19
2026-07-29T13:40:55.739,87.656,20,open,ACTUATOR_ACTIVE,TRAJECTORY_RUNNING,24.0,55,10,2,0.82,55,0,0.0,0.0,0.0,0.34,0.25,0.4
2026-07-29T13:40:56.848,88.766,21,close,ACTUATOR_ACTIVE,TRAJECTORY_RUNNING,24.0,55,10,17,3.52,55,0,0.0,0.0,0.0,0.32,0.26,0.33
2026-07-29T13:40:57.855,89.781,21,close,ACTUATOR_ACTIVE,TRAJECTORY_RUNNING,24.0,55,33,1,80.76,55,0,0.0,0.0,0.0,2.24,0.96,2.86
2026-07-29T13:40:58.963,90.891,21,open,ACTUATOR_ACTIVE,TRAJECTORY_RUNNING,24.0,55,33,-2,34.48,55,0,0.0,0.0,0.0,2.34,0.92,3.45
2026-07-29T13:40:59.961,91.891,21,open,ACTUATOR_ACTIVE,TRAJECTORY_RUNNING,24.0,55,8,11,3.23,55,0,0.0,0.0,0.0,0.37,0.25,0.44
2026-07-29T13:41:01.061,92.984,22,close,ACTUATOR_ACTIVE,TRAJECTORY_RUNNING,24.0,55,10,19,2.24,55,0,0.0,0.0,0.0,0.34,0.24,0.33
2026-07-29T13:41:02.071,94.0,22,close,ACTUATOR_ACTIVE,TRAJECTORY_RUNNING,24.0,54,32,0,31.96,54,0,0.0,0.0,0.0,1.54,1.13,4.61
2026-07-29T13:41:03.178,95.094,22,open,ACTUATOR_ACTIVE,TRAJECTORY_RUNNING,24.0,54,32,-17,7.46,54,0,0.0,0.0,0.0,1.08,0.76,3.07
2026-07-29T13:41:04.188,96.109,22,open,ACTUATOR_ACTIVE,TRAJECTORY_RUNNING,24.0,54,10,8,0.74,54,0,0.0,0.0,0.0,0.34,0.23,0.41
2026-07-29T13:41:05.296,97.219,23,close,ACTUATOR_ACTIVE,TRAJECTORY_RUNNING,24.0,54,10,18,4.07,54,0,0.0,0.0,0.0,0.31,0.23,0.35
2026-07-29T13:41:06.294,98.219,23,close,ACTUATOR_ACTIVE,TRAJECTORY_RUNNING,24.0,47,32,0,32.68,47,0,0.0,0.0,0.0,1.52,1.11,4.58
2026-07-29T13:41:07.401,99.328,23,open,ACTUATOR_ACTIVE,TRAJECTORY_RUNNING,24.0,47,32,-15,7.3,47,0,0.0,0.0,0.0,1.53,1.09,4.76
2026-07-29T13:41:08.397,100.313,23,open,ACTUATOR_ACTIVE,TRAJECTORY_COMPLETE,24.0,47,10,12,-0.19,47,0,0.0,0.0,0.0,0.33,0.21,0.4
2026-07-29T13:41:09.520,101.438,24,close,ACTUATOR_ACTIVE,TRAJECTORY_RUNNING,24.0,47,10,15,3.8,47,0,0.0,0.0,0.0,0.31,0.23,0.34
2026-07-29T13:41:10.532,102.453,24,close,ACTUATOR_ACTIVE,TRAJECTORY_RUNNING,24.0,54,33,0,80.97,54,0,0.0,0.0,0.0,2.22,0.97,2.63
2026-07-29T13:41:11.635,103.563,24,open,ACTUATOR_ACTIVE,TRAJECTORY_RUNNING,24.0,54,33,-3,42.29,54,0,0.0,0.0,0.0,2.31,0.95,2.76
2026-07-29T13:41:12.626,104.547,24,open,ACTUATOR_ACTIVE,TRAJECTORY_RUNNING,24.0,54,8,6,3.53,54,0,0.0,0.0,0.0,0.37,0.27,0.41
2026-07-29T13:41:13.743,105.672,25,close,ACTUATOR_ACTIVE,TRAJECTORY_RUNNING,24.0,54,10,17,3.5,54,0,0.0,0.0,0.0,0.33,0.25,0.33
2026-07-29T13:41:14.734,106.656,25,close,ACTUATOR_ACTIVE,TRAJECTORY_RUNNING,24.0,54,33,0,81.05,54,0,0.0,0.0,0.0,2.22,1.0,2.61
2026-07-29T13:41:15.856,107.781,25,open,ACTUATOR_ACTIVE,TRAJECTORY_RUNNING,24.0,54,33,-3,38.91,54,0,0.0,0.0,0.0,2.34,0.97,2.9
2026-07-29T13:41:16.854,108.781,25,open,ACTUATOR_ACTIVE,TRAJECTORY_RUNNING,24.0,54,8,11,3.11,54,0,0.0,0.0,0.0,0.38,0.32,0.47
2026-07-29T13:41:17.965,109.891,26,close,ACTUATOR_ACTIVE,TRAJECTORY_RUNNING,24.0,58,10,17,4.27,58,0,0.0,0.0,0.0,0.34,0.31,0.37
2026-07-29T13:41:18.955,110.875,26,close,ACTUATOR_ACTIVE,TRAJECTORY_RUNNING,24.0,58,33,0,80.31,58,0,0.0,0.0,0.0,2.16,1.07,2.03
2026-07-29T13:41:20.079,112.0,26,open,ACTUATOR_ACTIVE,TRAJECTORY_RUNNING,24.0,58,33,-2,34.71,58,0,0.0,0.0,0.0,2.33,0.99,2.89
2026-07-29T13:41:21.075,113.0,26,open,ACTUATOR_ACTIVE,TRAJECTORY_RUNNING,24.0,58,10,-17,-2.3,58,0,0.0,0.0,0.0,0.4,0.35,0.48
2026-07-29T13:41:22.182,114.109,27,close,ACTUATOR_ACTIVE,TRAJECTORY_RUNNING,24.0,54,10,18,5.44,54,0,0.0,0.0,0.0,0.35,0.33,0.39
2026-07-29T13:41:23.186,115.109,27,close,ACTUATOR_ACTIVE,TRAJECTORY_RUNNING,24.0,54,33,0,84.64,54,0,0.0,0.0,0.0,2.18,1.08,2.16
2026-07-29T13:41:24.290,116.203,27,open,ACTUATOR_ACTIVE,TRAJECTORY_RUNNING,24.0,54,33,-3,37.75,54,0,0.0,0.0,0.0,2.34,1.0,2.98
2026-07-29T13:41:25.305,117.219,27,open,ACTUATOR_ACTIVE,TRAJECTORY_RUNNING,24.0,54,8,11,3.49,54,0,0.0,0.0,0.0,0.4,0.35,0.48
2026-07-29T13:41:26.412,118.328,28,close,ACTUATOR_ACTIVE,TRAJECTORY_RUNNING,24.0,57,10,18,3.83,57,0,0.0,0.0,0.0,0.34,0.34,0.4
2026-07-29T13:41:27.409,119.328,28,close,ACTUATOR_ACTIVE,TRAJECTORY_STOPPED,24.0,57,33,0,82.75,57,0,0.0,0.0,0.0,2.19,1.09,2.21
2026-07-29T13:41:28.520,120.438,28,open,ACTUATOR_ACTIVE,TRAJECTORY_RUNNING,24.0,57,33,-2,36.11,57,0,0.0,0.0,0.0,2.33,1.02,2.93
2026-07-29T13:41:29.514,121.438,28,open,ACTUATOR_ACTIVE,TRAJECTORY_RUNNING,24.0,57,8,10,1.36,57,0,0.0,0.0,0.0,0.39,0.36,0.48
2026-07-29T13:41:30.620,122.547,29,close,ACTUATOR_ACTIVE,TRAJECTORY_RUNNING,24.0,57,10,14,5.48,57,0,0.0,0.0,0.0,0.35,0.35,0.39
2026-07-29T13:41:31.616,123.531,29,close,ACTUATOR_ACTIVE,TRAJECTORY_RUNNING,24.0,57,32,0,32.73,57,0,0.0,0.0,0.0,1.56,1.15,4.56
2026-07-29T13:41:32.743,124.656,29,open,ACTUATOR_ACTIVE,TRAJECTORY_RUNNING,24.0,57,32,-16,6.78,57,0,0.0,0.0,0.0,1.39,1.07,4.39
2026-07-29T13:41:33.761,125.688,29,open,ACTUATOR_ACTIVE,TRAJECTORY_COMPLETE,24.0,56,10,8,1.38,56,0,0.0,0.0,0.0,0.36,0.32,0.44
2026-07-29T13:41:34.856,126.781,30,close,ACTUATOR_ACTIVE,TRAJECTORY_RUNNING,24.0,56,10,15,4.97,56,0,0.0,0.0,0.0,0.34,0.32,0.38
2026-07-29T13:41:35.858,127.781,30,close,ACTUATOR_ACTIVE,TRAJECTORY_RUNNING,24.0,56,33,0,82.79,56,0,0.0,0.0,0.0,2.21,1.04,2.63
2026-07-29T13:41:36.972,128.891,30,open,ACTUATOR_ACTIVE,TRAJECTORY_RUNNING,24.0,56,33,-2,35.62,56,0,0.0,0.0,0.0,2.32,1.01,2.86
2026-07-29T13:41:37.966,129.891,30,open,ACTUATOR_ACTIVE,TRAJECTORY_RUNNING,24.0,54,8,10,2.43,54,0,0.0,0.0,0.0,0.38,0.33,0.48
2026-07-29T13:41:39.071,130.984,31,close,ACTUATOR_ACTIVE,TRAJECTORY_RUNNING,24.0,54,10,14,5.42,54,0,0.0,0.0,0.0,0.34,0.32,0.36
2026-07-29T13:41:40.080,132.0,31,close,ACTUATOR_ACTIVE,TRAJECTORY_RUNNING,24.0,54,33,0,80.47,54,0,0.0,0.0,0.0,2.19,1.09,2.25
2026-07-29T13:41:41.182,133.094,31,open,ACTUATOR_ACTIVE,TRAJECTORY_RUNNING,24.0,54,33,-5,39.26,54,0,0.0,0.0,0.0,2.33,1.03,2.95
2026-07-29T13:41:42.194,134.109,31,open,ACTUATOR_ACTIVE,TRAJECTORY_COMPLETE,24.0,55,9,1,0.23,55,0,0.0,0.0,0.0,0.4,0.35,0.48
2026-07-29T13:41:43.305,135.219,32,close,ACTUATOR_ACTIVE,TRAJECTORY_RUNNING,24.0,55,10,15,5.15,55,0,0.0,0.0,0.0,0.35,0.34,0.4
2026-07-29T13:41:44.301,136.219,32,close,ACTUATOR_ACTIVE,TRAJECTORY_RUNNING,24.0,55,32,0,34.07,55,0,0.0,0.0,0.0,1.54,1.17,4.56
2026-07-29T13:41:45.408,137.328,32,open,ACTUATOR_ACTIVE,TRAJECTORY_RUNNING,24.0,55,32,-17,6.93,55,0,0.0,0.0,0.0,1.09,0.85,3.23
2026-07-29T13:41:46.408,138.328,32,open,ACTUATOR_ACTIVE,TRAJECTORY_COMPLETE,24.0,55,10,8,0.47,55,0,0.0,0.0,0.0,0.36,0.32,0.46
2026-07-29T13:41:47.518,139.438,33,close,ACTUATOR_ACTIVE,TRAJECTORY_RUNNING,24.0,55,10,16,4.42,55,0,0.0,0.0,0.0,0.33,0.32,0.38
2026-07-29T13:41:48.518,140.438,33,close,ACTUATOR_ACTIVE,TRAJECTORY_RUNNING,24.0,55,33,0,81.38,55,0,0.0,0.0,0.0,2.21,1.04,2.9
2026-07-29T13:41:49.622,141.547,33,open,ACTUATOR_ACTIVE,TRAJECTORY_RUNNING,24.0,55,33,0,34.2,57,0,0.0,0.0,0.0,2.31,0.99,3.45
2026-07-29T13:41:50.620,142.547,33,open,ACTUATOR_ACTIVE,TRAJECTORY_COMPLETE,24.0,57,9,1,-0.07,57,0,0.0,0.0,0.0,0.37,0.28,0.45
2026-07-29T13:41:51.727,143.641,34,close,ACTUATOR_ACTIVE,TRAJECTORY_RUNNING,24.0,57,10,17,4.37,57,0,0.0,0.0,0.0,0.34,0.26,0.33
2026-07-29T13:41:52.731,144.656,34,close,ACTUATOR_ACTIVE,TRAJECTORY_RUNNING,24.0,57,33,0,81.85,57,0,0.0,0.0,0.0,2.18,1.09,2.26
2026-07-29T13:41:53.834,145.75,34,open,ACTUATOR_ACTIVE,TRAJECTORY_RUNNING,24.0,52,33,-2,37.72,52,0,0.0,0.0,0.0,2.33,1.03,2.99
2026-07-29T13:41:54.846,146.766,34,open,ACTUATOR_ACTIVE,TRAJECTORY_COMPLETE,24.0,52,9,0,-0.4,52,0,0.0,0.0,0.0,0.4,0.34,0.48
2026-07-29T13:41:55.956,147.875,35,close,ACTUATOR_ACTIVE,TRAJECTORY_RUNNING,24.0,52,10,17,4.27,52,0,0.0,0.0,0.0,0.36,0.32,0.38
2026-07-29T13:41:56.957,148.875,35,close,ACTUATOR_ACTIVE,TRAJECTORY_RUNNING,24.0,52,33,0,85.54,52,0,0.0,0.0,0.0,2.22,1.07,2.77
2026-07-29T13:41:58.064,149.984,35,open,ACTUATOR_ACTIVE,TRAJECTORY_RUNNING,24.0,57,33,-1,40.29,57,0,0.0,0.0,0.0,2.31,1.05,2.88
2026-07-29T13:41:59.063,150.984,35,open,ACTUATOR_ACTIVE,TRAJECTORY_RUNNING,24.0,57,8,10,2.39,57,0,0.0,0.0,0.0,0.4,0.35,0.48
2026-07-29T13:42:00.174,152.094,36,close,ACTUATOR_ACTIVE,TRAJECTORY_RUNNING,24.0,57,10,18,3.7,57,0,0.0,0.0,0.0,0.35,0.33,0.38
2026-07-29T13:42:01.171,153.094,36,close,ACTUATOR_ACTIVE,TRAJECTORY_RUNNING,24.0,57,32,0,32.45,57,0,0.0,0.0,0.0,1.57,1.2,4.55
2026-07-29T13:42:02.274,154.188,36,open,ACTUATOR_ACTIVE,TRAJECTORY_RUNNING,24.0,55,32,-16,8.1,55,0,0.0,0.0,0.0,1.41,1.11,4.45
2026-07-29T13:42:03.282,155.203,36,open,ACTUATOR_ACTIVE,TRAJECTORY_COMPLETE,24.0,55,10,3,1.51,55,0,0.0,0.0,0.0,0.36,0.31,0.42
2026-07-29T13:42:04.389,156.313,37,close,ACTUATOR_ACTIVE,TRAJECTORY_RUNNING,24.0,55,10,14,4.43,55,0,0.0,0.0,0.0,0.34,0.31,0.35
2026-07-29T13:42:05.383,157.297,37,close,ACTUATOR_ACTIVE,TRAJECTORY_RUNNING,24.0,55,33,1,81.14,55,0,0.0,0.0,0.0,2.21,1.07,2.86
2026-07-29T13:42:06.498,158.422,37,open,ACTUATOR_ACTIVE,TRAJECTORY_RUNNING,24.0,56,33,-2,40.26,56,0,0.0,0.0,0.0,2.32,1.01,3.54
2026-07-29T13:42:07.493,159.406,37,open,ACTUATOR_ACTIVE,TRAJECTORY_COMPLETE,24.0,56,10,-12,-2.39,56,0,0.0,0.0,0.0,0.38,0.29,0.44
2026-07-29T13:42:08.617,160.531,38,close,ACTUATOR_ACTIVE,TRAJECTORY_RUNNING,24.0,56,10,17,4.63,56,0,0.0,0.0,0.0,0.35,0.27,0.33
2026-07-29T13:42:09.628,161.547,38,close,ACTUATOR_ACTIVE,TRAJECTORY_RUNNING,24.0,56,33,0,81.75,54,0,0.0,0.0,0.0,2.23,1.07,3.0
2026-07-29T13:42:10.734,162.656,38,open,ACTUATOR_ACTIVE,TRAJECTORY_RUNNING,24.0,54,33,-1,31.03,54,0,0.0,0.0,0.0,2.32,1.04,3.54
2026-07-29T13:42:11.732,163.656,38,open,ACTUATOR_ACTIVE,TRAJECTORY_RUNNING,24.0,54,8,7,1.63,54,0,0.0,0.0,0.0,0.39,0.3,0.46
2026-07-29T13:42:12.835,164.75,39,close,ACTUATOR_ACTIVE,TRAJECTORY_RUNNING,24.0,54,10,19,3.58,54,0,0.0,0.0,0.0,0.35,0.27,0.34
2026-07-29T13:42:13.848,165.766,39,close,ACTUATOR_ACTIVE,TRAJECTORY_RUNNING,24.0,56,32,0,32.24,56,0,0.0,0.0,0.0,1.57,1.21,4.59
2026-07-29T13:42:14.951,166.875,39,open,ACTUATOR_ACTIVE,TRAJECTORY_RUNNING,24.0,56,32,-18,8.17,56,0,0.0,0.0,0.0,1.33,1.01,3.96
2026-07-29T13:42:15.946,167.859,39,open,ACTUATOR_ACTIVE,TRAJECTORY_COMPLETE,24.0,56,10,0,-0.14,56,0,0.0,0.0,0.0,0.36,0.25,0.41
2026-07-29T13:42:17.068,168.984,40,close,ACTUATOR_ACTIVE,TRAJECTORY_RUNNING,24.0,56,10,18,3.41,56,0,0.0,0.0,0.0,0.33,0.25,0.34
2026-07-29T13:42:18.069,169.984,40,close,ACTUATOR_ACTIVE,TRAJECTORY_RUNNING,24.0,58,32,0,33.45,58,0,0.0,0.0,0.0,1.56,1.2,4.54
2026-07-29T13:42:19.177,171.094,40,open,ACTUATOR_ACTIVE,TRAJECTORY_RUNNING,24.0,58,32,-18,7.16,58,0,0.0,0.0,0.0,1.56,1.18,4.72
2026-07-29T13:42:20.170,172.094,40,open,ACTUATOR_ACTIVE,TRAJECTORY_COMPLETE,24.0,58,10,7,0.63,58,0,0.0,0.0,0.0,0.34,0.24,0.4
2026-07-29T13:42:21.278,173.188,41,close,ACTUATOR_ACTIVE,TRAJECTORY_RUNNING,24.0,58,10,17,3.91,58,0,0.0,0.0,0.0,0.33,0.25,0.32
2026-07-29T13:42:22.293,174.203,41,close,ACTUATOR_ACTIVE,TRAJECTORY_RUNNING,24.0,54,33,-1,79.94,54,0,0.0,0.0,0.0,2.2,1.07,3.01
2026-07-29T13:42:23.401,175.313,41,open,ACTUATOR_ACTIVE,TRAJECTORY_RUNNING,24.0,54,33,-1,36.53,54,0,0.0,0.0,0.0,2.31,1.03,3.65
2026-07-29T13:42:24.416,176.328,41,open,ACTUATOR_ACTIVE,TRAJECTORY_RUNNING,24.0,54,8,12,2.88,54,0,0.0,0.0,0.0,0.37,0.27,0.44
2026-07-29T13:42:25.530,177.453,42,close,ACTUATOR_ACTIVE,TRAJECTORY_RUNNING,24.0,54,10,18,3.7,54,0,0.0,0.0,0.0,0.34,0.25,0.31
2026-07-29T13:42:26.513,178.422,42,close,ACTUATOR_ACTIVE,TRAJECTORY_RUNNING,24.0,60,33,0,87.24,60,0,0.0,0.0,0.0,2.22,1.07,2.98
2026-07-29T13:42:27.631,179.547,42,open,ACTUATOR_ACTIVE,TRAJECTORY_RUNNING,24.0,60,33,0,35.7,60,0,0.0,0.0,0.0,2.32,1.03,3.63
2026-07-29T13:42:28.630,180.547,42,open,ACTUATOR_ACTIVE,TRAJECTORY_RUNNING,24.0,60,8,10,2.82,60,0,0.0,0.0,0.0,0.39,0.29,0.45
2026-07-29T13:42:29.741,181.656,43,close,ACTUATOR_ACTIVE,TRAJECTORY_RUNNING,24.0,54,10,16,5.16,54,0,0.0,0.0,0.0,0.35,0.27,0.33
2026-07-29T13:42:30.738,182.656,43,close,ACTUATOR_ACTIVE,TRAJECTORY_RUNNING,24.0,54,33,1,80.97,54,0,0.0,0.0,0.0,2.21,1.1,2.53
2026-07-29T13:42:31.846,183.766,43,open,ACTUATOR_ACTIVE,TRAJECTORY_RUNNING,24.0,54,33,-2,37.26,54,0,0.0,0.0,0.0,2.33,1.07,3.1
2026-07-29T13:42:32.841,184.75,43,open,ACTUATOR_ACTIVE,TRAJECTORY_RUNNING,24.0,54,8,10,1.52,54,0,0.0,0.0,0.0,0.39,0.33,0.47
2026-07-29T13:42:33.963,185.875,44,close,ACTUATOR_ACTIVE,TRAJECTORY_RUNNING,24.0,54,10,15,3.61,54,0,0.0,0.0,0.0,0.35,0.31,0.37
2026-07-29T13:42:34.964,186.875,44,close,ACTUATOR_ACTIVE,TRAJECTORY_RUNNING,24.0,54,32,0,30.7,54,0,0.0,0.0,0.0,1.57,1.23,4.58
2026-07-29T13:42:36.075,187.984,44,open,ACTUATOR_ACTIVE,TRAJECTORY_RUNNING,24.0,54,32,-17,7.83,54,0,0.0,0.0,0.0,1.35,1.06,4.1
2026-07-29T13:42:37.069,188.984,44,open,ACTUATOR_ACTIVE,TRAJECTORY_COMPLETE,24.0,54,10,7,0.42,54,0,0.0,0.0,0.0,0.36,0.3,0.43
2026-07-29T13:42:38.176,190.094,45,close,ACTUATOR_ACTIVE,TRAJECTORY_RUNNING,24.0,55,10,17,4.07,55,0,0.0,0.0,0.0,0.34,0.3,0.35
2026-07-29T13:42:39.167,191.078,45,close,ACTUATOR_ACTIVE,TRAJECTORY_RUNNING,24.0,55,33,0,80.73,55,0,0.0,0.0,0.0,2.22,1.09,3.12
2026-07-29T13:42:40.292,192.203,45,open,ACTUATOR_ACTIVE,TRAJECTORY_RUNNING,24.0,55,33,0,37.41,55,0,0.0,0.0,0.0,2.31,1.06,3.66
2026-07-29T13:42:41.306,193.219,45,open,ACTUATOR_ACTIVE,TRAJECTORY_RUNNING,24.0,55,9,12,4.86,55,0,0.0,0.0,0.0,0.38,0.29,0.45
2026-07-29T13:42:42.414,194.328,46,close,ACTUATOR_ACTIVE,TRAJECTORY_RUNNING,24.0,57,10,17,3.07,57,0,0.0,0.0,0.0,0.34,0.27,0.32
2026-07-29T13:42:43.409,195.328,46,close,ACTUATOR_ACTIVE,TRAJECTORY_RUNNING,24.0,57,32,0,30.11,57,0,0.0,0.0,0.0,1.58,1.23,4.56
2026-07-29T13:42:44.508,196.422,46,open,ACTUATOR_ACTIVE,TRAJECTORY_RUNNING,24.0,57,32,-16,8.22,57,0,0.0,0.0,0.0,1.52,1.19,4.71
2026-07-29T13:42:45.516,197.438,46,open,ACTUATOR_ACTIVE,TRAJECTORY_COMPLETE,24.0,57,10,4,0.43,57,0,0.0,0.0,0.0,0.36,0.26,0.39
2026-07-29T13:42:46.617,198.531,47,close,ACTUATOR_ACTIVE,TRAJECTORY_RUNNING,24.0,53,10,18,4.37,53,0,0.0,0.0,0.0,0.34,0.26,0.32
2026-07-29T13:42:47.629,199.547,47,close,ACTUATOR_ACTIVE,TRAJECTORY_RUNNING,24.0,53,33,0,78.78,53,0,0.0,0.0,0.0,2.21,1.11,2.97
2026-07-29T13:42:48.738,200.656,47,open,ACTUATOR_ACTIVE,TRAJECTORY_RUNNING,24.0,53,33,-1,34.86,53,0,0.0,0.0,0.0,2.32,1.08,3.11
2026-07-29T13:42:49.730,201.641,47,open,ACTUATOR_ACTIVE,TRAJECTORY_RUNNING,24.0,56,8,10,2.05,56,0,0.0,0.0,0.0,0.39,0.32,0.49
2026-07-29T13:42:50.854,202.766,48,close,ACTUATOR_ACTIVE,TRAJECTORY_RUNNING,24.0,56,10,14,5.9,56,0,0.0,0.0,0.0,0.35,0.3,0.36
2026-07-29T13:42:51.851,203.766,48,close,ACTUATOR_ACTIVE,TRAJECTORY_RUNNING,24.0,56,33,-1,79.73,56,0,0.0,0.0,0.0,2.22,1.13,3.02
2026-07-29T13:42:52.958,204.875,48,open,ACTUATOR_ACTIVE,TRAJECTORY_RUNNING,24.0,56,33,-2,36.13,56,0,0.0,0.0,0.0,2.3,1.11,3.05
2026-07-29T13:42:53.955,205.875,48,open,ACTUATOR_ACTIVE,TRAJECTORY_RUNNING,24.0,53,8,9,1.87,53,0,0.0,0.0,0.0,0.39,0.33,0.48
2026-07-29T13:42:55.063,206.984,49,close,ACTUATOR_ACTIVE,TRAJECTORY_RUNNING,24.0,53,10,16,3.41,53,0,0.0,0.0,0.0,0.34,0.3,0.37
2026-07-29T13:42:56.055,207.969,49,close,ACTUATOR_ACTIVE,TRAJECTORY_RUNNING,24.0,53,33,0,84.14,53,0,0.0,0.0,0.0,2.18,1.18,2.45
2026-07-29T13:42:57.178,209.094,49,open,ACTUATOR_ACTIVE,TRAJECTORY_RUNNING,24.0,53,33,-3,37.7,53,0,0.0,0.0,0.0,2.33,1.12,3.25
2026-07-29T13:42:58.170,210.078,49,open,ACTUATOR_ACTIVE,TRAJECTORY_RUNNING,24.0,50,8,10,0.16,50,0,0.0,0.0,0.0,0.4,0.34,0.49
2026-07-29T13:42:59.291,211.203,50,close,ACTUATOR_ACTIVE,TRAJECTORY_RUNNING,24.0,50,10,13,5.07,50,0,0.0,0.0,0.0,0.35,0.32,0.37
2026-07-29T13:43:00.290,212.203,50,close,ACTUATOR_ACTIVE,TRAJECTORY_RUNNING,24.0,50,32,0,33.16,50,0,0.0,0.0,0.0,1.59,1.26,4.58
2026-07-29T13:43:01.393,213.313,50,open,ACTUATOR_ACTIVE,TRAJECTORY_RUNNING,24.0,50,32,-15,7.57,50,0,0.0,0.0,0.0,1.58,1.24,4.75
2026-07-29T13:43:02.383,214.297,50,open,ACTUATOR_ACTIVE,TRAJECTORY_COMPLETE,24.0,58,9,-1,0.27,58,0,0.0,0.0,0.0,0.36,0.31,0.41
2026-07-29T13:43:03.506,215.422,51,close,ACTUATOR_ACTIVE,TRAJECTORY_RUNNING,24.0,58,10,18,3.95,58,0,0.0,0.0,0.0,0.33,0.31,0.35
2026-07-29T13:43:04.503,216.422,51,close,ACTUATOR_ACTIVE,TRAJECTORY_RUNNING,24.0,58,32,0,33.31,58,0,0.0,0.0,0.0,1.57,1.26,4.51
2026-07-29T13:43:05.607,217.516,51,open,ACTUATOR_ACTIVE,TRAJECTORY_RUNNING,24.0,58,32,-15,7.34,58,0,0.0,0.0,0.0,1.4,1.13,4.32
2026-07-29T13:43:06.619,218.531,51,open,ACTUATOR_ACTIVE,TRAJECTORY_COMPLETE,24.0,58,10,2,1.29,58,0,0.0,0.0,0.0,0.35,0.29,0.39
2026-07-29T13:43:07.731,219.641,52,close,ACTUATOR_ACTIVE,TRAJECTORY_RUNNING,24.0,58,10,17,3.22,58,0,0.0,0.0,0.0,0.33,0.29,0.33
2026-07-29T13:43:08.726,220.641,52,close,ACTUATOR_ACTIVE,TRAJECTORY_RUNNING,24.0,58,33,0,81.32,58,0,0.0,0.0,0.0,2.19,1.15,3.18
2026-07-29T13:43:09.836,221.75,52,open,ACTUATOR_ACTIVE,TRAJECTORY_RUNNING,24.0,56,33,0,33.87,56,0,0.0,0.0,0.0,2.29,1.09,3.78
2026-07-29T13:43:10.837,222.75,52,open,ACTUATOR_ACTIVE,TRAJECTORY_RUNNING,24.0,56,8,10,2.55,56,0,0.0,0.0,0.0,0.38,0.28,0.43
2026-07-29T13:43:11.943,223.859,53,close,ACTUATOR_ACTIVE,TRAJECTORY_RUNNING,24.0,56,10,16,5.79,56,0,0.0,0.0,0.0,0.35,0.26,0.3
2026-07-29T13:43:12.936,224.844,53,close,ACTUATOR_ACTIVE,TRAJECTORY_RUNNING,24.0,56,33,0,83.74,56,0,0.0,0.0,0.0,2.19,1.15,3.17
2026-07-29T13:43:14.061,225.969,53,open,ACTUATOR_ACTIVE,TRAJECTORY_RUNNING,24.0,56,33,0,33.02,56,0,0.0,0.0,0.0,2.29,1.11,3.76
2026-07-29T13:43:15.062,226.969,53,open,ACTUATOR_ACTIVE,TRAJECTORY_RUNNING,24.0,56,8,10,1.88,56,0,0.0,0.0,0.0,0.39,0.29,0.43
2026-07-29T13:43:16.171,228.078,54,close,ACTUATOR_ACTIVE,TRAJECTORY_RUNNING,24.0,56,10,19,1.99,56,0,0.0,0.0,0.0,0.35,0.26,0.3
2026-07-29T13:43:17.188,229.094,54,close,ACTUATOR_ACTIVE,TRAJECTORY_RUNNING,24.0,56,33,0,83.84,56,0,0.0,0.0,0.0,2.2,1.16,3.18
2026-07-29T13:43:18.293,230.203,54,open,ACTUATOR_ACTIVE,TRAJECTORY_RUNNING,24.0,57,33,0,33.35,57,0,0.0,0.0,0.0,2.3,1.12,3.76
2026-07-29T13:43:19.294,231.203,54,open,ACTUATOR_ACTIVE,TRAJECTORY_RUNNING,24.0,57,8,10,1.11,57,0,0.0,0.0,0.0,0.4,0.31,0.46
2026-07-29T13:43:20.397,232.313,55,close,ACTUATOR_ACTIVE,TRAJECTORY_RUNNING,24.0,57,10,15,4.98,57,0,0.0,0.0,0.0,0.35,0.28,0.32
2026-07-29T13:43:21.394,233.313,55,close,ACTUATOR_ACTIVE,TRAJECTORY_RUNNING,24.0,57,33,0,79.29,57,0,0.0,0.0,0.0,2.21,1.17,3.23
2026-07-29T13:43:22.493,234.406,55,open,ACTUATOR_ACTIVE,TRAJECTORY_RUNNING,24.0,54,33,-3,38.48,54,0,0.0,0.0,0.0,2.3,1.13,3.73
2026-07-29T13:43:23.506,235.422,55,open,ACTUATOR_ACTIVE,TRAJECTORY_RUNNING,24.0,54,8,11,1.4,54,0,0.0,0.0,0.0,0.4,0.32,0.46
2026-07-29T13:43:24.612,236.531,56,close,ACTUATOR_ACTIVE,TRAJECTORY_RUNNING,24.0,54,10,15,3.66,54,0,0.0,0.0,0.0,0.35,0.29,0.32
2026-07-29T13:43:25.606,237.516,56,close,ACTUATOR_ACTIVE,TRAJECTORY_RUNNING,24.0,54,33,0,82.12,54,0,0.0,0.0,0.0,2.18,1.21,2.56
2026-07-29T13:43:26.732,238.641,56,open,ACTUATOR_ACTIVE,TRAJECTORY_RUNNING,24.0,55,33,-4,37.4,55,0,0.0,0.0,0.0,2.32,1.14,3.3
2026-07-29T13:43:27.726,239.641,56,open,ACTUATOR_ACTIVE,TRAJECTORY_RUNNING,24.0,55,8,8,2.22,55,0,0.0,0.0,0.0,0.39,0.34,0.48
2026-07-29T13:43:28.833,240.75,57,close,ACTUATOR_ACTIVE,TRAJECTORY_RUNNING,24.0,55,10,15,4.34,55,0,0.0,0.0,0.0,0.36,0.32,0.38
2026-07-29T13:43:29.831,241.75,57,close,ACTUATOR_ACTIVE,TRAJECTORY_RUNNING,24.0,54,33,-1,78.73,54,0,0.0,0.0,0.0,2.21,1.19,3.19
2026-07-29T13:43:30.934,242.844,57,open,ACTUATOR_ACTIVE,TRAJECTORY_RUNNING,24.0,54,33,-1,39.94,54,0,0.0,0.0,0.0,2.3,1.14,3.69
2026-07-29T13:43:31.944,243.859,57,open,ACTUATOR_ACTIVE,TRAJECTORY_COMPLETE,24.0,54,9,-8,-1.6,54,0,0.0,0.0,0.0,0.39,0.33,0.47
2026-07-29T13:43:33.047,244.953,58,close,ACTUATOR_ACTIVE,TRAJECTORY_RUNNING,24.0,54,10,15,3.78,54,0,0.0,0.0,0.0,0.36,0.31,0.36
2026-07-29T13:43:34.059,245.969,58,close,ACTUATOR_ACTIVE,TRAJECTORY_RUNNING,24.0,57,32,0,32.69,57,0,0.0,0.0,0.0,1.58,1.31,4.62
2026-07-29T13:43:35.169,247.078,58,open,ACTUATOR_ACTIVE,TRAJECTORY_RUNNING,24.0,57,32,-17,7.97,57,0,0.0,0.0,0.0,1.55,1.26,4.74
2026-07-29T13:43:36.164,248.078,58,open,ACTUATOR_ACTIVE,TRAJECTORY_COMPLETE,24.0,57,10,3,0.36,57,0,0.0,0.0,0.0,0.36,0.29,0.42
2026-07-29T13:43:37.266,249.172,59,close,ACTUATOR_ACTIVE,TRAJECTORY_RUNNING,24.0,57,10,16,4.79,57,0,0.0,0.0,0.0,0.34,0.29,0.35
2026-07-29T13:43:38.279,250.188,59,close,ACTUATOR_ACTIVE,TRAJECTORY_STOPPED,24.0,53,33,1,80.86,53,0,0.0,0.0,0.0,2.19,1.19,3.18
2026-07-29T13:43:39.386,251.297,59,open,ACTUATOR_ACTIVE,TRAJECTORY_RUNNING,24.0,53,33,-4,39.29,53,0,0.0,0.0,0.0,2.29,1.14,3.74
2026-07-29T13:43:40.383,252.297,59,open,ACTUATOR_ACTIVE,TRAJECTORY_RUNNING,24.0,53,8,11,2.86,53,0,0.0,0.0,0.0,0.41,0.32,0.46
2026-07-29T13:43:41.493,253.406,60,close,ACTUATOR_ACTIVE,TRAJECTORY_RUNNING,24.0,53,10,16,4.35,53,0,0.0,0.0,0.0,0.37,0.3,0.34
2026-07-29T13:43:42.486,254.391,60,close,ACTUATOR_ACTIVE,TRAJECTORY_RUNNING,24.0,54,33,0,82.8,54,0,0.0,0.0,0.0,2.21,1.2,3.28
2026-07-29T13:43:43.611,255.516,60,open,ACTUATOR_ACTIVE,TRAJECTORY_RUNNING,24.0,54,33,-4,34.14,54,0,0.0,0.0,0.0,2.29,1.16,3.78
2026-07-29T13:43:44.625,256.531,60,open,ACTUATOR_ACTIVE,TRAJECTORY_RUNNING,24.0,54,8,12,2.59,54,0,0.0,0.0,0.0,0.4,0.33,0.46
2026-07-29T13:43:45.728,257.641,61,close,ACTUATOR_ACTIVE,TRAJECTORY_RUNNING,24.0,56,10,19,3.56,56,0,0.0,0.0,0.0,0.37,0.3,0.34
2026-07-29T13:43:46.721,258.625,61,close,ACTUATOR_ACTIVE,TRAJECTORY_RUNNING,24.0,56,32,0,31.36,56,0,0.0,0.0,0.0,1.6,1.32,4.63
2026-07-29T13:43:47.841,259.75,61,open,ACTUATOR_ACTIVE,TRAJECTORY_RUNNING,24.0,56,32,-16,8.2,56,0,0.0,0.0,0.0,1.5,1.24,4.7
2026-07-29T13:43:48.838,260.75,61,open,ACTUATOR_ACTIVE,TRAJECTORY_COMPLETE,24.0,56,10,11,0.18,56,0,0.0,0.0,0.0,0.36,0.29,0.41
2026-07-29T13:43:49.944,261.859,62,close,ACTUATOR_ACTIVE,TRAJECTORY_RUNNING,24.0,57,10,18,4.81,57,0,0.0,0.0,0.0,0.34,0.29,0.35
2026-07-29T13:43:50.938,262.844,62,close,ACTUATOR_ACTIVE,TRAJECTORY_RUNNING,24.0,57,33,0,85.43,57,0,0.0,0.0,0.0,2.19,1.21,2.71
2026-07-29T13:43:52.062,263.969,62,open,ACTUATOR_ACTIVE,TRAJECTORY_RUNNING,24.0,57,33,-1,34.61,57,0,0.0,0.0,0.0,2.32,1.16,3.47
2026-07-29T13:43:53.075,264.984,62,open,ACTUATOR_ACTIVE,TRAJECTORY_COMPLETE,24.0,57,9,0,0.43,57,0,0.0,0.0,0.0,0.4,0.33,0.49
2026-07-29T13:43:54.184,266.094,63,close,ACTUATOR_ACTIVE,TRAJECTORY_RUNNING,24.0,56,10,16,3.28,56,0,0.0,0.0,0.0,0.36,0.31,0.39
2026-07-29T13:43:55.178,267.094,63,close,ACTUATOR_ACTIVE,TRAJECTORY_RUNNING,24.0,56,33,0,77.91,56,0,0.0,0.0,0.0,2.2,1.23,2.78
2026-07-29T13:43:56.282,268.188,63,open,ACTUATOR_ACTIVE,TRAJECTORY_RUNNING,24.0,56,33,-4,36.42,56,0,0.0,0.0,0.0,2.31,1.19,3.41
2026-07-29T13:43:57.291,269.203,63,open,ACTUATOR_ACTIVE,TRAJECTORY_COMPLETE,24.0,56,9,0,0.25,56,0,0.0,0.0,0.0,0.4,0.35,0.49
2026-07-29T13:43:58.392,270.297,64,close,ACTUATOR_ACTIVE,TRAJECTORY_RUNNING,24.0,57,10,17,4.78,57,0,0.0,0.0,0.0,0.36,0.34,0.38
2026-07-29T13:43:59.403,271.313,64,close,ACTUATOR_ACTIVE,TRAJECTORY_RUNNING,24.0,57,32,0,32.61,57,0,0.0,0.0,0.0,1.58,1.37,4.67
2026-07-29T13:44:00.504,272.422,64,open,ACTUATOR_ACTIVE,TRAJECTORY_RUNNING,24.0,57,32,-15,7.27,57,0,0.0,0.0,0.0,1.26,1.03,3.66
2026-07-29T13:44:01.497,273.406,64,open,ACTUATOR_ACTIVE,TRAJECTORY_COMPLETE,24.0,57,10,7,0.27,57,0,0.0,0.0,0.0,0.36,0.33,0.44
2026-07-29T13:44:02.620,274.531,65,close,ACTUATOR_ACTIVE,TRAJECTORY_RUNNING,24.0,56,10,18,3.44,56,0,0.0,0.0,0.0,0.34,0.33,0.38
2026-07-29T13:44:03.613,275.531,65,close,ACTUATOR_ACTIVE,TRAJECTORY_RUNNING,24.0,56,33,0,80.0,56,0,0.0,0.0,0.0,2.2,1.23,3.07
2026-07-29T13:44:04.718,276.625,65,open,ACTUATOR_ACTIVE,TRAJECTORY_RUNNING,24.0,56,33,-2,38.26,56,0,0.0,0.0,0.0,2.3,1.21,3.36
2026-07-29T13:44:05.730,277.641,65,open,ACTUATOR_ACTIVE,TRAJECTORY_RUNNING,24.0,55,9,10,3.39,55,0,0.0,0.0,0.0,0.39,0.34,0.49
2026-07-29T13:44:06.830,278.734,66,close,ACTUATOR_ACTIVE,TRAJECTORY_RUNNING,24.0,55,10,15,2.85,55,0,0.0,0.0,0.0,0.36,0.32,0.37
2026-07-29T13:44:07.843,279.75,66,close,ACTUATOR_ACTIVE,TRAJECTORY_RUNNING,24.0,55,33,-1,77.13,55,0,0.0,0.0,0.0,2.19,1.24,3.32
2026-07-29T13:44:08.945,280.859,66,open,ACTUATOR_ACTIVE,TRAJECTORY_RUNNING,24.0,55,33,-4,37.64,55,0,0.0,0.0,0.0,2.28,1.2,3.89
2026-07-29T13:44:09.938,281.844,66,open,ACTUATOR_ACTIVE,TRAJECTORY_COMPLETE,24.0,59,9,0,-0.42,59,0,0.0,0.0,0.0,0.4,0.32,0.45
2026-07-29T13:44:11.057,282.969,67,close,ACTUATOR_ACTIVE,TRAJECTORY_RUNNING,24.0,59,10,19,3.0,59,0,0.0,0.0,0.0,0.36,0.29,0.33
2026-07-29T13:44:12.054,283.969,67,close,ACTUATOR_ACTIVE,TRAJECTORY_RUNNING,24.0,59,32,0,30.22,59,0,0.0,0.0,0.0,1.59,1.38,4.68
2026-07-29T13:44:13.159,285.063,67,open,ACTUATOR_ACTIVE,TRAJECTORY_RUNNING,24.0,59,32,-16,5.91,59,0,0.0,0.0,0.0,1.58,1.34,4.81
2026-07-29T13:44:14.168,286.078,67,open,ACTUATOR_ACTIVE,TRAJECTORY_RUNNING,24.0,57,10,2,1.31,57,0,0.0,0.0,0.0,0.36,0.29,0.4
2026-07-29T13:44:15.275,287.188,68,close,ACTUATOR_ACTIVE,TRAJECTORY_RUNNING,24.0,57,10,18,3.45,57,0,0.0,0.0,0.0,0.34,0.29,0.33
2026-07-29T13:44:16.264,288.172,68,close,ACTUATOR_ACTIVE,TRAJECTORY_RUNNING,24.0,57,32,0,32.64,57,0,0.0,0.0,0.0,1.57,1.36,4.6
2026-07-29T13:44:17.391,289.297,68,open,ACTUATOR_ACTIVE,TRAJECTORY_RUNNING,24.0,57,32,-15,7.15,57,0,0.0,0.0,0.0,1.55,1.29,4.69
2026-07-29T13:44:18.389,290.297,68,open,ACTUATOR_ACTIVE,TRAJECTORY_COMPLETE,24.0,60,10,8,0.57,60,0,0.0,0.0,0.0,0.35,0.27,0.4
2026-07-29T13:44:19.494,291.406,69,close,ACTUATOR_ACTIVE,TRAJECTORY_RUNNING,24.0,60,10,16,4.13,60,0,0.0,0.0,0.0,0.33,0.27,0.34
2026-07-29T13:44:20.485,292.391,69,close,ACTUATOR_ACTIVE,TRAJECTORY_RUNNING,24.0,60,33,0,79.84,60,0,0.0,0.0,0.0,2.18,1.24,3.5
2026-07-29T13:44:21.597,293.5,69,open,ACTUATOR_ACTIVE,TRAJECTORY_RUNNING,24.0,60,33,0,35.43,60,0,0.0,0.0,0.0,2.26,1.2,4.01
2026-07-29T13:44:22.607,294.516,69,open,ACTUATOR_ACTIVE,TRAJECTORY_RUNNING,24.0,58,8,11,2.55,58,0,0.0,0.0,0.0,0.39,0.29,0.43
2026-07-29T13:44:23.712,295.625,70,close,ACTUATOR_ACTIVE,TRAJECTORY_RUNNING,24.0,58,10,15,3.3,58,0,0.0,0.0,0.0,0.36,0.27,0.3
2026-07-29T13:44:24.702,296.609,70,close,ACTUATOR_ACTIVE,TRAJECTORY_RUNNING,24.0,58,33,0,81.61,58,0,0.0,0.0,0.0,2.18,1.25,3.41
2026-07-29T13:44:25.823,297.734,70,open,ACTUATOR_ACTIVE,TRAJECTORY_RUNNING,24.0,53,33,0,37.01,53,0,0.0,0.0,0.0,2.27,1.21,3.96
2026-07-29T13:44:26.814,298.719,70,open,ACTUATOR_ACTIVE,TRAJECTORY_RUNNING,24.0,53,8,9,2.39,53,0,0.0,0.0,0.0,0.38,0.3,0.42
2026-07-29T13:44:27.940,299.844,71,close,ACTUATOR_ACTIVE,TRAJECTORY_RUNNING,24.0,53,10,17,3.83,53,0,0.0,0.0,0.0,0.35,0.28,0.29
2026-07-29T13:44:28.933,300.844,71,close,ACTUATOR_ACTIVE,TRAJECTORY_RUNNING,24.0,53,32,0,33.17,53,0,0.0,0.0,0.0,1.59,1.39,4.68
2026-07-29T13:44:30.034,301.938,71,open,ACTUATOR_ACTIVE,TRAJECTORY_RUNNING,24.0,51,32,-15,7.7,51,0,0.0,0.0,0.0,1.23,0.99,3.48
2026-07-29T13:44:31.042,302.953,71,open,ACTUATOR_ACTIVE,TRAJECTORY_RUNNING,24.0,51,10,4,1.39,51,0,0.0,0.0,0.0,0.34,0.27,0.39
2026-07-29T13:44:32.150,304.063,72,close,ACTUATOR_ACTIVE,TRAJECTORY_RUNNING,24.0,51,10,17,3.57,51,0,0.0,0.0,0.0,0.32,0.26,0.32
2026-07-29T13:44:33.148,305.063,72,close,ACTUATOR_ACTIVE,TRAJECTORY_RUNNING,24.0,51,32,0,34.64,51,0,0.0,0.0,0.0,1.57,1.38,4.65
2026-07-29T13:44:34.250,306.156,72,open,ACTUATOR_ACTIVE,TRAJECTORY_RUNNING,24.0,50,32,-14,7.56,50,0,0.0,0.0,0.0,1.57,1.33,4.75
2026-07-29T13:44:35.257,307.172,72,open,ACTUATOR_ACTIVE,TRAJECTORY_COMPLETE,24.0,50,10,5,0.72,50,0,0.0,0.0,0.0,0.34,0.26,0.4
2026-07-29T13:44:36.361,308.266,73,close,ACTUATOR_ACTIVE,TRAJECTORY_RUNNING,24.0,50,10,18,5.18,50,0,0.0,0.0,0.0,0.32,0.26,0.33
2026-07-29T13:44:37.376,309.281,73,close,ACTUATOR_ACTIVE,TRAJECTORY_RUNNING,24.0,50,33,1,81.28,50,0,0.0,0.0,0.0,2.18,1.27,3.55
2026-07-29T13:44:38.478,310.391,73,open,ACTUATOR_ACTIVE,TRAJECTORY_RUNNING,24.0,57,33,0,39.37,57,0,0.0,0.0,0.0,2.26,1.22,4.04
2026-07-29T13:44:39.471,311.375,73,open,ACTUATOR_ACTIVE,TRAJECTORY_COMPLETE,24.0,57,9,-1,-0.28,57,0,0.0,0.0,0.0,0.39,0.29,0.44
2026-07-29T13:44:40.589,312.5,74,close,ACTUATOR_ACTIVE,TRAJECTORY_RUNNING,24.0,57,10,17,3.36,57,0,0.0,0.0,0.0,0.36,0.27,0.31
2026-07-29T13:44:41.586,313.5,74,close,ACTUATOR_ACTIVE,TRAJECTORY_RUNNING,24.0,57,32,0,32.53,57,0,0.0,0.0,0.0,1.62,1.39,4.63
2026-07-29T13:44:42.692,314.594,74,open,ACTUATOR_ACTIVE,TRAJECTORY_RUNNING,24.0,57,32,-15,7.62,57,0,0.0,0.0,0.0,1.61,1.36,4.81
2026-07-29T13:44:43.706,315.609,74,open,ACTUATOR_ACTIVE,TRAJECTORY_COMPLETE,24.0,57,10,0,-0.2,57,0,0.0,0.0,0.0,0.34,0.25,0.39
2026-07-29T13:44:44.808,316.719,75,close,ACTUATOR_ACTIVE,TRAJECTORY_RUNNING,24.0,57,10,14,3.13,57,0,0.0,0.0,0.0,0.31,0.25,0.32
2026-07-29T13:44:45.803,317.719,75,close,ACTUATOR_ACTIVE,TRAJECTORY_RUNNING,24.0,52,33,0,80.75,52,0,0.0,0.0,0.0,2.17,1.29,3.56
2026-07-29T13:44:46.908,318.813,75,open,ACTUATOR_ACTIVE,TRAJECTORY_RUNNING,24.0,52,33,-1,37.3,52,0,0.0,0.0,0.0,2.27,1.23,4.08
2026-07-29T13:44:47.920,319.828,75,open,ACTUATOR_ACTIVE,TRAJECTORY_COMPLETE,24.0,52,9,0,0.15,52,0,0.0,0.0,0.0,0.38,0.3,0.41
2026-07-29T13:44:49.029,320.938,76,close,ACTUATOR_ACTIVE,TRAJECTORY_RUNNING,24.0,52,10,15,3.55,52,0,0.0,0.0,0.0,0.35,0.28,0.3
2026-07-29T13:44:50.021,321.922,76,close,ACTUATOR_ACTIVE,TRAJECTORY_RUNNING,24.0,52,33,1,81.84,52,0,0.0,0.0,0.0,2.19,1.3,3.57
2026-07-29T13:44:51.145,323.047,76,open,ACTUATOR_ACTIVE,TRAJECTORY_RUNNING,24.0,52,33,0,35.76,52,0,0.0,0.0,0.0,2.28,1.25,4.07
2026-07-29T13:44:52.157,324.063,76,open,ACTUATOR_ACTIVE,TRAJECTORY_RUNNING,24.0,52,9,12,4.02,52,0,0.0,0.0,0.0,0.39,0.31,0.45
2026-07-29T13:44:53.264,325.172,77,close,ACTUATOR_ACTIVE,TRAJECTORY_RUNNING,24.0,52,10,19,3.93,52,0,0.0,0.0,0.0,0.36,0.29,0.3
2026-07-29T13:44:54.260,326.172,77,close,ACTUATOR_ACTIVE,TRAJECTORY_RUNNING,24.0,52,33,1,82.4,52,0,0.0,0.0,0.0,2.19,1.31,3.71
2026-07-29T13:44:55.363,327.266,77,open,ACTUATOR_ACTIVE,TRAJECTORY_RUNNING,24.0,52,33,-1,36.03,52,0,0.0,0.0,0.0,2.26,1.27,4.08
2026-07-29T13:44:56.372,328.281,77,open,ACTUATOR_ACTIVE,TRAJECTORY_COMPLETE,24.0,52,9,0,-0.33,52,0,0.0,0.0,0.0,0.39,0.32,0.42
2026-07-29T13:44:57.482,329.391,78,close,ACTUATOR_ACTIVE,TRAJECTORY_RUNNING,24.0,52,10,16,4.82,52,0,0.0,0.0,0.0,0.36,0.3,0.31
2026-07-29T13:44:58.478,330.391,78,close,ACTUATOR_ACTIVE,TRAJECTORY_RUNNING,24.0,55,33,0,83.35,55,0,0.0,0.0,0.0,2.18,1.33,3.59
2026-07-29T13:44:59.583,331.484,78,open,ACTUATOR_ACTIVE,TRAJECTORY_RUNNING,24.0,55,33,-5,35.16,55,0,0.0,0.0,0.0,2.27,1.28,4.09
2026-07-29T13:45:00.589,332.5,78,open,ACTUATOR_ACTIVE,TRAJECTORY_COMPLETE,24.0,55,9,0,-0.68,55,0,0.0,0.0,0.0,0.39,0.33,0.42
2026-07-29T13:45:01.690,333.594,79,close,ACTUATOR_ACTIVE,TRAJECTORY_RUNNING,24.0,54,10,17,5.28,54,0,0.0,0.0,0.0,0.36,0.31,0.31
2026-07-29T13:45:02.702,334.609,79,close,ACTUATOR_ACTIVE,TRAJECTORY_RUNNING,24.0,54,32,0,32.08,54,0,0.0,0.0,0.0,1.62,1.48,4.77
2026-07-29T13:45:03.811,335.719,79,open,ACTUATOR_ACTIVE,TRAJECTORY_RUNNING,24.0,54,32,-16,5.98,54,0,0.0,0.0,0.0,1.61,1.44,4.89
2026-07-29T13:45:04.812,336.719,79,open,ACTUATOR_ACTIVE,TRAJECTORY_COMPLETE,24.0,54,10,4,1.45,54,0,0.0,0.0,0.0,0.34,0.29,0.39
2026-07-29T13:45:05.919,337.828,80,close,ACTUATOR_ACTIVE,TRAJECTORY_RUNNING,24.0,55,10,18,5.08,55,0,0.0,0.0,0.0,0.33,0.29,0.31
2026-07-29T13:45:06.913,338.828,80,close,ACTUATOR_ACTIVE,TRAJECTORY_RUNNING,24.0,55,32,0,31.21,55,0,0.0,0.0,0.0,1.59,1.46,4.69
2026-07-29T13:45:08.017,339.922,80,open,ACTUATOR_ACTIVE,TRAJECTORY_RUNNING,24.0,55,32,-16,6.54,55,0,0.0,0.0,0.0,1.45,1.29,4.56
2026-07-29T13:45:09.025,340.938,80,open,ACTUATOR_ACTIVE,TRAJECTORY_COMPLETE,24.0,55,10,-1,0.39,55,0,0.0,0.0,0.0,0.34,0.28,0.38
2026-07-29T13:45:10.128,342.031,81,close,ACTUATOR_ACTIVE,TRAJECTORY_RUNNING,24.0,54,10,19,3.68,54,0,0.0,0.0,0.0,0.32,0.27,0.31
2026-07-29T13:45:11.142,343.047,81,close,ACTUATOR_ACTIVE,TRAJECTORY_RUNNING,24.0,54,33,0,80.8,54,0,0.0,0.0,0.0,2.17,1.35,3.76
2026-07-29T13:45:12.247,344.156,81,open,ACTUATOR_ACTIVE,TRAJECTORY_RUNNING,24.0,54,33,-3,34.39,54,0,0.0,0.0,0.0,2.25,1.29,4.22
2026-07-29T13:45:13.241,345.141,81,open,ACTUATOR_ACTIVE,TRAJECTORY_RUNNING,24.0,54,8,10,2.47,54,0,0.0,0.0,0.0,0.38,0.31,0.44
2026-07-29T13:45:14.360,346.266,82,close,ACTUATOR_ACTIVE,TRAJECTORY_RUNNING,24.0,56,10,18,3.87,56,0,0.0,0.0,0.0,0.34,0.29,0.31
2026-07-29T13:45:15.347,347.25,82,close,ACTUATOR_ACTIVE,TRAJECTORY_RUNNING,24.0,56,32,0,33.75,56,0,0.0,0.0,0.0,1.62,1.48,4.72
2026-07-29T13:45:16.466,348.375,82,open,ACTUATOR_ACTIVE,TRAJECTORY_RUNNING,24.0,56,32,-16,7.19,56,0,0.0,0.0,0.0,1.61,1.42,4.84
2026-07-29T13:45:17.464,349.375,82,open,ACTUATOR_ACTIVE,TRAJECTORY_COMPLETE,24.0,56,10,8,1.33,56,0,0.0,0.0,0.0,0.33,0.27,0.41
2026-07-29T13:45:18.564,350.469,83,close,ACTUATOR_ACTIVE,TRAJECTORY_RUNNING,24.0,56,10,18,3.53,56,0,0.0,0.0,0.0,0.31,0.26,0.34
2026-07-29T13:45:19.569,351.469,83,close,ACTUATOR_ACTIVE,TRAJECTORY_RUNNING,24.0,56,33,1,77.82,56,0,0.0,0.0,0.0,2.17,1.36,3.77
2026-07-29T13:45:20.694,352.594,83,open,ACTUATOR_ACTIVE,TRAJECTORY_RUNNING,24.0,56,33,-3,33.55,56,0,0.0,0.0,0.0,2.25,1.3,4.21
2026-07-29T13:45:21.707,353.609,83,open,ACTUATOR_ACTIVE,TRAJECTORY_RUNNING,24.0,54,9,14,3.52,54,0,0.0,0.0,0.0,0.37,0.31,0.43
2026-07-29T13:45:22.819,354.719,84,close,ACTUATOR_ACTIVE,TRAJECTORY_RUNNING,24.0,54,10,19,3.32,54,0,0.0,0.0,0.0,0.34,0.29,0.32
2026-07-29T13:45:23.831,355.734,84,close,ACTUATOR_ACTIVE,TRAJECTORY_RUNNING,24.0,54,33,1,77.18,54,0,0.0,0.0,0.0,2.18,1.36,3.68
2026-07-29T13:45:24.930,356.844,84,open,ACTUATOR_ACTIVE,TRAJECTORY_RUNNING,24.0,54,33,-1,38.31,54,0,0.0,0.0,0.0,2.27,1.3,4.05
2026-07-29T13:45:25.920,357.828,84,open,ACTUATOR_ACTIVE,TRAJECTORY_COMPLETE,24.0,53,9,0,-0.97,53,0,0.0,0.0,0.0,0.39,0.33,0.44
2026-07-29T13:45:27.040,358.953,85,close,ACTUATOR_ACTIVE,TRAJECTORY_RUNNING,24.0,53,10,16,3.43,53,0,0.0,0.0,0.0,0.36,0.31,0.31
2026-07-29T13:45:28.034,359.938,85,close,ACTUATOR_ACTIVE,TRAJECTORY_RUNNING,24.0,53,32,0,33.86,53,0,0.0,0.0,0.0,1.63,1.51,4.78
2026-07-29T13:45:29.148,361.047,85,open,ACTUATOR_ACTIVE,TRAJECTORY_RUNNING,24.0,53,32,-14,7.95,53,0,0.0,0.0,0.0,1.61,1.45,4.89
2026-07-29T13:45:30.155,362.063,85,open,ACTUATOR_ACTIVE,TRAJECTORY_COMPLETE,24.0,56,9,0,0.01,56,0,0.0,0.0,0.0,0.34,0.29,0.4
2026-07-29T13:45:31.255,363.156,86,close,ACTUATOR_ACTIVE,TRAJECTORY_RUNNING,24.0,56,10,15,3.46,56,0,0.0,0.0,0.0,0.32,0.28,0.33
2026-07-29T13:45:32.265,364.172,86,close,ACTUATOR_ACTIVE,TRAJECTORY_RUNNING,24.0,56,33,0,82.23,56,0,0.0,0.0,0.0,2.17,1.37,3.69
2026-07-29T13:45:33.364,365.266,86,open,ACTUATOR_ACTIVE,TRAJECTORY_RUNNING,24.0,56,33,-2,36.83,56,0,0.0,0.0,0.0,2.25,1.31,4.19
2026-07-29T13:45:34.375,366.281,86,open,ACTUATOR_ACTIVE,TRAJECTORY_RUNNING,24.0,54,8,10,2.56,54,0,0.0,0.0,0.0,0.38,0.33,0.45
2026-07-29T13:45:35.476,367.375,87,close,ACTUATOR_ACTIVE,TRAJECTORY_RUNNING,24.0,54,10,18,3.45,54,0,0.0,0.0,0.0,0.35,0.3,0.31
2026-07-29T13:45:36.484,368.391,87,close,ACTUATOR_ACTIVE,TRAJECTORY_RUNNING,24.0,54,32,0,32.15,54,0,0.0,0.0,0.0,1.63,1.51,4.8
2026-07-29T13:45:37.586,369.484,87,open,ACTUATOR_ACTIVE,TRAJECTORY_RUNNING,24.0,54,32,-15,7.17,54,0,0.0,0.0,0.0,1.62,1.46,4.89
2026-07-29T13:45:38.595,370.5,87,open,ACTUATOR_ACTIVE,TRAJECTORY_COMPLETE,24.0,55,10,1,1.01,55,0,0.0,0.0,0.0,0.33,0.28,0.42
2026-07-29T13:45:39.702,371.609,88,close,ACTUATOR_ACTIVE,TRAJECTORY_RUNNING,24.0,55,10,19,4.07,55,0,0.0,0.0,0.0,0.31,0.27,0.34
2026-07-29T13:45:40.693,372.594,88,close,ACTUATOR_ACTIVE,TRAJECTORY_RUNNING,24.0,55,33,0,83.62,55,0,0.0,0.0,0.0,2.16,1.38,3.75
2026-07-29T13:45:41.809,373.719,88,open,ACTUATOR_ACTIVE,TRAJECTORY_RUNNING,24.0,53,33,-1,36.81,53,0,0.0,0.0,0.0,2.25,1.33,4.22
2026-07-29T13:45:42.801,374.703,88,open,ACTUATOR_ACTIVE,TRAJECTORY_COMPLETE,24.0,53,10,-9,-0.97,53,0,0.0,0.0,0.0,0.38,0.32,0.46
2026-07-29T13:45:43.919,375.828,89,close,ACTUATOR_ACTIVE,TRAJECTORY_RUNNING,24.0,53,10,15,4.41,53,0,0.0,0.0,0.0,0.35,0.3,0.32
2026-07-29T13:45:44.918,376.828,89,close,ACTUATOR_ACTIVE,TRAJECTORY_RUNNING,24.0,53,32,0,30.49,53,0,0.0,0.0,0.0,1.64,1.52,4.78
2026-07-29T13:45:46.022,377.922,89,open,ACTUATOR_ACTIVE,TRAJECTORY_RUNNING,24.0,54,32,-14,8.02,54,0,0.0,0.0,0.0,1.63,1.49,4.91
2026-07-29T13:45:47.034,378.938,89,open,ACTUATOR_ACTIVE,TRAJECTORY_RUNNING,24.0,54,9,1,0.08,54,0,0.0,0.0,0.0,0.33,0.28,0.41
2026-07-29T13:45:48.140,380.047,90,close,ACTUATOR_ACTIVE,TRAJECTORY_RUNNING,24.0,54,10,19,3.41,54,0,0.0,0.0,0.0,0.31,0.27,0.34
2026-07-29T13:45:49.135,381.047,90,close,ACTUATOR_ACTIVE,TRAJECTORY_RUNNING,24.0,54,33,0,80.58,54,0,0.0,0.0,0.0,2.15,1.4,3.81
2026-07-29T13:45:50.237,382.141,90,open,ACTUATOR_ACTIVE,TRAJECTORY_RUNNING,24.0,55,33,0,39.0,55,0,0.0,0.0,0.0,2.23,1.35,4.28
2026-07-29T13:45:51.251,383.156,90,open,ACTUATOR_ACTIVE,TRAJECTORY_RUNNING,24.0,55,8,11,4.12,55,0,0.0,0.0,0.0,0.37,0.31,0.43
2026-07-29T13:45:52.359,384.266,91,close,ACTUATOR_ACTIVE,TRAJECTORY_RUNNING,24.0,55,10,18,5.36,55,0,0.0,0.0,0.0,0.34,0.29,0.33
2026-07-29T13:45:53.354,385.266,91,close,ACTUATOR_ACTIVE,TRAJECTORY_RUNNING,24.0,55,33,0,78.97,55,0,0.0,0.0,0.0,2.16,1.4,3.83
2026-07-29T13:45:54.458,386.359,91,open,ACTUATOR_ACTIVE,TRAJECTORY_RUNNING,24.0,55,33,0,34.93,55,0,0.0,0.0,0.0,2.24,1.36,4.24
2026-07-29T13:45:55.465,387.375,91,open,ACTUATOR_ACTIVE,TRAJECTORY_RUNNING,24.0,55,8,12,2.93,55,0,0.0,0.0,0.0,0.38,0.33,0.44
2026-07-29T13:45:56.561,388.469,92,close,ACTUATOR_ACTIVE,TRAJECTORY_RUNNING,24.0,55,10,17,3.76,55,0,0.0,0.0,0.0,0.35,0.3,0.32
2026-07-29T13:45:57.557,389.469,92,close,ACTUATOR_ACTIVE,TRAJECTORY_RUNNING,24.0,55,33,1,81.21,55,0,0.0,0.0,0.0,2.15,1.41,3.8
2026-07-29T13:45:58.662,390.563,92,open,ACTUATOR_ACTIVE,TRAJECTORY_RUNNING,24.0,54,33,0,33.32,54,0,0.0,0.0,0.0,2.24,1.36,4.28
2026-07-29T13:45:59.671,391.578,92,open,ACTUATOR_ACTIVE,TRAJECTORY_RUNNING,24.0,54,8,11,2.42,54,0,0.0,0.0,0.0,0.38,0.33,0.42
2026-07-29T13:46:00.782,392.688,93,close,ACTUATOR_ACTIVE,TRAJECTORY_RUNNING,24.0,54,10,17,3.71,54,0,0.0,0.0,0.0,0.35,0.3,0.31
2026-07-29T13:46:01.774,393.672,93,close,ACTUATOR_ACTIVE,TRAJECTORY_RUNNING,24.0,54,32,0,33.53,54,0,0.0,0.0,0.0,1.63,1.56,4.84
2026-07-29T13:46:02.900,394.797,93,open,ACTUATOR_ACTIVE,TRAJECTORY_RUNNING,24.0,54,32,-16,6.4,54,0,0.0,0.0,0.0,0.99,0.87,2.7
2026-07-29T13:46:03.910,395.813,93,open,ACTUATOR_ACTIVE,TRAJECTORY_RUNNING,24.0,54,10,2,-0.04,54,0,0.0,0.0,0.0,0.33,0.29,0.42
2026-07-29T13:46:05.013,396.922,94,close,ACTUATOR_ACTIVE,TRAJECTORY_RUNNING,24.0,54,10,18,3.6,54,0,0.0,0.0,0.0,0.31,0.28,0.33
2026-07-29T13:46:06.009,397.906,94,close,ACTUATOR_ACTIVE,TRAJECTORY_RUNNING,24.0,54,33,0,80.55,54,0,0.0,0.0,0.0,2.16,1.42,3.91
2026-07-29T13:46:07.127,399.031,94,open,ACTUATOR_ACTIVE,TRAJECTORY_RUNNING,24.0,54,33,-1,36.23,54,0,0.0,0.0,0.0,2.23,1.36,4.28
2026-07-29T13:46:08.137,400.047,94,open,ACTUATOR_ACTIVE,TRAJECTORY_RUNNING,24.0,54,9,10,2.78,54,0,0.0,0.0,0.0,0.37,0.33,0.44
2026-07-29T13:46:09.239,401.141,95,close,ACTUATOR_ACTIVE,TRAJECTORY_RUNNING,24.0,54,10,16,4.33,54,0,0.0,0.0,0.0,0.34,0.3,0.31
2026-07-29T13:46:10.249,402.156,95,close,ACTUATOR_ACTIVE,TRAJECTORY_RUNNING,24.0,56,33,-1,84.1,56,0,0.0,0.0,0.0,2.16,1.43,3.73
2026-07-29T13:46:11.353,403.25,95,open,ACTUATOR_ACTIVE,TRAJECTORY_RUNNING,24.0,56,33,-5,41.47,56,0,0.0,0.0,0.0,2.25,1.37,4.21
2026-07-29T13:46:12.366,404.266,95,open,ACTUATOR_ACTIVE,TRAJECTORY_RUNNING,24.0,56,8,11,2.51,56,0,0.0,0.0,0.0,0.39,0.34,0.43
2026-07-29T13:46:13.468,405.375,96,close,ACTUATOR_ACTIVE,TRAJECTORY_RUNNING,24.0,56,10,18,2.89,56,0,0.0,0.0,0.0,0.36,0.32,0.3
2026-07-29T13:46:14.459,406.359,96,close,ACTUATOR_ACTIVE,TRAJECTORY_RUNNING,24.0,54,33,0,77.52,54,0,0.0,0.0,0.0,2.16,1.45,3.88
2026-07-29T13:46:15.579,407.484,96,open,ACTUATOR_ACTIVE,TRAJECTORY_RUNNING,24.0,54,33,0,34.04,54,0,0.0,0.0,0.0,2.24,1.38,4.32
2026-07-29T13:46:16.572,408.469,96,open,ACTUATOR_ACTIVE,TRAJECTORY_COMPLETE,24.0,54,9,1,-0.5,54,0,0.0,0.0,0.0,0.38,0.34,0.44
2026-07-29T13:46:17.694,409.594,97,close,ACTUATOR_ACTIVE,TRAJECTORY_RUNNING,24.0,55,10,17,5.24,55,0,0.0,0.0,0.0,0.35,0.31,0.32
2026-07-29T13:46:18.705,410.609,97,close,ACTUATOR_ACTIVE,TRAJECTORY_RUNNING,24.0,55,33,0,81.03,55,0,0.0,0.0,0.0,2.17,1.45,3.88
2026-07-29T13:46:19.809,411.719,97,open,ACTUATOR_ACTIVE,TRAJECTORY_RUNNING,24.0,55,33,-5,36.31,55,0,0.0,0.0,0.0,2.24,1.4,4.25
2026-07-29T13:46:20.807,412.703,97,open,ACTUATOR_ACTIVE,TRAJECTORY_RUNNING,24.0,55,8,9,2.14,55,0,0.0,0.0,0.0,0.38,0.35,0.44
2026-07-29T13:46:21.927,413.828,98,close,ACTUATOR_ACTIVE,TRAJECTORY_RUNNING,24.0,56,10,15,2.66,56,0,0.0,0.0,0.0,0.35,0.33,0.32
2026-07-29T13:46:22.941,414.844,98,close,ACTUATOR_ACTIVE,TRAJECTORY_RUNNING,24.0,56,33,0,77.16,56,0,0.0,0.0,0.0,2.15,1.47,3.84
2026-07-29T13:46:24.054,415.953,98,open,ACTUATOR_ACTIVE,TRAJECTORY_RUNNING,24.0,56,33,-5,36.04,56,0,0.0,0.0,0.0,2.24,1.41,4.29
2026-07-29T13:46:25.049,416.953,98,open,ACTUATOR_ACTIVE,TRAJECTORY_RUNNING,24.0,56,8,9,2.71,56,0,0.0,0.0,0.0,0.39,0.35,0.43
2026-07-29T13:46:26.153,418.063,99,close,ACTUATOR_ACTIVE,TRAJECTORY_RUNNING,24.0,57,10,15,4.82,57,0,0.0,0.0,0.0,0.36,0.32,0.31
2026-07-29T13:46:27.149,419.047,99,close,ACTUATOR_ACTIVE,TRAJECTORY_RUNNING,24.0,57,33,0,80.65,57,0,0.0,0.0,0.0,2.16,1.47,3.83
2026-07-29T13:46:28.278,420.188,99,open,ACTUATOR_ACTIVE,TRAJECTORY_RUNNING,24.0,57,33,-1,36.9,57,0,0.0,0.0,0.0,2.26,1.39,3.75
2026-07-29T13:46:29.276,421.172,99,open,ACTUATOR_ACTIVE,TRAJECTORY_RUNNING,24.0,57,8,11,1.33,57,0,0.0,0.0,0.0,0.38,0.36,0.46
2026-07-29T13:46:30.402,422.297,100,close,ACTUATOR_ACTIVE,TRAJECTORY_RUNNING,24.0,54,10,15,4.7,54,0,0.0,0.0,0.0,0.35,0.33,0.33
2026-07-29T13:46:31.411,423.313,100,close,ACTUATOR_ACTIVE,TRAJECTORY_STOPPED,24.0,54,33,1,85.26,54,0,0.0,0.0,0.0,2.15,1.47,3.9
2026-07-29T13:46:32.518,424.422,100,open,ACTUATOR_ACTIVE,TRAJECTORY_RUNNING,24.0,54,33,0,36.44,54,0,0.0,0.0,0.0,2.23,1.41,4.27
2026-07-29T13:46:33.517,425.422,100,open,ACTUATOR_ACTIVE,TRAJECTORY_RUNNING,24.0,54,8,10,1.91,54,0,0.0,0.0,0.0,0.38,0.34,0.46
2026-07-29T13:46:34.619,426.516,101,close,ACTUATOR_ACTIVE,TRAJECTORY_RUNNING,24.0,56,10,15,4.2,56,0,0.0,0.0,0.0,0.35,0.32,0.32
2026-07-29T13:46:35.622,427.531,101,close,ACTUATOR_ACTIVE,TRAJECTORY_RUNNING,24.0,56,32,0,33.41,56,0,0.0,0.0,0.0,1.64,1.6,4.8
2026-07-29T13:46:36.731,428.641,101,open,ACTUATOR_ACTIVE,TRAJECTORY_RUNNING,24.0,56,32,-15,6.63,56,0,0.0,0.0,0.0,1.46,1.43,4.69
2026-07-29T13:46:37.727,429.625,101,open,ACTUATOR_ACTIVE,TRAJECTORY_COMPLETE,24.0,57,10,5,0.62,57,0,0.0,0.0,0.0,0.34,0.29,0.39
2026-07-29T13:46:38.839,430.734,102,close,ACTUATOR_ACTIVE,TRAJECTORY_RUNNING,24.0,57,10,15,4.1,57,0,0.0,0.0,0.0,0.32,0.29,0.33
2026-07-29T13:46:39.849,431.75,102,close,ACTUATOR_ACTIVE,TRAJECTORY_RUNNING,24.0,57,32,0,29.85,57,0,0.0,0.0,0.0,1.62,1.58,4.77
2026-07-29T13:46:40.952,432.859,102,open,ACTUATOR_ACTIVE,TRAJECTORY_RUNNING,24.0,57,32,-14,8.44,57,0,0.0,0.0,0.0,1.0,0.91,2.69
2026-07-29T13:46:41.947,433.844,102,open,ACTUATOR_ACTIVE,TRAJECTORY_COMPLETE,24.0,57,10,0,0.47,57,0,0.0,0.0,0.0,0.34,0.28,0.38
2026-07-29T13:46:43.070,434.969,103,close,ACTUATOR_ACTIVE,TRAJECTORY_RUNNING,24.0,57,11,19,2.49,57,0,0.0,0.0,0.0,0.31,0.27,0.32
2026-07-29T13:46:44.079,435.984,103,close,ACTUATOR_ACTIVE,TRAJECTORY_RUNNING,24.0,57,33,0,83.61,57,0,0.0,0.0,0.0,2.14,1.48,3.9
2026-07-29T13:46:45.186,437.094,103,open,ACTUATOR_ACTIVE,TRAJECTORY_RUNNING,24.0,57,33,-2,35.08,57,0,0.0,0.0,0.0,2.22,1.43,4.27
2026-07-29T13:46:46.179,438.078,103,open,ACTUATOR_ACTIVE,TRAJECTORY_COMPLETE,24.0,57,9,-1,-0.93,57,0,0.0,0.0,0.0,0.38,0.33,0.45
2026-07-29T13:46:47.306,439.203,104,close,ACTUATOR_ACTIVE,TRAJECTORY_RUNNING,24.0,57,10,18,5.13,57,0,0.0,0.0,0.0,0.34,0.3,0.33
2026-07-29T13:46:48.302,440.203,104,close,ACTUATOR_ACTIVE,TRAJECTORY_RUNNING,24.0,57,33,0,80.02,57,0,0.0,0.0,0.0,2.13,1.5,3.86
2026-07-29T13:46:49.404,441.313,104,open,ACTUATOR_ACTIVE,TRAJECTORY_RUNNING,24.0,57,33,-1,36.19,57,0,0.0,0.0,0.0,2.22,1.44,4.29
2026-07-29T13:46:50.400,442.297,104,open,ACTUATOR_ACTIVE,TRAJECTORY_RUNNING,24.0,56,8,9,2.23,56,0,0.0,0.0,0.0,0.38,0.34,0.47
2026-07-29T13:46:51.522,443.422,105,close,ACTUATOR_ACTIVE,TRAJECTORY_RUNNING,24.0,56,10,18,5.17,56,0,0.0,0.0,0.0,0.35,0.3,0.34
2026-07-29T13:46:52.518,444.422,105,close,ACTUATOR_ACTIVE,TRAJECTORY_RUNNING,24.0,56,33,0,80.12,56,0,0.0,0.0,0.0,2.14,1.51,3.9
2026-07-29T13:46:53.620,445.516,105,open,ACTUATOR_ACTIVE,TRAJECTORY_RUNNING,24.0,56,33,-2,37.09,56,0,0.0,0.0,0.0,2.22,1.45,4.27
2026-07-29T13:46:54.628,446.531,105,open,ACTUATOR_ACTIVE,TRAJECTORY_RUNNING,24.0,50,8,11,2.54,50,0,0.0,0.0,0.0,0.38,0.34,0.46
2026-07-29T13:46:55.730,447.625,106,close,ACTUATOR_ACTIVE,TRAJECTORY_RUNNING,24.0,50,10,14,3.91,50,0,0.0,0.0,0.0,0.35,0.31,0.32
2026-07-29T13:46:56.741,448.641,106,close,ACTUATOR_ACTIVE,TRAJECTORY_RUNNING,24.0,50,33,-1,82.29,50,0,0.0,0.0,0.0,2.13,1.52,3.83
2026-07-29T13:46:57.848,449.75,106,open,ACTUATOR_ACTIVE,TRAJECTORY_RUNNING,24.0,56,33,-5,37.48,56,0,0.0,0.0,0.0,2.22,1.45,4.26
2026-07-29T13:46:58.843,450.75,106,open,ACTUATOR_ACTIVE,TRAJECTORY_RUNNING,24.0,56,8,10,2.68,56,0,0.0,0.0,0.0,0.37,0.35,0.45
2026-07-29T13:46:59.955,451.859,107,close,ACTUATOR_ACTIVE,TRAJECTORY_RUNNING,24.0,56,10,17,4.6,56,0,0.0,0.0,0.0,0.34,0.33,0.34
2026-07-29T13:47:00.952,452.859,107,close,ACTUATOR_ACTIVE,TRAJECTORY_RUNNING,24.0,56,33,0,81.13,56,0,0.0,0.0,0.0,2.13,1.52,3.96
2026-07-29T13:47:02.053,453.953,107,open,ACTUATOR_ACTIVE,TRAJECTORY_RUNNING,24.0,54,33,0,36.3,54,0,0.0,0.0,0.0,2.21,1.46,4.31
2026-07-29T13:47:03.047,454.953,107,open,ACTUATOR_ACTIVE,TRAJECTORY_RUNNING,24.0,54,8,8,3.92,54,0,0.0,0.0,0.0,0.38,0.35,0.47
2026-07-29T13:47:04.149,456.047,108,close,ACTUATOR_ACTIVE,TRAJECTORY_RUNNING,24.0,54,10,16,3.38,54,0,0.0,0.0,0.0,0.34,0.32,0.35
2026-07-29T13:47:05.165,457.063,108,close,ACTUATOR_ACTIVE,TRAJECTORY_RUNNING,24.0,54,33,-1,82.0,54,0,0.0,0.0,0.0,2.13,1.53,3.83
2026-07-29T13:47:06.270,458.172,108,open,ACTUATOR_ACTIVE,TRAJECTORY_RUNNING,24.0,56,33,-1,39.2,56,0,0.0,0.0,0.0,2.23,1.45,3.71
2026-07-29T13:47:07.265,459.172,108,open,ACTUATOR_ACTIVE,TRAJECTORY_COMPLETE,24.0,56,9,0,-1.4,56,0,0.0,0.0,0.0,0.37,0.36,0.44
2026-07-29T13:47:08.370,460.266,109,close,ACTUATOR_ACTIVE,TRAJECTORY_RUNNING,24.0,56,10,17,4.14,56,0,0.0,0.0,0.0,0.35,0.34,0.34
2026-07-29T13:47:09.377,461.281,109,close,ACTUATOR_ACTIVE,TRAJECTORY_RUNNING,24.0,56,32,0,31.77,56,0,0.0,0.0,0.0,1.64,1.65,4.9
2026-07-29T13:47:10.482,462.375,109,open,ACTUATOR_ACTIVE,TRAJECTORY_RUNNING,24.0,61,32,-16,6.45,61,0,0.0,0.0,0.0,0.85,0.84,2.23
2026-07-29T13:47:11.492,463.391,109,open,ACTUATOR_ACTIVE,TRAJECTORY_RUNNING,24.0,61,10,1,1.4,61,0,0.0,0.0,0.0,0.34,0.32,0.4
2026-07-29T13:47:12.597,464.5,110,close,ACTUATOR_ACTIVE,TRAJECTORY_RUNNING,24.0,61,10,14,5.45,61,0,0.0,0.0,0.0,0.32,0.31,0.34
2026-07-29T13:47:13.593,465.5,110,close,ACTUATOR_ACTIVE,TRAJECTORY_RUNNING,24.0,61,33,0,79.69,61,0,0.0,0.0,0.0,2.11,1.53,3.92
2026-07-29T13:47:14.700,466.594,110,open,ACTUATOR_ACTIVE,TRAJECTORY_RUNNING,24.0,58,33,-2,35.45,58,0,0.0,0.0,0.0,2.2,1.46,4.33
2026-07-29T13:47:15.708,467.609,110,open,ACTUATOR_ACTIVE,TRAJECTORY_RUNNING,24.0,58,8,11,4.19,58,0,0.0,0.0,0.0,0.38,0.33,0.45
2026-07-29T13:47:16.814,468.719,111,close,ACTUATOR_ACTIVE,TRAJECTORY_RUNNING,24.0,58,10,18,4.27,58,0,0.0,0.0,0.0,0.35,0.31,0.35
2026-07-29T13:47:17.812,469.719,111,close,ACTUATOR_ACTIVE,TRAJECTORY_RUNNING,24.0,58,33,1,74.39,58,0,0.0,0.0,0.0,2.12,1.54,3.98
2026-07-29T13:47:18.917,470.813,111,open,ACTUATOR_ACTIVE,TRAJECTORY_RUNNING,24.0,58,33,-1,33.57,58,0,0.0,0.0,0.0,2.2,1.47,4.38
2026-07-29T13:47:19.928,471.828,111,open,ACTUATOR_ACTIVE,TRAJECTORY_RUNNING,24.0,58,9,12,3.12,58,0,0.0,0.0,0.0,0.38,0.34,0.46
2026-07-29T13:47:21.029,472.922,112,close,ACTUATOR_ACTIVE,TRAJECTORY_RUNNING,24.0,58,10,17,2.44,58,0,0.0,0.0,0.0,0.34,0.32,0.34
2026-07-29T13:47:22.044,473.938,112,close,ACTUATOR_ACTIVE,TRAJECTORY_RUNNING,24.0,55,33,0,80.51,55,0,0.0,0.0,0.0,2.13,1.55,3.99
2026-07-29T13:47:23.153,475.047,112,open,ACTUATOR_ACTIVE,TRAJECTORY_RUNNING,24.0,55,33,-2,32.69,55,0,0.0,0.0,0.0,2.2,1.49,4.34
2026-07-29T13:47:24.169,476.063,112,open,ACTUATOR_ACTIVE,TRAJECTORY_RUNNING,24.0,55,9,14,4.7,55,0,0.0,0.0,0.0,0.38,0.34,0.45
2026-07-29T13:47:25.274,477.172,113,close,ACTUATOR_ACTIVE,TRAJECTORY_RUNNING,24.0,55,10,17,4.1,55,0,0.0,0.0,0.0,0.34,0.32,0.33
2026-07-29T13:47:26.273,478.172,113,close,ACTUATOR_ACTIVE,TRAJECTORY_RUNNING,24.0,59,32,0,31.68,59,0,0.0,0.0,0.0,1.63,1.67,4.86
2026-07-29T13:47:27.379,479.281,113,open,ACTUATOR_ACTIVE,TRAJECTORY_RUNNING,24.0,59,32,-16,7.03,59,0,0.0,0.0,0.0,1.55,1.52,4.8
2026-07-29T13:47:28.374,480.281,113,open,ACTUATOR_ACTIVE,TRAJECTORY_COMPLETE,24.0,59,10,8,0.48,59,0,0.0,0.0,0.0,0.34,0.3,0.39
2026-07-29T13:47:29.479,481.375,114,close,ACTUATOR_ACTIVE,TRAJECTORY_RUNNING,24.0,59,10,17,4.12,59,0,0.0,0.0,0.0,0.32,0.29,0.33
2026-07-29T13:47:30.491,482.391,114,close,ACTUATOR_ACTIVE,TRAJECTORY_RUNNING,24.0,58,33,0,86.67,58,0,0.0,0.0,0.0,2.11,1.57,4.08
2026-07-29T13:47:31.595,483.5,114,open,ACTUATOR_ACTIVE,TRAJECTORY_RUNNING,24.0,58,33,-1,37.83,58,0,0.0,0.0,0.0,2.18,1.49,4.43
2026-07-29T13:47:32.588,484.484,114,open,ACTUATOR_ACTIVE,TRAJECTORY_RUNNING,24.0,58,8,9,3.0,58,0,0.0,0.0,0.0,0.37,0.33,0.47
2026-07-29T13:47:33.703,485.609,115,close,ACTUATOR_ACTIVE,TRAJECTORY_RUNNING,24.0,57,10,14,2.91,57,0,0.0,0.0,0.0,0.34,0.3,0.35
2026-07-29T13:47:34.696,486.594,115,close,ACTUATOR_ACTIVE,TRAJECTORY_RUNNING,24.0,57,33,0,79.03,57,0,0.0,0.0,0.0,2.1,1.58,3.91
2026-07-29T13:47:35.815,487.719,115,open,ACTUATOR_ACTIVE,TRAJECTORY_RUNNING,24.0,57,33,0,38.9,57,0,0.0,0.0,0.0,2.19,1.52,4.35
2026-07-29T13:47:36.808,488.703,115,open,ACTUATOR_ACTIVE,TRAJECTORY_COMPLETE,24.0,57,9,0,-0.45,57,0,0.0,0.0,0.0,0.38,0.34,0.45
2026-07-29T13:47:37.927,489.828,116,close,ACTUATOR_ACTIVE,TRAJECTORY_RUNNING,24.0,57,10,16,4.97,57,0,0.0,0.0,0.0,0.34,0.31,0.35
2026-07-29T13:47:38.923,490.828,116,close,ACTUATOR_ACTIVE,TRAJECTORY_RUNNING,24.0,57,32,0,31.97,57,0,0.0,0.0,0.0,1.63,1.68,4.88
2026-07-29T13:47:40.033,491.938,116,open,ACTUATOR_ACTIVE,TRAJECTORY_RUNNING,24.0,57,32,-17,8.05,57,0,0.0,0.0,0.0,1.01,0.97,2.69
2026-07-29T13:47:41.024,492.922,116,open,ACTUATOR_ACTIVE,TRAJECTORY_COMPLETE,24.0,57,10,4,0.73,57,0,0.0,0.0,0.0,0.34,0.3,0.41
2026-07-29T13:47:42.144,494.047,117,close,ACTUATOR_ACTIVE,TRAJECTORY_RUNNING,24.0,56,10,18,3.62,56,0,0.0,0.0,0.0,0.32,0.29,0.35
2026-07-29T13:47:43.138,495.031,117,close,ACTUATOR_ACTIVE,TRAJECTORY_RUNNING,24.0,56,32,0,31.64,56,0,0.0,0.0,0.0,1.61,1.66,4.84
2026-07-29T13:47:44.265,496.156,117,open,ACTUATOR_ACTIVE,TRAJECTORY_RUNNING,24.0,56,32,-17,7.58,56,0,0.0,0.0,0.0,1.63,1.61,4.89
2026-07-29T13:47:45.265,497.156,117,open,ACTUATOR_ACTIVE,TRAJECTORY_RUNNING,24.0,56,10,2,1.04,56,0,0.0,0.0,0.0,0.33,0.28,0.41
2026-07-29T13:47:46.371,498.266,118,close,ACTUATOR_ACTIVE,TRAJECTORY_RUNNING,24.0,58,10,17,5.72,58,0,0.0,0.0,0.0,0.31,0.27,0.35
2026-07-29T13:47:47.382,499.281,118,close,ACTUATOR_ACTIVE,TRAJECTORY_RUNNING,24.0,58,33,0,75.53,58,0,0.0,0.0,0.0,2.07,1.61,4.03
2026-07-29T13:47:48.486,500.391,118,open,ACTUATOR_ACTIVE,TRAJECTORY_RUNNING,24.0,58,33,-2,36.42,58,0,0.0,0.0,0.0,2.16,1.54,4.42
2026-07-29T13:47:49.480,501.375,118,open,ACTUATOR_ACTIVE,TRAJECTORY_RUNNING,24.0,58,8,10,2.26,58,0,0.0,0.0,0.0,0.37,0.31,0.51
2026-07-29T13:47:50.599,502.5,119,close,ACTUATOR_ACTIVE,TRAJECTORY_RUNNING,24.0,54,10,16,4.01,54,0,0.0,0.0,0.0,0.34,0.29,0.39
2026-07-29T13:47:51.595,503.5,119,close,ACTUATOR_ACTIVE,TRAJECTORY_STOPPED,24.0,54,33,0,78.94,54,0,0.0,0.0,0.0,2.11,1.6,3.84
2026-07-29T13:47:52.700,504.594,119,open,ACTUATOR_ACTIVE,TRAJECTORY_RUNNING,24.0,54,33,-2,36.75,54,0,0.0,0.0,0.0,2.21,1.54,3.85
2026-07-29T13:47:53.709,505.609,119,open,ACTUATOR_ACTIVE,TRAJECTORY_COMPLETE,24.0,56,9,0,-0.84,56,0,0.0,0.0,0.0,0.38,0.35,0.46
2026-07-29T13:47:54.818,506.719,120,close,ACTUATOR_ACTIVE,TRAJECTORY_RUNNING,24.0,56,10,19,2.9,56,0,0.0,0.0,0.0,0.34,0.33,0.35
2026-07-29T13:47:55.816,507.719,120,close,ACTUATOR_ACTIVE,TRAJECTORY_RUNNING,24.0,56,33,0,81.07,56,0,0.0,0.0,0.0,2.07,1.61,3.89
2026-07-29T13:47:56.918,508.813,120,open,ACTUATOR_ACTIVE,TRAJECTORY_RUNNING,24.0,56,33,0,35.52,56,0,0.0,0.0,0.0,2.17,1.55,4.34
2026-07-29T13:47:57.930,509.828,120,open,ACTUATOR_ACTIVE,TRAJECTORY_RUNNING,24.0,56,8,11,2.67,56,0,0.0,0.0,0.0,0.38,0.34,0.47
2026-07-29T13:47:59.036,510.938,121,close,ACTUATOR_ACTIVE,TRAJECTORY_RUNNING,24.0,56,10,16,4.09,56,0,0.0,0.0,0.0,0.34,0.31,0.36
2026-07-29T13:48:00.031,511.922,121,close,ACTUATOR_ACTIVE,TRAJECTORY_RUNNING,24.0,56,32,0,32.07,56,0,0.0,0.0,0.0,1.62,1.7,4.89
2026-07-29T13:48:01.146,513.047,121,open,ACTUATOR_ACTIVE,TRAJECTORY_RUNNING,24.0,56,32,-15,6.72,56,0,0.0,0.0,0.0,1.26,1.24,3.64
2026-07-29T13:48:02.141,514.047,121,open,ACTUATOR_ACTIVE,TRAJECTORY_COMPLETE,24.0,55,10,6,0.53,55,0,0.0,0.0,0.0,0.34,0.29,0.41
2026-07-29T13:48:03.248,515.141,122,close,ACTUATOR_ACTIVE,TRAJECTORY_RUNNING,24.0,55,10,16,4.32,55,0,0.0,0.0,0.0,0.32,0.28,0.34
2026-07-29T13:48:04.255,516.156,122,close,ACTUATOR_ACTIVE,TRAJECTORY_RUNNING,24.0,55,33,0,80.32,55,0,0.0,0.0,0.0,2.09,1.61,4.01
2026-07-29T13:48:05.357,517.25,122,open,ACTUATOR_ACTIVE,TRAJECTORY_RUNNING,24.0,55,33,-2,34.98,55,0,0.0,0.0,0.0,2.16,1.56,4.36
2026-07-29T13:48:06.364,518.266,122,open,ACTUATOR_ACTIVE,TRAJECTORY_COMPLETE,24.0,56,9,1,-0.44,56,0,0.0,0.0,0.0,0.37,0.32,0.46
2026-07-29T13:48:07.462,519.359,123,close,ACTUATOR_ACTIVE,TRAJECTORY_RUNNING,24.0,56,10,14,3.53,56,0,0.0,0.0,0.0,0.34,0.3,0.37
2026-07-29T13:48:08.477,520.375,123,close,ACTUATOR_ACTIVE,TRAJECTORY_RUNNING,24.0,56,33,0,80.47,56,0,0.0,0.0,0.0,2.08,1.64,3.93
2026-07-29T13:48:09.581,521.484,123,open,ACTUATOR_ACTIVE,TRAJECTORY_RUNNING,24.0,56,33,-5,39.85,56,0,0.0,0.0,0.0,2.17,1.57,4.35
2026-07-29T13:48:10.576,522.469,123,open,ACTUATOR_ACTIVE,TRAJECTORY_COMPLETE,24.0,56,9,-1,-0.24,56,0,0.0,0.0,0.0,0.37,0.33,0.47
2026-07-29T13:48:11.692,523.594,124,close,ACTUATOR_ACTIVE,TRAJECTORY_RUNNING,24.0,56,10,19,5.3,56,0,0.0,0.0,0.0,0.33,0.31,0.36
2026-07-29T13:48:12.690,524.594,124,close,ACTUATOR_ACTIVE,TRAJECTORY_RUNNING,24.0,56,33,1,81.39,56,0,0.0,0.0,0.0,2.1,1.63,3.83
2026-07-29T13:48:13.798,525.688,124,open,ACTUATOR_ACTIVE,TRAJECTORY_RUNNING,24.0,57,33,-2,32.97,57,0,0.0,0.0,0.0,2.2,1.59,3.92
2026-07-29T13:48:14.810,526.703,124,open,ACTUATOR_ACTIVE,TRAJECTORY_RUNNING,24.0,57,9,10,2.89,57,0,0.0,0.0,0.0,0.38,0.36,0.44
2026-07-29T13:48:15.915,527.813,125,close,ACTUATOR_ACTIVE,TRAJECTORY_RUNNING,24.0,57,10,18,1.97,57,0,0.0,0.0,0.0,0.34,0.33,0.33
2026-07-29T13:48:16.902,528.797,125,close,ACTUATOR_ACTIVE,TRAJECTORY_RUNNING,24.0,57,33,0,80.14,57,0,0.0,0.0,0.0,2.09,1.66,3.74
2026-07-29T13:48:18.022,529.922,125,open,ACTUATOR_ACTIVE,TRAJECTORY_RUNNING,24.0,58,33,-3,38.39,58,0,0.0,0.0,0.0,2.21,1.6,4.0
2026-07-29T13:48:19.014,530.906,125,open,ACTUATOR_ACTIVE,TRAJECTORY_RUNNING,24.0,58,8,9,3.08,58,0,0.0,0.0,0.0,0.38,0.37,0.47
2026-07-29T13:48:20.138,532.031,126,close,ACTUATOR_ACTIVE,TRAJECTORY_RUNNING,24.0,58,10,19,5.03,58,0,0.0,0.0,0.0,0.34,0.35,0.36
2026-07-29T13:48:21.133,533.031,126,close,ACTUATOR_ACTIVE,TRAJECTORY_RUNNING,24.0,58,33,-1,80.63,58,0,0.0,0.0,0.0,2.08,1.67,3.93
2026-07-29T13:48:22.241,534.141,126,open,ACTUATOR_ACTIVE,TRAJECTORY_RUNNING,24.0,56,33,-2,40.6,56,0,0.0,0.0,0.0,2.19,1.58,3.96
2026-07-29T13:48:23.233,535.125,126,open,ACTUATOR_ACTIVE,TRAJECTORY_RUNNING,24.0,56,8,10,2.01,56,0,0.0,0.0,0.0,0.38,0.36,0.46
2026-07-29T13:48:24.354,536.25,127,close,ACTUATOR_ACTIVE,TRAJECTORY_RUNNING,24.0,56,10,16,4.4,56,0,0.0,0.0,0.0,0.35,0.33,0.35
2026-07-29T13:48:25.350,537.25,127,close,ACTUATOR_ACTIVE,TRAJECTORY_RUNNING,24.0,56,33,-1,83.31,56,0,0.0,0.0,0.0,2.05,1.69,4.01
2026-07-29T13:48:26.451,538.344,127,open,ACTUATOR_ACTIVE,TRAJECTORY_RUNNING,24.0,56,33,0,35.33,56,0,0.0,0.0,0.0,2.13,1.6,4.37
2026-07-29T13:48:27.462,539.359,127,open,ACTUATOR_ACTIVE,TRAJECTORY_RUNNING,24.0,56,10,-16,-2.14,56,0,0.0,0.0,0.0,0.37,0.33,0.48
2026-07-29T13:48:28.569,540.469,128,close,ACTUATOR_ACTIVE,TRAJECTORY_RUNNING,24.0,56,10,16,3.85,56,0,0.0,0.0,0.0,0.34,0.31,0.39
2026-07-29T13:48:29.564,541.453,128,close,ACTUATOR_ACTIVE,TRAJECTORY_RUNNING,24.0,56,32,0,32.36,56,0,0.0,0.0,0.0,1.61,1.76,4.97
2026-07-29T13:48:30.682,542.578,128,open,ACTUATOR_ACTIVE,TRAJECTORY_RUNNING,24.0,57,32,-14,6.79,57,0,0.0,0.0,0.0,1.22,1.21,3.39
2026-07-29T13:48:31.691,543.594,128,open,ACTUATOR_ACTIVE,TRAJECTORY_COMPLETE,24.0,57,10,0,-0.91,57,0,0.0,0.0,0.0,0.35,0.31,0.43
2026-07-29T13:48:32.795,544.688,129,close,ACTUATOR_ACTIVE,TRAJECTORY_RUNNING,24.0,57,10,15,2.56,57,0,0.0,0.0,0.0,0.33,0.3,0.39
2026-07-29T13:48:33.809,545.703,129,close,ACTUATOR_ACTIVE,TRAJECTORY_RUNNING,24.0,59,33,0,83.59,59,0,0.0,0.0,0.0,2.07,1.67,4.02
2026-07-29T13:48:34.913,546.813,129,open,ACTUATOR_ACTIVE,TRAJECTORY_RUNNING,24.0,59,33,-4,37.7,59,0,0.0,0.0,0.0,2.15,1.6,4.34
2026-07-29T13:48:35.906,547.797,129,open,ACTUATOR_ACTIVE,TRAJECTORY_RUNNING,24.0,59,8,9,2.83,59,0,0.0,0.0,0.0,0.36,0.33,0.48
2026-07-29T13:48:37.026,548.922,130,close,ACTUATOR_ACTIVE,TRAJECTORY_RUNNING,24.0,59,10,17,4.11,59,0,0.0,0.0,0.0,0.34,0.31,0.39
2026-07-29T13:48:38.026,549.922,130,close,ACTUATOR_ACTIVE,TRAJECTORY_RUNNING,24.0,56,33,1,81.85,56,0,0.0,0.0,0.0,2.06,1.7,3.94
2026-07-29T13:48:39.122,551.016,130,open,ACTUATOR_ACTIVE,TRAJECTORY_RUNNING,24.0,56,33,0,41.87,56,0,0.0,0.0,0.0,2.15,1.62,4.32
2026-07-29T13:48:40.132,552.031,130,open,ACTUATOR_ACTIVE,TRAJECTORY_RUNNING,24.0,56,8,9,1.6,56,0,0.0,0.0,0.0,0.36,0.34,0.47
2026-07-29T13:48:41.229,553.125,131,close,ACTUATOR_ACTIVE,TRAJECTORY_RUNNING,24.0,56,10,15,3.41,56,0,0.0,0.0,0.0,0.33,0.32,0.39
2026-07-29T13:48:42.243,554.141,131,close,ACTUATOR_ACTIVE,TRAJECTORY_RUNNING,24.0,56,33,0,79.45,56,0,0.0,0.0,0.0,2.05,1.71,4.03
2026-07-29T13:48:43.342,555.234,131,open,ACTUATOR_ACTIVE,TRAJECTORY_RUNNING,24.0,56,33,-1,38.03,56,0,0.0,0.0,0.0,2.12,1.65,4.35
2026-07-29T13:48:44.353,556.25,131,open,ACTUATOR_ACTIVE,TRAJECTORY_COMPLETE,24.0,56,9,-1,0.03,56,0,0.0,0.0,0.0,0.36,0.34,0.49
2026-07-29T13:48:45.455,557.344,132,close,ACTUATOR_ACTIVE,TRAJECTORY_RUNNING,24.0,56,10,14,3.38,56,0,0.0,0.0,0.0,0.34,0.32,0.39
2026-07-29T13:48:46.464,558.359,132,close,ACTUATOR_ACTIVE,TRAJECTORY_RUNNING,24.0,50,33,-1,86.84,50,0,0.0,0.0,0.0,2.04,1.72,3.96
2026-07-29T13:48:47.567,559.469,132,open,ACTUATOR_ACTIVE,TRAJECTORY_RUNNING,24.0,50,33,-3,36.96,50,0,0.0,0.0,0.0,2.13,1.65,4.34
2026-07-29T13:48:48.568,560.469,132,open,ACTUATOR_ACTIVE,TRAJECTORY_RUNNING,24.0,50,8,7,2.49,50,0,0.0,0.0,0.0,0.36,0.35,0.48
2026-07-29T13:48:49.673,561.563,133,close,ACTUATOR_ACTIVE,TRAJECTORY_RUNNING,24.0,54,10,18,2.59,54,0,0.0,0.0,0.0,0.33,0.32,0.39
2026-07-29T13:48:50.679,562.578,133,close,ACTUATOR_ACTIVE,TRAJECTORY_RUNNING,24.0,54,32,0,28.22,54,0,0.0,0.0,0.0,1.6,1.78,5.04
2026-07-29T13:48:51.789,563.688,133,open,ACTUATOR_ACTIVE,TRAJECTORY_RUNNING,24.0,54,32,-15,7.23,54,0,0.0,0.0,0.0,1.01,1.04,2.67
2026-07-29T13:48:52.785,564.672,133,open,ACTUATOR_ACTIVE,TRAJECTORY_COMPLETE,24.0,54,10,6,0.41,54,0,0.0,0.0,0.0,0.34,0.32,0.43
2026-07-29T13:48:53.908,565.797,134,close,ACTUATOR_ACTIVE,TRAJECTORY_RUNNING,24.0,58,10,18,5.2,58,0,0.0,0.0,0.0,0.32,0.31,0.38
2026-07-29T13:48:54.913,566.813,134,close,ACTUATOR_ACTIVE,TRAJECTORY_RUNNING,24.0,58,33,0,82.58,58,0,0.0,0.0,0.0,2.03,1.73,4.08
2026-07-29T13:48:56.017,567.906,134,open,ACTUATOR_ACTIVE,TRAJECTORY_RUNNING,24.0,58,33,0,35.31,58,0,0.0,0.0,0.0,2.1,1.66,4.37
2026-07-29T13:48:57.027,568.922,134,open,ACTUATOR_ACTIVE,TRAJECTORY_RUNNING,24.0,58,8,11,2.71,58,0,0.0,0.0,0.0,0.37,0.34,0.48
2026-07-29T13:48:58.128,570.016,135,close,ACTUATOR_ACTIVE,TRAJECTORY_RUNNING,24.0,59,10,15,3.53,59,0,0.0,0.0,0.0,0.34,0.32,0.38
2026-07-29T13:48:59.140,571.031,135,close,ACTUATOR_ACTIVE,TRAJECTORY_RUNNING,24.0,59,33,0,78.71,59,0,0.0,0.0,0.0,2.04,1.73,3.94
2026-07-29T13:49:00.243,572.141,135,open,ACTUATOR_ACTIVE,TRAJECTORY_RUNNING,24.0,59,33,-4,39.72,59,0,0.0,0.0,0.0,2.12,1.67,4.33
2026-07-29T13:49:01.240,573.141,135,open,ACTUATOR_ACTIVE,TRAJECTORY_COMPLETE,24.0,59,9,0,-0.77,59,0,0.0,0.0,0.0,0.36,0.35,0.47
2026-07-29T13:49:02.340,574.234,136,close,ACTUATOR_ACTIVE,TRAJECTORY_RUNNING,24.0,59,10,18,4.79,59,0,0.0,0.0,0.0,0.34,0.33,0.4
2026-07-29T13:49:03.343,575.234,136,close,ACTUATOR_ACTIVE,TRAJECTORY_RUNNING,24.0,59,33,0,82.59,59,0,0.0,0.0,0.0,2.04,1.75,3.98
2026-07-29T13:49:04.469,576.359,136,open,ACTUATOR_ACTIVE,TRAJECTORY_RUNNING,24.0,59,33,0,34.69,59,0,0.0,0.0,0.0,2.11,1.68,4.36
2026-07-29T13:49:05.462,577.359,136,open,ACTUATOR_ACTIVE,TRAJECTORY_RUNNING,24.0,59,8,10,2.34,59,0,0.0,0.0,0.0,0.37,0.36,0.49
2026-07-29T13:49:06.564,578.453,137,close,ACTUATOR_ACTIVE,TRAJECTORY_RUNNING,24.0,56,10,18,5.26,56,0,0.0,0.0,0.0,0.33,0.34,0.4
2026-07-29T13:49:07.574,579.469,137,close,ACTUATOR_ACTIVE,TRAJECTORY_RUNNING,24.0,56,33,0,77.12,56,0,0.0,0.0,0.0,2.03,1.77,3.92
2026-07-29T13:49:08.678,580.578,137,open,ACTUATOR_ACTIVE,TRAJECTORY_RUNNING,24.0,56,33,-2,42.36,56,0,0.0,0.0,0.0,2.17,1.65,3.83
2026-07-29T13:49:09.669,581.563,137,open,ACTUATOR_ACTIVE,TRAJECTORY_COMPLETE,24.0,58,9,-2,-0.55,58,0,0.0,0.0,0.0,0.37,0.35,0.45
2026-07-29T13:49:10.788,582.688,138,close,ACTUATOR_ACTIVE,TRAJECTORY_RUNNING,24.0,58,10,17,3.72,58,0,0.0,0.0,0.0,0.34,0.33,0.37
2026-07-29T13:49:11.783,583.672,138,close,ACTUATOR_ACTIVE,TRAJECTORY_RUNNING,24.0,58,32,0,30.31,58,0,0.0,0.0,0.0,1.59,1.82,5.02
2026-07-29T13:49:12.899,584.797,138,open,ACTUATOR_ACTIVE,TRAJECTORY_RUNNING,24.0,58,32,-15,5.81,58,0,0.0,0.0,0.0,1.11,1.14,2.96
2026-07-29T13:49:13.887,585.781,138,open,ACTUATOR_ACTIVE,TRAJECTORY_COMPLETE,24.0,59,10,11,-0.76,59,0,0.0,0.0,0.0,0.35,0.32,0.4
2026-07-29T13:49:15.010,586.906,139,close,ACTUATOR_ACTIVE,TRAJECTORY_RUNNING,24.0,59,10,14,5.76,59,0,0.0,0.0,0.0,0.33,0.31,0.35
2026-07-29T13:49:16.005,587.906,139,close,ACTUATOR_ACTIVE,TRAJECTORY_RUNNING,24.0,59,33,0,82.18,59,0,0.0,0.0,0.0,1.98,1.76,3.78
2026-07-29T13:49:17.110,589.0,139,open,ACTUATOR_ACTIVE,TRAJECTORY_RUNNING,24.0,59,33,-2,35.89,59,0,0.0,0.0,0.0,2.07,1.68,4.17
2026-07-29T13:49:18.119,590.016,139,open,ACTUATOR_ACTIVE,TRAJECTORY_COMPLETE,24.0,58,9,1,-0.01,58,0,0.0,0.0,0.0,0.36,0.33,0.45
2026-07-29T13:49:19.224,591.109,140,close,ACTUATOR_ACTIVE,TRAJECTORY_RUNNING,24.0,58,10,18,5.67,58,0,0.0,0.0,0.0,0.34,0.3,0.37
2026-07-29T13:49:20.239,592.125,140,close,ACTUATOR_ACTIVE,TRAJECTORY_RUNNING,24.0,58,32,0,33.03,58,0,0.0,0.0,0.0,1.59,1.82,4.98
2026-07-29T13:49:21.343,593.234,140,open,ACTUATOR_ACTIVE,TRAJECTORY_RUNNING,24.0,58,32,-18,6.28,58,0,0.0,0.0,0.0,1.36,1.44,4.17
2026-07-29T13:49:22.358,594.25,140,open,ACTUATOR_ACTIVE,TRAJECTORY_RUNNING,24.0,58,10,3,1.51,58,0,0.0,0.0,0.0,0.34,0.31,0.4
2026-07-29T13:49:23.464,595.359,141,close,ACTUATOR_ACTIVE,TRAJECTORY_RUNNING,24.0,58,10,17,3.46,58,0,0.0,0.0,0.0,0.32,0.3,0.35
2026-07-29T13:49:24.461,596.359,141,close,ACTUATOR_ACTIVE,TRAJECTORY_RUNNING,24.0,58,33,-1,77.03,58,0,0.0,0.0,0.0,1.99,1.77,3.89
2026-07-29T13:49:25.568,597.469,141,open,ACTUATOR_ACTIVE,TRAJECTORY_RUNNING,24.0,58,33,0,37.05,58,0,0.0,0.0,0.0,2.05,1.7,4.2
2026-07-29T13:49:26.564,598.453,141,open,ACTUATOR_ACTIVE,TRAJECTORY_RUNNING,24.0,55,8,10,2.44,55,0,0.0,0.0,0.0,0.37,0.32,0.48
2026-07-29T13:49:27.686,599.578,142,close,ACTUATOR_ACTIVE,TRAJECTORY_RUNNING,24.0,55,10,16,2.95,55,0,0.0,0.0,0.0,0.34,0.3,0.39
2026-07-29T13:49:28.681,600.578,142,close,ACTUATOR_ACTIVE,TRAJECTORY_RUNNING,24.0,55,33,0,80.61,55,0,0.0,0.0,0.0,1.99,1.78,3.9
2026-07-29T13:49:29.785,601.672,142,open,ACTUATOR_ACTIVE,TRAJECTORY_RUNNING,24.0,57,33,0,36.86,57,0,0.0,0.0,0.0,2.05,1.72,4.23
2026-07-29T13:49:30.795,602.688,142,open,ACTUATOR_ACTIVE,TRAJECTORY_COMPLETE,24.0,57,9,0,-0.29,57,0,0.0,0.0,0.0,0.36,0.32,0.46
2026-07-29T13:49:31.891,603.781,143,close,ACTUATOR_ACTIVE,TRAJECTORY_RUNNING,24.0,57,10,16,2.96,57,0,0.0,0.0,0.0,0.33,0.3,0.38
2026-07-29T13:49:32.904,604.797,143,close,ACTUATOR_ACTIVE,TRAJECTORY_RUNNING,24.0,57,32,0,31.13,57,0,0.0,0.0,0.0,1.59,1.84,5.07
2026-07-29T13:49:34.006,605.891,143,open,ACTUATOR_ACTIVE,TRAJECTORY_RUNNING,24.0,54,32,-17,7.64,54,0,0.0,0.0,0.0,1.04,1.09,2.71
2026-07-29T13:49:35.016,606.906,143,open,ACTUATOR_ACTIVE,TRAJECTORY_COMPLETE,24.0,54,10,10,0.2,54,0,0.0,0.0,0.0,0.34,0.3,0.43
2026-07-29T13:49:36.129,608.016,144,close,ACTUATOR_ACTIVE,TRAJECTORY_RUNNING,24.0,54,10,14,5.0,54,0,0.0,0.0,0.0,0.32,0.29,0.36
2026-07-29T13:49:37.129,609.016,144,close,ACTUATOR_ACTIVE,TRAJECTORY_RUNNING,24.0,54,33,-1,81.42,54,0,0.0,0.0,0.0,1.99,1.79,4.02
2026-07-29T13:49:38.241,610.141,144,open,ACTUATOR_ACTIVE,TRAJECTORY_RUNNING,24.0,56,33,0,33.09,56,0,0.0,0.0,0.0,2.04,1.73,4.27
2026-07-29T13:49:39.239,611.125,144,open,ACTUATOR_ACTIVE,TRAJECTORY_RUNNING,24.0,56,9,10,2.73,56,0,0.0,0.0,0.0,0.37,0.32,0.48
2026-07-29T13:49:40.360,612.25,145,close,ACTUATOR_ACTIVE,TRAJECTORY_RUNNING,24.0,56,10,16,4.54,56,0,0.0,0.0,0.0,0.34,0.3,0.4
2026-07-29T13:49:41.356,613.25,145,close,ACTUATOR_ACTIVE,TRAJECTORY_RUNNING,24.0,56,33,1,79.95,56,0,0.0,0.0,0.0,2.0,1.79,3.91
2026-07-29T13:49:42.464,614.359,145,open,ACTUATOR_ACTIVE,TRAJECTORY_RUNNING,24.0,56,33,-2,31.36,56,0,0.0,0.0,0.0,2.06,1.73,4.23
2026-07-29T13:49:43.461,615.359,145,open,ACTUATOR_ACTIVE,TRAJECTORY_RUNNING,24.0,56,8,10,2.6,56,0,0.0,0.0,0.0,0.37,0.33,0.47
2026-07-29T13:49:44.569,616.453,146,close,ACTUATOR_ACTIVE,TRAJECTORY_RUNNING,24.0,56,10,17,6.13,56,0,0.0,0.0,0.0,0.33,0.3,0.38
2026-07-29T13:49:45.579,617.469,146,close,ACTUATOR_ACTIVE,TRAJECTORY_RUNNING,24.0,56,33,1,75.64,56,0,0.0,0.0,0.0,2.0,1.81,3.99
2026-07-29T13:49:46.685,618.578,146,open,ACTUATOR_ACTIVE,TRAJECTORY_RUNNING,24.0,57,33,0,36.6,57,0,0.0,0.0,0.0,2.05,1.75,4.24
2026-07-29T13:49:47.682,619.578,146,open,ACTUATOR_ACTIVE,TRAJECTORY_COMPLETE,24.0,57,9,-2,-0.77,57,0,0.0,0.0,0.0,0.37,0.33,0.46
2026-07-29T13:49:48.787,620.672,147,close,ACTUATOR_ACTIVE,TRAJECTORY_RUNNING,24.0,57,10,16,5.33,57,0,0.0,0.0,0.0,0.33,0.3,0.37
2026-07-29T13:49:49.800,621.688,147,close,ACTUATOR_ACTIVE,TRAJECTORY_RUNNING,24.0,56,33,1,88.16,56,0,0.0,0.0,0.0,1.99,1.82,3.97
2026-07-29T13:49:50.903,622.797,147,open,ACTUATOR_ACTIVE,TRAJECTORY_RUNNING,24.0,56,33,0,38.35,56,0,0.0,0.0,0.0,2.05,1.75,4.25
2026-07-29T13:49:51.901,623.797,147,open,ACTUATOR_ACTIVE,TRAJECTORY_COMPLETE,24.0,56,9,0,0.19,56,0,0.0,0.0,0.0,0.36,0.33,0.45
2026-07-29T13:49:53.010,624.906,148,close,ACTUATOR_ACTIVE,TRAJECTORY_RUNNING,24.0,56,10,14,3.58,56,0,0.0,0.0,0.0,0.33,0.31,0.37
2026-07-29T13:49:54.012,625.906,148,close,ACTUATOR_ACTIVE,TRAJECTORY_RUNNING,24.0,57,33,0,82.79,57,0,0.0,0.0,0.0,2.0,1.82,3.95
2026-07-29T13:49:55.121,627.016,148,open,ACTUATOR_ACTIVE,TRAJECTORY_RUNNING,24.0,57,33,0,35.8,57,0,0.0,0.0,0.0,2.05,1.76,4.25
2026-07-29T13:49:56.118,628.016,148,open,ACTUATOR_ACTIVE,TRAJECTORY_RUNNING,24.0,57,8,10,2.99,57,0,0.0,0.0,0.0,0.37,0.34,0.46
2026-07-29T13:49:57.223,629.109,149,close,ACTUATOR_ACTIVE,TRAJECTORY_RUNNING,24.0,57,10,19,2.61,57,0,0.0,0.0,0.0,0.33,0.31,0.37
2026-07-29T13:49:58.238,630.125,149,close,ACTUATOR_ACTIVE,TRAJECTORY_RUNNING,24.0,58,33,-1,83.54,58,0,0.0,0.0,0.0,1.99,1.83,4.01
2026-07-29T13:49:59.343,631.234,149,open,ACTUATOR_ACTIVE,TRAJECTORY_RUNNING,24.0,58,33,-1,34.41,58,0,0.0,0.0,0.0,2.04,1.77,4.23
2026-07-29T13:50:00.341,632.234,149,open,ACTUATOR_ACTIVE,TRAJECTORY_RUNNING,24.0,58,8,9,1.67,58,0,0.0,0.0,0.0,0.37,0.34,0.47
2026-07-29T13:50:01.444,633.328,150,close,ACTUATOR_ACTIVE,TRAJECTORY_RUNNING,24.0,58,10,16,4.2,58,0,0.0,0.0,0.0,0.33,0.32,0.38
2026-07-29T13:50:02.449,634.344,150,close,ACTUATOR_ACTIVE,TRAJECTORY_RUNNING,24.0,57,33,0,81.12,57,0,0.0,0.0,0.0,2.0,1.84,3.94
2026-07-29T13:50:03.556,635.453,150,open,ACTUATOR_ACTIVE,TRAJECTORY_RUNNING,24.0,57,33,-2,41.81,57,0,0.0,0.0,0.0,2.04,1.78,4.25
2026-07-29T13:50:04.551,636.438,150,open,ACTUATOR_ACTIVE,TRAJECTORY_COMPLETE,24.0,57,9,0,-0.07,57,0,0.0,0.0,0.0,0.37,0.34,0.46
2026-07-29T13:50:05.666,637.563,151,close,ACTUATOR_ACTIVE,TRAJECTORY_RUNNING,24.0,61,10,15,3.37,61,0,0.0,0.0,0.0,0.33,0.31,0.37
2026-07-29T13:50:06.663,638.547,151,close,ACTUATOR_ACTIVE,TRAJECTORY_RUNNING,24.0,61,32,0,33.44,61,0,0.0,0.0,0.0,1.59,1.89,5.13
2026-07-29T13:50:07.784,639.672,151,open,ACTUATOR_ACTIVE,TRAJECTORY_RUNNING,24.0,61,32,-17,6.37,61,0,0.0,0.0,0.0,1.61,1.83,5.09
2026-07-29T13:50:08.781,640.672,151,open,ACTUATOR_ACTIVE,TRAJECTORY_COMPLETE,24.0,61,10,4,1.44,61,0,0.0,0.0,0.0,0.35,0.31,0.41
2026-07-29T13:50:09.888,641.781,152,close,ACTUATOR_ACTIVE,TRAJECTORY_RUNNING,24.0,60,10,16,3.53,60,0,0.0,0.0,0.0,0.33,0.3,0.34
2026-07-29T13:50:10.883,642.781,152,close,ACTUATOR_ACTIVE,TRAJECTORY_RUNNING,24.0,60,33,0,84.09,60,0,0.0,0.0,0.0,1.99,1.85,3.95
2026-07-29T13:50:11.988,643.875,152,open,ACTUATOR_ACTIVE,TRAJECTORY_RUNNING,24.0,60,33,0,37.96,60,0,0.0,0.0,0.0,2.03,1.79,4.24
2026-07-29T13:50:12.998,644.891,152,open,ACTUATOR_ACTIVE,TRAJECTORY_RUNNING,24.0,60,8,11,2.2,60,0,0.0,0.0,0.0,0.38,0.34,0.45
2026-07-29T13:50:14.102,645.984,153,close,ACTUATOR_ACTIVE,TRAJECTORY_RUNNING,24.0,59,10,19,4.66,59,0,0.0,0.0,0.0,0.34,0.31,0.36
2026-07-29T13:50:15.113,647.0,153,close,ACTUATOR_ACTIVE,TRAJECTORY_RUNNING,24.0,59,33,0,75.58,59,0,0.0,0.0,0.0,1.98,1.86,4.02
2026-07-29T13:50:16.215,648.109,153,open,ACTUATOR_ACTIVE,TRAJECTORY_RUNNING,24.0,59,33,0,36.42,59,0,0.0,0.0,0.0,2.03,1.8,4.25
2026-07-29T13:50:17.208,649.094,153,open,ACTUATOR_ACTIVE,TRAJECTORY_RUNNING,24.0,59,8,8,3.12,59,0,0.0,0.0,0.0,0.38,0.34,0.47
2026-07-29T13:50:18.324,650.219,154,close,ACTUATOR_ACTIVE,TRAJECTORY_RUNNING,24.0,58,10,14,3.04,58,0,0.0,0.0,0.0,0.33,0.31,0.39
2026-07-29T13:50:19.320,651.203,154,close,ACTUATOR_ACTIVE,TRAJECTORY_RUNNING,24.0,58,33,1,83.3,58,0,0.0,0.0,0.0,1.99,1.86,3.98
2026-07-29T13:50:20.440,652.328,154,open,ACTUATOR_ACTIVE,TRAJECTORY_RUNNING,24.0,58,33,0,36.51,58,0,0.0,0.0,0.0,2.04,1.8,4.23
2026-07-29T13:50:21.451,653.344,154,open,ACTUATOR_ACTIVE,TRAJECTORY_COMPLETE,24.0,58,9,0,-0.47,58,0,0.0,0.0,0.0,0.38,0.34,0.47
2026-07-29T13:50:22.556,654.453,155,close,ACTUATOR_ACTIVE,TRAJECTORY_RUNNING,24.0,57,10,18,4.11,57,0,0.0,0.0,0.0,0.34,0.32,0.38
2026-07-29T13:50:23.554,655.438,155,close,ACTUATOR_ACTIVE,TRAJECTORY_RUNNING,24.0,57,33,0,79.88,57,0,0.0,0.0,0.0,2.01,1.85,3.93
2026-07-29T13:50:24.675,656.563,155,open,ACTUATOR_ACTIVE,TRAJECTORY_RUNNING,24.0,57,33,-5,45.58,57,0,0.0,0.0,0.0,2.05,1.8,4.21
2026-07-29T13:50:25.672,657.563,155,open,ACTUATOR_ACTIVE,TRAJECTORY_RUNNING,24.0,55,8,9,2.95,55,0,0.0,0.0,0.0,0.38,0.35,0.47
2026-07-29T13:50:26.777,658.672,156,close,ACTUATOR_ACTIVE,TRAJECTORY_RUNNING,24.0,55,10,18,3.76,55,0,0.0,0.0,0.0,0.34,0.32,0.38
2026-07-29T13:50:27.774,659.656,156,close,ACTUATOR_ACTIVE,TRAJECTORY_RUNNING,24.0,55,32,0,31.6,55,0,0.0,0.0,0.0,1.59,1.92,5.16
2026-07-29T13:50:28.895,660.781,156,open,ACTUATOR_ACTIVE,TRAJECTORY_RUNNING,24.0,55,32,-16,6.23,55,0,0.0,0.0,0.0,1.6,1.86,5.12
2026-07-29T13:50:29.902,661.797,156,open,ACTUATOR_ACTIVE,TRAJECTORY_COMPLETE,24.0,58,10,3,0.95,58,0,0.0,0.0,0.0,0.35,0.32,0.39
2026-07-29T13:50:31.003,662.891,157,close,ACTUATOR_ACTIVE,TRAJECTORY_RUNNING,24.0,58,10,15,3.18,58,0,0.0,0.0,0.0,0.33,0.31,0.34
2026-07-29T13:50:32.017,663.906,157,close,ACTUATOR_ACTIVE,TRAJECTORY_RUNNING,24.0,58,32,0,32.03,58,0,0.0,0.0,0.0,1.57,1.91,5.04
2026-07-29T13:50:33.121,665.016,157,open,ACTUATOR_ACTIVE,TRAJECTORY_RUNNING,24.0,58,32,-15,7.15,58,0,0.0,0.0,0.0,1.6,1.74,4.87
2026-07-29T13:50:34.115,666.0,157,open,ACTUATOR_ACTIVE,TRAJECTORY_COMPLETE,24.0,55,10,13,2.76,55,0,0.0,0.0,0.0,0.34,0.29,0.36
2026-07-29T13:50:35.235,667.125,158,close,ACTUATOR_ACTIVE,TRAJECTORY_RUNNING,24.0,55,10,16,3.71,55,0,0.0,0.0,0.0,0.32,0.28,0.31
2026-07-29T13:50:36.235,668.125,158,close,ACTUATOR_ACTIVE,TRAJECTORY_RUNNING,24.0,55,32,0,33.42,55,0,0.0,0.0,0.0,1.57,1.89,5.0
2026-07-29T13:50:37.343,669.234,158,open,ACTUATOR_ACTIVE,TRAJECTORY_RUNNING,24.0,55,32,-15,5.97,55,0,0.0,0.0,0.0,1.0,1.08,2.53
2026-07-29T13:50:38.337,670.219,158,open,ACTUATOR_ACTIVE,TRAJECTORY_RUNNING,24.0,54,9,-2,-0.72,54,0,0.0,0.0,0.0,0.34,0.28,0.33
2026-07-29T13:50:39.452,671.344,159,close,ACTUATOR_ACTIVE,TRAJECTORY_RUNNING,24.0,54,10,16,3.79,54,0,0.0,0.0,0.0,0.32,0.27,0.29
2026-07-29T13:50:40.462,672.344,159,close,ACTUATOR_ACTIVE,TRAJECTORY_RUNNING,24.0,54,33,-1,75.22,54,0,0.0,0.0,0.0,1.95,1.89,4.06
2026-07-29T13:50:41.579,673.469,159,open,ACTUATOR_ACTIVE,TRAJECTORY_RUNNING,24.0,54,33,0,36.62,54,0,0.0,0.0,0.0,1.99,1.84,4.26
2026-07-29T13:50:42.574,674.469,159,open,ACTUATOR_ACTIVE,TRAJECTORY_COMPLETE,24.0,59,9,-1,-0.52,59,0,0.0,0.0,0.0,0.38,0.31,0.47
2026-07-29T13:50:43.682,675.578,160,close,ACTUATOR_ACTIVE,TRAJECTORY_RUNNING,24.0,59,10,14,5.9,59,0,0.0,0.0,0.0,0.34,0.28,0.4
2026-07-29T13:50:44.673,676.563,160,close,ACTUATOR_ACTIVE,TRAJECTORY_RUNNING,24.0,59,33,0,78.37,59,0,0.0,0.0,0.0,1.99,1.86,3.89
2026-07-29T13:50:45.798,677.688,160,open,ACTUATOR_ACTIVE,TRAJECTORY_RUNNING,24.0,53,33,-1,30.63,53,0,0.0,0.0,0.0,2.03,1.83,4.2
2026-07-29T13:50:46.796,678.688,160,open,ACTUATOR_ACTIVE,TRAJECTORY_RUNNING,24.0,53,8,11,2.01,53,0,0.0,0.0,0.0,0.39,0.33,0.47
2026-07-29T13:50:47.903,679.797,161,close,ACTUATOR_ACTIVE,TRAJECTORY_RUNNING,24.0,53,10,19,4.17,53,0,0.0,0.0,0.0,0.34,0.3,0.39
2026-07-29T13:50:48.900,680.781,161,close,ACTUATOR_ACTIVE,TRAJECTORY_RUNNING,24.0,53,33,0,81.84,53,0,0.0,0.0,0.0,2.0,1.86,3.94
2026-07-29T13:50:50.020,681.906,161,open,ACTUATOR_ACTIVE,TRAJECTORY_RUNNING,24.0,57,33,-3,37.81,57,0,0.0,0.0,0.0,2.03,1.83,4.15
2026-07-29T13:50:51.017,682.906,161,open,ACTUATOR_ACTIVE,TRAJECTORY_RUNNING,24.0,57,8,10,2.06,57,0,0.0,0.0,0.0,0.38,0.33,0.46
2026-07-29T13:50:52.125,684.016,162,close,ACTUATOR_ACTIVE,TRAJECTORY_RUNNING,24.0,57,10,18,5.53,57,0,0.0,0.0,0.0,0.34,0.3,0.39
2026-07-29T13:50:53.122,685.016,162,close,ACTUATOR_ACTIVE,TRAJECTORY_RUNNING,24.0,57,33,1,80.7,57,0,0.0,0.0,0.0,1.97,1.89,4.01
2026-07-29T13:50:54.231,686.125,162,open,ACTUATOR_ACTIVE,TRAJECTORY_RUNNING,24.0,56,33,-1,37.5,56,0,0.0,0.0,0.0,2.0,1.84,4.23
2026-07-29T13:50:55.228,687.109,162,open,ACTUATOR_ACTIVE,TRAJECTORY_RUNNING,24.0,56,8,12,2.2,56,0,0.0,0.0,0.0,0.37,0.33,0.45
2026-07-29T13:50:56.352,688.234,163,close,ACTUATOR_ACTIVE,TRAJECTORY_RUNNING,24.0,56,10,17,4.26,56,0,0.0,0.0,0.0,0.34,0.31,0.38
2026-07-29T13:50:57.360,689.25,163,close,ACTUATOR_ACTIVE,TRAJECTORY_RUNNING,24.0,56,33,0,79.86,56,0,0.0,0.0,0.0,2.0,1.85,3.9
2026-07-29T13:50:58.468,690.359,163,open,ACTUATOR_ACTIVE,TRAJECTORY_RUNNING,24.0,55,33,-3,36.62,55,0,0.0,0.0,0.0,2.02,1.82,4.16
2026-07-29T13:50:59.468,691.359,163,open,ACTUATOR_ACTIVE,TRAJECTORY_COMPLETE,24.0,55,9,0,-0.36,55,0,0.0,0.0,0.0,0.38,0.34,0.44
2026-07-29T13:51:00.579,692.469,164,close,ACTUATOR_ACTIVE,TRAJECTORY_RUNNING,24.0,55,10,16,5.3,55,0,0.0,0.0,0.0,0.34,0.31,0.37
2026-07-29T13:51:01.573,693.453,164,close,ACTUATOR_ACTIVE,TRAJECTORY_RUNNING,24.0,55,33,0,79.65,55,0,0.0,0.0,0.0,2.0,1.85,3.88
2026-07-29T13:51:02.698,694.578,164,open,ACTUATOR_ACTIVE,TRAJECTORY_RUNNING,24.0,54,33,0,33.98,54,0,0.0,0.0,0.0,2.03,1.82,4.13
2026-07-29T13:51:03.711,695.594,164,open,ACTUATOR_ACTIVE,TRAJECTORY_RUNNING,24.0,54,9,13,3.22,54,0,0.0,0.0,0.0,0.37,0.35,0.44
2026-07-29T13:51:04.818,696.703,165,close,ACTUATOR_ACTIVE,TRAJECTORY_RUNNING,24.0,54,10,17,3.75,54,0,0.0,0.0,0.0,0.33,0.32,0.38
2026-07-29T13:51:05.829,697.719,165,close,ACTUATOR_ACTIVE,TRAJECTORY_RUNNING,24.0,52,33,0,76.32,52,0,0.0,0.0,0.0,1.98,1.89,3.91
2026-07-29T13:51:06.935,698.828,165,open,ACTUATOR_ACTIVE,TRAJECTORY_RUNNING,24.0,52,33,1,34.85,52,0,0.0,0.0,0.0,2.02,1.83,4.15
2026-07-29T13:51:07.930,699.813,165,open,ACTUATOR_ACTIVE,TRAJECTORY_RUNNING,24.0,52,8,8,2.63,52,0,0.0,0.0,0.0,0.38,0.35,0.43
2026-07-29T13:51:09.053,700.938,166,close,ACTUATOR_ACTIVE,TRAJECTORY_RUNNING,24.0,52,10,18,3.58,52,0,0.0,0.0,0.0,0.34,0.32,0.37
2026-07-29T13:51:10.049,701.938,166,close,ACTUATOR_ACTIVE,TRAJECTORY_RUNNING,24.0,57,33,0,76.5,57,0,0.0,0.0,0.0,2.0,1.86,3.79
2026-07-29T13:51:11.161,703.047,166,open,ACTUATOR_ACTIVE,TRAJECTORY_RUNNING,24.0,57,33,-4,35.91,57,0,0.0,0.0,0.0,2.04,1.82,4.1
2026-07-29T13:51:12.158,704.047,166,open,ACTUATOR_ACTIVE,TRAJECTORY_RUNNING,24.0,57,8,10,2.23,57,0,0.0,0.0,0.0,0.38,0.35,0.43
2026-07-29T13:51:13.265,705.156,167,close,ACTUATOR_ACTIVE,TRAJECTORY_RUNNING,24.0,57,10,14,6.15,57,0,0.0,0.0,0.0,0.34,0.32,0.37
2026-07-29T13:51:14.261,706.141,167,close,ACTUATOR_ACTIVE,TRAJECTORY_RUNNING,24.0,56,33,-1,81.74,56,0,0.0,0.0,0.0,1.98,1.88,3.82
2026-07-29T13:51:15.378,707.266,167,open,ACTUATOR_ACTIVE,TRAJECTORY_RUNNING,24.0,56,33,0,32.41,56,0,0.0,0.0,0.0,2.02,1.84,4.08
2026-07-29T13:51:16.373,708.266,167,open,ACTUATOR_ACTIVE,TRAJECTORY_COMPLETE,24.0,56,9,0,-0.4,56,0,0.0,0.0,0.0,0.38,0.35,0.42
2026-07-29T13:51:17.477,709.359,168,close,ACTUATOR_ACTIVE,TRAJECTORY_RUNNING,24.0,56,10,16,4.15,56,0,0.0,0.0,0.0,0.35,0.32,0.37
2026-07-29T13:51:18.484,710.375,168,close,ACTUATOR_ACTIVE,TRAJECTORY_RUNNING,24.0,59,32,0,33.6,59,0,0.0,0.0,0.0,1.57,1.98,5.26
2026-07-29T13:51:19.584,711.469,168,open,ACTUATOR_ACTIVE,TRAJECTORY_RUNNING,24.0,59,32,-17,7.39,59,0,0.0,0.0,0.0,1.37,1.59,4.3
2026-07-29T13:51:20.595,712.484,168,open,ACTUATOR_ACTIVE,TRAJECTORY_COMPLETE,24.0,59,10,4,1.3,59,0,0.0,0.0,0.0,0.36,0.32,0.39
2026-07-29T13:51:21.698,713.578,169,close,ACTUATOR_ACTIVE,TRAJECTORY_RUNNING,24.0,57,10,14,5.67,57,0,0.0,0.0,0.0,0.33,0.31,0.34
2026-07-29T13:51:22.709,714.594,169,close,ACTUATOR_ACTIVE,TRAJECTORY_RUNNING,24.0,57,33,0,84.23,57,0,0.0,0.0,0.0,1.94,1.92,3.9
2026-07-29T13:51:23.816,715.703,169,open,ACTUATOR_ACTIVE,TRAJECTORY_RUNNING,24.0,57,33,-3,32.43,57,0,0.0,0.0,0.0,1.98,1.87,4.15
2026-07-29T13:51:24.812,716.703,169,open,ACTUATOR_ACTIVE,TRAJECTORY_RUNNING,24.0,57,8,11,2.96,57,0,0.0,0.0,0.0,0.38,0.34,0.4
2026-07-29T13:51:25.917,717.797,170,close,ACTUATOR_ACTIVE,TRAJECTORY_RUNNING,24.0,60,10,14,5.73,60,0,0.0,0.0,0.0,0.34,0.31,0.36
2026-07-29T13:51:26.929,718.813,170,close,ACTUATOR_ACTIVE,TRAJECTORY_RUNNING,24.0,60,33,0,81.49,60,0,0.0,0.0,0.0,1.96,1.9,3.8
2026-07-29T13:51:28.031,719.922,170,open,ACTUATOR_ACTIVE,TRAJECTORY_RUNNING,24.0,60,33,-1,38.07,60,0,0.0,0.0,0.0,2.01,1.85,4.08
2026-07-29T13:51:29.027,720.906,170,open,ACTUATOR_ACTIVE,TRAJECTORY_RUNNING,24.0,60,8,9,1.69,60,0,0.0,0.0,0.0,0.38,0.35,0.41
2026-07-29T13:51:30.138,722.031,171,close,ACTUATOR_ACTIVE,TRAJECTORY_RUNNING,24.0,58,10,14,3.88,58,0,0.0,0.0,0.0,0.35,0.32,0.36
2026-07-29T13:51:31.132,723.016,171,close,ACTUATOR_ACTIVE,TRAJECTORY_RUNNING,24.0,58,32,0,33.58,58,0,0.0,0.0,0.0,1.56,1.99,5.2
2026-07-29T13:51:32.254,724.141,171,open,ACTUATOR_ACTIVE,TRAJECTORY_RUNNING,24.0,58,32,-16,6.89,58,0,0.0,0.0,0.0,1.09,1.18,2.69
2026-07-29T13:51:33.247,725.141,171,open,ACTUATOR_ACTIVE,TRAJECTORY_COMPLETE,24.0,58,10,6,0.85,58,0,0.0,0.0,0.0,0.35,0.32,0.39
2026-07-29T13:51:34.347,726.234,172,close,ACTUATOR_ACTIVE,TRAJECTORY_RUNNING,24.0,54,10,16,2.01,54,0,0.0,0.0,0.0,0.33,0.31,0.34
2026-07-29T13:51:35.342,727.234,172,close,ACTUATOR_ACTIVE,TRAJECTORY_RUNNING,24.0,54,32,0,31.57,54,0,0.0,0.0,0.0,1.55,1.97,5.11
2026-07-29T13:51:36.450,728.328,172,open,ACTUATOR_ACTIVE,TRAJECTORY_RUNNING,24.0,54,32,-15,7.96,54,0,0.0,0.0,0.0,1.49,1.78,5.0
2026-07-29T13:51:37.469,729.359,172,open,ACTUATOR_ACTIVE,TRAJECTORY_COMPLETE,24.0,54,10,0,0.44,54,0,0.0,0.0,0.0,0.34,0.3,0.35
2026-07-29T13:51:38.555,730.438,173,close,ACTUATOR_ACTIVE,TRAJECTORY_RUNNING,24.0,56,10,15,3.97,56,0,0.0,0.0,0.0,0.32,0.29,0.31
2026-07-29T13:51:39.566,731.453,173,close,ACTUATOR_ACTIVE,TRAJECTORY_RUNNING,24.0,56,33,-1,82.37,56,0,0.0,0.0,0.0,1.94,1.92,3.88
2026-07-29T13:51:40.669,732.547,173,open,ACTUATOR_ACTIVE,TRAJECTORY_RUNNING,24.0,56,33,-2,34.28,56,0,0.0,0.0,0.0,1.98,1.87,4.1
2026-07-29T13:51:41.680,733.563,173,open,ACTUATOR_ACTIVE,TRAJECTORY_COMPLETE,24.0,57,9,0,0.07,57,0,0.0,0.0,0.0,0.39,0.33,0.44
2026-07-29T13:51:42.780,734.672,174,close,ACTUATOR_ACTIVE,TRAJECTORY_RUNNING,24.0,57,10,16,5.48,57,0,0.0,0.0,0.0,0.35,0.3,0.38
2026-07-29T13:51:43.772,735.656,174,close,ACTUATOR_ACTIVE,TRAJECTORY_RUNNING,24.0,57,33,0,81.91,57,0,0.0,0.0,0.0,1.95,1.92,3.78
2026-07-29T13:51:44.892,736.781,174,open,ACTUATOR_ACTIVE,TRAJECTORY_RUNNING,24.0,57,33,-2,36.94,57,0,0.0,0.0,0.0,1.99,1.87,4.05
2026-07-29T13:51:45.885,737.766,174,open,ACTUATOR_ACTIVE,TRAJECTORY_RUNNING,24.0,57,8,9,2.03,57,0,0.0,0.0,0.0,0.39,0.34,0.42
2026-07-29T13:51:47.002,738.891,175,close,ACTUATOR_ACTIVE,TRAJECTORY_RUNNING,24.0,57,10,17,3.64,57,0,0.0,0.0,0.0,0.35,0.31,0.37
2026-07-29T13:51:47.998,739.875,175,close,ACTUATOR_ACTIVE,TRAJECTORY_RUNNING,24.0,57,33,1,81.85,57,0,0.0,0.0,0.0,1.93,1.94,3.76
2026-07-29T13:51:49.119,741.0,175,open,ACTUATOR_ACTIVE,TRAJECTORY_RUNNING,24.0,57,33,-2,36.45,57,0,0.0,0.0,0.0,1.98,1.88,4.04
2026-07-29T13:51:50.115,742.0,175,open,ACTUATOR_ACTIVE,TRAJECTORY_COMPLETE,24.0,59,9,1,-1.37,59,0,0.0,0.0,0.0,0.39,0.35,0.42
2026-07-29T13:51:51.217,743.109,176,close,ACTUATOR_ACTIVE,TRAJECTORY_RUNNING,24.0,59,10,16,5.39,59,0,0.0,0.0,0.0,0.35,0.32,0.36
2026-07-29T13:51:52.218,744.109,176,close,ACTUATOR_ACTIVE,TRAJECTORY_RUNNING,24.0,59,33,1,82.97,59,0,0.0,0.0,0.0,1.93,1.95,3.71
2026-07-29T13:51:53.319,745.203,176,open,ACTUATOR_ACTIVE,TRAJECTORY_RUNNING,24.0,59,33,0,35.34,59,0,0.0,0.0,0.0,1.97,1.9,3.98
2026-07-29T13:51:54.334,746.219,176,open,ACTUATOR_ACTIVE,TRAJECTORY_COMPLETE,24.0,57,9,0,-0.45,57,0,0.0,0.0,0.0,0.38,0.35,0.42
2026-07-29T13:51:55.444,747.328,177,close,ACTUATOR_ACTIVE,TRAJECTORY_RUNNING,24.0,57,10,17,3.92,57,0,0.0,0.0,0.0,0.35,0.32,0.36
2026-07-29T13:51:56.440,748.328,177,close,ACTUATOR_ACTIVE,TRAJECTORY_RUNNING,24.0,57,33,0,78.68,57,0,0.0,0.0,0.0,1.93,1.94,3.55
2026-07-29T13:51:57.546,749.438,177,open,ACTUATOR_ACTIVE,TRAJECTORY_RUNNING,24.0,57,33,-3,37.22,57,0,0.0,0.0,0.0,1.99,1.89,3.91
2026-07-29T13:51:58.542,750.422,177,open,ACTUATOR_ACTIVE,TRAJECTORY_RUNNING,24.0,54,8,8,2.4,54,0,0.0,0.0,0.0,0.4,0.37,0.44
2026-07-29T13:51:59.667,751.547,178,close,ACTUATOR_ACTIVE,TRAJECTORY_RUNNING,24.0,54,10,17,5.27,54,0,0.0,0.0,0.0,0.35,0.34,0.39
2026-07-29T13:52:00.667,752.547,178,close,ACTUATOR_ACTIVE,TRAJECTORY_RUNNING,24.0,54,33,0,82.0,54,0,0.0,0.0,0.0,1.93,1.94,3.57
2026-07-29T13:52:01.767,753.656,178,open,ACTUATOR_ACTIVE,TRAJECTORY_RUNNING,24.0,55,33,-2,37.48,55,0,0.0,0.0,0.0,1.98,1.9,3.87
2026-07-29T13:52:02.767,754.656,178,open,ACTUATOR_ACTIVE,TRAJECTORY_RUNNING,24.0,55,8,6,2.13,55,0,0.0,0.0,0.0,0.39,0.37,0.44
2026-07-29T13:52:03.874,755.766,179,close,ACTUATOR_ACTIVE,TRAJECTORY_RUNNING,24.0,55,10,18,4.64,55,0,0.0,0.0,0.0,0.35,0.34,0.38
2026-07-29T13:52:04.873,756.75,179,close,ACTUATOR_ACTIVE,TRAJECTORY_RUNNING,24.0,55,32,0,31.57,55,0,0.0,0.0,0.0,1.53,2.05,5.28
2026-07-29T13:52:05.994,757.875,179,open,ACTUATOR_ACTIVE,TRAJECTORY_RUNNING,24.0,59,32,-14,5.69,59,0,0.0,0.0,0.0,1.58,1.91,5.15
2026-07-29T13:52:07.008,758.891,179,open,ACTUATOR_ACTIVE,TRAJECTORY_COMPLETE,24.0,59,10,4,1.31,59,0,0.0,0.0,0.0,0.35,0.33,0.39
2026-07-29T13:52:08.115,760.0,180,close,ACTUATOR_ACTIVE,TRAJECTORY_RUNNING,24.0,59,10,16,6.65,59,0,0.0,0.0,0.0,0.34,0.32,0.36
2026-07-29T13:52:09.111,761.0,180,close,ACTUATOR_ACTIVE,TRAJECTORY_RUNNING,24.0,59,33,0,77.86,59,0,0.0,0.0,0.0,1.9,1.97,3.64
2026-07-29T13:52:10.222,762.109,180,open,ACTUATOR_ACTIVE,TRAJECTORY_RUNNING,24.0,59,33,-2,33.2,59,0,0.0,0.0,0.0,1.95,1.92,3.94
2026-07-29T13:52:11.220,763.109,180,open,ACTUATOR_ACTIVE,TRAJECTORY_RUNNING,24.0,59,8,10,2.05,59,0,0.0,0.0,0.0,0.4,0.36,0.45
2026-07-29T13:52:12.327,764.203,181,close,ACTUATOR_ACTIVE,TRAJECTORY_RUNNING,24.0,59,10,14,4.74,59,0,0.0,0.0,0.0,0.36,0.32,0.4
2026-07-29T13:52:13.339,765.219,181,close,ACTUATOR_ACTIVE,TRAJECTORY_RUNNING,24.0,59,33,-1,79.89,59,0,0.0,0.0,0.0,1.93,1.93,3.52
2026-07-29T13:52:14.447,766.328,181,open,ACTUATOR_ACTIVE,TRAJECTORY_RUNNING,24.0,59,33,-3,36.64,59,0,0.0,0.0,0.0,1.98,1.89,3.82
2026-07-29T13:52:15.437,767.328,181,open,ACTUATOR_ACTIVE,TRAJECTORY_RUNNING,24.0,59,8,9,1.32,59,0,0.0,0.0,0.0,0.39,0.37,0.44
2026-07-29T13:52:16.535,768.422,182,close,ACTUATOR_ACTIVE,TRAJECTORY_RUNNING,24.0,59,10,18,4.53,59,0,0.0,0.0,0.0,0.35,0.33,0.39
2026-07-29T13:52:17.549,769.438,182,close,ACTUATOR_ACTIVE,TRAJECTORY_RUNNING,24.0,59,33,0,83.14,59,0,0.0,0.0,0.0,1.94,1.92,3.45
2026-07-29T13:52:18.655,770.531,182,open,ACTUATOR_ACTIVE,TRAJECTORY_RUNNING,24.0,57,33,-5,36.69,57,0,0.0,0.0,0.0,1.99,1.88,3.78
2026-07-29T13:52:19.670,771.547,182,open,ACTUATOR_ACTIVE,TRAJECTORY_RUNNING,24.0,57,9,12,4.13,57,0,0.0,0.0,0.0,0.4,0.37,0.42
2026-07-29T13:52:20.773,772.656,183,close,ACTUATOR_ACTIVE,TRAJECTORY_RUNNING,24.0,57,10,16,3.73,57,0,0.0,0.0,0.0,0.35,0.34,0.37
2026-07-29T13:52:21.783,773.672,183,close,ACTUATOR_ACTIVE,TRAJECTORY_RUNNING,24.0,57,33,-1,85.74,57,0,0.0,0.0,0.0,1.91,1.96,3.58
2026-07-29T13:52:22.889,774.766,183,open,ACTUATOR_ACTIVE,TRAJECTORY_RUNNING,24.0,57,33,0,38.04,57,0,0.0,0.0,0.0,1.96,1.92,3.83
2026-07-29T13:52:23.897,775.781,183,open,ACTUATOR_ACTIVE,TRAJECTORY_RUNNING,24.0,57,8,12,3.22,57,0,0.0,0.0,0.0,0.4,0.37,0.44
2026-07-29T13:52:25.004,776.891,184,close,ACTUATOR_ACTIVE,TRAJECTORY_RUNNING,24.0,57,10,17,4.78,57,0,0.0,0.0,0.0,0.35,0.34,0.37
2026-07-29T13:52:26.000,777.891,184,close,ACTUATOR_ACTIVE,TRAJECTORY_RUNNING,24.0,63,33,1,82.68,63,0,0.0,0.0,0.0,1.93,1.94,3.43
2026-07-29T13:52:27.100,778.984,184,open,ACTUATOR_ACTIVE,TRAJECTORY_RUNNING,24.0,63,33,-2,41.14,63,0,0.0,0.0,0.0,1.98,1.89,3.73
2026-07-29T13:52:28.095,779.984,184,open,ACTUATOR_ACTIVE,TRAJECTORY_RUNNING,24.0,63,8,8,1.74,63,0,0.0,0.0,0.0,0.39,0.38,0.44
2026-07-29T13:52:29.195,781.078,185,close,ACTUATOR_ACTIVE,TRAJECTORY_RUNNING,24.0,63,10,15,4.45,63,0,0.0,0.0,0.0,0.36,0.35,0.38
2026-07-29T13:52:30.186,782.063,185,close,ACTUATOR_ACTIVE,TRAJECTORY_RUNNING,24.0,56,32,0,31.97,56,0,0.0,0.0,0.0,1.5,2.06,5.22
2026-07-29T13:52:31.307,783.188,185,open,ACTUATOR_ACTIVE,TRAJECTORY_RUNNING,24.0,56,32,-16,6.44,56,0,0.0,0.0,0.0,1.53,2.01,5.19
2026-07-29T13:52:32.314,784.203,185,open,ACTUATOR_ACTIVE,TRAJECTORY_RUNNING,24.0,56,10,1,1.69,56,0,0.0,0.0,0.0,0.35,0.34,0.41
2026-07-29T13:52:33.422,785.297,186,close,ACTUATOR_ACTIVE,TRAJECTORY_RUNNING,24.0,56,10,17,5.58,56,0,0.0,0.0,0.0,0.33,0.32,0.37
2026-07-29T13:52:34.435,786.313,186,close,ACTUATOR_ACTIVE,TRAJECTORY_RUNNING,24.0,58,33,-1,88.03,58,0,0.0,0.0,0.0,1.92,1.95,3.43
2026-07-29T13:52:35.537,787.422,186,open,ACTUATOR_ACTIVE,TRAJECTORY_RUNNING,24.0,58,33,-3,38.06,58,0,0.0,0.0,0.0,1.97,1.9,3.68
2026-07-29T13:52:36.532,788.422,186,open,ACTUATOR_ACTIVE,TRAJECTORY_RUNNING,24.0,58,8,9,2.34,58,0,0.0,0.0,0.0,0.39,0.37,0.45
2026-07-29T13:52:37.629,789.516,187,close,ACTUATOR_ACTIVE,TRAJECTORY_RUNNING,24.0,58,10,17,4.44,58,0,0.0,0.0,0.0,0.36,0.34,0.4
2026-07-29T13:52:38.621,790.5,187,close,ACTUATOR_ACTIVE,TRAJECTORY_RUNNING,24.0,54,33,0,82.55,54,0,0.0,0.0,0.0,1.93,1.93,3.39
2026-07-29T13:52:39.739,791.625,187,open,ACTUATOR_ACTIVE,TRAJECTORY_RUNNING,24.0,54,33,-2,41.06,54,0,0.0,0.0,0.0,1.97,1.9,3.66
2026-07-29T13:52:40.739,792.625,187,open,ACTUATOR_ACTIVE,TRAJECTORY_RUNNING,24.0,54,8,9,3.26,54,0,0.0,0.0,0.0,0.4,0.37,0.47
2026-07-29T13:52:41.845,793.734,188,close,ACTUATOR_ACTIVE,TRAJECTORY_RUNNING,24.0,55,10,16,4.44,55,0,0.0,0.0,0.0,0.36,0.34,0.41
2026-07-29T13:52:42.836,794.719,188,close,ACTUATOR_ACTIVE,TRAJECTORY_RUNNING,24.0,55,32,0,31.22,55,0,0.0,0.0,0.0,1.49,2.06,5.18
2026-07-29T13:52:43.955,795.844,188,open,ACTUATOR_ACTIVE,TRAJECTORY_RUNNING,24.0,55,32,-16,7.8,55,0,0.0,0.0,0.0,1.54,1.96,5.09
2026-07-29T13:52:44.951,796.828,188,open,ACTUATOR_ACTIVE,TRAJECTORY_COMPLETE,24.0,55,10,6,-0.02,55,0,0.0,0.0,0.0,0.36,0.34,0.43
2026-07-29T13:52:46.074,797.953,189,close,ACTUATOR_ACTIVE,TRAJECTORY_RUNNING,24.0,56,10,17,3.57,56,0,0.0,0.0,0.0,0.33,0.32,0.39
2026-07-29T13:52:47.082,798.969,189,close,ACTUATOR_ACTIVE,TRAJECTORY_RUNNING,24.0,56,33,0,79.01,56,0,0.0,0.0,0.0,1.9,1.96,3.51
2026-07-29T13:52:48.191,800.078,189,open,ACTUATOR_ACTIVE,TRAJECTORY_RUNNING,24.0,56,33,-1,38.34,56,0,0.0,0.0,0.0,1.94,1.92,3.73
2026-07-29T13:52:49.189,801.078,189,open,ACTUATOR_ACTIVE,TRAJECTORY_RUNNING,24.0,56,8,10,2.29,56,0,0.0,0.0,0.0,0.4,0.37,0.46
2026-07-29T13:52:50.300,802.188,190,close,ACTUATOR_ACTIVE,TRAJECTORY_RUNNING,24.0,57,10,16,4.57,57,0,0.0,0.0,0.0,0.37,0.34,0.42
2026-07-29T13:52:51.299,803.188,190,close,ACTUATOR_ACTIVE,TRAJECTORY_RUNNING,24.0,57,33,1,79.83,57,0,0.0,0.0,0.0,1.92,1.94,3.39
2026-07-29T13:52:52.402,804.281,190,open,ACTUATOR_ACTIVE,TRAJECTORY_RUNNING,24.0,57,33,-2,36.42,57,0,0.0,0.0,0.0,1.96,1.91,3.64
2026-07-29T13:52:53.419,805.297,190,open,ACTUATOR_ACTIVE,TRAJECTORY_RUNNING,24.0,57,9,10,4.46,57,0,0.0,0.0,0.0,0.4,0.38,0.46
2026-07-29T13:52:54.530,806.406,191,close,ACTUATOR_ACTIVE,TRAJECTORY_RUNNING,24.0,57,10,17,4.75,57,0,0.0,0.0,0.0,0.36,0.35,0.4
2026-07-29T13:52:55.544,807.422,191,close,ACTUATOR_ACTIVE,TRAJECTORY_RUNNING,24.0,57,33,0,78.92,57,0,0.0,0.0,0.0,1.9,1.96,3.39
2026-07-29T13:52:56.649,808.531,191,open,ACTUATOR_ACTIVE,TRAJECTORY_RUNNING,24.0,57,33,0,36.64,57,0,0.0,0.0,0.0,1.95,1.93,3.62
2026-07-29T13:52:57.647,809.531,191,open,ACTUATOR_ACTIVE,TRAJECTORY_RUNNING,24.0,57,8,9,2.58,54,0,0.0,0.0,0.0,0.41,0.38,0.45
2026-07-29T13:52:58.752,810.641,192,close,ACTUATOR_ACTIVE,TRAJECTORY_RUNNING,24.0,54,10,18,4.32,54,0,0.0,0.0,0.0,0.37,0.35,0.4
2026-07-29T13:52:59.745,811.625,192,close,ACTUATOR_ACTIVE,TRAJECTORY_RUNNING,24.0,54,32,0,33.15,54,0,0.0,0.0,0.0,1.47,2.07,5.13
2026-07-29T13:53:00.869,812.75,192,open,ACTUATOR_ACTIVE,TRAJECTORY_RUNNING,24.0,54,32,-15,6.78,54,0,0.0,0.0,0.0,1.23,1.37,3.24
2026-07-29T13:53:01.863,813.75,192,open,ACTUATOR_ACTIVE,TRAJECTORY_COMPLETE,24.0,58,10,7,0.63,58,0,0.0,0.0,0.0,0.36,0.34,0.43
2026-07-29T13:53:02.974,814.859,193,close,ACTUATOR_ACTIVE,TRAJECTORY_RUNNING,24.0,58,10,19,3.99,58,0,0.0,0.0,0.0,0.34,0.32,0.38
2026-07-29T13:53:03.970,815.844,193,close,ACTUATOR_ACTIVE,TRAJECTORY_RUNNING,24.0,58,33,-1,79.71,58,0,0.0,0.0,0.0,1.91,1.96,3.41
2026-07-29T13:53:05.086,816.969,193,open,ACTUATOR_ACTIVE,TRAJECTORY_RUNNING,24.0,58,33,-1,36.29,58,0,0.0,0.0,0.0,1.95,1.92,3.62
2026-07-29T13:53:06.082,817.969,193,open,ACTUATOR_ACTIVE,TRAJECTORY_RUNNING,24.0,56,8,9,3.65,56,0,0.0,0.0,0.0,0.4,0.37,0.46
2026-07-29T13:53:07.190,819.078,194,close,ACTUATOR_ACTIVE,TRAJECTORY_RUNNING,24.0,56,10,17,3.51,56,0,0.0,0.0,0.0,0.37,0.34,0.42
2026-07-29T13:53:08.184,820.063,194,close,ACTUATOR_ACTIVE,TRAJECTORY_RUNNING,24.0,56,32,0,30.6,56,0,0.0,0.0,0.0,1.46,2.07,5.1
2026-07-29T13:53:09.305,821.188,194,open,ACTUATOR_ACTIVE,TRAJECTORY_RUNNING,24.0,56,32,-16,8.16,56,0,0.0,0.0,0.0,1.38,1.7,4.42
2026-07-29T13:53:10.299,822.172,194,open,ACTUATOR_ACTIVE,TRAJECTORY_COMPLETE,24.0,61,10,15,1.55,61,0,0.0,0.0,0.0,0.36,0.34,0.44
2026-07-29T13:53:11.420,823.297,195,close,ACTUATOR_ACTIVE,TRAJECTORY_RUNNING,24.0,61,10,16,4.4,61,0,0.0,0.0,0.0,0.34,0.32,0.4
2026-07-29T13:53:12.432,824.313,195,close,ACTUATOR_ACTIVE,TRAJECTORY_RUNNING,24.0,61,33,-1,82.4,61,0,0.0,0.0,0.0,1.9,1.98,3.44
2026-07-29T13:53:13.538,825.422,195,open,ACTUATOR_ACTIVE,TRAJECTORY_RUNNING,24.0,61,33,0,36.17,61,0,0.0,0.0,0.0,1.94,1.93,3.58
2026-07-29T13:53:14.530,826.406,195,open,ACTUATOR_ACTIVE,TRAJECTORY_COMPLETE,24.0,57,9,0,0.54,57,0,0.0,0.0,0.0,0.41,0.36,0.46
2026-07-29T13:53:15.651,827.531,196,close,ACTUATOR_ACTIVE,TRAJECTORY_RUNNING,24.0,57,10,19,4.66,57,0,0.0,0.0,0.0,0.37,0.34,0.41
2026-07-29T13:53:16.667,828.547,196,close,ACTUATOR_ACTIVE,TRAJECTORY_RUNNING,24.0,57,33,0,80.91,57,0,0.0,0.0,0.0,1.93,1.95,3.38
2026-07-29T13:53:17.778,829.656,196,open,ACTUATOR_ACTIVE,TRAJECTORY_RUNNING,24.0,58,33,-1,31.9,58,0,0.0,0.0,0.0,1.96,1.92,3.58
2026-07-29T13:53:18.778,830.656,196,open,ACTUATOR_ACTIVE,TRAJECTORY_RUNNING,24.0,58,8,8,3.05,58,0,0.0,0.0,0.0,0.41,0.37,0.48
2026-07-29T13:53:19.884,831.766,197,close,ACTUATOR_ACTIVE,TRAJECTORY_RUNNING,24.0,58,10,18,3.44,58,0,0.0,0.0,0.0,0.37,0.34,0.44
2026-07-29T13:53:20.874,832.75,197,close,ACTUATOR_ACTIVE,TRAJECTORY_RUNNING,24.0,58,33,-1,79.38,58,0,0.0,0.0,0.0,1.92,1.95,3.32
2026-07-29T13:53:21.987,833.859,197,open,ACTUATOR_ACTIVE,TRAJECTORY_RUNNING,24.0,59,33,0,32.64,59,0,0.0,0.0,0.0,1.94,1.93,3.56
2026-07-29T13:53:22.995,834.875,197,open,ACTUATOR_ACTIVE,TRAJECTORY_COMPLETE,24.0,59,9,0,0.11,59,0,0.0,0.0,0.0,0.41,0.38,0.47
2026-07-29T13:53:24.105,835.984,198,close,ACTUATOR_ACTIVE,TRAJECTORY_RUNNING,24.0,59,10,18,3.04,59,0,0.0,0.0,0.0,0.36,0.35,0.43
2026-07-29T13:53:25.102,836.984,198,close,ACTUATOR_ACTIVE,TRAJECTORY_RUNNING,24.0,59,33,0,81.44,59,0,0.0,0.0,0.0,1.95,1.92,3.27
2026-07-29T13:53:26.206,838.078,198,open,ACTUATOR_ACTIVE,TRAJECTORY_RUNNING,24.0,58,33,-2,41.62,58,0,0.0,0.0,0.0,2.07,1.78,3.26
2026-07-29T13:53:27.219,839.094,198,open,ACTUATOR_ACTIVE,TRAJECTORY_RUNNING,24.0,58,9,9,3.79,58,0,0.0,0.0,0.0,0.42,0.39,0.48
2026-07-29T13:53:28.326,840.203,199,close,ACTUATOR_ACTIVE,TRAJECTORY_RUNNING,24.0,58,10,16,4.27,58,0,0.0,0.0,0.0,0.37,0.36,0.43
2026-07-29T13:53:29.324,841.203,199,close,ACTUATOR_ACTIVE,TRAJECTORY_RUNNING,24.0,58,33,0,86.21,58,0,0.0,0.0,0.0,1.93,1.93,3.22
2026-07-29T13:53:30.429,842.313,199,open,ACTUATOR_ACTIVE,TRAJECTORY_RUNNING,24.0,56,33,0,40.17,56,0,0.0,0.0,0.0,1.96,1.92,3.46
2026-07-29T13:53:31.422,843.297,199,open,ACTUATOR_ACTIVE,TRAJECTORY_COMPLETE,24.0,56,9,0,-0.84,56,0,0.0,0.0,0.0,0.42,0.38,0.46
2026-07-29T13:53:32.539,844.422,200,close,ACTUATOR_ACTIVE,TRAJECTORY_RUNNING,24.0,56,10,16,4.42,56,0,0.0,0.0,0.0,0.37,0.36,0.41
2026-07-29T13:53:33.534,845.406,200,close,ACTUATOR_ACTIVE,TRAJECTORY_RUNNING,24.0,56,32,0,32.26,56,0,0.0,0.0,0.0,1.42,2.11,5.03
2026-07-29T13:53:34.652,846.531,200,open,ACTUATOR_ACTIVE,TRAJECTORY_RUNNING,24.0,61,32,-17,8.11,61,0,0.0,0.0,0.0,1.14,1.29,2.8
2026-07-29T13:53:35.665,847.547,200,open,ACTUATOR_ACTIVE,TRAJECTORY_COMPLETE,24.0,61,10,13,-0.14,61,0,0.0,0.0,0.0,0.37,0.35,0.41
2026-07-29T13:53:36.777,848.656,201,close,ACTUATOR_ACTIVE,TRAJECTORY_RUNNING,24.0,61,10,18,3.46,61,0,0.0,0.0,0.0,0.36,0.33,0.39
2026-07-29T13:53:37.769,849.656,201,close,ACTUATOR_ACTIVE,TRAJECTORY_RUNNING,24.0,56,33,0,80.98,56,0,0.0,0.0,0.0,1.88,1.99,3.23
2026-07-29T13:53:38.873,850.75,201,open,ACTUATOR_ACTIVE,TRAJECTORY_RUNNING,24.0,56,33,0,34.97,56,0,0.0,0.0,0.0,1.92,1.95,3.46
2026-07-29T13:53:39.883,851.766,201,open,ACTUATOR_ACTIVE,TRAJECTORY_RUNNING,24.0,56,8,10,2.26,56,0,0.0,0.0,0.0,0.4,0.37,0.45
2026-07-29T13:53:40.982,852.859,202,close,ACTUATOR_ACTIVE,TRAJECTORY_RUNNING,24.0,56,10,19,3.75,56,0,0.0,0.0,0.0,0.37,0.35,0.4
2026-07-29T13:53:41.995,853.875,202,close,ACTUATOR_ACTIVE,TRAJECTORY_RUNNING,24.0,57,32,0,34.49,57,0,0.0,0.0,0.0,1.41,2.1,4.98
2026-07-29T13:53:43.098,854.984,202,open,ACTUATOR_ACTIVE,TRAJECTORY_RUNNING,24.0,57,32,-15,7.38,57,0,0.0,0.0,0.0,1.37,1.76,4.49
2026-07-29T13:53:44.090,855.969,202,open,ACTUATOR_ACTIVE,TRAJECTORY_COMPLETE,24.0,57,10,9,-0.0,57,0,0.0,0.0,0.0,0.37,0.34,0.42
2026-07-29T13:53:45.210,857.094,203,close,ACTUATOR_ACTIVE,TRAJECTORY_RUNNING,24.0,57,10,16,5.01,57,0,0.0,0.0,0.0,0.35,0.32,0.39
2026-07-29T13:53:46.205,858.078,203,close,ACTUATOR_ACTIVE,TRAJECTORY_RUNNING,24.0,60,33,-1,83.92,60,0,0.0,0.0,0.0,1.89,2.0,3.29
2026-07-29T13:53:47.328,859.203,203,open,ACTUATOR_ACTIVE,TRAJECTORY_RUNNING,24.0,60,33,-2,35.23,60,0,0.0,0.0,0.0,1.92,1.97,3.47
2026-07-29T13:53:48.324,860.203,203,open,ACTUATOR_ACTIVE,TRAJECTORY_RUNNING,24.0,60,8,10,2.06,60,0,0.0,0.0,0.0,0.41,0.37,0.47
2026-07-29T13:53:49.428,861.313,204,close,ACTUATOR_ACTIVE,TRAJECTORY_RUNNING,24.0,60,10,15,3.6,60,0,0.0,0.0,0.0,0.38,0.34,0.42
2026-07-29T13:53:50.426,862.297,204,close,ACTUATOR_ACTIVE,TRAJECTORY_RUNNING,24.0,57,33,1,75.88,57,0,0.0,0.0,0.0,1.93,1.95,3.24
2026-07-29T13:53:51.547,863.422,204,open,ACTUATOR_ACTIVE,TRAJECTORY_RUNNING,24.0,57,33,-3,37.77,57,0,0.0,0.0,0.0,1.96,1.94,3.46
2026-07-29T13:53:52.549,864.422,204,open,ACTUATOR_ACTIVE,TRAJECTORY_COMPLETE,24.0,57,9,0,-0.66,57,0,0.0,0.0,0.0,0.41,0.37,0.45
2026-07-29T13:53:53.654,865.531,205,close,ACTUATOR_ACTIVE,TRAJECTORY_RUNNING,24.0,58,10,17,4.69,58,0,0.0,0.0,0.0,0.38,0.35,0.41
2026-07-29T13:53:54.652,866.531,205,close,ACTUATOR_ACTIVE,TRAJECTORY_RUNNING,24.0,58,32,0,35.46,58,0,0.0,0.0,0.0,1.39,2.12,4.95
2026-07-29T13:53:55.760,867.641,205,open,ACTUATOR_ACTIVE,TRAJECTORY_RUNNING,24.0,58,32,-15,6.63,58,0,0.0,0.0,0.0,1.43,2.05,4.93
2026-07-29T13:53:56.756,868.641,205,open,ACTUATOR_ACTIVE,TRAJECTORY_COMPLETE,24.0,58,10,13,1.62,58,0,0.0,0.0,0.0,0.37,0.34,0.4
2026-07-29T13:53:57.865,869.75,206,close,ACTUATOR_ACTIVE,TRAJECTORY_RUNNING,24.0,55,10,19,3.6,55,0,0.0,0.0,0.0,0.36,0.32,0.37
2026-07-29T13:53:58.861,870.734,206,close,ACTUATOR_ACTIVE,TRAJECTORY_RUNNING,24.0,55,33,1,78.23,55,0,0.0,0.0,0.0,1.88,2.0,3.25
2026-07-29T13:53:59.986,871.859,206,open,ACTUATOR_ACTIVE,TRAJECTORY_RUNNING,24.0,55,33,0,34.45,55,0,0.0,0.0,0.0,1.91,1.97,3.43
2026-07-29T13:54:01.000,872.875,206,open,ACTUATOR_ACTIVE,TRAJECTORY_RUNNING,24.0,55,9,13,2.84,55,0,0.0,0.0,0.0,0.42,0.37,0.45
2026-07-29T13:54:02.103,873.984,207,close,ACTUATOR_ACTIVE,TRAJECTORY_RUNNING,24.0,59,10,16,4.68,59,0,0.0,0.0,0.0,0.39,0.34,0.41
2026-07-29T13:54:03.098,874.969,207,close,ACTUATOR_ACTIVE,TRAJECTORY_RUNNING,24.0,59,33,-1,77.1,59,0,0.0,0.0,0.0,1.93,1.94,3.19
2026-07-29T13:54:04.220,876.094,207,open,ACTUATOR_ACTIVE,TRAJECTORY_RUNNING,24.0,59,33,-3,38.97,59,0,0.0,0.0,0.0,1.96,1.93,3.4
2026-07-29T13:54:05.214,877.094,207,open,ACTUATOR_ACTIVE,TRAJECTORY_COMPLETE,24.0,59,9,0,-1.33,59,0,0.0,0.0,0.0,0.42,0.38,0.48
2026-07-29T13:54:06.321,878.203,208,close,ACTUATOR_ACTIVE,TRAJECTORY_RUNNING,24.0,58,10,16,4.21,58,0,0.0,0.0,0.0,0.37,0.34,0.43
2026-07-29T13:54:07.322,879.203,208,close,ACTUATOR_ACTIVE,TRAJECTORY_RUNNING,24.0,58,33,0,82.99,58,0,0.0,0.0,0.0,2.07,1.73,2.96
2026-07-29T13:54:08.427,880.297,208,open,ACTUATOR_ACTIVE,TRAJECTORY_RUNNING,24.0,58,33,-3,37.0,58,0,0.0,0.0,0.0,2.08,1.76,3.23
2026-07-29T13:54:09.442,881.313,208,open,ACTUATOR_ACTIVE,TRAJECTORY_COMPLETE,24.0,58,9,1,-0.32,58,0,0.0,0.0,0.0,0.42,0.4,0.46
2026-07-29T13:54:10.549,882.422,209,close,ACTUATOR_ACTIVE,TRAJECTORY_RUNNING,24.0,57,10,17,3.89,57,0,0.0,0.0,0.0,0.37,0.36,0.42
2026-07-29T13:54:11.543,883.422,209,close,ACTUATOR_ACTIVE,TRAJECTORY_RUNNING,24.0,57,33,0,78.73,57,0,0.0,0.0,0.0,1.97,1.89,3.11
2026-07-29T13:54:12.645,884.516,209,open,ACTUATOR_ACTIVE,TRAJECTORY_RUNNING,24.0,57,33,-2,38.95,57,0,0.0,0.0,0.0,2.1,1.71,3.09
2026-07-29T13:54:13.650,885.531,209,open,ACTUATOR_ACTIVE,TRAJECTORY_COMPLETE,24.0,54,9,0,-0.01,54,0,0.0,0.0,0.0,0.42,0.39,0.45
2026-07-29T13:54:14.755,886.625,210,close,ACTUATOR_ACTIVE,TRAJECTORY_RUNNING,24.0,54,10,16,4.3,54,0,0.0,0.0,0.0,0.38,0.36,0.41
2026-07-29T13:54:15.768,887.641,210,close,ACTUATOR_ACTIVE,TRAJECTORY_RUNNING,24.0,54,33,0,77.42,54,0,0.0,0.0,0.0,1.97,1.89,3.16
2026-07-29T13:54:16.870,888.75,210,open,ACTUATOR_ACTIVE,TRAJECTORY_RUNNING,24.0,54,33,-3,40.08,54,0,0.0,0.0,0.0,2.1,1.69,3.05
2026-07-29T13:54:17.867,889.75,210,open,ACTUATOR_ACTIVE,TRAJECTORY_RUNNING,24.0,58,8,8,2.86,58,0,0.0,0.0,0.0,0.41,0.4,0.45
2026-07-29T13:54:18.969,890.844,211,close,ACTUATOR_ACTIVE,TRAJECTORY_RUNNING,24.0,58,10,14,5.15,58,0,0.0,0.0,0.0,0.37,0.36,0.4
2026-07-29T13:54:19.974,891.844,211,close,ACTUATOR_ACTIVE,TRAJECTORY_RUNNING,24.0,58,32,0,30.0,58,0,0.0,0.0,0.0,1.33,2.13,4.8
2026-07-29T13:54:21.090,892.969,211,open,ACTUATOR_ACTIVE,TRAJECTORY_RUNNING,24.0,58,32,-13,7.65,58,0,0.0,0.0,0.0,1.38,2.04,4.78
2026-07-29T13:54:22.086,893.969,211,open,ACTUATOR_ACTIVE,TRAJECTORY_COMPLETE,24.0,57,10,11,0.55,57,0,0.0,0.0,0.0,0.38,0.35,0.39
2026-07-29T13:54:23.193,895.063,212,close,ACTUATOR_ACTIVE,TRAJECTORY_RUNNING,24.0,57,10,16,4.08,57,0,0.0,0.0,0.0,0.36,0.34,0.37
2026-07-29T13:54:24.198,896.078,212,close,ACTUATOR_ACTIVE,TRAJECTORY_RUNNING,24.0,57,33,-1,81.12,57,0,0.0,0.0,0.0,1.96,1.9,3.14
2026-07-29T13:54:25.306,897.188,212,open,ACTUATOR_ACTIVE,TRAJECTORY_RUNNING,24.0,57,33,-3,36.18,57,0,0.0,0.0,0.0,1.95,1.92,3.32
2026-07-29T13:54:26.300,898.172,212,open,ACTUATOR_ACTIVE,TRAJECTORY_RUNNING,24.0,54,8,9,2.04,54,0,0.0,0.0,0.0,0.42,0.38,0.46
2026-07-29T13:54:27.424,899.297,213,close,ACTUATOR_ACTIVE,TRAJECTORY_RUNNING,24.0,54,10,18,3.75,54,0,0.0,0.0,0.0,0.38,0.34,0.41
2026-07-29T13:54:28.420,900.297,213,close,ACTUATOR_ACTIVE,TRAJECTORY_RUNNING,24.0,54,33,0,82.42,54,0,0.0,0.0,0.0,1.98,1.88,3.15
2026-07-29T13:54:29.532,901.406,213,open,ACTUATOR_ACTIVE,TRAJECTORY_RUNNING,24.0,54,33,-1,32.29,54,0,0.0,0.0,0.0,1.99,1.9,3.35
2026-07-29T13:54:30.527,902.406,213,open,ACTUATOR_ACTIVE,TRAJECTORY_RUNNING,24.0,57,8,9,2.29,57,0,0.0,0.0,0.0,0.41,0.38,0.47
2026-07-29T13:54:31.631,903.5,214,close,ACTUATOR_ACTIVE,TRAJECTORY_RUNNING,24.0,57,10,17,4.02,57,0,0.0,0.0,0.0,0.37,0.35,0.42
2026-07-29T13:54:32.637,904.516,214,close,ACTUATOR_ACTIVE,TRAJECTORY_RUNNING,24.0,57,33,0,83.67,57,0,0.0,0.0,0.0,2.05,1.73,2.91
2026-07-29T13:54:33.743,905.625,214,open,ACTUATOR_ACTIVE,TRAJECTORY_RUNNING,24.0,56,33,-3,37.04,56,0,0.0,0.0,0.0,2.09,1.74,3.17
2026-07-29T13:54:34.735,906.609,214,open,ACTUATOR_ACTIVE,TRAJECTORY_RUNNING,24.0,56,8,10,2.3,56,0,0.0,0.0,0.0,0.43,0.4,0.45
2026-07-29T13:54:35.859,907.734,215,close,ACTUATOR_ACTIVE,TRAJECTORY_RUNNING,24.0,56,10,14,5.81,56,0,0.0,0.0,0.0,0.38,0.36,0.4
2026-07-29T13:54:36.853,908.734,215,close,ACTUATOR_ACTIVE,TRAJECTORY_RUNNING,24.0,56,33,-1,79.93,56,0,0.0,0.0,0.0,1.98,1.86,3.08
2026-07-29T13:54:37.958,909.828,215,open,ACTUATOR_ACTIVE,TRAJECTORY_RUNNING,24.0,57,33,-3,35.97,57,0,0.0,0.0,0.0,1.99,1.88,3.28
2026-07-29T13:54:38.967,910.844,215,open,ACTUATOR_ACTIVE,TRAJECTORY_RUNNING,24.0,57,8,10,2.81,57,0,0.0,0.0,0.0,0.42,0.38,0.4
2026-07-29T13:54:40.071,911.953,216,close,ACTUATOR_ACTIVE,TRAJECTORY_RUNNING,24.0,57,10,19,4.26,57,0,0.0,0.0,0.0,0.37,0.35,0.36
2026-07-29T13:54:41.067,912.938,216,close,ACTUATOR_ACTIVE,TRAJECTORY_RUNNING,24.0,57,33,0,86.05,57,0,0.0,0.0,0.0,2.07,1.69,2.83
2026-07-29T13:54:42.186,914.063,216,open,ACTUATOR_ACTIVE,TRAJECTORY_RUNNING,24.0,57,33,-3,39.45,57,0,0.0,0.0,0.0,2.1,1.73,3.2
2026-07-29T13:54:43.200,915.078,216,open,ACTUATOR_ACTIVE,TRAJECTORY_RUNNING,24.0,57,8,7,3.71,57,0,0.0,0.0,0.0,0.42,0.4,0.42
2026-07-29T13:54:44.306,916.188,217,close,ACTUATOR_ACTIVE,TRAJECTORY_RUNNING,24.0,57,10,14,3.35,57,0,0.0,0.0,0.0,0.38,0.37,0.37
2026-07-29T13:54:45.295,917.172,217,close,ACTUATOR_ACTIVE,TRAJECTORY_RUNNING,24.0,57,32,0,31.96,57,0,0.0,0.0,0.0,1.29,2.14,4.66
2026-07-29T13:54:46.413,918.281,217,open,ACTUATOR_ACTIVE,TRAJECTORY_RUNNING,24.0,60,32,-16,6.93,60,0,0.0,0.0,0.0,1.18,1.34,2.87
2026-07-29T13:54:47.426,919.297,217,open,ACTUATOR_ACTIVE,TRAJECTORY_COMPLETE,24.0,60,10,3,1.25,60,0,0.0,0.0,0.0,0.38,0.36,0.4
2026-07-29T13:54:48.539,920.406,218,close,ACTUATOR_ACTIVE,TRAJECTORY_RUNNING,24.0,60,10,17,4.71,60,0,0.0,0.0,0.0,0.36,0.35,0.36
2026-07-29T13:54:49.539,921.406,218,close,ACTUATOR_ACTIVE,TRAJECTORY_RUNNING,24.0,60,33,0,80.08,60,0,0.0,0.0,0.0,1.96,1.89,3.12
2026-07-29T13:54:50.635,922.516,218,open,ACTUATOR_ACTIVE,TRAJECTORY_RUNNING,24.0,56,33,-2,37.68,56,0,0.0,0.0,0.0,1.97,1.9,3.3
2026-07-29T13:54:51.633,923.516,218,open,ACTUATOR_ACTIVE,TRAJECTORY_RUNNING,24.0,56,8,7,4.0,56,0,0.0,0.0,0.0,0.42,0.37,0.4
2026-07-29T13:54:52.738,924.609,219,close,ACTUATOR_ACTIVE,TRAJECTORY_RUNNING,24.0,56,10,19,3.46,56,0,0.0,0.0,0.0,0.38,0.34,0.34
2026-07-29T13:54:53.755,925.625,219,close,ACTUATOR_ACTIVE,TRAJECTORY_RUNNING,24.0,59,33,0,77.53,59,0,0.0,0.0,0.0,1.99,1.85,3.08
2026-07-29T13:54:54.858,926.734,219,open,ACTUATOR_ACTIVE,TRAJECTORY_RUNNING,24.0,59,33,-1,38.62,59,0,0.0,0.0,0.0,2.0,1.87,3.31
2026-07-29T13:54:55.853,927.734,219,open,ACTUATOR_ACTIVE,TRAJECTORY_COMPLETE,24.0,59,9,1,-0.21,59,0,0.0,0.0,0.0,0.42,0.38,0.38
2026-07-29T13:54:56.956,928.828,220,close,ACTUATOR_ACTIVE,TRAJECTORY_RUNNING,24.0,59,10,14,5.05,59,0,0.0,0.0,0.0,0.37,0.34,0.34
2026-07-29T13:54:57.969,929.844,220,close,ACTUATOR_ACTIVE,TRAJECTORY_RUNNING,24.0,57,33,-1,83.33,57,0,0.0,0.0,0.0,2.01,1.83,3.09
2026-07-29T13:54:59.078,930.953,220,open,ACTUATOR_ACTIVE,TRAJECTORY_RUNNING,24.0,57,33,-3,38.08,57,0,0.0,0.0,0.0,2.11,1.69,3.05
2026-07-29T13:55:00.073,931.953,220,open,ACTUATOR_ACTIVE,TRAJECTORY_COMPLETE,24.0,57,9,0,-0.7,57,0,0.0,0.0,0.0,0.42,0.39,0.39
2026-07-29T13:55:01.181,933.063,221,close,ACTUATOR_ACTIVE,TRAJECTORY_RUNNING,24.0,57,10,18,3.26,57,0,0.0,0.0,0.0,0.37,0.35,0.35
2026-07-29T13:55:02.178,934.047,221,close,ACTUATOR_ACTIVE,TRAJECTORY_RUNNING,24.0,57,32,0,32.01,57,0,0.0,0.0,0.0,1.26,2.15,4.57
2026-07-29T13:55:03.301,935.172,221,open,ACTUATOR_ACTIVE,TRAJECTORY_RUNNING,24.0,57,32,-16,7.13,57,0,0.0,0.0,0.0,1.46,1.97,4.98
2026-07-29T13:55:04.298,936.172,221,open,ACTUATOR_ACTIVE,TRAJECTORY_COMPLETE,24.0,57,10,7,0.72,57,0,0.0,0.0,0.0,0.38,0.34,0.35
2026-07-29T13:55:05.406,937.281,222,close,ACTUATOR_ACTIVE,TRAJECTORY_RUNNING,24.0,57,10,19,2.27,57,0,0.0,0.0,0.0,0.35,0.33,0.33
2026-07-29T13:55:06.401,938.281,222,close,ACTUATOR_ACTIVE,TRAJECTORY_RUNNING,24.0,61,33,0,82.29,61,0,0.0,0.0,0.0,2.0,1.85,3.07
2026-07-29T13:55:07.510,939.391,222,open,ACTUATOR_ACTIVE,TRAJECTORY_RUNNING,24.0,61,33,-2,38.95,61,0,0.0,0.0,0.0,2.01,1.87,3.33
2026-07-29T13:55:08.504,940.375,222,open,ACTUATOR_ACTIVE,TRAJECTORY_RUNNING,24.0,61,8,9,2.41,61,0,0.0,0.0,0.0,0.42,0.37,0.39
2026-07-29T13:55:09.628,941.5,223,close,ACTUATOR_ACTIVE,TRAJECTORY_RUNNING,24.0,61,10,16,4.81,61,0,0.0,0.0,0.0,0.38,0.33,0.35
2026-07-29T13:55:10.624,942.5,223,close,ACTUATOR_ACTIVE,TRAJECTORY_RUNNING,24.0,57,32,0,33.95,57,0,0.0,0.0,0.0,1.25,2.14,4.52
2026-07-29T13:55:11.728,943.609,223,open,ACTUATOR_ACTIVE,TRAJECTORY_RUNNING,24.0,57,32,-15,7.89,57,0,0.0,0.0,0.0,1.4,1.99,4.74
2026-07-29T13:55:12.724,944.594,223,open,ACTUATOR_ACTIVE,TRAJECTORY_COMPLETE,24.0,57,10,10,-0.25,57,0,0.0,0.0,0.0,0.37,0.33,0.36
2026-07-29T13:55:13.844,945.719,224,close,ACTUATOR_ACTIVE,TRAJECTORY_RUNNING,24.0,59,10,19,3.64,59,0,0.0,0.0,0.0,0.35,0.32,0.32
2026-07-29T13:55:14.835,946.703,224,close,ACTUATOR_ACTIVE,TRAJECTORY_RUNNING,24.0,59,33,0,83.19,59,0,0.0,0.0,0.0,2.0,1.85,3.07
2026-07-29T13:55:15.962,947.828,224,open,ACTUATOR_ACTIVE,TRAJECTORY_RUNNING,24.0,59,33,0,34.58,59,0,0.0,0.0,0.0,1.99,1.88,3.29
2026-07-29T13:55:16.983,948.859,224,open,ACTUATOR_ACTIVE,TRAJECTORY_RUNNING,24.0,59,9,12,4.03,59,0,0.0,0.0,0.0,0.42,0.36,0.38
2026-07-29T13:55:18.077,949.953,225,close,ACTUATOR_ACTIVE,TRAJECTORY_RUNNING,24.0,58,10,16,3.54,58,0,0.0,0.0,0.0,0.37,0.33,0.34
2026-07-29T13:55:19.068,950.938,225,close,ACTUATOR_ACTIVE,TRAJECTORY_RUNNING,24.0,58,33,1,80.01,58,0,0.0,0.0,0.0,1.99,1.87,3.13
2026-07-29T13:55:20.193,952.063,225,open,ACTUATOR_ACTIVE,TRAJECTORY_RUNNING,24.0,58,33,0,31.68,58,0,0.0,0.0,0.0,1.99,1.89,3.31
2026-07-29T13:55:21.188,953.063,225,open,ACTUATOR_ACTIVE,TRAJECTORY_COMPLETE,24.0,58,9,-1,-0.6,58,0,0.0,0.0,0.0,0.41,0.36,0.38
2026-07-29T13:55:22.295,954.172,226,close,ACTUATOR_ACTIVE,TRAJECTORY_RUNNING,24.0,57,10,19,3.52,57,0,0.0,0.0,0.0,0.37,0.33,0.34
2026-07-29T13:55:23.293,955.172,226,close,ACTUATOR_ACTIVE,TRAJECTORY_RUNNING,24.0,57,33,0,82.19,57,0,0.0,0.0,0.0,2.02,1.79,2.98
2026-07-29T13:55:24.402,956.281,226,open,ACTUATOR_ACTIVE,TRAJECTORY_RUNNING,24.0,57,33,-2,37.65,57,0,0.0,0.0,0.0,2.11,1.65,2.9
2026-07-29T13:55:25.403,957.281,226,open,ACTUATOR_ACTIVE,TRAJECTORY_COMPLETE,24.0,57,9,1,-0.09,57,0,0.0,0.0,0.0,0.43,0.39,0.41
2026-07-29T13:55:26.507,958.375,227,close,ACTUATOR_ACTIVE,TRAJECTORY_RUNNING,24.0,58,10,18,4.78,58,0,0.0,0.0,0.0,0.38,0.35,0.36
2026-07-29T13:55:27.518,959.391,227,close,ACTUATOR_ACTIVE,TRAJECTORY_RUNNING,24.0,58,32,0,30.63,58,0,0.0,0.0,0.0,1.23,2.13,4.42
2026-07-29T13:55:28.627,960.5,227,open,ACTUATOR_ACTIVE,TRAJECTORY_RUNNING,24.0,58,32,-15,6.9,58,0,0.0,0.0,0.0,1.26,2.07,4.43
2026-07-29T13:55:29.625,961.5,227,open,ACTUATOR_ACTIVE,TRAJECTORY_COMPLETE,24.0,58,10,8,0.76,58,0,0.0,0.0,0.0,0.39,0.34,0.35
2026-07-29T13:55:30.731,962.609,228,close,ACTUATOR_ACTIVE,TRAJECTORY_RUNNING,24.0,55,10,18,3.35,55,0,0.0,0.0,0.0,0.36,0.33,0.31
2026-07-29T13:55:31.730,963.609,228,close,ACTUATOR_ACTIVE,TRAJECTORY_RUNNING,24.0,55,32,0,29.53,55,0,0.0,0.0,0.0,1.22,2.11,4.38
2026-07-29T13:55:32.839,964.719,228,open,ACTUATOR_ACTIVE,TRAJECTORY_RUNNING,24.0,55,32,-15,4.02,55,0,0.0,0.0,0.0,1.43,1.94,4.78
2026-07-29T13:55:33.834,965.703,228,open,ACTUATOR_ACTIVE,TRAJECTORY_COMPLETE,24.0,57,10,12,0.04,57,0,0.0,0.0,0.0,0.38,0.32,0.34
2026-07-29T13:55:34.956,966.828,229,close,ACTUATOR_ACTIVE,TRAJECTORY_RUNNING,24.0,57,10,19,2.84,57,0,0.0,0.0,0.0,0.36,0.31,0.31
2026-07-29T13:55:35.950,967.828,229,close,ACTUATOR_ACTIVE,TRAJECTORY_RUNNING,24.0,57,33,0,85.31,57,0,0.0,0.0,0.0,1.98,1.83,2.95
2026-07-29T13:55:37.060,968.938,229,open,ACTUATOR_ACTIVE,TRAJECTORY_RUNNING,24.0,57,33,-3,32.22,57,0,0.0,0.0,0.0,1.97,1.88,3.21
2026-07-29T13:55:38.054,969.922,229,open,ACTUATOR_ACTIVE,TRAJECTORY_RUNNING,24.0,58,8,10,2.51,58,0,0.0,0.0,0.0,0.42,0.36,0.39
2026-07-29T13:55:39.176,971.047,230,close,ACTUATOR_ACTIVE,TRAJECTORY_RUNNING,24.0,58,10,14,3.64,58,0,0.0,0.0,0.0,0.38,0.32,0.32
2026-07-29T13:55:40.170,972.047,230,close,ACTUATOR_ACTIVE,TRAJECTORY_RUNNING,24.0,58,32,0,32.23,58,0,0.0,0.0,0.0,1.2,2.14,4.35
2026-07-29T13:55:41.274,973.141,230,open,ACTUATOR_ACTIVE,TRAJECTORY_RUNNING,24.0,58,32,-16,7.37,58,0,0.0,0.0,0.0,1.27,2.03,4.42
2026-07-29T13:55:42.286,974.156,230,open,ACTUATOR_ACTIVE,TRAJECTORY_COMPLETE,24.0,55,9,0,-0.22,55,0,0.0,0.0,0.0,0.38,0.31,0.32
2026-07-29T13:55:43.393,975.266,231,close,ACTUATOR_ACTIVE,TRAJECTORY_RUNNING,24.0,55,10,17,3.8,55,0,0.0,0.0,0.0,0.36,0.3,0.31
2026-07-29T13:55:44.387,976.266,231,close,ACTUATOR_ACTIVE,TRAJECTORY_RUNNING,24.0,55,33,0,78.97,55,0,0.0,0.0,0.0,1.99,1.81,2.89
2026-07-29T13:55:45.487,977.359,231,open,ACTUATOR_ACTIVE,TRAJECTORY_RUNNING,24.0,55,33,-2,39.9,55,0,0.0,0.0,0.0,2.0,1.85,3.18
2026-07-29T13:55:46.483,978.359,231,open,ACTUATOR_ACTIVE,TRAJECTORY_RUNNING,24.0,56,8,9,1.82,56,0,0.0,0.0,0.0,0.42,0.35,0.39
2026-07-29T13:55:47.587,979.453,232,close,ACTUATOR_ACTIVE,TRAJECTORY_RUNNING,24.0,56,10,18,4.69,56,0,0.0,0.0,0.0,0.37,0.32,0.34
2026-07-29T13:55:48.598,980.469,232,close,ACTUATOR_ACTIVE,TRAJECTORY_RUNNING,24.0,56,33,0,82.61,56,0,0.0,0.0,0.0,2.01,1.78,2.86
2026-07-29T13:55:49.700,981.578,232,open,ACTUATOR_ACTIVE,TRAJECTORY_RUNNING,24.0,58,33,-1,39.35,58,0,0.0,0.0,0.0,2.03,1.82,3.19
2026-07-29T13:55:50.694,982.563,232,open,ACTUATOR_ACTIVE,TRAJECTORY_RUNNING,24.0,58,8,9,3.09,58,0,0.0,0.0,0.0,0.42,0.36,0.4
2026-07-29T13:55:51.818,983.688,233,close,ACTUATOR_ACTIVE,TRAJECTORY_RUNNING,24.0,58,10,19,2.98,58,0,0.0,0.0,0.0,0.39,0.33,0.37
2026-07-29T13:55:52.809,984.688,233,close,ACTUATOR_ACTIVE,TRAJECTORY_RUNNING,24.0,58,33,0,80.97,58,0,0.0,0.0,0.0,2.02,1.76,2.86
2026-07-29T13:55:53.919,985.797,233,open,ACTUATOR_ACTIVE,TRAJECTORY_RUNNING,24.0,57,33,-4,35.64,57,0,0.0,0.0,0.0,2.03,1.82,3.17
2026-07-29T13:55:54.917,986.781,233,open,ACTUATOR_ACTIVE,TRAJECTORY_RUNNING,24.0,57,8,11,1.71,57,0,0.0,0.0,0.0,0.44,0.38,0.41
2026-07-29T13:55:56.043,987.922,234,close,ACTUATOR_ACTIVE,TRAJECTORY_RUNNING,24.0,57,10,18,4.29,57,0,0.0,0.0,0.0,0.39,0.33,0.38
2026-07-29T13:55:57.040,988.906,234,close,ACTUATOR_ACTIVE,TRAJECTORY_RUNNING,24.0,57,33,0,73.37,57,0,0.0,0.0,0.0,2.05,1.68,2.68
2026-07-29T13:55:58.163,990.031,234,open,ACTUATOR_ACTIVE,TRAJECTORY_RUNNING,24.0,61,33,-4,36.73,61,0,0.0,0.0,0.0,2.09,1.64,2.73
2026-07-29T13:55:59.159,991.031,234,open,ACTUATOR_ACTIVE,TRAJECTORY_RUNNING,24.0,61,8,9,1.97,61,0,0.0,0.0,0.0,0.44,0.39,0.42
2026-07-29T13:56:00.265,992.141,235,close,ACTUATOR_ACTIVE,TRAJECTORY_RUNNING,24.0,61,10,15,3.56,61,0,0.0,0.0,0.0,0.39,0.35,0.39
2026-07-29T13:56:01.259,993.125,235,close,ACTUATOR_ACTIVE,TRAJECTORY_RUNNING,24.0,61,32,0,32.42,61,0,0.0,0.0,0.0,1.17,2.14,4.24
2026-07-29T13:56:02.381,994.25,235,open,ACTUATOR_ACTIVE,TRAJECTORY_RUNNING,24.0,56,32,-15,7.5,56,0,0.0,0.0,0.0,1.27,2.01,4.4
2026-07-29T13:56:03.376,995.25,235,open,ACTUATOR_ACTIVE,TRAJECTORY_COMPLETE,24.0,56,10,3,-0.23,56,0,0.0,0.0,0.0,0.39,0.34,0.36
2026-07-29T13:56:04.481,996.359,236,close,ACTUATOR_ACTIVE,TRAJECTORY_RUNNING,24.0,56,10,18,3.47,56,0,0.0,0.0,0.0,0.38,0.32,0.34
2026-07-29T13:56:05.477,997.344,236,close,ACTUATOR_ACTIVE,TRAJECTORY_RUNNING,24.0,56,33,0,80.51,56,0,0.0,0.0,0.0,2.02,1.76,2.8
2026-07-29T13:56:06.600,998.469,236,open,ACTUATOR_ACTIVE,TRAJECTORY_RUNNING,24.0,56,33,-1,37.58,56,0,0.0,0.0,0.0,2.05,1.76,3.02
2026-07-29T13:56:07.590,999.453,236,open,ACTUATOR_ACTIVE,TRAJECTORY_RUNNING,24.0,56,8,7,0.4,56,0,0.0,0.0,0.0,0.43,0.37,0.4
2026-07-29T13:56:08.706,1000.578,237,close,ACTUATOR_ACTIVE,TRAJECTORY_RUNNING,24.0,56,10,16,3.35,56,0,0.0,0.0,0.0,0.38,0.33,0.37
2026-07-29T13:56:09.715,1001.578,237,close,ACTUATOR_ACTIVE,TRAJECTORY_RUNNING,24.0,58,33,-1,82.49,58,0,0.0,0.0,0.0,2.03,1.75,2.85
2026-07-29T13:56:10.834,1002.703,237,open,ACTUATOR_ACTIVE,TRAJECTORY_RUNNING,24.0,58,33,-3,41.97,58,0,0.0,0.0,0.0,2.05,1.78,3.11
2026-07-29T13:56:11.845,1003.719,237,open,ACTUATOR_ACTIVE,TRAJECTORY_RUNNING,24.0,58,9,11,3.77,58,0,0.0,0.0,0.0,0.43,0.38,0.41
2026-07-29T13:56:12.949,1004.813,238,close,ACTUATOR_ACTIVE,TRAJECTORY_RUNNING,24.0,58,10,15,4.17,58,0,0.0,0.0,0.0,0.39,0.33,0.37
2026-07-29T13:56:13.962,1005.828,238,close,ACTUATOR_ACTIVE,TRAJECTORY_RUNNING,24.0,56,33,0,76.93,56,0,0.0,0.0,0.0,2.04,1.69,2.66
2026-07-29T13:56:15.071,1006.938,238,open,ACTUATOR_ACTIVE,TRAJECTORY_RUNNING,24.0,56,33,-1,37.3,56,0,0.0,0.0,0.0,2.08,1.62,2.62
2026-07-29T13:56:16.067,1007.938,238,open,ACTUATOR_ACTIVE,TRAJECTORY_RUNNING,24.0,56,8,11,1.98,56,0,0.0,0.0,0.0,0.43,0.39,0.41
2026-07-29T13:56:17.171,1009.047,239,close,ACTUATOR_ACTIVE,TRAJECTORY_RUNNING,24.0,56,10,18,3.24,56,0,0.0,0.0,0.0,0.39,0.35,0.38
2026-07-29T13:56:18.170,1010.047,239,close,ACTUATOR_ACTIVE,TRAJECTORY_RUNNING,24.0,60,32,0,30.11,60,0,0.0,0.0,0.0,1.15,2.13,4.16
2026-07-29T13:56:19.279,1011.156,239,open,ACTUATOR_ACTIVE,TRAJECTORY_RUNNING,24.0,60,32,-16,7.61,60,0,0.0,0.0,0.0,1.18,2.07,4.18
2026-07-29T13:56:20.277,1012.141,239,open,ACTUATOR_ACTIVE,TRAJECTORY_COMPLETE,24.0,60,10,6,-0.29,60,0,0.0,0.0,0.0,0.4,0.33,0.36
2026-07-29T13:56:21.402,1013.266,240,close,ACTUATOR_ACTIVE,TRAJECTORY_RUNNING,24.0,60,10,17,3.33,60,0,0.0,0.0,0.0,0.38,0.31,0.34
2026-07-29T13:56:22.414,1014.281,240,close,ACTUATOR_ACTIVE,TRAJECTORY_RUNNING,24.0,57,32,0,33.51,57,0,0.0,0.0,0.0,1.14,2.1,4.14
2026-07-29T13:56:23.524,1015.391,240,open,ACTUATOR_ACTIVE,TRAJECTORY_RUNNING,24.0,57,32,-15,6.14,57,0,0.0,0.0,0.0,1.17,2.04,4.16
2026-07-29T13:56:24.518,1016.391,240,open,ACTUATOR_ACTIVE,TRAJECTORY_COMPLETE,24.0,57,10,-1,-0.35,57,0,0.0,0.0,0.0,0.39,0.32,0.35
2026-07-29T13:56:25.623,1017.5,241,close,ACTUATOR_ACTIVE,TRAJECTORY_RUNNING,24.0,57,10,16,4.67,57,0,0.0,0.0,0.0,0.38,0.31,0.33
2026-07-29T13:56:26.617,1018.484,241,close,ACTUATOR_ACTIVE,TRAJECTORY_RUNNING,24.0,56,33,0,80.75,56,0,0.0,0.0,0.0,2.02,1.71,2.62
2026-07-29T13:56:27.736,1019.609,241,open,ACTUATOR_ACTIVE,TRAJECTORY_RUNNING,24.0,56,33,-4,44.22,56,0,0.0,0.0,0.0,2.04,1.76,3.02
2026-07-29T13:56:28.734,1020.609,241,open,ACTUATOR_ACTIVE,TRAJECTORY_COMPLETE,24.0,56,9,0,-0.78,56,0,0.0,0.0,0.0,0.43,0.37,0.38
2026-07-29T13:56:29.844,1021.719,242,close,ACTUATOR_ACTIVE,TRAJECTORY_RUNNING,24.0,59,10,17,3.81,59,0,0.0,0.0,0.0,0.39,0.33,0.36
2026-07-29T13:56:30.844,1022.719,242,close,ACTUATOR_ACTIVE,TRAJECTORY_RUNNING,24.0,59,33,0,80.83,59,0,0.0,0.0,0.0,2.03,1.68,2.58
2026-07-29T13:56:31.951,1023.813,242,open,ACTUATOR_ACTIVE,TRAJECTORY_RUNNING,24.0,59,33,-3,35.55,59,0,0.0,0.0,0.0,2.06,1.6,2.45
2026-07-29T13:56:32.954,1024.828,242,open,ACTUATOR_ACTIVE,TRAJECTORY_RUNNING,24.0,59,8,12,2.95,59,0,0.0,0.0,0.0,0.44,0.38,0.38
2026-07-29T13:56:34.060,1025.922,243,close,ACTUATOR_ACTIVE,TRAJECTORY_RUNNING,24.0,57,10,16,4.77,57,0,0.0,0.0,0.0,0.39,0.34,0.35
2026-07-29T13:56:35.069,1026.938,243,close,ACTUATOR_ACTIVE,TRAJECTORY_RUNNING,24.0,57,33,0,82.86,57,0,0.0,0.0,0.0,2.01,1.58,2.05
2026-07-29T13:56:36.174,1028.047,243,open,ACTUATOR_ACTIVE,TRAJECTORY_RUNNING,24.0,57,33,-3,37.93,57,0,0.0,0.0,0.0,2.07,1.63,2.54
2026-07-29T13:56:37.164,1029.031,243,open,ACTUATOR_ACTIVE,TRAJECTORY_RUNNING,24.0,57,8,9,3.65,57,0,0.0,0.0,0.0,0.44,0.4,0.4
2026-07-29T13:56:38.286,1030.156,244,close,ACTUATOR_ACTIVE,TRAJECTORY_RUNNING,24.0,59,10,18,4.09,59,0,0.0,0.0,0.0,0.39,0.35,0.37
2026-07-29T13:56:39.282,1031.156,244,close,ACTUATOR_ACTIVE,TRAJECTORY_RUNNING,24.0,59,33,1,78.5,59,0,0.0,0.0,0.0,2.04,1.63,2.4
2026-07-29T13:56:40.389,1032.266,244,open,ACTUATOR_ACTIVE,TRAJECTORY_RUNNING,24.0,59,33,-3,37.09,59,0,0.0,0.0,0.0,2.06,1.61,2.43
2026-07-29T13:56:41.383,1033.25,244,open,ACTUATOR_ACTIVE,TRAJECTORY_RUNNING,24.0,59,8,7,2.67,59,0,0.0,0.0,0.0,0.43,0.4,0.41
2026-07-29T13:56:42.507,1034.375,245,close,ACTUATOR_ACTIVE,TRAJECTORY_RUNNING,24.0,57,10,18,4.94,57,0,0.0,0.0,0.0,0.39,0.35,0.37
2026-07-29T13:56:43.495,1035.359,245,close,ACTUATOR_ACTIVE,TRAJECTORY_RUNNING,24.0,57,33,0,81.95,57,0,0.0,0.0,0.0,2.02,1.58,2.11
2026-07-29T13:56:44.617,1036.484,245,open,ACTUATOR_ACTIVE,TRAJECTORY_RUNNING,24.0,57,33,-2,37.84,57,0,0.0,0.0,0.0,2.05,1.62,2.41
2026-07-29T13:56:45.613,1037.484,245,open,ACTUATOR_ACTIVE,TRAJECTORY_COMPLETE,24.0,57,9,0,-0.56,57,0,0.0,0.0,0.0,0.44,0.39,0.42
2026-07-29T13:56:46.719,1038.594,246,close,ACTUATOR_ACTIVE,TRAJECTORY_RUNNING,24.0,58,10,16,3.93,58,0,0.0,0.0,0.0,0.39,0.35,0.39
2026-07-29T13:56:47.713,1039.578,246,close,ACTUATOR_ACTIVE,TRAJECTORY_RUNNING,24.0,58,33,0,79.23,58,0,0.0,0.0,0.0,2.03,1.64,2.45
2026-07-29T13:56:48.830,1040.703,246,open,ACTUATOR_ACTIVE,TRAJECTORY_RUNNING,24.0,58,33,-2,36.45,58,0,0.0,0.0,0.0,2.05,1.59,2.31
2026-07-29T13:56:49.829,1041.703,246,open,ACTUATOR_ACTIVE,TRAJECTORY_RUNNING,24.0,58,8,10,3.08,58,0,0.0,0.0,0.0,0.44,0.4,0.41
2026-07-29T13:56:50.931,1042.797,247,close,ACTUATOR_ACTIVE,TRAJECTORY_RUNNING,24.0,58,10,16,3.56,58,0,0.0,0.0,0.0,0.39,0.35,0.38
2026-07-29T13:56:51.944,1043.813,247,close,ACTUATOR_ACTIVE,TRAJECTORY_RUNNING,24.0,58,33,0,78.08,58,0,0.0,0.0,0.0,2.0,1.57,1.92
2026-07-29T13:56:53.044,1044.906,247,open,ACTUATOR_ACTIVE,TRAJECTORY_RUNNING,24.0,58,33,-2,35.72,58,0,0.0,0.0,0.0,2.05,1.6,2.34
2026-07-29T13:56:54.059,1045.922,247,open,ACTUATOR_ACTIVE,TRAJECTORY_RUNNING,24.0,61,9,10,3.77,61,0,0.0,0.0,0.0,0.44,0.4,0.4
2026-07-29T13:56:55.165,1047.031,248,close,ACTUATOR_ACTIVE,TRAJECTORY_RUNNING,24.0,61,10,18,3.49,61,0,0.0,0.0,0.0,0.38,0.35,0.38
2026-07-29T13:56:56.172,1048.047,248,close,ACTUATOR_ACTIVE,TRAJECTORY_RUNNING,24.0,61,32,0,31.95,61,0,0.0,0.0,0.0,1.1,2.12,4.02
2026-07-29T13:56:57.281,1049.156,248,open,ACTUATOR_ACTIVE,TRAJECTORY_RUNNING,24.0,61,32,-15,7.74,61,0,0.0,0.0,0.0,1.27,1.95,4.4
2026-07-29T13:56:58.281,1050.156,248,open,ACTUATOR_ACTIVE,TRAJECTORY_COMPLETE,24.0,59,9,2,1.32,59,0,0.0,0.0,0.0,0.4,0.34,0.36
2026-07-29T13:56:59.395,1051.266,249,close,ACTUATOR_ACTIVE,TRAJECTORY_RUNNING,24.0,59,10,17,5.73,59,0,0.0,0.0,0.0,0.38,0.32,0.33
2026-07-29T13:57:00.390,1052.266,249,close,ACTUATOR_ACTIVE,TRAJECTORY_RUNNING,24.0,59,33,-1,85.17,59,0,0.0,0.0,0.0,2.02,1.64,2.38
2026-07-29T13:57:01.497,1053.359,249,open,ACTUATOR_ACTIVE,TRAJECTORY_RUNNING,24.0,59,33,-3,36.89,59,0,0.0,0.0,0.0,2.05,1.7,2.8
2026-07-29T13:57:02.507,1054.375,249,open,ACTUATOR_ACTIVE,TRAJECTORY_RUNNING,24.0,54,9,12,3.1,54,0,0.0,0.0,0.0,0.43,0.38,0.38
2026-07-29T13:57:03.615,1055.484,250,close,ACTUATOR_ACTIVE,TRAJECTORY_RUNNING,24.0,54,10,16,3.85,54,0,0.0,0.0,0.0,0.4,0.34,0.35
2026-07-29T13:57:04.610,1056.484,250,close,ACTUATOR_ACTIVE,TRAJECTORY_RUNNING,24.0,54,33,0,83.43,54,0,0.0,0.0,0.0,1.99,1.54,1.77
2026-07-29T13:57:05.717,1057.578,250,open,ACTUATOR_ACTIVE,TRAJECTORY_RUNNING,24.0,58,33,-1,38.89,58,0,0.0,0.0,0.0,2.03,1.59,2.2
2026-07-29T13:57:06.728,1058.594,250,open,ACTUATOR_ACTIVE,TRAJECTORY_RUNNING,24.0,58,9,11,3.67,58,0,0.0,0.0,0.0,0.43,0.4,0.39
2026-07-29T13:57:07.835,1059.703,251,close,ACTUATOR_ACTIVE,TRAJECTORY_RUNNING,24.0,58,10,19,2.79,58,0,0.0,0.0,0.0,0.39,0.35,0.36
2026-07-29T13:57:08.827,1060.688,251,close,ACTUATOR_ACTIVE,TRAJECTORY_RUNNING,24.0,58,33,0,76.32,58,0,0.0,0.0,0.0,2.02,1.62,2.29
2026-07-29T13:57:09.948,1061.813,251,open,ACTUATOR_ACTIVE,TRAJECTORY_RUNNING,24.0,58,33,-2,40.74,58,0,0.0,0.0,0.0,2.02,1.57,2.08
2026-07-29T13:57:10.945,1062.813,251,open,ACTUATOR_ACTIVE,TRAJECTORY_RUNNING,24.0,58,8,9,1.83,58,0,0.0,0.0,0.0,0.45,0.4,0.37
2026-07-29T13:57:12.049,1063.922,252,close,ACTUATOR_ACTIVE,TRAJECTORY_RUNNING,24.0,58,10,18,4.08,58,0,0.0,0.0,0.0,0.39,0.35,0.35
2026-07-29T13:57:13.041,1064.906,252,close,ACTUATOR_ACTIVE,TRAJECTORY_RUNNING,24.0,58,33,0,79.82,58,0,0.0,0.0,0.0,1.96,1.52,1.56
2026-07-29T13:57:14.162,1066.031,252,open,ACTUATOR_ACTIVE,TRAJECTORY_RUNNING,24.0,54,33,-4,40.43,54,0,0.0,0.0,0.0,2.02,1.59,2.12
2026-07-29T13:57:15.159,1067.031,252,open,ACTUATOR_ACTIVE,TRAJECTORY_RUNNING,24.0,54,8,9,2.3,54,0,0.0,0.0,0.0,0.44,0.41,0.35
2026-07-29T13:57:16.260,1068.125,253,close,ACTUATOR_ACTIVE,TRAJECTORY_RUNNING,24.0,54,10,19,3.49,54,0,0.0,0.0,0.0,0.39,0.36,0.34
2026-07-29T13:57:17.271,1069.141,253,close,ACTUATOR_ACTIVE,TRAJECTORY_RUNNING,24.0,54,33,0,80.38,54,0,0.0,0.0,0.0,1.96,1.55,1.63
2026-07-29T13:57:18.377,1070.25,253,open,ACTUATOR_ACTIVE,TRAJECTORY_RUNNING,24.0,56,33,-2,39.12,56,0,0.0,0.0,0.0,2.02,1.59,2.13
2026-07-29T13:57:19.375,1071.234,253,open,ACTUATOR_ACTIVE,TRAJECTORY_RUNNING,24.0,56,8,9,3.7,56,0,0.0,0.0,0.0,0.44,0.41,0.37
2026-07-29T13:57:20.496,1072.359,254,close,ACTUATOR_ACTIVE,TRAJECTORY_RUNNING,24.0,56,10,17,3.21,56,0,0.0,0.0,0.0,0.39,0.36,0.35
2026-07-29T13:57:21.507,1073.375,254,close,ACTUATOR_ACTIVE,TRAJECTORY_RUNNING,24.0,56,32,0,28.39,56,0,0.0,0.0,0.0,1.08,2.11,3.91
2026-07-29T13:57:22.612,1074.484,254,open,ACTUATOR_ACTIVE,TRAJECTORY_RUNNING,24.0,59,32,-14,8.36,59,0,0.0,0.0,0.0,1.12,2.05,3.95
2026-07-29T13:57:23.611,1075.484,254,open,ACTUATOR_ACTIVE,TRAJECTORY_COMPLETE,24.0,59,10,1,0.45,59,0,0.0,0.0,0.0,0.41,0.34,0.34
2026-07-29T13:57:24.711,1076.578,255,close,ACTUATOR_ACTIVE,TRAJECTORY_RUNNING,24.0,59,10,15,3.24,59,0,0.0,0.0,0.0,0.38,0.32,0.32
2026-07-29T13:57:25.726,1077.594,255,close,ACTUATOR_ACTIVE,TRAJECTORY_RUNNING,24.0,59,33,0,86.97,59,0,0.0,0.0,0.0,1.97,1.54,1.68
2026-07-29T13:57:26.830,1078.703,255,open,ACTUATOR_ACTIVE,TRAJECTORY_RUNNING,24.0,59,33,-3,38.82,59,0,0.0,0.0,0.0,2.0,1.58,1.99
2026-07-29T13:57:27.825,1079.688,255,open,ACTUATOR_ACTIVE,TRAJECTORY_COMPLETE,24.0,59,9,2,-0.63,59,0,0.0,0.0,0.0,0.43,0.4,0.36
2026-07-29T13:57:28.946,1080.813,256,close,ACTUATOR_ACTIVE,TRAJECTORY_RUNNING,24.0,59,10,17,3.22,59,0,0.0,0.0,0.0,0.39,0.36,0.36
2026-07-29T13:57:29.937,1081.797,256,close,ACTUATOR_ACTIVE,TRAJECTORY_RUNNING,24.0,57,33,0,86.15,57,0,0.0,0.0,0.0,1.95,1.51,1.45
2026-07-29T13:57:31.063,1082.922,256,open,ACTUATOR_ACTIVE,TRAJECTORY_RUNNING,24.0,57,33,-3,35.92,57,0,0.0,0.0,0.0,2.0,1.58,2.01
2026-07-29T13:57:32.073,1083.938,256,open,ACTUATOR_ACTIVE,TRAJECTORY_RUNNING,24.0,57,9,11,4.28,57,0,0.0,0.0,0.0,0.45,0.42,0.33
2026-07-29T13:57:33.182,1085.047,257,close,ACTUATOR_ACTIVE,TRAJECTORY_RUNNING,24.0,57,10,17,5.01,57,0,0.0,0.0,0.0,0.39,0.36,0.32
2026-07-29T13:57:34.181,1086.047,257,close,ACTUATOR_ACTIVE,TRAJECTORY_RUNNING,24.0,59,33,0,84.36,59,0,0.0,0.0,0.0,1.94,1.54,1.5
2026-07-29T13:57:35.284,1087.156,257,open,ACTUATOR_ACTIVE,TRAJECTORY_RUNNING,24.0,59,33,-3,40.09,59,0,0.0,0.0,0.0,1.99,1.58,1.91
2026-07-29T13:57:36.283,1088.156,257,open,ACTUATOR_ACTIVE,TRAJECTORY_COMPLETE,24.0,59,9,0,-0.86,59,0,0.0,0.0,0.0,0.44,0.42,0.34
2026-07-29T13:57:37.393,1089.266,258,close,ACTUATOR_ACTIVE,TRAJECTORY_RUNNING,24.0,59,10,19,3.69,59,0,0.0,0.0,0.0,0.39,0.37,0.33
2026-07-29T13:57:38.387,1090.25,258,close,ACTUATOR_ACTIVE,TRAJECTORY_RUNNING,24.0,55,33,0,76.3,55,0,0.0,0.0,0.0,1.93,1.54,1.42
2026-07-29T13:57:39.505,1091.375,258,open,ACTUATOR_ACTIVE,TRAJECTORY_RUNNING,24.0,55,33,-2,39.95,55,0,0.0,0.0,0.0,1.99,1.58,1.9
2026-07-29T13:57:40.504,1092.375,258,open,ACTUATOR_ACTIVE,TRAJECTORY_COMPLETE,24.0,55,9,0,-0.52,55,0,0.0,0.0,0.0,0.43,0.42,0.32
2026-07-29T13:57:41.613,1093.484,259,close,ACTUATOR_ACTIVE,TRAJECTORY_RUNNING,24.0,55,10,14,4.17,55,0,0.0,0.0,0.0,0.39,0.37,0.31
2026-07-29T13:57:42.610,1094.469,259,close,ACTUATOR_ACTIVE,TRAJECTORY_RUNNING,24.0,58,33,0,77.92,58,0,0.0,0.0,0.0,1.93,1.54,1.43
2026-07-29T13:57:43.725,1095.594,259,open,ACTUATOR_ACTIVE,TRAJECTORY_RUNNING,24.0,58,33,-3,37.08,58,0,0.0,0.0,0.0,1.98,1.59,1.88
2026-07-29T13:57:44.721,1096.594,259,open,ACTUATOR_ACTIVE,TRAJECTORY_RUNNING,24.0,58,8,8,2.04,58,0,0.0,0.0,0.0,0.45,0.43,0.33
2026-07-29T13:57:45.824,1097.688,260,close,ACTUATOR_ACTIVE,TRAJECTORY_RUNNING,24.0,60,10,18,4.94,60,0,0.0,0.0,0.0,0.4,0.38,0.3
2026-07-29T13:57:46.831,1098.703,260,close,ACTUATOR_ACTIVE,TRAJECTORY_RUNNING,24.0,60,33,0,87.79,60,0,0.0,0.0,0.0,1.92,1.52,1.28
2026-07-29T13:57:47.937,1099.797,260,open,ACTUATOR_ACTIVE,TRAJECTORY_RUNNING,24.0,60,33,-3,36.17,60,0,0.0,0.0,0.0,1.97,1.58,1.83
2026-07-29T13:57:48.951,1100.813,260,open,ACTUATOR_ACTIVE,TRAJECTORY_COMPLETE,24.0,60,9,-1,-0.01,60,0,0.0,0.0,0.0,0.44,0.42,0.33
2026-07-29T13:57:50.053,1101.922,261,close,ACTUATOR_ACTIVE,TRAJECTORY_RUNNING,24.0,58,10,15,3.51,58,0,0.0,0.0,0.0,0.39,0.38,0.32
2026-07-29T13:57:51.048,1102.906,261,close,ACTUATOR_ACTIVE,TRAJECTORY_RUNNING,24.0,58,32,0,31.84,58,0,0.0,0.0,0.0,1.07,2.12,3.83
2026-07-29T13:57:52.162,1104.031,261,open,ACTUATOR_ACTIVE,TRAJECTORY_RUNNING,24.0,58,32,-15,7.94,58,0,0.0,0.0,0.0,1.28,1.59,3.59
2026-07-29T13:57:53.157,1105.016,261,open,ACTUATOR_ACTIVE,TRAJECTORY_COMPLETE,24.0,58,10,7,0.37,58,0,0.0,0.0,0.0,0.4,0.36,0.31
2026-07-29T13:57:54.280,1106.141,262,close,ACTUATOR_ACTIVE,TRAJECTORY_RUNNING,24.0,56,10,16,3.71,56,0,0.0,0.0,0.0,0.38,0.34,0.3
2026-07-29T13:57:55.288,1107.156,262,close,ACTUATOR_ACTIVE,TRAJECTORY_RUNNING,24.0,56,33,0,77.49,56,0,0.0,0.0,0.0,1.98,1.59,1.97
2026-07-29T13:57:56.394,1108.266,262,open,ACTUATOR_ACTIVE,TRAJECTORY_RUNNING,24.0,56,33,-3,39.81,56,0,0.0,0.0,0.0,2.02,1.63,2.38
2026-07-29T13:57:57.390,1109.25,262,open,ACTUATOR_ACTIVE,TRAJECTORY_COMPLETE,24.0,56,9,0,-0.49,56,0,0.0,0.0,0.0,0.45,0.4,0.31
2026-07-29T13:57:58.510,1110.375,263,close,ACTUATOR_ACTIVE,TRAJECTORY_RUNNING,24.0,57,10,14,4.72,57,0,0.0,0.0,0.0,0.41,0.35,0.29
2026-07-29T13:57:59.504,1111.375,263,close,ACTUATOR_ACTIVE,TRAJECTORY_RUNNING,24.0,57,32,0,33.77,57,0,0.0,0.0,0.0,1.06,2.1,3.8
2026-07-29T13:58:00.609,1112.469,263,open,ACTUATOR_ACTIVE,TRAJECTORY_RUNNING,24.0,57,32,-14,7.34,57,0,0.0,0.0,0.0,1.15,1.94,4.15
2026-07-29T13:58:01.620,1113.484,263,open,ACTUATOR_ACTIVE,TRAJECTORY_COMPLETE,24.0,57,10,2,1.94,57,0,0.0,0.0,0.0,0.39,0.34,0.29
2026-07-29T13:58:02.727,1114.594,264,close,ACTUATOR_ACTIVE,TRAJECTORY_RUNNING,24.0,60,10,15,3.0,60,0,0.0,0.0,0.0,0.37,0.32,0.27
2026-07-29T13:58:03.724,1115.594,264,close,ACTUATOR_ACTIVE,TRAJECTORY_RUNNING,24.0,60,33,0,78.05,60,0,0.0,0.0,0.0,1.98,1.58,1.94
2026-07-29T13:58:04.829,1116.688,264,open,ACTUATOR_ACTIVE,TRAJECTORY_RUNNING,24.0,60,33,-3,39.39,60,0,0.0,0.0,0.0,2.02,1.63,2.35
2026-07-29T13:58:05.840,1117.703,264,open,ACTUATOR_ACTIVE,TRAJECTORY_RUNNING,24.0,57,8,11,2.51,57,0,0.0,0.0,0.0,0.45,0.4,0.29
2026-07-29T13:58:06.945,1118.813,265,close,ACTUATOR_ACTIVE,TRAJECTORY_RUNNING,24.0,57,10,15,2.83,57,0,0.0,0.0,0.0,0.41,0.36,0.26
2026-07-29T13:58:07.937,1119.797,265,close,ACTUATOR_ACTIVE,TRAJECTORY_RUNNING,24.0,57,33,0,79.57,57,0,0.0,0.0,0.0,1.88,1.51,1.07
2026-07-29T13:58:09.056,1120.922,265,open,ACTUATOR_ACTIVE,TRAJECTORY_RUNNING,24.0,57,33,0,38.74,57,0,0.0,0.0,0.0,1.95,1.57,1.63
2026-07-29T13:58:10.049,1121.906,265,open,ACTUATOR_ACTIVE,TRAJECTORY_COMPLETE,24.0,58,9,0,-1.31,58,0,0.0,0.0,0.0,0.43,0.42,0.29
2026-07-29T13:58:11.173,1123.031,266,close,ACTUATOR_ACTIVE,TRAJECTORY_RUNNING,24.0,58,10,19,4.32,58,0,0.0,0.0,0.0,0.38,0.37,0.29
2026-07-29T13:58:12.180,1124.047,266,close,ACTUATOR_ACTIVE,TRAJECTORY_RUNNING,24.0,58,33,0,84.04,58,0,0.0,0.0,0.0,1.89,1.48,0.99
2026-07-29T13:58:13.284,1125.141,266,open,ACTUATOR_ACTIVE,TRAJECTORY_RUNNING,24.0,58,33,-3,34.06,58,0,0.0,0.0,0.0,1.95,1.56,1.64
2026-07-29T13:58:14.295,1126.156,266,open,ACTUATOR_ACTIVE,TRAJECTORY_RUNNING,24.0,58,8,12,2.42,58,0,0.0,0.0,0.0,0.45,0.43,0.3
2026-07-29T13:58:15.399,1127.266,267,close,ACTUATOR_ACTIVE,TRAJECTORY_RUNNING,24.0,58,10,18,2.14,58,0,0.0,0.0,0.0,0.39,0.38,0.29
2026-07-29T13:58:16.393,1128.25,267,close,ACTUATOR_ACTIVE,TRAJECTORY_RUNNING,24.0,58,33,0,82.06,58,0,0.0,0.0,0.0,1.88,1.52,1.09
2026-07-29T13:58:17.514,1129.375,267,open,ACTUATOR_ACTIVE,TRAJECTORY_RUNNING,24.0,58,33,-4,34.92,58,0,0.0,0.0,0.0,1.94,1.56,1.58
2026-07-29T13:58:18.515,1130.375,267,open,ACTUATOR_ACTIVE,TRAJECTORY_RUNNING,24.0,58,8,10,2.01,58,0,0.0,0.0,0.0,0.45,0.43,0.3
2026-07-29T13:58:19.622,1131.484,268,close,ACTUATOR_ACTIVE,TRAJECTORY_RUNNING,24.0,58,10,15,3.17,58,0,0.0,0.0,0.0,0.38,0.37,0.3
2026-07-29T13:58:20.621,1132.484,268,close,ACTUATOR_ACTIVE,TRAJECTORY_RUNNING,24.0,58,33,0,83.4,58,0,0.0,0.0,0.0,1.87,1.51,1.01
2026-07-29T13:58:21.728,1133.594,268,open,ACTUATOR_ACTIVE,TRAJECTORY_RUNNING,24.0,59,33,-1,39.06,59,0,0.0,0.0,0.0,1.94,1.56,1.54
2026-07-29T13:58:22.729,1134.594,268,open,ACTUATOR_ACTIVE,TRAJECTORY_RUNNING,24.0,59,8,11,2.73,59,0,0.0,0.0,0.0,0.44,0.43,0.29
2026-07-29T13:58:23.837,1135.703,269,close,ACTUATOR_ACTIVE,TRAJECTORY_RUNNING,24.0,59,10,17,4.0,59,0,0.0,0.0,0.0,0.39,0.39,0.29
2026-07-29T13:58:24.833,1136.703,269,close,ACTUATOR_ACTIVE,TRAJECTORY_RUNNING,24.0,59,32,0,30.03,59,0,0.0,0.0,0.0,1.06,2.09,3.72
2026-07-29T13:58:25.939,1137.797,269,open,ACTUATOR_ACTIVE,TRAJECTORY_RUNNING,24.0,57,32,-15,8.26,57,0,0.0,0.0,0.0,1.09,2.03,3.73
2026-07-29T13:58:26.949,1138.813,269,open,ACTUATOR_ACTIVE,TRAJECTORY_COMPLETE,24.0,57,10,0,0.08,57,0,0.0,0.0,0.0,0.39,0.36,0.28
2026-07-29T13:58:28.052,1139.922,270,close,ACTUATOR_ACTIVE,TRAJECTORY_RUNNING,24.0,57,10,18,4.18,57,0,0.0,0.0,0.0,0.37,0.33,0.28
2026-07-29T13:58:29.051,1140.922,270,close,ACTUATOR_ACTIVE,TRAJECTORY_RUNNING,24.0,57,32,0,29.7,57,0,0.0,0.0,0.0,1.04,2.07,3.7
2026-07-29T13:58:30.161,1142.031,270,open,ACTUATOR_ACTIVE,TRAJECTORY_RUNNING,24.0,59,32,-15,6.95,59,0,0.0,0.0,0.0,1.03,1.95,3.83
2026-07-29T13:58:31.157,1143.016,270,open,ACTUATOR_ACTIVE,TRAJECTORY_COMPLETE,24.0,59,10,1,-0.08,59,0,0.0,0.0,0.0,0.38,0.33,0.28
2026-07-29T13:58:32.285,1144.141,271,close,ACTUATOR_ACTIVE,TRAJECTORY_RUNNING,24.0,59,10,14,4.37,59,0,0.0,0.0,0.0,0.36,0.32,0.27
2026-07-29T13:58:33.284,1145.141,271,close,ACTUATOR_ACTIVE,TRAJECTORY_RUNNING,24.0,59,33,0,83.07,59,0,0.0,0.0,0.0,1.85,1.47,0.81
2026-07-29T13:58:34.390,1146.25,271,open,ACTUATOR_ACTIVE,TRAJECTORY_RUNNING,24.0,60,33,-2,37.66,60,0,0.0,0.0,0.0,1.93,1.56,1.51
2026-07-29T13:58:35.402,1147.266,271,open,ACTUATOR_ACTIVE,TRAJECTORY_RUNNING,24.0,60,8,11,3.42,60,0,0.0,0.0,0.0,0.44,0.42,0.27
2026-07-29T13:58:36.502,1148.359,272,close,ACTUATOR_ACTIVE,TRAJECTORY_RUNNING,24.0,60,10,18,5.12,60,0,0.0,0.0,0.0,0.39,0.37,0.26
2026-07-29T13:58:37.521,1149.391,272,close,ACTUATOR_ACTIVE,TRAJECTORY_RUNNING,24.0,60,32,0,31.77,60,0,0.0,0.0,0.0,1.05,2.07,3.71
2026-07-29T13:58:38.616,1150.484,272,open,ACTUATOR_ACTIVE,TRAJECTORY_RUNNING,24.0,56,32,-17,6.72,56,0,0.0,0.0,0.0,1.07,2.0,3.72
2026-07-29T13:58:39.615,1151.484,272,open,ACTUATOR_ACTIVE,TRAJECTORY_COMPLETE,24.0,56,10,5,0.88,56,0,0.0,0.0,0.0,0.38,0.35,0.26
2026-07-29T13:58:40.725,1152.594,273,close,ACTUATOR_ACTIVE,TRAJECTORY_RUNNING,24.0,56,10,19,3.52,56,0,0.0,0.0,0.0,0.36,0.33,0.24
2026-07-29T13:58:41.726,1153.594,273,close,ACTUATOR_ACTIVE,TRAJECTORY_RUNNING,24.0,56,33,0,78.68,56,0,0.0,0.0,0.0,1.93,1.55,1.52
2026-07-29T13:58:42.835,1154.703,273,open,ACTUATOR_ACTIVE,TRAJECTORY_RUNNING,24.0,56,33,-3,38.62,56,0,0.0,0.0,0.0,1.9,1.53,1.23
2026-07-29T13:58:43.834,1155.703,273,open,ACTUATOR_ACTIVE,TRAJECTORY_RUNNING,24.0,56,8,10,2.78,56,0,0.0,0.0,0.0,0.45,0.42,0.27
2026-07-29T13:58:44.938,1156.797,274,close,ACTUATOR_ACTIVE,TRAJECTORY_RUNNING,24.0,56,10,15,3.43,56,0,0.0,0.0,0.0,0.4,0.37,0.27
2026-07-29T13:58:45.951,1157.813,274,close,ACTUATOR_ACTIVE,TRAJECTORY_RUNNING,24.0,55,33,0,83.36,55,0,0.0,0.0,0.0,1.85,1.46,0.77
2026-07-29T13:58:47.058,1158.922,274,open,ACTUATOR_ACTIVE,TRAJECTORY_RUNNING,24.0,55,33,-2,37.48,55,0,0.0,0.0,0.0,1.9,1.54,1.26
2026-07-29T13:58:48.055,1159.922,274,open,ACTUATOR_ACTIVE,TRAJECTORY_RUNNING,24.0,55,8,10,3.52,55,0,0.0,0.0,0.0,0.44,0.43,0.29
2026-07-29T13:58:49.164,1161.031,275,close,ACTUATOR_ACTIVE,TRAJECTORY_RUNNING,24.0,55,10,14,4.53,55,0,0.0,0.0,0.0,0.39,0.37,0.28
2026-07-29T13:58:50.162,1162.031,275,close,ACTUATOR_ACTIVE,TRAJECTORY_RUNNING,24.0,56,33,0,82.21,56,0,0.0,0.0,0.0,1.82,1.47,0.64
2026-07-29T13:58:51.263,1163.125,275,open,ACTUATOR_ACTIVE,TRAJECTORY_RUNNING,24.0,56,33,-2,40.75,56,0,0.0,0.0,0.0,1.89,1.54,1.25
2026-07-29T13:58:52.261,1164.125,275,open,ACTUATOR_ACTIVE,TRAJECTORY_COMPLETE,24.0,56,10,-12,-1.53,56,0,0.0,0.0,0.0,0.46,0.43,0.27
2026-07-29T13:58:53.370,1165.234,276,close,ACTUATOR_ACTIVE,TRAJECTORY_RUNNING,24.0,56,10,15,5.75,56,0,0.0,0.0,0.0,0.4,0.38,0.28
2026-07-29T13:58:54.364,1166.219,276,close,ACTUATOR_ACTIVE,TRAJECTORY_RUNNING,24.0,60,33,0,76.22,60,0,0.0,0.0,0.0,1.82,1.47,0.63
2026-07-29T13:58:55.486,1167.344,276,open,ACTUATOR_ACTIVE,TRAJECTORY_RUNNING,24.0,60,33,-3,37.04,60,0,0.0,0.0,0.0,1.91,1.54,1.33
2026-07-29T13:58:56.485,1168.344,276,open,ACTUATOR_ACTIVE,TRAJECTORY_RUNNING,24.0,60,8,9,2.47,60,0,0.0,0.0,0.0,0.45,0.44,0.28
2026-07-29T13:58:57.593,1169.453,277,close,ACTUATOR_ACTIVE,TRAJECTORY_RUNNING,24.0,60,10,17,5.69,60,0,0.0,0.0,0.0,0.4,0.38,0.28
2026-07-29T13:58:58.593,1170.453,277,close,ACTUATOR_ACTIVE,TRAJECTORY_RUNNING,24.0,60,33,0,82.24,60,0,0.0,0.0,0.0,1.81,1.46,0.53
2026-07-29T13:58:59.703,1171.563,277,open,ACTUATOR_ACTIVE,TRAJECTORY_RUNNING,24.0,60,33,-3,36.84,60,0,0.0,0.0,0.0,1.89,1.53,1.18
2026-07-29T13:59:00.694,1172.563,277,open,ACTUATOR_ACTIVE,TRAJECTORY_RUNNING,24.0,60,8,10,1.37,60,0,0.0,0.0,0.0,0.44,0.44,0.27
2026-07-29T13:59:01.802,1173.656,278,close,ACTUATOR_ACTIVE,TRAJECTORY_RUNNING,24.0,56,10,14,2.88,56,0,0.0,0.0,0.0,0.4,0.39,0.27
2026-07-29T13:59:02.815,1174.672,278,close,ACTUATOR_ACTIVE,TRAJECTORY_RUNNING,24.0,56,33,0,82.8,56,0,0.0,0.0,0.0,1.81,1.46,0.53
2026-07-29T13:59:03.922,1175.781,278,open,ACTUATOR_ACTIVE,TRAJECTORY_RUNNING,24.0,56,33,-3,38.06,56,0,0.0,0.0,0.0,1.89,1.53,1.21
2026-07-29T13:59:04.915,1176.781,278,open,ACTUATOR_ACTIVE,TRAJECTORY_RUNNING,24.0,56,8,9,3.38,56,0,0.0,0.0,0.0,0.45,0.44,0.25
2026-07-29T13:59:06.026,1177.891,279,close,ACTUATOR_ACTIVE,TRAJECTORY_RUNNING,24.0,54,10,16,4.33,54,0,0.0,0.0,0.0,0.39,0.39,0.24
2026-07-29T13:59:07.027,1178.891,279,close,ACTUATOR_ACTIVE,TRAJECTORY_RUNNING,24.0,54,33,0,76.94,54,0,0.0,0.0,0.0,1.8,1.46,0.47
2026-07-29T13:59:08.135,1180.0,279,open,ACTUATOR_ACTIVE,TRAJECTORY_RUNNING,24.0,54,33,-2,34.51,54,0,0.0,0.0,0.0,1.87,1.52,1.08
2026-07-29T13:59:09.128,1180.984,279,open,ACTUATOR_ACTIVE,TRAJECTORY_RUNNING,24.0,54,8,9,3.83,54,0,0.0,0.0,0.0,0.44,0.44,0.24
2026-07-29T13:59:10.247,1182.109,280,close,ACTUATOR_ACTIVE,TRAJECTORY_RUNNING,24.0,56,10,18,5.1,56,0,0.0,0.0,0.0,0.39,0.39,0.24
2026-07-29T13:59:11.245,1183.109,280,close,ACTUATOR_ACTIVE,TRAJECTORY_RUNNING,24.0,56,32,0,29.72,56,0,0.0,0.0,0.0,1.09,2.06,3.57
2026-07-29T13:59:12.352,1184.219,280,open,ACTUATOR_ACTIVE,TRAJECTORY_RUNNING,24.0,56,32,-16,7.47,56,0,0.0,0.0,0.0,1.17,1.82,4.17
2026-07-29T13:59:13.349,1185.203,280,open,ACTUATOR_ACTIVE,TRAJECTORY_COMPLETE,24.0,56,10,7,0.81,56,0,0.0,0.0,0.0,0.41,0.37,0.28
2026-07-29T13:59:14.469,1186.328,281,close,ACTUATOR_ACTIVE,TRAJECTORY_RUNNING,24.0,55,10,18,4.95,55,0,0.0,0.0,0.0,0.39,0.34,0.27
2026-07-29T13:59:15.462,1187.328,281,close,ACTUATOR_ACTIVE,TRAJECTORY_RUNNING,24.0,55,32,0,33.35,55,0,0.0,0.0,0.0,1.05,2.03,3.56
2026-07-29T13:59:16.562,1188.422,281,open,ACTUATOR_ACTIVE,TRAJECTORY_RUNNING,24.0,55,32,-15,7.54,55,0,0.0,0.0,0.0,1.07,1.97,3.59
2026-07-29T13:59:17.576,1189.438,281,open,ACTUATOR_ACTIVE,TRAJECTORY_COMPLETE,24.0,55,10,1,1.44,55,0,0.0,0.0,0.0,0.41,0.34,0.27
2026-07-29T13:59:18.687,1190.547,282,close,ACTUATOR_ACTIVE,TRAJECTORY_RUNNING,24.0,59,10,16,4.66,59,0,0.0,0.0,0.0,0.39,0.32,0.25
2026-07-29T13:59:19.685,1191.547,282,close,ACTUATOR_ACTIVE,TRAJECTORY_RUNNING,24.0,59,32,0,32.71,59,0,0.0,0.0,0.0,1.05,2.03,3.53
2026-07-29T13:59:20.792,1192.656,282,open,ACTUATOR_ACTIVE,TRAJECTORY_RUNNING,24.0,59,32,-16,6.91,59,0,0.0,0.0,0.0,1.05,1.92,4.21
2026-07-29T13:59:21.790,1193.656,282,open,ACTUATOR_ACTIVE,TRAJECTORY_COMPLETE,24.0,55,10,13,1.08,55,0,0.0,0.0,0.0,0.41,0.33,0.24
2026-07-29T13:59:22.895,1194.75,283,close,ACTUATOR_ACTIVE,TRAJECTORY_RUNNING,24.0,55,10,14,3.45,55,0,0.0,0.0,0.0,0.38,0.31,0.22
2026-07-29T13:59:23.906,1195.766,283,close,ACTUATOR_ACTIVE,TRAJECTORY_RUNNING,24.0,55,32,0,29.87,55,0,0.0,0.0,0.0,1.04,2.02,3.5
2026-07-29T13:59:25.007,1196.859,283,open,ACTUATOR_ACTIVE,TRAJECTORY_RUNNING,24.0,55,32,-15,7.25,55,0,0.0,0.0,0.0,1.07,1.96,3.53
2026-07-29T13:59:26.020,1197.875,283,open,ACTUATOR_ACTIVE,TRAJECTORY_COMPLETE,24.0,58,10,11,-0.02,58,0,0.0,0.0,0.0,0.4,0.31,0.23
2026-07-29T13:59:27.125,1198.984,284,close,ACTUATOR_ACTIVE,TRAJECTORY_RUNNING,24.0,58,10,15,4.01,58,0,0.0,0.0,0.0,0.37,0.3,0.21
2026-07-29T13:59:28.138,1200.0,284,close,ACTUATOR_ACTIVE,TRAJECTORY_RUNNING,24.0,58,33,0,82.11,58,0,0.0,0.0,0.0,1.77,1.46,0.31
2026-07-29T13:59:29.247,1201.109,284,open,ACTUATOR_ACTIVE,TRAJECTORY_RUNNING,24.0,58,33,-4,40.91,58,0,0.0,0.0,0.0,1.86,1.51,0.99
2026-07-29T13:59:30.243,1202.109,284,open,ACTUATOR_ACTIVE,TRAJECTORY_COMPLETE,24.0,57,9,1,-0.49,57,0,0.0,0.0,0.0,0.44,0.4,0.2
2026-07-29T13:59:31.348,1203.203,285,close,ACTUATOR_ACTIVE,TRAJECTORY_RUNNING,24.0,57,10,17,3.95,57,0,0.0,0.0,0.0,0.4,0.35,0.19
2026-07-29T13:59:32.361,1204.219,285,close,ACTUATOR_ACTIVE,TRAJECTORY_RUNNING,24.0,57,33,0,80.63,57,0,0.0,0.0,0.0,1.77,1.45,0.3
2026-07-29T13:59:33.470,1205.328,285,open,ACTUATOR_ACTIVE,TRAJECTORY_RUNNING,24.0,57,33,-3,36.61,57,0,0.0,0.0,0.0,1.86,1.5,0.95
2026-07-29T13:59:34.467,1206.328,285,open,ACTUATOR_ACTIVE,TRAJECTORY_COMPLETE,24.0,54,9,-1,-0.3,54,0,0.0,0.0,0.0,0.44,0.43,0.21
2026-07-29T13:59:35.569,1207.422,286,close,ACTUATOR_ACTIVE,TRAJECTORY_RUNNING,24.0,54,10,17,4.03,54,0,0.0,0.0,0.0,0.38,0.37,0.21
2026-07-29T13:59:36.574,1208.438,286,close,ACTUATOR_ACTIVE,TRAJECTORY_RUNNING,24.0,54,32,0,31.42,54,0,0.0,0.0,0.0,1.09,2.04,3.52
2026-07-29T13:59:37.685,1209.547,286,open,ACTUATOR_ACTIVE,TRAJECTORY_RUNNING,24.0,56,32,-16,7.02,56,0,0.0,0.0,0.0,1.11,1.98,3.53
2026-07-29T13:59:38.683,1210.547,286,open,ACTUATOR_ACTIVE,TRAJECTORY_COMPLETE,24.0,56,10,6,0.91,56,0,0.0,0.0,0.0,0.4,0.36,0.21
2026-07-29T13:59:39.792,1211.656,287,close,ACTUATOR_ACTIVE,TRAJECTORY_RUNNING,24.0,56,10,18,4.72,56,0,0.0,0.0,0.0,0.37,0.34,0.2
2026-07-29T13:59:40.788,1212.641,287,close,ACTUATOR_ACTIVE,TRAJECTORY_RUNNING,24.0,56,33,0,79.41,56,0,0.0,0.0,0.0,1.75,1.45,0.21
2026-07-29T13:59:41.914,1213.766,287,open,ACTUATOR_ACTIVE,TRAJECTORY_RUNNING,24.0,56,33,-2,34.38,56,0,0.0,0.0,0.0,1.85,1.5,0.85
2026-07-29T13:59:42.923,1214.781,287,open,ACTUATOR_ACTIVE,TRAJECTORY_RUNNING,24.0,56,9,13,2.82,56,0,0.0,0.0,0.0,0.44,0.41,0.2
2026-07-29T13:59:44.030,1215.891,288,close,ACTUATOR_ACTIVE,TRAJECTORY_RUNNING,24.0,56,10,17,4.14,56,0,0.0,0.0,0.0,0.4,0.37,0.2
2026-07-29T13:59:45.024,1216.891,288,close,ACTUATOR_ACTIVE,TRAJECTORY_RUNNING,24.0,56,33,0,81.56,56,0,0.0,0.0,0.0,1.75,1.45,0.21
2026-07-29T13:59:46.126,1217.984,288,open,ACTUATOR_ACTIVE,TRAJECTORY_RUNNING,24.0,54,33,-3,36.91,54,0,0.0,0.0,0.0,1.83,1.49,0.76
2026-07-29T13:59:47.139,1219.0,288,open,ACTUATOR_ACTIVE,TRAJECTORY_RUNNING,24.0,54,9,11,2.55,54,0,0.0,0.0,0.0,0.45,0.42,0.21
2026-07-29T13:59:48.244,1220.109,289,close,ACTUATOR_ACTIVE,TRAJECTORY_RUNNING,24.0,54,10,15,3.69,54,0,0.0,0.0,0.0,0.4,0.37,0.22
2026-07-29T13:59:49.240,1221.094,289,close,ACTUATOR_ACTIVE,TRAJECTORY_RUNNING,24.0,54,33,0,80.27,54,0,0.0,0.0,0.0,1.74,1.45,0.12
2026-07-29T13:59:50.362,1222.219,289,open,ACTUATOR_ACTIVE,TRAJECTORY_RUNNING,24.0,56,33,-1,39.4,56,0,0.0,0.0,0.0,1.83,1.48,0.72
2026-07-29T13:59:51.358,1223.219,289,open,ACTUATOR_ACTIVE,TRAJECTORY_RUNNING,24.0,56,8,9,3.44,56,0,0.0,0.0,0.0,0.45,0.43,0.19
2026-07-29T13:59:52.469,1224.328,290,close,ACTUATOR_ACTIVE,TRAJECTORY_RUNNING,24.0,56,10,19,3.85,56,0,0.0,0.0,0.0,0.4,0.38,0.19
2026-07-29T13:59:53.463,1225.328,290,close,ACTUATOR_ACTIVE,TRAJECTORY_RUNNING,24.0,56,33,0,82.07,56,0,0.0,0.0,0.0,1.73,1.45,0.09
2026-07-29T13:59:54.573,1226.438,290,open,ACTUATOR_ACTIVE,TRAJECTORY_RUNNING,24.0,58,33,-1,38.16,58,0,0.0,0.0,0.0,1.83,1.48,0.71
2026-07-29T13:59:55.567,1227.422,290,open,ACTUATOR_ACTIVE,TRAJECTORY_RUNNING,24.0,58,8,10,4.02,58,0,0.0,0.0,0.0,0.46,0.44,0.18
2026-07-29T13:59:56.684,1228.547,291,close,ACTUATOR_ACTIVE,TRAJECTORY_RUNNING,24.0,58,10,15,4.85,58,0,0.0,0.0,0.0,0.4,0.38,0.19
2026-07-29T13:59:57.677,1229.531,291,close,ACTUATOR_ACTIVE,TRAJECTORY_RUNNING,24.0,54,32,-1,33.55,54,0,0.0,0.0,0.0,1.1,2.03,3.5
2026-07-29T13:59:58.798,1230.656,291,open,ACTUATOR_ACTIVE,TRAJECTORY_RUNNING,24.0,54,32,-15,7.47,54,0,0.0,0.0,0.0,1.11,1.97,3.5
2026-07-29T13:59:59.790,1231.656,291,open,ACTUATOR_ACTIVE,TRAJECTORY_COMPLETE,24.0,54,10,5,1.14,54,0,0.0,0.0,0.0,0.4,0.38,0.2
2026-07-29T14:00:00.898,1232.75,292,close,ACTUATOR_ACTIVE,TRAJECTORY_RUNNING,24.0,54,10,15,2.99,54,0,0.0,0.0,0.0,0.38,0.35,0.19
2026-07-29T14:00:01.911,1233.766,292,close,ACTUATOR_ACTIVE,TRAJECTORY_RUNNING,24.0,57,33,0,86.35,57,0,0.0,0.0,0.0,1.72,1.44,-0.0
2026-07-29T14:00:03.021,1234.875,292,open,ACTUATOR_ACTIVE,TRAJECTORY_RUNNING,24.0,57,33,-2,34.55,57,0,0.0,0.0,0.0,1.82,1.47,0.61
2026-07-29T14:00:04.019,1235.875,292,open,ACTUATOR_ACTIVE,TRAJECTORY_RUNNING,24.0,57,8,11,2.9,57,0,0.0,0.0,0.0,0.46,0.44,0.19
2026-07-29T14:00:05.128,1236.984,293,close,ACTUATOR_ACTIVE,TRAJECTORY_RUNNING,24.0,57,10,15,6.42,57,0,0.0,0.0,0.0,0.41,0.38,0.18
2026-07-29T14:00:06.125,1237.984,293,close,ACTUATOR_ACTIVE,TRAJECTORY_RUNNING,24.0,57,33,0,86.8,57,0,0.0,0.0,0.0,1.72,1.44,0.02
2026-07-29T14:00:07.228,1239.094,293,open,ACTUATOR_ACTIVE,TRAJECTORY_RUNNING,24.0,57,33,-3,37.78,57,0,0.0,0.0,0.0,1.8,1.47,0.52
2026-07-29T14:00:08.221,1240.078,293,open,ACTUATOR_ACTIVE,TRAJECTORY_RUNNING,24.0,57,8,10,2.93,57,0,0.0,0.0,0.0,0.45,0.43,0.2
2026-07-29T14:00:09.340,1241.203,294,close,ACTUATOR_ACTIVE,TRAJECTORY_RUNNING,24.0,57,10,13,4.34,57,0,0.0,0.0,0.0,0.4,0.37,0.2
2026-07-29T14:00:10.338,1242.203,294,close,ACTUATOR_ACTIVE,TRAJECTORY_RUNNING,24.0,61,33,0,78.1,61,0,0.0,0.0,0.0,1.7,1.43,-0.11
2026-07-29T14:00:11.449,1243.313,294,open,ACTUATOR_ACTIVE,TRAJECTORY_RUNNING,24.0,61,33,-3,38.19,61,0,0.0,0.0,0.0,1.8,1.46,0.49
2026-07-29T14:00:12.441,1244.297,294,open,ACTUATOR_ACTIVE,TRAJECTORY_RUNNING,24.0,61,8,10,2.83,61,0,0.0,0.0,0.0,0.47,0.44,0.18
2026-07-29T14:00:13.555,1245.406,295,close,ACTUATOR_ACTIVE,TRAJECTORY_RUNNING,24.0,61,10,14,3.0,61,0,0.0,0.0,0.0,0.4,0.38,0.17
2026-07-29T14:00:14.565,1246.422,295,close,ACTUATOR_ACTIVE,TRAJECTORY_RUNNING,24.0,54,32,0,32.98,54,0,0.0,0.0,0.0,1.13,2.02,3.45
2026-07-29T14:00:15.670,1247.531,295,open,ACTUATOR_ACTIVE,TRAJECTORY_RUNNING,24.0,54,32,-14,6.92,54,0,0.0,0.0,0.0,1.17,1.47,3.15
2026-07-29T14:00:16.667,1248.531,295,open,ACTUATOR_ACTIVE,TRAJECTORY_COMPLETE,24.0,54,10,7,0.07,54,0,0.0,0.0,0.0,0.4,0.37,0.17
2026-07-29T14:00:17.773,1249.625,296,close,ACTUATOR_ACTIVE,TRAJECTORY_RUNNING,24.0,55,10,16,4.66,55,0,0.0,0.0,0.0,0.38,0.35,0.17
2026-07-29T14:00:18.781,1250.641,296,close,ACTUATOR_ACTIVE,TRAJECTORY_RUNNING,24.0,55,33,0,85.36,55,0,0.0,0.0,0.0,1.69,1.42,-0.2
2026-07-29T14:00:19.890,1251.75,296,open,ACTUATOR_ACTIVE,TRAJECTORY_RUNNING,24.0,55,33,-3,34.27,55,0,0.0,0.0,0.0,1.79,1.45,0.43
2026-07-29T14:00:20.888,1252.75,296,open,ACTUATOR_ACTIVE,TRAJECTORY_RUNNING,24.0,55,8,11,3.02,55,0,0.0,0.0,0.0,0.46,0.42,0.19
2026-07-29T14:00:21.996,1253.859,297,close,ACTUATOR_ACTIVE,TRAJECTORY_RUNNING,24.0,60,10,16,4.52,60,0,0.0,0.0,0.0,0.41,0.37,0.19
2026-07-29T14:00:22.989,1254.844,297,close,ACTUATOR_ACTIVE,TRAJECTORY_RUNNING,24.0,60,33,0,84.36,60,0,0.0,0.0,0.0,1.69,1.42,-0.19
2026-07-29T14:00:24.106,1255.969,297,open,ACTUATOR_ACTIVE,TRAJECTORY_RUNNING,24.0,60,33,-2,37.32,60,0,0.0,0.0,0.0,1.79,1.44,0.4
2026-07-29T14:00:25.100,1256.953,297,open,ACTUATOR_ACTIVE,TRAJECTORY_RUNNING,24.0,60,8,9,2.86,60,0,0.0,0.0,0.0,0.44,0.44,0.17
2026-07-29T14:00:26.221,1258.078,298,close,ACTUATOR_ACTIVE,TRAJECTORY_RUNNING,24.0,57,10,17,5.82,57,0,0.0,0.0,0.0,0.38,0.37,0.16
2026-07-29T14:00:27.217,1259.078,298,close,ACTUATOR_ACTIVE,TRAJECTORY_RUNNING,24.0,57,33,0,82.3,57,0,0.0,0.0,0.0,1.69,1.41,-0.22
2026-07-29T14:00:28.320,1260.172,298,open,ACTUATOR_ACTIVE,TRAJECTORY_RUNNING,24.0,57,33,-4,38.66,57,0,0.0,0.0,0.0,1.78,1.43,0.28
2026-07-29T14:00:29.331,1261.188,298,open,ACTUATOR_ACTIVE,TRAJECTORY_RUNNING,24.0,57,8,10,3.46,57,0,0.0,0.0,0.0,0.46,0.42,0.14
2026-07-29T14:00:30.438,1262.297,299,close,ACTUATOR_ACTIVE,TRAJECTORY_RUNNING,24.0,54,10,15,3.93,54,0,0.0,0.0,0.0,0.39,0.37,0.15
2026-07-29T14:00:31.435,1263.297,299,close,ACTUATOR_ACTIVE,TRAJECTORY_RUNNING,24.0,54,33,0,75.24,54,0,0.0,0.0,0.0,1.68,1.4,-0.3
2026-07-29T14:00:32.538,1264.391,299,open,ACTUATOR_ACTIVE,TRAJECTORY_RUNNING,24.0,54,33,-1,36.52,54,0,0.0,0.0,0.0,1.78,1.43,0.32
2026-07-29T14:00:33.549,1265.406,299,open,ACTUATOR_ACTIVE,TRAJECTORY_COMPLETE,24.0,54,9,1,-0.29,54,0,0.0,0.0,0.0,0.45,0.43,0.15
2026-07-29T14:00:34.656,1266.516,300,close,ACTUATOR_ACTIVE,TRAJECTORY_RUNNING,24.0,56,10,17,4.91,56,0,0.0,0.0,0.0,0.39,0.37,0.14
2026-07-29T14:00:35.646,1267.5,300,close,ACTUATOR_ACTIVE,TRAJECTORY_RUNNING,24.0,56,33,0,80.93,56,0,0.0,0.0,0.0,1.67,1.41,-0.31
2026-07-29T14:00:36.772,1268.625,300,open,ACTUATOR_ACTIVE,TRAJECTORY_RUNNING,24.0,56,33,-4,34.66,56,0,0.0,0.0,0.0,1.76,1.43,0.23
2026-07-29T14:00:37.784,1269.641,300,open,ACTUATOR_ACTIVE,TRAJECTORY_RUNNING,24.0,56,9,11,4.15,56,0,0.0,0.0,0.0,0.46,0.43,0.14
2026-07-29T14:00:38.883,1270.734,301,close,ACTUATOR_ACTIVE,TRAJECTORY_RUNNING,24.0,56,10,15,3.53,56,0,0.0,0.0,0.0,0.4,0.37,0.13
2026-07-29T14:00:39.896,1271.75,301,close,ACTUATOR_ACTIVE,TRAJECTORY_RUNNING,24.0,56,32,0,32.12,56,0,0.0,0.0,0.0,1.81,0.99,4.54
2026-07-29T14:00:41.006,1272.859,301,open,ACTUATOR_ACTIVE,TRAJECTORY_RUNNING,24.0,56,32,-17,7.65,56,0,0.0,0.0,0.0,1.75,0.96,4.67
2026-07-29T14:00:42.004,1273.859,301,open,ACTUATOR_ACTIVE,TRAJECTORY_RUNNING,24.0,58,10,3,0.9,58,0,0.0,0.0,0.0,0.41,0.32,0.21
2026-07-29T14:00:43.114,1274.969,302,close,ACTUATOR_ACTIVE,TRAJECTORY_RUNNING,24.0,58,10,19,3.6,58,0,0.0,0.0,0.0,0.38,0.31,0.15
2026-07-29T14:00:44.111,1275.969,302,close,ACTUATOR_ACTIVE,TRAJECTORY_RUNNING,24.0,58,33,-1,80.63,58,0,0.0,0.0,0.0,2.16,0.93,2.28
2026-07-29T14:00:45.221,1277.078,302,open,ACTUATOR_ACTIVE,TRAJECTORY_RUNNING,24.0,58,33,-2,35.1,58,0,0.0,0.0,0.0,2.26,0.87,2.82
2026-07-29T14:00:46.218,1278.078,302,open,ACTUATOR_ACTIVE,TRAJECTORY_RUNNING,24.0,54,8,10,2.72,54,0,0.0,0.0,0.0,0.42,0.36,0.45
2026-07-29T14:00:47.324,1279.188,303,close,ACTUATOR_ACTIVE,TRAJECTORY_RUNNING,24.0,54,10,19,4.75,54,0,0.0,0.0,0.0,0.38,0.35,0.36
2026-07-29T14:00:48.319,1280.172,303,close,ACTUATOR_ACTIVE,TRAJECTORY_RUNNING,24.0,54,33,-1,81.79,54,0,0.0,0.0,0.0,2.16,0.92,2.24
2026-07-29T14:00:49.439,1281.297,303,open,ACTUATOR_ACTIVE,TRAJECTORY_RUNNING,24.0,54,33,-2,34.64,54,0,0.0,0.0,0.0,2.25,0.9,2.77
2026-07-29T14:00:50.437,1282.297,303,open,ACTUATOR_ACTIVE,TRAJECTORY_RUNNING,24.0,57,8,9,2.27,57,0,0.0,0.0,0.0,0.42,0.36,0.44
2026-07-29T14:00:51.534,1283.391,304,close,ACTUATOR_ACTIVE,TRAJECTORY_RUNNING,24.0,57,10,16,3.81,57,0,0.0,0.0,0.0,0.39,0.35,0.35
2026-07-29T14:00:52.543,1284.406,304,close,ACTUATOR_ACTIVE,TRAJECTORY_RUNNING,24.0,57,32,0,30.63,57,0,0.0,0.0,0.0,1.53,1.17,4.44
2026-07-29T14:00:53.652,1285.516,304,open,ACTUATOR_ACTIVE,TRAJECTORY_RUNNING,24.0,57,32,-15,7.12,57,0,0.0,0.0,0.0,1.21,0.89,3.51
2026-07-29T14:00:54.644,1286.5,304,open,ACTUATOR_ACTIVE,TRAJECTORY_COMPLETE,24.0,57,10,7,0.86,57,0,0.0,0.0,0.0,0.41,0.32,0.38
2026-07-29T14:00:55.764,1287.625,305,close,ACTUATOR_ACTIVE,TRAJECTORY_RUNNING,24.0,57,10,13,5.47,57,0,0.0,0.0,0.0,0.39,0.32,0.32
2026-07-29T14:00:56.757,1288.609,305,close,ACTUATOR_ACTIVE,TRAJECTORY_RUNNING,24.0,57,32,0,33.38,57,0,0.0,0.0,0.0,1.5,1.17,4.39
2026-07-29T14:00:57.873,1289.734,305,open,ACTUATOR_ACTIVE,TRAJECTORY_RUNNING,24.0,57,32,-13,7.52,57,0,0.0,0.0,0.0,1.5,1.15,4.47
2026-07-29T14:00:58.866,1290.719,305,open,ACTUATOR_ACTIVE,TRAJECTORY_RUNNING,24.0,57,9,0,-1.02,57,0,0.0,0.0,0.0,0.4,0.31,0.37
2026-07-29T14:00:59.987,1291.844,306,close,ACTUATOR_ACTIVE,TRAJECTORY_RUNNING,24.0,57,10,15,3.72,57,0,0.0,0.0,0.0,0.38,0.31,0.3
2026-07-29T14:01:00.983,1292.844,306,close,ACTUATOR_ACTIVE,TRAJECTORY_RUNNING,24.0,57,33,0,83.63,57,0,0.0,0.0,0.0,2.16,0.94,2.41
2026-07-29T14:01:02.088,1293.938,306,open,ACTUATOR_ACTIVE,TRAJECTORY_RUNNING,24.0,49,33,0,33.9,49,0,0.0,0.0,0.0,2.25,0.9,2.95
2026-07-29T14:01:03.100,1294.953,306,open,ACTUATOR_ACTIVE,TRAJECTORY_RUNNING,24.0,49,9,10,3.14,49,0,0.0,0.0,0.0,0.4,0.33,0.47
2026-07-29T14:01:04.208,1296.063,307,close,ACTUATOR_ACTIVE,TRAJECTORY_RUNNING,24.0,49,10,18,3.29,49,0,0.0,0.0,0.0,0.37,0.33,0.38
2026-07-29T14:01:05.204,1297.063,307,close,ACTUATOR_ACTIVE,TRAJECTORY_RUNNING,24.0,49,33,0,81.97,49,0,0.0,0.0,0.0,2.18,0.94,2.5
2026-07-29T14:01:06.314,1298.172,307,open,ACTUATOR_ACTIVE,TRAJECTORY_RUNNING,24.0,52,33,-1,36.79,52,0,0.0,0.0,0.0,2.26,0.9,2.99
2026-07-29T14:01:07.309,1299.172,307,open,ACTUATOR_ACTIVE,TRAJECTORY_RUNNING,24.0,52,8,10,2.24,52,0,0.0,0.0,0.0,0.41,0.34,0.5
2026-07-29T14:01:08.416,1300.266,308,close,ACTUATOR_ACTIVE,TRAJECTORY_RUNNING,24.0,52,10,16,4.86,52,0,0.0,0.0,0.0,0.37,0.34,0.42
2026-07-29T14:01:09.423,1301.281,308,close,ACTUATOR_ACTIVE,TRAJECTORY_RUNNING,24.0,52,32,0,34.12,52,0,0.0,0.0,0.0,1.49,1.19,4.5
2026-07-29T14:01:10.530,1302.391,308,open,ACTUATOR_ACTIVE,TRAJECTORY_RUNNING,24.0,55,32,-16,6.74,55,0,0.0,0.0,0.0,1.41,1.13,4.48
2026-07-29T14:01:11.520,1303.375,308,open,ACTUATOR_ACTIVE,TRAJECTORY_COMPLETE,24.0,55,9,2,0.55,55,0,0.0,0.0,0.0,0.39,0.32,0.44
2026-07-29T14:01:12.635,1304.484,309,close,ACTUATOR_ACTIVE,TRAJECTORY_RUNNING,24.0,55,10,18,4.19,55,0,0.0,0.0,0.0,0.37,0.33,0.38
2026-07-29T14:01:13.639,1305.5,309,close,ACTUATOR_ACTIVE,TRAJECTORY_RUNNING,24.0,55,32,0,33.16,55,0,0.0,0.0,0.0,1.48,1.19,4.47
2026-07-29T14:01:14.746,1306.609,309,open,ACTUATOR_ACTIVE,TRAJECTORY_RUNNING,24.0,57,32,-17,6.78,57,0,0.0,0.0,0.0,0.89,0.71,2.57
2026-07-29T14:01:15.744,1307.594,309,open,ACTUATOR_ACTIVE,TRAJECTORY_COMPLETE,24.0,57,10,6,0.92,57,0,0.0,0.0,0.0,0.39,0.31,0.41
2026-07-29T14:01:16.863,1308.719,310,close,ACTUATOR_ACTIVE,TRAJECTORY_RUNNING,24.0,57,10,17,3.98,57,0,0.0,0.0,0.0,0.37,0.31,0.33
2026-07-29T14:01:17.858,1309.719,310,close,ACTUATOR_ACTIVE,TRAJECTORY_RUNNING,24.0,55,32,0,33.66,55,0,0.0,0.0,0.0,1.48,1.19,4.44
2026-07-29T14:01:18.961,1310.813,310,open,ACTUATOR_ACTIVE,TRAJECTORY_RUNNING,24.0,55,32,-17,7.1,55,0,0.0,0.0,0.0,1.45,1.14,4.47
2026-07-29T14:01:19.977,1311.828,310,open,ACTUATOR_ACTIVE,TRAJECTORY_RUNNING,24.0,55,10,3,1.32,55,0,0.0,0.0,0.0,0.38,0.31,0.4
2026-07-29T14:01:21.073,1312.922,311,close,ACTUATOR_ACTIVE,TRAJECTORY_RUNNING,24.0,55,10,15,3.44,55,0,0.0,0.0,0.0,0.36,0.31,0.33
2026-07-29T14:01:22.080,1313.938,311,close,ACTUATOR_ACTIVE,TRAJECTORY_RUNNING,24.0,54,33,0,78.67,54,0,0.0,0.0,0.0,2.16,0.96,2.58
2026-07-29T14:01:23.178,1315.031,311,open,ACTUATOR_ACTIVE,TRAJECTORY_RUNNING,24.0,54,33,-1,36.21,54,0,0.0,0.0,0.0,2.25,0.95,3.2
2026-07-29T14:01:24.192,1316.047,311,open,ACTUATOR_ACTIVE,TRAJECTORY_RUNNING,24.0,54,8,9,2.11,54,0,0.0,0.0,0.0,0.41,0.33,0.5
2026-07-29T14:01:25.297,1317.156,312,close,ACTUATOR_ACTIVE,TRAJECTORY_RUNNING,24.0,54,10,16,4.43,54,0,0.0,0.0,0.0,0.37,0.32,0.41
2026-07-29T14:01:26.295,1318.156,312,close,ACTUATOR_ACTIVE,TRAJECTORY_STOPPED,24.0,55,33,0,78.42,55,0,0.0,0.0,0.0,2.17,0.99,2.57
2026-07-29T14:01:27.404,1319.266,312,open,ACTUATOR_ACTIVE,TRAJECTORY_RUNNING,24.0,55,33,0,33.91,55,0,0.0,0.0,0.0,2.26,0.98,3.1
2026-07-29T14:01:28.403,1320.266,312,open,ACTUATOR_ACTIVE,TRAJECTORY_RUNNING,24.0,55,8,9,2.27,55,0,0.0,0.0,0.0,0.41,0.34,0.52
2026-07-29T14:01:29.509,1321.359,313,close,ACTUATOR_ACTIVE,TRAJECTORY_RUNNING,24.0,55,10,18,2.88,55,0,0.0,0.0,0.0,0.36,0.33,0.43
2026-07-29T14:01:30.525,1322.375,313,close,ACTUATOR_ACTIVE,TRAJECTORY_RUNNING,24.0,56,33,0,80.22,56,0,0.0,0.0,0.0,2.17,1.0,2.52
2026-07-29T14:01:31.630,1323.484,313,open,ACTUATOR_ACTIVE,TRAJECTORY_RUNNING,24.0,56,33,-3,38.47,56,0,0.0,0.0,0.0,2.27,0.98,3.08
2026-07-29T14:01:32.628,1324.484,313,open,ACTUATOR_ACTIVE,TRAJECTORY_RUNNING,24.0,56,10,-16,-1.8,56,0,0.0,0.0,0.0,0.41,0.33,0.5
2026-07-29T14:01:33.734,1325.594,314,close,ACTUATOR_ACTIVE,TRAJECTORY_RUNNING,24.0,55,10,16,5.6,55,0,0.0,0.0,0.0,0.38,0.33,0.44
2026-07-29T14:01:34.728,1326.578,314,close,ACTUATOR_ACTIVE,TRAJECTORY_RUNNING,24.0,55,33,0,83.56,55,0,0.0,0.0,0.0,2.18,1.01,2.67
2026-07-29T14:01:35.855,1327.703,314,open,ACTUATOR_ACTIVE,TRAJECTORY_RUNNING,24.0,55,33,0,34.39,55,0,0.0,0.0,0.0,2.26,0.97,3.21
2026-07-29T14:01:36.868,1328.719,314,open,ACTUATOR_ACTIVE,TRAJECTORY_RUNNING,24.0,55,9,11,3.96,55,0,0.0,0.0,0.0,0.41,0.34,0.52
2026-07-29T14:01:37.970,1329.828,315,close,ACTUATOR_ACTIVE,TRAJECTORY_RUNNING,24.0,55,10,15,4.09,55,0,0.0,0.0,0.0,0.37,0.33,0.44
2026-07-29T14:01:38.965,1330.813,315,close,ACTUATOR_ACTIVE,TRAJECTORY_RUNNING,24.0,55,33,-1,79.26,55,0,0.0,0.0,0.0,2.16,1.02,2.56
2026-07-29T14:01:40.089,1331.938,315,open,ACTUATOR_ACTIVE,TRAJECTORY_RUNNING,24.0,55,33,0,34.79,55,0,0.0,0.0,0.0,2.27,0.99,3.16
2026-07-29T14:01:41.097,1332.953,315,open,ACTUATOR_ACTIVE,TRAJECTORY_RUNNING,24.0,55,9,13,3.32,55,0,0.0,0.0,0.0,0.4,0.34,0.53
2026-07-29T14:01:42.204,1334.063,316,close,ACTUATOR_ACTIVE,TRAJECTORY_RUNNING,24.0,56,10,14,4.41,56,0,0.0,0.0,0.0,0.37,0.33,0.46
2026-07-29T14:01:43.201,1335.063,316,close,ACTUATOR_ACTIVE,TRAJECTORY_RUNNING,24.0,56,33,0,79.59,56,0,0.0,0.0,0.0,2.17,1.02,2.58
2026-07-29T14:01:44.306,1336.156,316,open,ACTUATOR_ACTIVE,TRAJECTORY_RUNNING,24.0,56,33,0,39.82,56,0,0.0,0.0,0.0,2.27,0.98,3.1
2026-07-29T14:01:45.317,1337.172,316,open,ACTUATOR_ACTIVE,TRAJECTORY_RUNNING,24.0,56,9,9,3.65,56,0,0.0,0.0,0.0,0.4,0.34,0.52
2026-07-29T14:01:46.426,1338.281,317,close,ACTUATOR_ACTIVE,TRAJECTORY_RUNNING,24.0,54,10,17,4.11,54,0,0.0,0.0,0.0,0.37,0.33,0.45
2026-07-29T14:01:47.425,1339.281,317,close,ACTUATOR_ACTIVE,TRAJECTORY_RUNNING,24.0,54,33,0,81.63,54,0,0.0,0.0,0.0,2.18,1.02,2.65
2026-07-29T14:01:48.531,1340.391,317,open,ACTUATOR_ACTIVE,TRAJECTORY_RUNNING,24.0,54,33,-4,37.87,54,0,0.0,0.0,0.0,2.26,0.99,3.11
2026-07-29T14:01:49.523,1341.375,317,open,ACTUATOR_ACTIVE,TRAJECTORY_COMPLETE,24.0,54,9,0,-0.5,54,0,0.0,0.0,0.0,0.42,0.35,0.52
2026-07-29T14:01:50.642,1342.5,318,close,ACTUATOR_ACTIVE,TRAJECTORY_RUNNING,24.0,55,10,14,2.64,55,0,0.0,0.0,0.0,0.38,0.34,0.45
2026-07-29T14:01:51.639,1343.5,318,close,ACTUATOR_ACTIVE,TRAJECTORY_RUNNING,24.0,55,33,0,80.22,55,0,0.0,0.0,0.0,2.16,1.03,2.65
2026-07-29T14:01:52.744,1344.594,318,open,ACTUATOR_ACTIVE,TRAJECTORY_RUNNING,24.0,55,33,-2,35.78,55,0,0.0,0.0,0.0,2.26,1.0,3.17
2026-07-29T14:01:53.753,1345.609,318,open,ACTUATOR_ACTIVE,TRAJECTORY_COMPLETE,24.0,53,9,0,-0.46,53,0,0.0,0.0,0.0,0.41,0.34,0.54
2026-07-29T14:01:54.858,1346.719,319,close,ACTUATOR_ACTIVE,TRAJECTORY_RUNNING,24.0,53,10,15,2.97,53,0,0.0,0.0,0.0,0.38,0.33,0.49
2026-07-29T14:01:55.854,1347.703,319,close,ACTUATOR_ACTIVE,TRAJECTORY_RUNNING,24.0,53,32,0,31.21,53,0,0.0,0.0,0.0,1.51,1.27,4.65
2026-07-29T14:01:56.978,1348.828,319,open,ACTUATOR_ACTIVE,TRAJECTORY_RUNNING,24.0,53,32,-15,7.99,53,0,0.0,0.0,0.0,1.06,0.85,3.1
2026-07-29T14:01:57.973,1349.828,319,open,ACTUATOR_ACTIVE,TRAJECTORY_COMPLETE,24.0,55,10,11,1.31,55,0,0.0,0.0,0.0,0.38,0.33,0.5
2026-07-29T14:01:59.076,1350.938,320,close,ACTUATOR_ACTIVE,TRAJECTORY_RUNNING,24.0,55,10,15,3.63,55,0,0.0,0.0,0.0,0.37,0.33,0.43
2026-07-29T14:02:00.068,1351.922,320,close,ACTUATOR_ACTIVE,TRAJECTORY_RUNNING,24.0,55,32,0,31.37,55,0,0.0,0.0,0.0,1.49,1.27,4.6
2026-07-29T14:02:01.189,1353.047,320,open,ACTUATOR_ACTIVE,TRAJECTORY_RUNNING,24.0,55,32,-16,6.43,55,0,0.0,0.0,0.0,1.48,1.24,4.65
2026-07-29T14:02:02.184,1354.031,320,open,ACTUATOR_ACTIVE,TRAJECTORY_COMPLETE,24.0,56,10,3,0.87,56,0,0.0,0.0,0.0,0.38,0.32,0.46
2026-07-29T14:02:03.305,1355.156,321,close,ACTUATOR_ACTIVE,TRAJECTORY_RUNNING,24.0,56,10,18,3.05,56,0,0.0,0.0,0.0,0.37,0.32,0.4
2026-07-29T14:02:04.319,1356.172,321,close,ACTUATOR_ACTIVE,TRAJECTORY_RUNNING,24.0,56,32,0,34.04,56,0,0.0,0.0,0.0,1.53,1.26,4.54
2026-07-29T14:02:05.427,1357.281,321,open,ACTUATOR_ACTIVE,TRAJECTORY_RUNNING,24.0,56,32,-15,6.72,56,0,0.0,0.0,0.0,1.37,1.12,4.27
2026-07-29T14:02:06.426,1358.281,321,open,ACTUATOR_ACTIVE,TRAJECTORY_COMPLETE,24.0,58,10,4,0.65,58,0,0.0,0.0,0.0,0.38,0.31,0.44
2026-07-29T14:02:07.530,1359.391,322,close,ACTUATOR_ACTIVE,TRAJECTORY_RUNNING,24.0,58,10,16,3.46,58,0,0.0,0.0,0.0,0.37,0.32,0.37
2026-07-29T14:02:08.526,1360.375,322,close,ACTUATOR_ACTIVE,TRAJECTORY_RUNNING,24.0,58,33,0,77.39,58,0,0.0,0.0,0.0,2.16,1.07,2.76
2026-07-29T14:02:09.647,1361.5,322,open,ACTUATOR_ACTIVE,TRAJECTORY_RUNNING,24.0,58,33,-2,38.74,58,0,0.0,0.0,0.0,2.25,1.04,3.24
2026-07-29T14:02:10.639,1362.5,322,open,ACTUATOR_ACTIVE,TRAJECTORY_RUNNING,24.0,56,8,8,2.41,56,0,0.0,0.0,0.0,0.41,0.34,0.55
2026-07-29T14:02:11.748,1363.594,323,close,ACTUATOR_ACTIVE,TRAJECTORY_RUNNING,24.0,56,10,17,5.0,56,0,0.0,0.0,0.0,0.37,0.33,0.46
2026-07-29T14:02:12.756,1364.609,323,close,ACTUATOR_ACTIVE,TRAJECTORY_RUNNING,24.0,56,32,0,31.1,56,0,0.0,0.0,0.0,1.52,1.29,4.63
2026-07-29T14:02:13.862,1365.719,323,open,ACTUATOR_ACTIVE,TRAJECTORY_RUNNING,24.0,52,32,-15,6.84,52,0,0.0,0.0,0.0,1.43,1.22,4.61
2026-07-29T14:02:14.862,1366.719,323,open,ACTUATOR_ACTIVE,TRAJECTORY_COMPLETE,24.0,52,10,7,0.39,52,0,0.0,0.0,0.0,0.38,0.33,0.48
2026-07-29T14:02:15.971,1367.828,324,close,ACTUATOR_ACTIVE,TRAJECTORY_RUNNING,24.0,52,10,17,4.35,52,0,0.0,0.0,0.0,0.37,0.33,0.42
2026-07-29T14:02:16.969,1368.828,324,close,ACTUATOR_ACTIVE,TRAJECTORY_RUNNING,24.0,52,33,0,81.53,52,0,0.0,0.0,0.0,2.15,1.1,2.86
2026-07-29T14:02:18.081,1369.938,324,open,ACTUATOR_ACTIVE,TRAJECTORY_RUNNING,24.0,58,33,0,36.17,58,0,0.0,0.0,0.0,2.24,1.06,3.4
2026-07-29T14:02:19.080,1370.938,324,open,ACTUATOR_ACTIVE,TRAJECTORY_RUNNING,24.0,58,8,9,2.0,58,0,0.0,0.0,0.0,0.42,0.35,0.59
2026-07-29T14:02:20.184,1372.031,325,close,ACTUATOR_ACTIVE,TRAJECTORY_RUNNING,24.0,58,10,18,2.66,58,0,0.0,0.0,0.0,0.38,0.33,0.5
2026-07-29T14:02:21.194,1373.047,325,close,ACTUATOR_ACTIVE,TRAJECTORY_RUNNING,24.0,58,32,0,32.67,58,0,0.0,0.0,0.0,1.53,1.3,4.68
2026-07-29T14:02:22.293,1374.141,325,open,ACTUATOR_ACTIVE,TRAJECTORY_RUNNING,24.0,57,32,-15,7.49,57,0,0.0,0.0,0.0,1.51,1.26,4.71
2026-07-29T14:02:23.301,1375.156,325,open,ACTUATOR_ACTIVE,TRAJECTORY_RUNNING,24.0,57,10,2,1.63,57,0,0.0,0.0,0.0,0.38,0.33,0.51
2026-07-29T14:02:24.405,1376.266,326,close,ACTUATOR_ACTIVE,TRAJECTORY_RUNNING,24.0,57,10,15,3.18,57,0,0.0,0.0,0.0,0.36,0.33,0.45
2026-07-29T14:02:25.402,1377.25,326,close,ACTUATOR_ACTIVE,TRAJECTORY_RUNNING,24.0,57,33,0,80.9,57,0,0.0,0.0,0.0,2.14,1.11,2.98
2026-07-29T14:02:26.522,1378.375,326,open,ACTUATOR_ACTIVE,TRAJECTORY_RUNNING,24.0,54,33,0,38.86,54,0,0.0,0.0,0.0,2.23,1.07,3.48
2026-07-29T14:02:27.513,1379.359,326,open,ACTUATOR_ACTIVE,TRAJECTORY_COMPLETE,24.0,54,9,0,-0.97,54,0,0.0,0.0,0.0,0.42,0.35,0.58
2026-07-29T14:02:28.641,1380.5,327,close,ACTUATOR_ACTIVE,TRAJECTORY_RUNNING,24.0,54,10,18,3.98,54,0,0.0,0.0,0.0,0.39,0.33,0.5
2026-07-29T14:02:29.633,1381.484,327,close,ACTUATOR_ACTIVE,TRAJECTORY_RUNNING,24.0,54,33,0,78.86,54,0,0.0,0.0,0.0,2.16,1.1,2.92
2026-07-29T14:02:30.758,1382.609,327,open,ACTUATOR_ACTIVE,TRAJECTORY_RUNNING,24.0,54,33,-1,35.84,54,0,0.0,0.0,0.0,2.23,1.09,3.38
2026-07-29T14:02:31.754,1383.609,327,open,ACTUATOR_ACTIVE,TRAJECTORY_RUNNING,24.0,54,8,9,2.56,54,0,0.0,0.0,0.0,0.42,0.35,0.6
2026-07-29T14:02:32.865,1384.719,328,close,ACTUATOR_ACTIVE,TRAJECTORY_RUNNING,24.0,54,10,19,5.02,54,0,0.0,0.0,0.0,0.38,0.34,0.53
2026-07-29T14:02:33.864,1385.719,328,close,ACTUATOR_ACTIVE,TRAJECTORY_RUNNING,24.0,57,33,0,78.08,57,0,0.0,0.0,0.0,2.15,1.12,2.87
2026-07-29T14:02:34.974,1386.828,328,open,ACTUATOR_ACTIVE,TRAJECTORY_RUNNING,24.0,57,33,-6,40.99,57,0,0.0,0.0,0.0,2.24,1.1,3.4
2026-07-29T14:02:35.969,1387.828,328,open,ACTUATOR_ACTIVE,TRAJECTORY_RUNNING,24.0,57,8,9,2.36,57,0,0.0,0.0,0.0,0.41,0.36,0.61
2026-07-29T14:02:37.076,1388.922,329,close,ACTUATOR_ACTIVE,TRAJECTORY_RUNNING,24.0,57,10,18,5.21,57,0,0.0,0.0,0.0,0.38,0.34,0.56
2026-07-29T14:02:38.085,1389.938,329,close,ACTUATOR_ACTIVE,TRAJECTORY_RUNNING,24.0,55,33,0,78.83,55,0,0.0,0.0,0.0,2.15,1.14,2.9
2026-07-29T14:02:39.187,1391.031,329,open,ACTUATOR_ACTIVE,TRAJECTORY_RUNNING,24.0,55,33,-1,37.89,55,0,0.0,0.0,0.0,2.24,1.11,2.85
2026-07-29T14:02:40.195,1392.047,329,open,ACTUATOR_ACTIVE,TRAJECTORY_RUNNING,24.0,55,8,9,3.14,55,0,0.0,0.0,0.0,0.41,0.36,0.57
2026-07-29T14:02:41.304,1393.156,330,close,ACTUATOR_ACTIVE,TRAJECTORY_RUNNING,24.0,55,11,19,3.88,55,0,0.0,0.0,0.0,0.38,0.34,0.51
2026-07-29T14:02:42.305,1394.156,330,close,ACTUATOR_ACTIVE,TRAJECTORY_RUNNING,24.0,55,33,0,80.19,55,0,0.0,0.0,0.0,2.16,1.15,2.92
2026-07-29T14:02:43.411,1395.266,330,open,ACTUATOR_ACTIVE,TRAJECTORY_RUNNING,24.0,55,33,-2,36.18,55,0,0.0,0.0,0.0,2.21,1.13,2.71
2026-07-29T14:02:44.404,1396.25,330,open,ACTUATOR_ACTIVE,TRAJECTORY_RUNNING,24.0,55,8,10,1.49,55,0,0.0,0.0,0.0,0.42,0.36,0.58
2026-07-29T14:02:45.522,1397.375,331,close,ACTUATOR_ACTIVE,TRAJECTORY_RUNNING,24.0,55,10,18,3.65,55,0,0.0,0.0,0.0,0.39,0.35,0.51
2026-07-29T14:02:46.518,1398.375,331,close,ACTUATOR_ACTIVE,TRAJECTORY_RUNNING,24.0,58,32,0,32.02,58,0,0.0,0.0,0.0,1.58,1.34,4.63
2026-07-29T14:02:47.627,1399.484,331,open,ACTUATOR_ACTIVE,TRAJECTORY_RUNNING,24.0,58,32,-17,8.32,58,0,0.0,0.0,0.0,1.13,0.95,3.34
2026-07-29T14:02:48.622,1400.469,331,open,ACTUATOR_ACTIVE,TRAJECTORY_COMPLETE,24.0,58,10,5,0.89,58,0,0.0,0.0,0.0,0.39,0.35,0.52
2026-07-29T14:02:49.741,1401.594,332,close,ACTUATOR_ACTIVE,TRAJECTORY_RUNNING,24.0,54,10,14,3.31,54,0,0.0,0.0,0.0,0.37,0.35,0.45
2026-07-29T14:02:50.734,1402.594,332,close,ACTUATOR_ACTIVE,TRAJECTORY_RUNNING,24.0,54,33,1,78.09,54,0,0.0,0.0,0.0,2.15,1.16,2.98
2026-07-29T14:02:51.842,1403.688,332,open,ACTUATOR_ACTIVE,TRAJECTORY_RUNNING,24.0,54,33,-5,40.75,54,0,0.0,0.0,0.0,2.22,1.13,3.4
2026-07-29T14:02:52.850,1404.703,332,open,ACTUATOR_ACTIVE,TRAJECTORY_RUNNING,24.0,54,8,11,4.37,54,0,0.0,0.0,0.0,0.41,0.36,0.57
2026-07-29T14:02:53.956,1405.813,333,close,ACTUATOR_ACTIVE,TRAJECTORY_RUNNING,24.0,57,10,14,3.39,57,0,0.0,0.0,0.0,0.39,0.35,0.49
2026-07-29T14:02:54.952,1406.797,333,close,ACTUATOR_ACTIVE,TRAJECTORY_RUNNING,24.0,57,33,0,76.54,57,0,0.0,0.0,0.0,2.14,1.16,2.98
2026-07-29T14:02:56.077,1407.922,333,open,ACTUATOR_ACTIVE,TRAJECTORY_RUNNING,24.0,57,33,-3,40.79,57,0,0.0,0.0,0.0,2.21,1.15,2.75
2026-07-29T14:02:57.075,1408.922,333,open,ACTUATOR_ACTIVE,TRAJECTORY_COMPLETE,24.0,57,9,0,-0.5,57,0,0.0,0.0,0.0,0.42,0.36,0.57
2026-07-29T14:02:58.185,1410.031,334,close,ACTUATOR_ACTIVE,TRAJECTORY_RUNNING,24.0,54,10,18,4.06,54,0,0.0,0.0,0.0,0.39,0.34,0.5
2026-07-29T14:02:59.180,1411.031,334,close,ACTUATOR_ACTIVE,TRAJECTORY_RUNNING,24.0,54,33,-1,81.31,54,0,0.0,0.0,0.0,2.16,1.17,3.02
2026-07-29T14:03:00.293,1412.141,334,open,ACTUATOR_ACTIVE,TRAJECTORY_RUNNING,24.0,54,33,-2,38.83,54,0,0.0,0.0,0.0,2.21,1.16,2.79
2026-07-29T14:03:01.290,1413.141,334,open,ACTUATOR_ACTIVE,TRAJECTORY_RUNNING,24.0,54,8,9,2.49,54,0,0.0,0.0,0.0,0.42,0.36,0.57
2026-07-29T14:03:02.401,1414.25,335,close,ACTUATOR_ACTIVE,TRAJECTORY_RUNNING,24.0,59,10,18,4.23,59,0,0.0,0.0,0.0,0.38,0.35,0.49
2026-07-29T14:03:03.398,1415.25,335,close,ACTUATOR_ACTIVE,TRAJECTORY_RUNNING,24.0,59,33,0,79.85,59,0,0.0,0.0,0.0,2.15,1.18,2.93
2026-07-29T14:03:04.511,1416.359,335,open,ACTUATOR_ACTIVE,TRAJECTORY_RUNNING,24.0,59,33,-1,35.81,59,0,0.0,0.0,0.0,2.24,1.17,2.96
2026-07-29T14:03:05.510,1417.359,335,open,ACTUATOR_ACTIVE,TRAJECTORY_RUNNING,24.0,59,9,9,3.65,59,0,0.0,0.0,0.0,0.42,0.36,0.59
2026-07-29T14:03:06.622,1418.469,336,close,ACTUATOR_ACTIVE,TRAJECTORY_RUNNING,24.0,58,10,16,5.03,58,0,0.0,0.0,0.0,0.39,0.35,0.52
2026-07-29T14:03:07.621,1419.469,336,close,ACTUATOR_ACTIVE,TRAJECTORY_STOPPED,24.0,58,33,0,80.17,58,0,0.0,0.0,0.0,2.16,1.17,3.11
2026-07-29T14:03:08.732,1420.578,336,open,ACTUATOR_ACTIVE,TRAJECTORY_RUNNING,24.0,58,33,0,36.74,58,0,0.0,0.0,0.0,2.24,1.14,3.49
2026-07-29T14:03:09.734,1421.578,336,open,ACTUATOR_ACTIVE,TRAJECTORY_RUNNING,24.0,57,8,10,2.86,57,0,0.0,0.0,0.0,0.42,0.36,0.58
2026-07-29T14:03:10.843,1422.688,337,close,ACTUATOR_ACTIVE,TRAJECTORY_RUNNING,24.0,57,10,17,4.46,57,0,0.0,0.0,0.0,0.39,0.35,0.5
2026-07-29T14:03:11.855,1423.703,337,close,ACTUATOR_ACTIVE,TRAJECTORY_RUNNING,24.0,57,33,0,84.32,57,0,0.0,0.0,0.0,2.17,1.18,3.15
2026-07-29T14:03:12.953,1424.797,337,open,ACTUATOR_ACTIVE,TRAJECTORY_RUNNING,24.0,57,33,-1,38.56,57,0,0.0,0.0,0.0,2.24,1.18,3.02
2026-07-29T14:03:13.965,1425.813,337,open,ACTUATOR_ACTIVE,TRAJECTORY_COMPLETE,24.0,56,9,0,-0.09,56,0,0.0,0.0,0.0,0.42,0.36,0.57
2026-07-29T14:03:15.071,1426.922,338,close,ACTUATOR_ACTIVE,TRAJECTORY_RUNNING,24.0,56,10,19,4.09,56,0,0.0,0.0,0.0,0.38,0.35,0.5
2026-07-29T14:03:16.069,1427.922,338,close,ACTUATOR_ACTIVE,TRAJECTORY_RUNNING,24.0,56,33,0,83.6,56,0,0.0,0.0,0.0,2.16,1.19,3.15
2026-07-29T14:03:17.176,1429.031,338,open,ACTUATOR_ACTIVE,TRAJECTORY_RUNNING,24.0,56,33,-3,37.68,56,0,0.0,0.0,0.0,2.24,1.18,3.0
2026-07-29T14:03:18.166,1430.016,338,open,ACTUATOR_ACTIVE,TRAJECTORY_RUNNING,24.0,57,8,8,1.69,57,0,0.0,0.0,0.0,0.43,0.37,0.6
2026-07-29T14:03:19.289,1431.141,339,close,ACTUATOR_ACTIVE,TRAJECTORY_RUNNING,24.0,57,10,17,4.21,57,0,0.0,0.0,0.0,0.39,0.35,0.53
2026-07-29T14:03:20.288,1432.141,339,close,ACTUATOR_ACTIVE,TRAJECTORY_RUNNING,24.0,57,33,0,80.54,57,0,0.0,0.0,0.0,2.16,1.21,2.62
2026-07-29T14:03:21.394,1433.25,339,open,ACTUATOR_ACTIVE,TRAJECTORY_RUNNING,24.0,57,33,-2,38.64,57,0,0.0,0.0,0.0,2.26,1.18,3.21
2026-07-29T14:03:22.393,1434.25,339,open,ACTUATOR_ACTIVE,TRAJECTORY_RUNNING,24.0,54,8,10,2.12,54,0,0.0,0.0,0.0,0.42,0.38,0.61
2026-07-29T14:03:23.502,1435.359,340,close,ACTUATOR_ACTIVE,TRAJECTORY_RUNNING,24.0,54,10,16,5.49,54,0,0.0,0.0,0.0,0.38,0.36,0.54
2026-07-29T14:03:24.498,1436.344,340,close,ACTUATOR_ACTIVE,TRAJECTORY_RUNNING,24.0,54,33,0,79.78,54,0,0.0,0.0,0.0,2.17,1.2,2.95
2026-07-29T14:03:25.611,1437.469,340,open,ACTUATOR_ACTIVE,TRAJECTORY_RUNNING,24.0,54,33,-3,42.25,54,0,0.0,0.0,0.0,2.27,1.19,3.22
2026-07-29T14:03:26.607,1438.453,340,open,ACTUATOR_ACTIVE,TRAJECTORY_RUNNING,24.0,54,8,9,1.56,54,0,0.0,0.0,0.0,0.43,0.37,0.62
2026-07-29T14:03:27.733,1439.578,341,close,ACTUATOR_ACTIVE,TRAJECTORY_RUNNING,24.0,54,10,16,3.89,54,0,0.0,0.0,0.0,0.39,0.36,0.55
2026-07-29T14:03:28.747,1440.594,341,close,ACTUATOR_ACTIVE,TRAJECTORY_RUNNING,24.0,54,33,0,80.95,54,0,0.0,0.0,0.0,2.16,1.23,2.62
2026-07-29T14:03:29.852,1441.703,341,open,ACTUATOR_ACTIVE,TRAJECTORY_RUNNING,24.0,60,33,-3,35.42,60,0,0.0,0.0,0.0,2.26,1.19,3.25
2026-07-29T14:03:30.850,1442.703,341,open,ACTUATOR_ACTIVE,TRAJECTORY_RUNNING,24.0,60,8,9,3.44,60,0,0.0,0.0,0.0,0.43,0.38,0.63
2026-07-29T14:03:31.954,1443.797,342,close,ACTUATOR_ACTIVE,TRAJECTORY_RUNNING,24.0,60,10,16,4.28,60,0,0.0,0.0,0.0,0.39,0.36,0.56
2026-07-29T14:03:32.967,1444.813,342,close,ACTUATOR_ACTIVE,TRAJECTORY_RUNNING,24.0,60,33,-1,78.42,60,0,0.0,0.0,0.0,2.17,1.2,3.23
2026-07-29T14:03:34.073,1445.922,342,open,ACTUATOR_ACTIVE,TRAJECTORY_RUNNING,24.0,58,33,-2,37.85,58,0,0.0,0.0,0.0,2.24,1.21,3.11
2026-07-29T14:03:35.073,1446.922,342,open,ACTUATOR_ACTIVE,TRAJECTORY_COMPLETE,24.0,58,9,0,-1.57,58,0,0.0,0.0,0.0,0.43,0.37,0.62
2026-07-29T14:03:36.180,1448.031,343,close,ACTUATOR_ACTIVE,TRAJECTORY_RUNNING,24.0,58,10,16,3.77,58,0,0.0,0.0,0.0,0.39,0.36,0.55
2026-07-29T14:03:37.179,1449.031,343,close,ACTUATOR_ACTIVE,TRAJECTORY_RUNNING,24.0,58,33,0,78.97,58,0,0.0,0.0,0.0,2.15,1.23,3.16
2026-07-29T14:03:38.289,1450.141,343,open,ACTUATOR_ACTIVE,TRAJECTORY_RUNNING,24.0,56,33,-3,34.89,56,0,0.0,0.0,0.0,2.24,1.22,3.19
2026-07-29T14:03:39.286,1451.141,343,open,ACTUATOR_ACTIVE,TRAJECTORY_RUNNING,24.0,56,9,9,2.33,56,0,0.0,0.0,0.0,0.43,0.38,0.61
2026-07-29T14:03:40.388,1452.234,344,close,ACTUATOR_ACTIVE,TRAJECTORY_RUNNING,24.0,56,10,15,4.1,56,0,0.0,0.0,0.0,0.4,0.36,0.56
2026-07-29T14:03:41.401,1453.25,344,close,ACTUATOR_ACTIVE,TRAJECTORY_RUNNING,24.0,56,33,0,77.15,56,0,0.0,0.0,0.0,2.16,1.24,3.12
2026-07-29T14:03:42.503,1454.359,344,open,ACTUATOR_ACTIVE,TRAJECTORY_RUNNING,24.0,58,33,-3,38.71,58,0,0.0,0.0,0.0,2.23,1.24,3.19
2026-07-29T14:03:43.500,1455.344,344,open,ACTUATOR_ACTIVE,TRAJECTORY_RUNNING,24.0,58,8,9,3.32,58,0,0.0,0.0,0.0,0.43,0.38,0.62
2026-07-29T14:03:44.614,1456.469,345,close,ACTUATOR_ACTIVE,TRAJECTORY_RUNNING,24.0,58,10,15,4.94,58,0,0.0,0.0,0.0,0.39,0.37,0.56
2026-07-29T14:03:45.613,1457.469,345,close,ACTUATOR_ACTIVE,TRAJECTORY_RUNNING,24.0,58,33,0,78.68,58,0,0.0,0.0,0.0,2.14,1.27,2.95
2026-07-29T14:03:46.715,1458.563,345,open,ACTUATOR_ACTIVE,TRAJECTORY_RUNNING,24.0,58,33,-3,36.77,58,0,0.0,0.0,0.0,2.24,1.25,3.28
2026-07-29T14:03:47.727,1459.578,345,open,ACTUATOR_ACTIVE,TRAJECTORY_RUNNING,24.0,58,9,12,2.99,58,0,0.0,0.0,0.0,0.43,0.38,0.61
2026-07-29T14:03:48.830,1460.688,346,close,ACTUATOR_ACTIVE,TRAJECTORY_RUNNING,24.0,58,10,15,5.29,58,0,0.0,0.0,0.0,0.39,0.37,0.57
2026-07-29T14:03:49.827,1461.672,346,close,ACTUATOR_ACTIVE,TRAJECTORY_RUNNING,24.0,55,33,0,76.89,55,0,0.0,0.0,0.0,2.15,1.25,3.3
2026-07-29T14:03:50.946,1462.797,346,open,ACTUATOR_ACTIVE,TRAJECTORY_RUNNING,24.0,55,33,-4,36.06,55,0,0.0,0.0,0.0,2.24,1.25,3.37
2026-07-29T14:03:51.942,1463.797,346,open,ACTUATOR_ACTIVE,TRAJECTORY_RUNNING,24.0,55,8,9,2.6,55,0,0.0,0.0,0.0,0.43,0.38,0.62
2026-07-29T14:03:53.050,1464.906,347,close,ACTUATOR_ACTIVE,TRAJECTORY_RUNNING,24.0,55,10,19,4.65,55,0,0.0,0.0,0.0,0.4,0.37,0.55
2026-07-29T14:03:54.050,1465.906,347,close,ACTUATOR_ACTIVE,TRAJECTORY_RUNNING,24.0,62,33,1,80.21,62,0,0.0,0.0,0.0,2.14,1.29,2.92
2026-07-29T14:03:55.157,1467.0,347,open,ACTUATOR_ACTIVE,TRAJECTORY_RUNNING,24.0,62,33,-3,37.03,62,0,0.0,0.0,0.0,2.24,1.26,3.36
2026-07-29T14:03:56.169,1468.016,347,open,ACTUATOR_ACTIVE,TRAJECTORY_RUNNING,24.0,62,9,13,4.27,62,0,0.0,0.0,0.0,0.43,0.38,0.59
2026-07-29T14:03:57.273,1469.125,348,close,ACTUATOR_ACTIVE,TRAJECTORY_RUNNING,24.0,62,10,14,5.64,62,0,0.0,0.0,0.0,0.39,0.37,0.55
2026-07-29T14:03:58.265,1470.109,348,close,ACTUATOR_ACTIVE,TRAJECTORY_RUNNING,24.0,58,33,1,78.5,58,0,0.0,0.0,0.0,2.14,1.27,3.25
2026-07-29T14:03:59.384,1471.234,348,open,ACTUATOR_ACTIVE,TRAJECTORY_RUNNING,24.0,58,33,-2,37.78,58,0,0.0,0.0,0.0,2.24,1.26,3.37
2026-07-29T14:04:00.378,1472.234,348,open,ACTUATOR_ACTIVE,TRAJECTORY_RUNNING,24.0,58,8,9,3.05,58,0,0.0,0.0,0.0,0.43,0.38,0.59
2026-07-29T14:04:01.486,1473.328,349,close,ACTUATOR_ACTIVE,TRAJECTORY_RUNNING,24.0,58,10,16,5.12,58,0,0.0,0.0,0.0,0.39,0.37,0.55
2026-07-29T14:04:02.501,1474.344,349,close,ACTUATOR_ACTIVE,TRAJECTORY_RUNNING,24.0,58,32,0,29.98,58,0,0.0,0.0,0.0,1.59,1.52,4.94
2026-07-29T14:04:03.613,1475.469,349,open,ACTUATOR_ACTIVE,TRAJECTORY_RUNNING,24.0,58,32,-16,6.84,58,0,0.0,0.0,0.0,1.58,1.49,4.99
2026-07-29T14:04:04.609,1476.453,349,open,ACTUATOR_ACTIVE,TRAJECTORY_COMPLETE,24.0,58,10,4,0.19,58,0,0.0,0.0,0.0,0.39,0.36,0.52
2026-07-29T14:04:05.732,1477.578,350,close,ACTUATOR_ACTIVE,TRAJECTORY_RUNNING,24.0,60,10,16,4.43,60,0,0.0,0.0,0.0,0.38,0.36,0.46
2026-07-29T14:04:06.731,1478.578,350,close,ACTUATOR_ACTIVE,TRAJECTORY_RUNNING,24.0,60,32,0,31.58,60,0,0.0,0.0,0.0,1.55,1.5,4.77
2026-07-29T14:04:07.842,1479.688,350,open,ACTUATOR_ACTIVE,TRAJECTORY_RUNNING,24.0,60,32,-14,6.71,60,0,0.0,0.0,0.0,1.52,1.4,4.75
2026-07-29T14:04:08.840,1480.688,350,open,ACTUATOR_ACTIVE,TRAJECTORY_COMPLETE,24.0,60,10,7,0.9,60,0,0.0,0.0,0.0,0.39,0.35,0.48
2026-07-29T14:04:09.942,1481.797,351,close,ACTUATOR_ACTIVE,TRAJECTORY_RUNNING,24.0,58,10,17,4.24,58,0,0.0,0.0,0.0,0.38,0.35,0.43
2026-07-29T14:04:10.940,1482.781,351,close,ACTUATOR_ACTIVE,TRAJECTORY_RUNNING,24.0,58,32,0,32.34,58,0,0.0,0.0,0.0,1.55,1.5,4.73
2026-07-29T14:04:12.058,1483.906,351,open,ACTUATOR_ACTIVE,TRAJECTORY_RUNNING,24.0,58,32,-15,7.69,58,0,0.0,0.0,0.0,1.01,0.91,2.83
2026-07-29T14:04:13.072,1484.922,351,open,ACTUATOR_ACTIVE,TRAJECTORY_COMPLETE,24.0,58,10,3,0.52,58,0,0.0,0.0,0.0,0.37,0.33,0.46
2026-07-29T14:04:14.184,1486.031,352,close,ACTUATOR_ACTIVE,TRAJECTORY_RUNNING,24.0,56,10,18,3.87,56,0,0.0,0.0,0.0,0.37,0.33,0.4
2026-07-29T14:04:15.181,1487.031,352,close,ACTUATOR_ACTIVE,TRAJECTORY_RUNNING,24.0,56,33,0,82.3,56,0,0.0,0.0,0.0,2.15,1.23,3.48
2026-07-29T14:04:16.287,1488.141,352,open,ACTUATOR_ACTIVE,TRAJECTORY_RUNNING,24.0,56,33,0,33.37,56,0,0.0,0.0,0.0,2.2,1.22,3.84
2026-07-29T14:04:17.283,1489.125,352,open,ACTUATOR_ACTIVE,TRAJECTORY_COMPLETE,24.0,56,9,2,-0.09,56,0,0.0,0.0,0.0,0.41,0.35,0.5
2026-07-29T14:04:18.399,1490.25,353,close,ACTUATOR_ACTIVE,TRAJECTORY_RUNNING,24.0,61,10,15,3.87,61,0,0.0,0.0,0.0,0.38,0.33,0.46
2026-07-29T14:04:19.397,1491.25,353,close,ACTUATOR_ACTIVE,TRAJECTORY_RUNNING,24.0,61,32,0,29.63,61,0,0.0,0.0,0.0,1.6,1.53,4.88
2026-07-29T14:04:20.509,1492.359,353,open,ACTUATOR_ACTIVE,TRAJECTORY_RUNNING,24.0,61,32,-14,6.76,61,0,0.0,0.0,0.0,1.27,1.12,3.68
2026-07-29T14:04:21.508,1493.359,353,open,ACTUATOR_ACTIVE,TRAJECTORY_RUNNING,24.0,61,10,1,1.54,61,0,0.0,0.0,0.0,0.39,0.33,0.49
2026-07-29T14:04:22.616,1494.469,354,close,ACTUATOR_ACTIVE,TRAJECTORY_RUNNING,24.0,57,10,17,4.57,57,0,0.0,0.0,0.0,0.37,0.32,0.45
2026-07-29T14:04:23.613,1495.453,354,close,ACTUATOR_ACTIVE,TRAJECTORY_RUNNING,24.0,57,33,-2,77.5,57,0,0.0,0.0,0.0,2.14,1.25,3.49
2026-07-29T14:04:24.740,1496.594,354,open,ACTUATOR_ACTIVE,TRAJECTORY_RUNNING,24.0,57,33,-1,31.19,57,0,0.0,0.0,0.0,2.2,1.23,3.92
2026-07-29T14:04:25.733,1497.578,354,open,ACTUATOR_ACTIVE,TRAJECTORY_RUNNING,24.0,57,9,11,3.21,57,0,0.0,0.0,0.0,0.41,0.34,0.53
2026-07-29T14:04:26.852,1498.703,355,close,ACTUATOR_ACTIVE,TRAJECTORY_RUNNING,24.0,57,10,17,3.83,57,0,0.0,0.0,0.0,0.38,0.32,0.48
2026-07-29T14:04:27.848,1499.703,355,close,ACTUATOR_ACTIVE,TRAJECTORY_RUNNING,24.0,57,32,0,31.27,57,0,0.0,0.0,0.0,1.59,1.53,4.77
2026-07-29T14:04:28.961,1500.813,355,open,ACTUATOR_ACTIVE,TRAJECTORY_RUNNING,24.0,57,32,-15,6.78,57,0,0.0,0.0,0.0,1.55,1.44,4.81
2026-07-29T14:04:29.958,1501.813,355,open,ACTUATOR_ACTIVE,TRAJECTORY_COMPLETE,24.0,56,10,7,1.12,56,0,0.0,0.0,0.0,0.39,0.32,0.49
2026-07-29T14:04:31.063,1502.906,356,close,ACTUATOR_ACTIVE,TRAJECTORY_RUNNING,24.0,56,10,15,3.42,56,0,0.0,0.0,0.0,0.38,0.32,0.43
2026-07-29T14:04:32.076,1503.922,356,close,ACTUATOR_ACTIVE,TRAJECTORY_RUNNING,24.0,56,32,0,31.29,56,0,0.0,0.0,0.0,1.57,1.52,4.76
2026-07-29T14:04:33.188,1505.031,356,open,ACTUATOR_ACTIVE,TRAJECTORY_RUNNING,24.0,56,32,-16,7.15,56,0,0.0,0.0,0.0,1.19,1.06,3.4
2026-07-29T14:04:34.183,1506.031,356,open,ACTUATOR_ACTIVE,TRAJECTORY_COMPLETE,24.0,56,10,11,1.73,56,0,0.0,0.0,0.0,0.37,0.31,0.46
2026-07-29T14:04:35.291,1507.141,357,close,ACTUATOR_ACTIVE,TRAJECTORY_RUNNING,24.0,56,10,18,4.0,56,0,0.0,0.0,0.0,0.37,0.31,0.4
2026-07-29T14:04:36.286,1508.141,357,close,ACTUATOR_ACTIVE,TRAJECTORY_RUNNING,24.0,56,33,0,80.15,56,0,0.0,0.0,0.0,2.13,1.28,3.57
2026-07-29T14:04:37.385,1509.234,357,open,ACTUATOR_ACTIVE,TRAJECTORY_RUNNING,24.0,56,33,-2,38.62,56,0,0.0,0.0,0.0,2.19,1.26,3.94
2026-07-29T14:04:38.376,1510.219,357,open,ACTUATOR_ACTIVE,TRAJECTORY_COMPLETE,24.0,59,9,-2,-0.44,59,0,0.0,0.0,0.0,0.41,0.33,0.5
2026-07-29T14:04:39.494,1511.344,358,close,ACTUATOR_ACTIVE,TRAJECTORY_RUNNING,24.0,59,10,18,5.61,59,0,0.0,0.0,0.0,0.38,0.32,0.44
2026-07-29T14:04:40.491,1512.344,358,close,ACTUATOR_ACTIVE,TRAJECTORY_RUNNING,24.0,59,33,0,79.67,59,0,0.0,0.0,0.0,2.13,1.28,3.48
2026-07-29T14:04:41.598,1513.453,358,open,ACTUATOR_ACTIVE,TRAJECTORY_RUNNING,24.0,59,33,-1,33.08,59,0,0.0,0.0,0.0,2.21,1.25,3.91
2026-07-29T14:04:42.592,1514.438,358,open,ACTUATOR_ACTIVE,TRAJECTORY_RUNNING,24.0,57,8,10,1.61,57,0,0.0,0.0,0.0,0.42,0.34,0.53
2026-07-29T14:04:43.716,1515.563,359,close,ACTUATOR_ACTIVE,TRAJECTORY_RUNNING,24.0,57,10,16,4.57,57,0,0.0,0.0,0.0,0.38,0.31,0.46
2026-07-29T14:04:44.712,1516.563,359,close,ACTUATOR_ACTIVE,TRAJECTORY_RUNNING,24.0,57,33,0,78.5,57,0,0.0,0.0,0.0,2.14,1.28,3.46
2026-07-29T14:04:45.814,1517.656,359,open,ACTUATOR_ACTIVE,TRAJECTORY_RUNNING,24.0,56,33,-3,41.75,56,0,0.0,0.0,0.0,2.21,1.26,3.84
2026-07-29T14:04:46.822,1518.672,359,open,ACTUATOR_ACTIVE,TRAJECTORY_RUNNING,24.0,56,8,9,2.55,56,0,0.0,0.0,0.0,0.42,0.34,0.54
2026-07-29T14:04:47.928,1519.781,360,close,ACTUATOR_ACTIVE,TRAJECTORY_RUNNING,24.0,56,10,15,3.51,56,0,0.0,0.0,0.0,0.38,0.32,0.47
2026-07-29T14:04:48.925,1520.766,360,close,ACTUATOR_ACTIVE,TRAJECTORY_RUNNING,24.0,56,33,0,81.19,56,0,0.0,0.0,0.0,2.14,1.28,3.42
2026-07-29T14:04:50.046,1521.891,360,open,ACTUATOR_ACTIVE,TRAJECTORY_RUNNING,24.0,57,33,-3,35.16,57,0,0.0,0.0,0.0,2.21,1.27,3.87
2026-07-29T14:04:51.034,1522.875,360,open,ACTUATOR_ACTIVE,TRAJECTORY_RUNNING,24.0,57,8,8,2.54,57,0,0.0,0.0,0.0,0.43,0.34,0.55
2026-07-29T14:04:52.152,1524.0,361,close,ACTUATOR_ACTIVE,TRAJECTORY_RUNNING,24.0,57,10,18,5.15,57,0,0.0,0.0,0.0,0.39,0.32,0.48
2026-07-29T14:04:53.142,1524.984,361,close,ACTUATOR_ACTIVE,TRAJECTORY_RUNNING,24.0,57,33,-1,83.32,57,0,0.0,0.0,0.0,2.15,1.29,3.48
2026-07-29T14:04:54.263,1526.109,361,open,ACTUATOR_ACTIVE,TRAJECTORY_RUNNING,24.0,55,33,-2,38.89,55,0,0.0,0.0,0.0,2.22,1.31,3.39
2026-07-29T14:04:55.257,1527.109,361,open,ACTUATOR_ACTIVE,TRAJECTORY_RUNNING,24.0,55,8,9,2.4,55,0,0.0,0.0,0.0,0.43,0.34,0.57
2026-07-29T14:04:56.362,1528.203,362,close,ACTUATOR_ACTIVE,TRAJECTORY_RUNNING,24.0,55,10,18,4.27,55,0,0.0,0.0,0.0,0.39,0.31,0.51
2026-07-29T14:04:57.376,1529.219,362,close,ACTUATOR_ACTIVE,TRAJECTORY_RUNNING,24.0,55,32,0,32.95,55,0,0.0,0.0,0.0,1.6,1.59,4.88
2026-07-29T14:04:58.483,1530.328,362,open,ACTUATOR_ACTIVE,TRAJECTORY_RUNNING,24.0,56,32,-16,7.9,56,0,0.0,0.0,0.0,1.49,1.47,4.85
2026-07-29T14:04:59.478,1531.328,362,open,ACTUATOR_ACTIVE,TRAJECTORY_COMPLETE,24.0,56,9,-1,0.39,56,0,0.0,0.0,0.0,0.4,0.32,0.48
2026-07-29T14:05:00.585,1532.438,363,close,ACTUATOR_ACTIVE,TRAJECTORY_RUNNING,24.0,56,10,17,5.86,56,0,0.0,0.0,0.0,0.38,0.32,0.42
2026-07-29T14:05:01.579,1533.422,363,close,ACTUATOR_ACTIVE,TRAJECTORY_RUNNING,24.0,56,33,0,81.21,56,0,0.0,0.0,0.0,2.13,1.34,3.6
2026-07-29T14:05:02.699,1534.547,363,open,ACTUATOR_ACTIVE,TRAJECTORY_RUNNING,24.0,57,33,-3,35.66,57,0,0.0,0.0,0.0,2.2,1.3,4.04
2026-07-29T14:05:03.694,1535.547,363,open,ACTUATOR_ACTIVE,TRAJECTORY_RUNNING,24.0,57,8,10,2.21,57,0,0.0,0.0,0.0,0.42,0.33,0.55
2026-07-29T14:05:04.799,1536.641,364,close,ACTUATOR_ACTIVE,TRAJECTORY_RUNNING,24.0,57,10,16,4.06,57,0,0.0,0.0,0.0,0.38,0.31,0.49
2026-07-29T14:05:05.816,1537.656,364,close,ACTUATOR_ACTIVE,TRAJECTORY_RUNNING,24.0,54,32,0,32.05,54,0,0.0,0.0,0.0,1.61,1.58,4.78
2026-07-29T14:05:06.926,1538.766,364,open,ACTUATOR_ACTIVE,TRAJECTORY_RUNNING,24.0,54,32,-15,7.19,54,0,0.0,0.0,0.0,1.61,1.55,4.89
2026-07-29T14:05:07.941,1539.781,364,open,ACTUATOR_ACTIVE,TRAJECTORY_RUNNING,24.0,54,10,0,1.71,54,0,0.0,0.0,0.0,0.4,0.32,0.5
2026-07-29T14:05:09.055,1540.906,365,close,ACTUATOR_ACTIVE,TRAJECTORY_RUNNING,24.0,54,10,19,3.56,54,0,0.0,0.0,0.0,0.38,0.32,0.43
2026-07-29T14:05:10.056,1541.906,365,close,ACTUATOR_ACTIVE,TRAJECTORY_RUNNING,24.0,57,33,0,80.44,57,0,0.0,0.0,0.0,2.11,1.36,3.68
2026-07-29T14:05:11.161,1543.0,365,open,ACTUATOR_ACTIVE,TRAJECTORY_RUNNING,24.0,57,33,0,33.67,57,0,0.0,0.0,0.0,2.18,1.32,4.08
2026-07-29T14:05:12.165,1544.016,365,open,ACTUATOR_ACTIVE,TRAJECTORY_RUNNING,24.0,57,9,10,2.88,57,0,0.0,0.0,0.0,0.42,0.33,0.53
2026-07-29T14:05:13.274,1545.125,366,close,ACTUATOR_ACTIVE,TRAJECTORY_RUNNING,24.0,57,10,20,3.51,57,0,0.0,0.0,0.0,0.38,0.31,0.49
2026-07-29T14:05:14.276,1546.125,366,close,ACTUATOR_ACTIVE,TRAJECTORY_RUNNING,24.0,60,33,0,74.75,60,0,0.0,0.0,0.0,2.12,1.37,3.75
2026-07-29T14:05:15.389,1547.234,366,open,ACTUATOR_ACTIVE,TRAJECTORY_RUNNING,24.0,60,33,-1,33.38,60,0,0.0,0.0,0.0,2.18,1.34,4.14
2026-07-29T14:05:16.388,1548.234,366,open,ACTUATOR_ACTIVE,TRAJECTORY_RUNNING,24.0,60,8,10,2.89,60,0,0.0,0.0,0.0,0.42,0.34,0.56
2026-07-29T14:05:17.501,1549.344,367,close,ACTUATOR_ACTIVE,TRAJECTORY_RUNNING,24.0,60,10,16,5.42,60,0,0.0,0.0,0.0,0.38,0.31,0.5
2026-07-29T14:05:18.501,1550.344,367,close,ACTUATOR_ACTIVE,TRAJECTORY_RUNNING,24.0,57,33,0,80.58,57,0,0.0,0.0,0.0,2.12,1.36,3.51
2026-07-29T14:05:19.610,1551.453,367,open,ACTUATOR_ACTIVE,TRAJECTORY_RUNNING,24.0,57,33,-2,35.42,57,0,0.0,0.0,0.0,2.23,1.38,3.65
2026-07-29T14:05:20.611,1552.453,367,open,ACTUATOR_ACTIVE,TRAJECTORY_RUNNING,24.0,57,8,10,2.7,57,0,0.0,0.0,0.0,0.43,0.35,0.57
2026-07-29T14:05:21.719,1553.563,368,close,ACTUATOR_ACTIVE,TRAJECTORY_RUNNING,24.0,59,10,15,3.93,59,0,0.0,0.0,0.0,0.39,0.32,0.52
2026-07-29T14:05:22.713,1554.563,368,close,ACTUATOR_ACTIVE,TRAJECTORY_RUNNING,24.0,59,33,0,82.0,59,0,0.0,0.0,0.0,2.13,1.41,3.47
2026-07-29T14:05:23.816,1555.656,368,open,ACTUATOR_ACTIVE,TRAJECTORY_RUNNING,24.0,59,33,-3,36.72,59,0,0.0,0.0,0.0,2.24,1.39,3.83
2026-07-29T14:05:24.832,1556.672,368,open,ACTUATOR_ACTIVE,TRAJECTORY_COMPLETE,24.0,59,9,0,-0.83,59,0,0.0,0.0,0.0,0.44,0.36,0.59
2026-07-29T14:05:25.933,1557.781,369,close,ACTUATOR_ACTIVE,TRAJECTORY_RUNNING,24.0,55,10,18,4.21,55,0,0.0,0.0,0.0,0.4,0.33,0.54
2026-07-29T14:05:26.943,1558.781,369,close,ACTUATOR_ACTIVE,TRAJECTORY_RUNNING,24.0,55,33,-1,80.18,55,0,0.0,0.0,0.0,2.13,1.39,3.73
2026-07-29T14:05:28.068,1559.906,369,open,ACTUATOR_ACTIVE,TRAJECTORY_RUNNING,24.0,55,33,-1,38.85,55,0,0.0,0.0,0.0,2.19,1.37,4.07
2026-07-29T14:05:29.079,1560.922,369,open,ACTUATOR_ACTIVE,TRAJECTORY_RUNNING,24.0,55,9,11,2.19,55,0,0.0,0.0,0.0,0.43,0.34,0.58
2026-07-29T14:05:30.184,1562.031,370,close,ACTUATOR_ACTIVE,TRAJECTORY_RUNNING,24.0,56,10,16,5.78,56,0,0.0,0.0,0.0,0.39,0.32,0.52
2026-07-29T14:05:31.175,1563.016,370,close,ACTUATOR_ACTIVE,TRAJECTORY_RUNNING,24.0,56,33,0,83.12,56,0,0.0,0.0,0.0,2.13,1.44,3.23
2026-07-29T14:05:32.297,1564.141,370,open,ACTUATOR_ACTIVE,TRAJECTORY_RUNNING,24.0,56,33,-3,37.75,56,0,0.0,0.0,0.0,2.24,1.41,3.85
2026-07-29T14:05:33.294,1565.141,370,open,ACTUATOR_ACTIVE,TRAJECTORY_RUNNING,24.0,56,8,10,2.31,56,0,0.0,0.0,0.0,0.44,0.36,0.6
2026-07-29T14:05:34.393,1566.234,371,close,ACTUATOR_ACTIVE,TRAJECTORY_RUNNING,24.0,56,10,16,2.95,56,0,0.0,0.0,0.0,0.4,0.33,0.54
2026-07-29T14:05:35.405,1567.25,371,close,ACTUATOR_ACTIVE,TRAJECTORY_RUNNING,24.0,56,33,0,85.47,56,0,0.0,0.0,0.0,2.14,1.46,3.31
2026-07-29T14:05:36.516,1568.359,371,open,ACTUATOR_ACTIVE,TRAJECTORY_RUNNING,24.0,56,33,-2,37.7,56,0,0.0,0.0,0.0,2.24,1.42,3.91
2026-07-29T14:05:37.514,1569.359,371,open,ACTUATOR_ACTIVE,TRAJECTORY_RUNNING,24.0,56,8,9,3.16,56,0,0.0,0.0,0.0,0.44,0.38,0.6
2026-07-29T14:05:38.622,1570.469,372,close,ACTUATOR_ACTIVE,TRAJECTORY_RUNNING,24.0,59,10,15,3.51,59,0,0.0,0.0,0.0,0.39,0.35,0.54
2026-07-29T14:05:39.616,1571.469,372,close,ACTUATOR_ACTIVE,TRAJECTORY_RUNNING,24.0,59,32,0,30.91,59,0,0.0,0.0,0.0,1.61,1.66,4.97
2026-07-29T14:05:40.725,1572.578,372,open,ACTUATOR_ACTIVE,TRAJECTORY_RUNNING,24.0,59,32,-15,6.88,59,0,0.0,0.0,0.0,1.6,1.61,5.02
2026-07-29T14:05:41.721,1573.563,372,open,ACTUATOR_ACTIVE,TRAJECTORY_COMPLETE,24.0,59,10,10,0.94,59,0,0.0,0.0,0.0,0.4,0.35,0.54
2026-07-29T14:05:42.844,1574.688,373,close,ACTUATOR_ACTIVE,TRAJECTORY_RUNNING,24.0,59,10,18,4.72,59,0,0.0,0.0,0.0,0.39,0.34,0.47
2026-07-29T14:05:43.840,1575.688,373,close,ACTUATOR_ACTIVE,TRAJECTORY_RUNNING,24.0,59,33,1,76.59,59,0,0.0,0.0,0.0,2.12,1.47,3.57
2026-07-29T14:05:44.947,1576.797,373,open,ACTUATOR_ACTIVE,TRAJECTORY_RUNNING,24.0,59,33,-2,36.61,59,0,0.0,0.0,0.0,2.23,1.43,3.88
2026-07-29T14:05:45.941,1577.781,373,open,ACTUATOR_ACTIVE,TRAJECTORY_COMPLETE,24.0,57,9,-9,-2.62,57,0,0.0,0.0,0.0,0.43,0.37,0.6
2026-07-29T14:05:47.062,1578.906,374,close,ACTUATOR_ACTIVE,TRAJECTORY_RUNNING,24.0,57,10,16,4.02,57,0,0.0,0.0,0.0,0.39,0.34,0.54
2026-07-29T14:05:48.051,1579.891,374,close,ACTUATOR_ACTIVE,TRAJECTORY_RUNNING,24.0,57,33,0,80.33,57,0,0.0,0.0,0.0,2.14,1.47,3.35
2026-07-29T14:05:49.174,1581.016,374,open,ACTUATOR_ACTIVE,TRAJECTORY_RUNNING,24.0,57,33,-1,36.03,57,0,0.0,0.0,0.0,2.23,1.44,3.89
2026-07-29T14:05:50.167,1582.016,374,open,ACTUATOR_ACTIVE,TRAJECTORY_RUNNING,24.0,58,8,11,2.46,58,0,0.0,0.0,0.0,0.43,0.37,0.61
2026-07-29T14:05:51.276,1583.125,375,close,ACTUATOR_ACTIVE,TRAJECTORY_RUNNING,24.0,58,10,17,4.42,58,0,0.0,0.0,0.0,0.39,0.35,0.55
2026-07-29T14:05:52.277,1584.125,375,close,ACTUATOR_ACTIVE,TRAJECTORY_RUNNING,24.0,58,33,0,79.62,58,0,0.0,0.0,0.0,2.13,1.48,3.35
2026-07-29T14:05:53.388,1585.234,375,open,ACTUATOR_ACTIVE,TRAJECTORY_RUNNING,24.0,58,33,-2,37.17,58,0,0.0,0.0,0.0,2.24,1.44,3.94
2026-07-29T14:05:54.384,1586.234,375,open,ACTUATOR_ACTIVE,TRAJECTORY_RUNNING,24.0,61,8,10,2.49,61,0,0.0,0.0,0.0,0.43,0.38,0.61
2026-07-29T14:05:55.493,1587.344,376,close,ACTUATOR_ACTIVE,TRAJECTORY_RUNNING,24.0,61,10,17,3.86,61,0,0.0,0.0,0.0,0.39,0.35,0.56
2026-07-29T14:05:56.486,1588.328,376,close,ACTUATOR_ACTIVE,TRAJECTORY_RUNNING,24.0,61,33,0,81.97,61,0,0.0,0.0,0.0,2.14,1.47,3.44
2026-07-29T14:05:57.604,1589.453,376,open,ACTUATOR_ACTIVE,TRAJECTORY_RUNNING,24.0,61,33,-1,39.21,61,0,0.0,0.0,0.0,2.23,1.45,3.87
2026-07-29T14:05:58.598,1590.438,376,open,ACTUATOR_ACTIVE,TRAJECTORY_RUNNING,24.0,54,8,8,2.35,54,0,0.0,0.0,0.0,0.44,0.38,0.61
2026-07-29T14:05:59.718,1591.563,377,close,ACTUATOR_ACTIVE,TRAJECTORY_RUNNING,24.0,54,10,18,4.86,54,0,0.0,0.0,0.0,0.39,0.36,0.54
2026-07-29T14:06:00.716,1592.563,377,close,ACTUATOR_ACTIVE,TRAJECTORY_RUNNING,24.0,54,33,0,79.78,54,0,0.0,0.0,0.0,2.11,1.45,3.79
2026-07-29T14:06:01.821,1593.672,377,open,ACTUATOR_ACTIVE,TRAJECTORY_RUNNING,24.0,59,33,-3,40.96,59,0,0.0,0.0,0.0,2.18,1.42,4.13
2026-07-29T14:06:02.819,1594.656,377,open,ACTUATOR_ACTIVE,TRAJECTORY_RUNNING,24.0,59,8,9,2.8,59,0,0.0,0.0,0.0,0.43,0.36,0.56
2026-07-29T14:06:03.948,1595.797,378,close,ACTUATOR_ACTIVE,TRAJECTORY_RUNNING,24.0,59,10,18,4.34,59,0,0.0,0.0,0.0,0.38,0.34,0.5
2026-07-29T14:06:04.942,1596.781,378,close,ACTUATOR_ACTIVE,TRAJECTORY_RUNNING,24.0,59,33,-1,77.64,59,0,0.0,0.0,0.0,2.11,1.45,3.64
2026-07-29T14:06:06.067,1597.906,378,open,ACTUATOR_ACTIVE,TRAJECTORY_RUNNING,24.0,58,33,-3,34.73,58,0,0.0,0.0,0.0,2.22,1.47,3.89
2026-07-29T14:06:07.081,1598.922,378,open,ACTUATOR_ACTIVE,TRAJECTORY_RUNNING,24.0,58,9,14,3.84,58,0,0.0,0.0,0.0,0.43,0.37,0.59
2026-07-29T14:06:08.189,1600.031,379,close,ACTUATOR_ACTIVE,TRAJECTORY_RUNNING,24.0,58,10,15,3.75,58,0,0.0,0.0,0.0,0.39,0.35,0.5
2026-07-29T14:06:09.189,1601.031,379,close,ACTUATOR_ACTIVE,TRAJECTORY_RUNNING,24.0,58,33,0,83.15,58,0,0.0,0.0,0.0,2.13,1.5,3.5
2026-07-29T14:06:10.298,1602.141,379,open,ACTUATOR_ACTIVE,TRAJECTORY_RUNNING,24.0,56,33,-2,34.72,56,0,0.0,0.0,0.0,2.21,1.48,4.0
2026-07-29T14:06:11.296,1603.141,379,open,ACTUATOR_ACTIVE,TRAJECTORY_RUNNING,24.0,56,8,10,2.67,56,0,0.0,0.0,0.0,0.43,0.38,0.59
2026-07-29T14:06:12.399,1604.25,380,close,ACTUATOR_ACTIVE,TRAJECTORY_RUNNING,24.0,56,10,15,3.39,56,0,0.0,0.0,0.0,0.39,0.35,0.51
2026-07-29T14:06:13.395,1605.234,380,close,ACTUATOR_ACTIVE,TRAJECTORY_RUNNING,24.0,56,33,0,81.82,56,0,0.0,0.0,0.0,2.1,1.51,3.81
2026-07-29T14:06:14.517,1606.359,380,open,ACTUATOR_ACTIVE,TRAJECTORY_RUNNING,24.0,61,33,-3,36.64,61,0,0.0,0.0,0.0,2.2,1.49,3.87
2026-07-29T14:06:15.514,1607.359,380,open,ACTUATOR_ACTIVE,TRAJECTORY_RUNNING,24.0,61,8,9,1.73,61,0,0.0,0.0,0.0,0.43,0.37,0.58
2026-07-29T14:06:16.615,1608.453,381,close,ACTUATOR_ACTIVE,TRAJECTORY_RUNNING,24.0,61,10,15,3.71,61,0,0.0,0.0,0.0,0.39,0.35,0.51
2026-07-29T14:06:17.629,1609.469,381,close,ACTUATOR_ACTIVE,TRAJECTORY_RUNNING,24.0,61,33,0,81.28,61,0,0.0,0.0,0.0,2.13,1.54,3.49
2026-07-29T14:06:18.741,1610.578,381,open,ACTUATOR_ACTIVE,TRAJECTORY_RUNNING,24.0,59,33,-2,35.65,59,0,0.0,0.0,0.0,2.21,1.5,3.99
2026-07-29T14:06:19.740,1611.578,381,open,ACTUATOR_ACTIVE,TRAJECTORY_RUNNING,24.0,59,8,10,2.07,59,0,0.0,0.0,0.0,0.43,0.38,0.6
2026-07-29T14:06:20.843,1612.688,382,close,ACTUATOR_ACTIVE,TRAJECTORY_RUNNING,24.0,59,10,16,4.62,59,0,0.0,0.0,0.0,0.38,0.35,0.49
2026-07-29T14:06:21.841,1613.688,382,close,ACTUATOR_ACTIVE,TRAJECTORY_RUNNING,24.0,59,32,0,28.71,59,0,0.0,0.0,0.0,1.61,1.7,4.95
2026-07-29T14:06:22.951,1614.797,382,open,ACTUATOR_ACTIVE,TRAJECTORY_RUNNING,24.0,59,32,-15,7.97,59,0,0.0,0.0,0.0,1.62,1.66,4.99
2026-07-29T14:06:23.948,1615.797,382,open,ACTUATOR_ACTIVE,TRAJECTORY_COMPLETE,24.0,59,10,5,0.53,59,0,0.0,0.0,0.0,0.4,0.36,0.49
2026-07-29T14:06:25.049,1616.891,383,close,ACTUATOR_ACTIVE,TRAJECTORY_RUNNING,24.0,59,10,16,5.11,59,0,0.0,0.0,0.0,0.38,0.34,0.44
2026-07-29T14:06:26.058,1617.906,383,close,ACTUATOR_ACTIVE,TRAJECTORY_RUNNING,24.0,57,33,0,79.01,57,0,0.0,0.0,0.0,2.08,1.51,3.75
2026-07-29T14:06:27.164,1619.0,383,open,ACTUATOR_ACTIVE,TRAJECTORY_RUNNING,24.0,57,33,-3,37.88,57,0,0.0,0.0,0.0,2.2,1.49,3.87
2026-07-29T14:06:28.181,1620.031,383,open,ACTUATOR_ACTIVE,TRAJECTORY_COMPLETE,24.0,57,9,0,0.13,57,0,0.0,0.0,0.0,0.42,0.36,0.59
2026-07-29T14:06:29.268,1621.109,384,close,ACTUATOR_ACTIVE,TRAJECTORY_RUNNING,24.0,57,10,15,4.23,57,0,0.0,0.0,0.0,0.38,0.33,0.49
2026-07-29T14:06:30.274,1622.109,384,close,ACTUATOR_ACTIVE,TRAJECTORY_RUNNING,24.0,61,32,0,30.96,61,0,0.0,0.0,0.0,1.6,1.7,4.95
2026-07-29T14:06:31.389,1623.234,384,open,ACTUATOR_ACTIVE,TRAJECTORY_RUNNING,24.0,61,32,-14,7.25,61,0,0.0,0.0,0.0,1.61,1.68,5.0
2026-07-29T14:06:32.388,1624.234,384,open,ACTUATOR_ACTIVE,TRAJECTORY_COMPLETE,24.0,61,10,1,0.01,61,0,0.0,0.0,0.0,0.4,0.34,0.5
2026-07-29T14:06:33.491,1625.328,385,close,ACTUATOR_ACTIVE,TRAJECTORY_RUNNING,24.0,61,10,18,2.27,61,0,0.0,0.0,0.0,0.38,0.33,0.46
2026-07-29T14:06:34.502,1626.344,385,close,ACTUATOR_ACTIVE,TRAJECTORY_RUNNING,24.0,61,33,0,82.26,61,0,0.0,0.0,0.0,2.07,1.54,3.76
2026-07-29T14:06:35.606,1627.453,385,open,ACTUATOR_ACTIVE,TRAJECTORY_RUNNING,24.0,61,33,-3,38.85,61,0,0.0,0.0,0.0,2.19,1.51,3.81
2026-07-29T14:06:36.604,1628.453,385,open,ACTUATOR_ACTIVE,TRAJECTORY_RUNNING,24.0,61,10,-17,-2.19,61,0,0.0,0.0,0.0,0.43,0.36,0.6
2026-07-29T14:06:37.705,1629.547,386,close,ACTUATOR_ACTIVE,TRAJECTORY_RUNNING,24.0,61,10,14,3.2,61,0,0.0,0.0,0.0,0.38,0.33,0.51
2026-07-29T14:06:38.719,1630.563,386,close,ACTUATOR_ACTIVE,TRAJECTORY_RUNNING,24.0,61,32,0,32.58,61,0,0.0,0.0,0.0,1.6,1.71,4.93
2026-07-29T14:06:39.826,1631.672,386,open,ACTUATOR_ACTIVE,TRAJECTORY_RUNNING,24.0,61,32,-14,7.83,61,0,0.0,0.0,0.0,1.6,1.69,5.0
2026-07-29T14:06:40.821,1632.672,386,open,ACTUATOR_ACTIVE,TRAJECTORY_COMPLETE,24.0,61,10,7,0.41,61,0,0.0,0.0,0.0,0.39,0.34,0.51
2026-07-29T14:06:41.930,1633.766,387,close,ACTUATOR_ACTIVE,TRAJECTORY_RUNNING,24.0,59,10,19,3.17,59,0,0.0,0.0,0.0,0.38,0.33,0.45
2026-07-29T14:06:42.936,1634.781,387,close,ACTUATOR_ACTIVE,TRAJECTORY_RUNNING,24.0,59,33,0,81.03,59,0,0.0,0.0,0.0,2.06,1.55,3.81
2026-07-29T14:06:44.035,1635.875,387,open,ACTUATOR_ACTIVE,TRAJECTORY_RUNNING,24.0,59,33,-4,40.54,59,0,0.0,0.0,0.0,2.13,1.51,4.17
2026-07-29T14:06:45.046,1636.891,387,open,ACTUATOR_ACTIVE,TRAJECTORY_RUNNING,24.0,59,8,10,2.74,59,0,0.0,0.0,0.0,0.41,0.35,0.54
2026-07-29T14:06:46.153,1638.0,388,close,ACTUATOR_ACTIVE,TRAJECTORY_RUNNING,24.0,57,10,19,3.85,57,0,0.0,0.0,0.0,0.37,0.33,0.5
2026-07-29T14:06:47.151,1639.0,388,close,ACTUATOR_ACTIVE,TRAJECTORY_RUNNING,24.0,57,33,0,82.07,57,0,0.0,0.0,0.0,2.06,1.56,3.84
2026-07-29T14:06:48.255,1640.094,388,open,ACTUATOR_ACTIVE,TRAJECTORY_RUNNING,24.0,57,33,-4,39.0,57,0,0.0,0.0,0.0,2.12,1.52,4.24
2026-07-29T14:06:49.268,1641.109,388,open,ACTUATOR_ACTIVE,TRAJECTORY_RUNNING,24.0,57,8,11,1.96,57,0,0.0,0.0,0.0,0.41,0.36,0.55
2026-07-29T14:06:50.376,1642.219,389,close,ACTUATOR_ACTIVE,TRAJECTORY_RUNNING,24.0,52,10,19,3.9,52,0,0.0,0.0,0.0,0.37,0.34,0.49
2026-07-29T14:06:51.372,1643.219,389,close,ACTUATOR_ACTIVE,TRAJECTORY_RUNNING,24.0,52,32,0,32.48,52,0,0.0,0.0,0.0,1.59,1.74,4.98
2026-07-29T14:06:52.483,1644.328,389,open,ACTUATOR_ACTIVE,TRAJECTORY_RUNNING,24.0,52,32,-15,6.68,52,0,0.0,0.0,0.0,1.59,1.7,5.02
2026-07-29T14:06:53.482,1645.328,389,open,ACTUATOR_ACTIVE,TRAJECTORY_RUNNING,24.0,52,9,-1,-1.26,52,0,0.0,0.0,0.0,0.39,0.34,0.51
2026-07-29T14:06:54.587,1646.422,390,close,ACTUATOR_ACTIVE,TRAJECTORY_RUNNING,24.0,56,10,16,4.88,56,0,0.0,0.0,0.0,0.38,0.34,0.46
2026-07-29T14:06:55.594,1647.438,390,close,ACTUATOR_ACTIVE,TRAJECTORY_RUNNING,24.0,56,32,0,31.72,56,0,0.0,0.0,0.0,1.57,1.73,4.9
2026-07-29T14:06:56.699,1648.547,390,open,ACTUATOR_ACTIVE,TRAJECTORY_RUNNING,24.0,56,32,-15,6.77,56,0,0.0,0.0,0.0,1.23,1.26,3.52
2026-07-29T14:06:57.696,1649.531,390,open,ACTUATOR_ACTIVE,TRAJECTORY_COMPLETE,24.0,59,10,6,0.63,59,0,0.0,0.0,0.0,0.39,0.34,0.48
2026-07-29T14:06:58.820,1650.656,391,close,ACTUATOR_ACTIVE,TRAJECTORY_RUNNING,24.0,59,10,16,4.03,59,0,0.0,0.0,0.0,0.37,0.33,0.43
2026-07-29T14:06:59.835,1651.672,391,close,ACTUATOR_ACTIVE,TRAJECTORY_RUNNING,24.0,59,33,0,83.44,59,0,0.0,0.0,0.0,2.01,1.63,3.94
2026-07-29T14:07:00.937,1652.781,391,open,ACTUATOR_ACTIVE,TRAJECTORY_RUNNING,24.0,59,33,0,34.71,59,0,0.0,0.0,0.0,2.08,1.58,4.19
2026-07-29T14:07:01.936,1653.781,391,open,ACTUATOR_ACTIVE,TRAJECTORY_COMPLETE,24.0,62,9,-1,-0.26,62,0,0.0,0.0,0.0,0.41,0.35,0.55
2026-07-29T14:07:03.045,1654.891,392,close,ACTUATOR_ACTIVE,TRAJECTORY_RUNNING,24.0,62,10,15,3.28,62,0,0.0,0.0,0.0,0.37,0.33,0.47
2026-07-29T14:07:04.042,1655.891,392,close,ACTUATOR_ACTIVE,TRAJECTORY_RUNNING,24.0,62,33,-1,79.29,62,0,0.0,0.0,0.0,2.03,1.61,3.75
2026-07-29T14:07:05.147,1656.984,392,open,ACTUATOR_ACTIVE,TRAJECTORY_RUNNING,24.0,62,33,-3,38.69,62,0,0.0,0.0,0.0,2.15,1.58,3.8
2026-07-29T14:07:06.143,1657.984,392,open,ACTUATOR_ACTIVE,TRAJECTORY_COMPLETE,24.0,61,9,-1,-0.26,61,0,0.0,0.0,0.0,0.42,0.35,0.58
2026-07-29T14:07:07.255,1659.094,393,close,ACTUATOR_ACTIVE,TRAJECTORY_RUNNING,24.0,61,10,19,3.95,61,0,0.0,0.0,0.0,0.38,0.33,0.5
2026-07-29T14:07:08.252,1660.094,393,close,ACTUATOR_ACTIVE,TRAJECTORY_RUNNING,24.0,61,33,1,77.2,61,0,0.0,0.0,0.0,2.03,1.63,3.86
2026-07-29T14:07:09.363,1661.203,393,open,ACTUATOR_ACTIVE,TRAJECTORY_RUNNING,24.0,61,33,-1,36.87,61,0,0.0,0.0,0.0,2.1,1.57,4.0
2026-07-29T14:07:10.359,1662.203,393,open,ACTUATOR_ACTIVE,TRAJECTORY_COMPLETE,24.0,57,9,0,-0.72,57,0,0.0,0.0,0.0,0.41,0.35,0.55
2026-07-29T14:07:11.466,1663.313,394,close,ACTUATOR_ACTIVE,TRAJECTORY_RUNNING,24.0,57,10,15,5.12,57,0,0.0,0.0,0.0,0.37,0.33,0.48
2026-07-29T14:07:12.464,1664.313,394,close,ACTUATOR_ACTIVE,TRAJECTORY_RUNNING,24.0,57,33,0,81.09,57,0,0.0,0.0,0.0,2.05,1.61,3.57
2026-07-29T14:07:13.569,1665.406,394,open,ACTUATOR_ACTIVE,TRAJECTORY_RUNNING,24.0,57,33,-2,41.94,57,0,0.0,0.0,0.0,2.16,1.6,3.88
2026-07-29T14:07:14.566,1666.406,394,open,ACTUATOR_ACTIVE,TRAJECTORY_RUNNING,24.0,60,8,9,2.4,60,0,0.0,0.0,0.0,0.42,0.36,0.55
2026-07-29T14:07:15.666,1667.5,395,close,ACTUATOR_ACTIVE,TRAJECTORY_RUNNING,24.0,60,10,18,3.36,60,0,0.0,0.0,0.0,0.39,0.34,0.5
2026-07-29T14:07:16.674,1668.516,395,close,ACTUATOR_ACTIVE,TRAJECTORY_RUNNING,24.0,60,32,0,31.44,60,0,0.0,0.0,0.0,1.59,1.78,5.0
2026-07-29T14:07:17.782,1669.625,395,open,ACTUATOR_ACTIVE,TRAJECTORY_RUNNING,24.0,59,32,-15,7.24,59,0,0.0,0.0,0.0,1.59,1.75,5.01
2026-07-29T14:07:18.781,1670.625,395,open,ACTUATOR_ACTIVE,TRAJECTORY_COMPLETE,24.0,59,10,4,0.73,59,0,0.0,0.0,0.0,0.41,0.34,0.5
2026-07-29T14:07:19.890,1671.734,396,close,ACTUATOR_ACTIVE,TRAJECTORY_RUNNING,24.0,59,10,18,4.6,59,0,0.0,0.0,0.0,0.38,0.33,0.45
2026-07-29T14:07:20.890,1672.734,396,close,ACTUATOR_ACTIVE,TRAJECTORY_RUNNING,24.0,59,33,0,84.32,59,0,0.0,0.0,0.0,2.02,1.64,3.78
2026-07-29T14:07:21.995,1673.844,396,open,ACTUATOR_ACTIVE,TRAJECTORY_RUNNING,24.0,57,33,-2,39.37,57,0,0.0,0.0,0.0,2.15,1.59,3.74
2026-07-29T14:07:22.993,1674.828,396,open,ACTUATOR_ACTIVE,TRAJECTORY_COMPLETE,24.0,57,9,0,-0.58,57,0,0.0,0.0,0.0,0.42,0.35,0.55
2026-07-29T14:07:24.114,1675.953,397,close,ACTUATOR_ACTIVE,TRAJECTORY_RUNNING,24.0,57,10,18,2.8,57,0,0.0,0.0,0.0,0.38,0.34,0.49
2026-07-29T14:07:25.110,1676.953,397,close,ACTUATOR_ACTIVE,TRAJECTORY_RUNNING,24.0,57,32,0,31.53,57,0,0.0,0.0,0.0,1.58,1.79,4.98
2026-07-29T14:07:26.213,1678.047,397,open,ACTUATOR_ACTIVE,TRAJECTORY_RUNNING,24.0,58,32,-14,8.93,58,0,0.0,0.0,0.0,1.59,1.76,4.99
2026-07-29T14:07:27.222,1679.063,397,open,ACTUATOR_ACTIVE,TRAJECTORY_COMPLETE,24.0,58,10,12,0.06,58,0,0.0,0.0,0.0,0.4,0.33,0.5
2026-07-29T14:07:28.329,1680.172,398,close,ACTUATOR_ACTIVE,TRAJECTORY_RUNNING,24.0,58,10,19,4.17,58,0,0.0,0.0,0.0,0.38,0.32,0.45
2026-07-29T14:07:29.327,1681.172,398,close,ACTUATOR_ACTIVE,TRAJECTORY_RUNNING,24.0,58,33,-1,81.85,58,0,0.0,0.0,0.0,2.0,1.67,3.82
2026-07-29T14:07:30.427,1682.266,398,open,ACTUATOR_ACTIVE,TRAJECTORY_RUNNING,24.0,56,33,-5,40.33,56,0,0.0,0.0,0.0,2.06,1.62,4.14
2026-07-29T14:07:31.439,1683.281,398,open,ACTUATOR_ACTIVE,TRAJECTORY_COMPLETE,24.0,56,9,0,-0.51,56,0,0.0,0.0,0.0,0.41,0.35,0.54
2026-07-29T14:07:32.546,1684.391,399,close,ACTUATOR_ACTIVE,TRAJECTORY_RUNNING,24.0,56,10,15,3.56,56,0,0.0,0.0,0.0,0.38,0.33,0.51
2026-07-29T14:07:33.546,1685.391,399,close,ACTUATOR_ACTIVE,TRAJECTORY_RUNNING,24.0,56,32,0,33.11,56,0,0.0,0.0,0.0,1.58,1.8,5.0
2026-07-29T14:07:34.652,1686.5,399,open,ACTUATOR_ACTIVE,TRAJECTORY_RUNNING,24.0,58,32,-14,7.39,58,0,0.0,0.0,0.0,1.19,1.26,3.33
2026-07-29T14:07:35.645,1687.484,399,open,ACTUATOR_ACTIVE,TRAJECTORY_COMPLETE,24.0,58,10,0,0.8,58,0,0.0,0.0,0.0,0.4,0.33,0.52
2026-07-29T14:07:36.772,1688.609,400,close,ACTUATOR_ACTIVE,TRAJECTORY_RUNNING,24.0,58,10,16,5.6,58,0,0.0,0.0,0.0,0.38,0.32,0.47
2026-07-29T14:07:37.771,1689.609,400,close,ACTUATOR_ACTIVE,TRAJECTORY_RUNNING,24.0,56,33,0,80.52,56,0,0.0,0.0,0.0,1.98,1.71,3.99
2026-07-29T14:07:38.877,1690.719,400,open,ACTUATOR_ACTIVE,TRAJECTORY_RUNNING,24.0,56,33,-2,35.56,56,0,0.0,0.0,0.0,2.02,1.67,4.24
2026-07-29T14:07:39.872,1691.719,400,open,ACTUATOR_ACTIVE,TRAJECTORY_RUNNING,24.0,56,8,10,2.3,56,0,0.0,0.0,0.0,0.41,0.35,0.56
2026-07-29T14:07:40.979,1692.813,401,close,ACTUATOR_ACTIVE,TRAJECTORY_RUNNING,24.0,56,10,18,3.56,56,0,0.0,0.0,0.0,0.37,0.33,0.5
2026-07-29T14:07:41.989,1693.828,401,close,ACTUATOR_ACTIVE,TRAJECTORY_RUNNING,24.0,55,33,0,76.61,55,0,0.0,0.0,0.0,2.0,1.7,3.83
2026-07-29T14:07:43.094,1694.938,401,open,ACTUATOR_ACTIVE,TRAJECTORY_RUNNING,24.0,55,33,-2,35.88,55,0,0.0,0.0,0.0,2.14,1.63,3.8
2026-07-29T14:07:44.090,1695.938,401,open,ACTUATOR_ACTIVE,TRAJECTORY_RUNNING,24.0,55,8,9,2.06,55,0,0.0,0.0,0.0,0.43,0.35,0.61
2026-07-29T14:07:45.195,1697.031,402,close,ACTUATOR_ACTIVE,TRAJECTORY_RUNNING,24.0,55,10,19,4.0,55,0,0.0,0.0,0.0,0.38,0.32,0.5
2026-07-29T14:07:46.204,1698.047,402,close,ACTUATOR_ACTIVE,TRAJECTORY_RUNNING,24.0,54,33,0,74.56,54,0,0.0,0.0,0.0,2.05,1.68,3.62
2026-07-29T14:07:47.307,1699.141,402,open,ACTUATOR_ACTIVE,TRAJECTORY_RUNNING,24.0,54,33,-2,42.29,54,0,0.0,0.0,0.0,2.14,1.65,3.88
2026-07-29T14:07:48.320,1700.156,402,open,ACTUATOR_ACTIVE,TRAJECTORY_COMPLETE,24.0,54,9,0,-0.0,54,0,0.0,0.0,0.0,0.42,0.35,0.6
2026-07-29T14:07:49.419,1701.266,403,close,ACTUATOR_ACTIVE,TRAJECTORY_RUNNING,24.0,54,10,17,4.22,54,0,0.0,0.0,0.0,0.38,0.33,0.52
2026-07-29T14:07:50.409,1702.25,403,close,ACTUATOR_ACTIVE,TRAJECTORY_RUNNING,24.0,56,32,0,32.25,56,0,0.0,0.0,0.0,1.58,1.84,5.09
2026-07-29T14:07:51.530,1703.375,403,open,ACTUATOR_ACTIVE,TRAJECTORY_RUNNING,24.0,56,32,-15,7.8,56,0,0.0,0.0,0.0,1.57,1.7,5.07
2026-07-29T14:07:52.530,1704.375,403,open,ACTUATOR_ACTIVE,TRAJECTORY_COMPLETE,24.0,56,10,4,0.56,56,0,0.0,0.0,0.0,0.41,0.32,0.49
2026-07-29T14:07:53.638,1705.484,404,close,ACTUATOR_ACTIVE,TRAJECTORY_RUNNING,24.0,56,10,19,2.75,56,0,0.0,0.0,0.0,0.39,0.32,0.45
2026-07-29T14:07:54.639,1706.484,404,close,ACTUATOR_ACTIVE,TRAJECTORY_RUNNING,24.0,58,33,1,79.6,58,0,0.0,0.0,0.0,1.99,1.72,3.92
2026-07-29T14:07:55.745,1707.578,404,open,ACTUATOR_ACTIVE,TRAJECTORY_RUNNING,24.0,58,33,-1,38.21,58,0,0.0,0.0,0.0,2.04,1.68,4.16
2026-07-29T14:07:56.756,1708.594,404,open,ACTUATOR_ACTIVE,TRAJECTORY_COMPLETE,24.0,58,9,0,-0.8,58,0,0.0,0.0,0.0,0.42,0.34,0.56
2026-07-29T14:07:57.866,1709.703,405,close,ACTUATOR_ACTIVE,TRAJECTORY_RUNNING,24.0,54,10,17,4.87,54,0,0.0,0.0,0.0,0.37,0.32,0.53
2026-07-29T14:07:58.864,1710.703,405,close,ACTUATOR_ACTIVE,TRAJECTORY_RUNNING,24.0,54,32,0,31.82,54,0,0.0,0.0,0.0,1.58,1.86,5.11
2026-07-29T14:07:59.966,1711.813,405,open,ACTUATOR_ACTIVE,TRAJECTORY_RUNNING,24.0,54,32,-15,7.94,54,0,0.0,0.0,0.0,1.59,1.78,5.03
2026-07-29T14:08:00.964,1712.797,405,open,ACTUATOR_ACTIVE,TRAJECTORY_COMPLETE,24.0,54,10,8,1.28,54,0,0.0,0.0,0.0,0.4,0.31,0.51
2026-07-29T14:08:02.084,1713.922,406,close,ACTUATOR_ACTIVE,TRAJECTORY_RUNNING,24.0,59,10,14,2.45,59,0,0.0,0.0,0.0,0.39,0.3,0.49
2026-07-29T14:08:03.083,1714.922,406,close,ACTUATOR_ACTIVE,TRAJECTORY_RUNNING,24.0,59,32,0,32.48,59,0,0.0,0.0,0.0,1.57,1.84,5.03
2026-07-29T14:08:04.191,1716.031,406,open,ACTUATOR_ACTIVE,TRAJECTORY_RUNNING,24.0,59,32,-16,7.4,59,0,0.0,0.0,0.0,1.21,1.31,3.46
2026-07-29T14:08:05.188,1717.031,406,open,ACTUATOR_ACTIVE,TRAJECTORY_COMPLETE,24.0,59,10,7,0.62,59,0,0.0,0.0,0.0,0.4,0.3,0.49
2026-07-29T14:08:06.291,1718.125,407,close,ACTUATOR_ACTIVE,TRAJECTORY_RUNNING,24.0,54,10,16,4.82,54,0,0.0,0.0,0.0,0.38,0.3,0.46
2026-07-29T14:08:07.304,1719.141,407,close,ACTUATOR_ACTIVE,TRAJECTORY_RUNNING,24.0,54,32,0,31.53,54,0,0.0,0.0,0.0,1.56,1.83,5.0
2026-07-29T14:08:08.413,1720.25,407,open,ACTUATOR_ACTIVE,TRAJECTORY_RUNNING,24.0,54,32,-15,7.34,54,0,0.0,0.0,0.0,1.58,1.78,4.97
2026-07-29T14:08:09.410,1721.25,407,open,ACTUATOR_ACTIVE,TRAJECTORY_COMPLETE,24.0,54,10,7,1.02,54,0,0.0,0.0,0.0,0.4,0.3,0.47
2026-07-29T14:08:10.519,1722.359,408,close,ACTUATOR_ACTIVE,TRAJECTORY_RUNNING,24.0,58,10,16,3.72,58,0,0.0,0.0,0.0,0.38,0.29,0.43
2026-07-29T14:08:11.516,1723.359,408,close,ACTUATOR_ACTIVE,TRAJECTORY_RUNNING,24.0,58,33,0,79.52,58,0,0.0,0.0,0.0,1.96,1.77,3.9
2026-07-29T14:08:12.625,1724.469,408,open,ACTUATOR_ACTIVE,TRAJECTORY_RUNNING,24.0,58,33,-2,35.16,58,0,0.0,0.0,0.0,2.01,1.72,4.2
2026-07-29T14:08:13.626,1725.469,408,open,ACTUATOR_ACTIVE,TRAJECTORY_RUNNING,24.0,58,8,10,2.73,58,0,0.0,0.0,0.0,0.42,0.33,0.57
2026-07-29T14:08:14.737,1726.578,409,close,ACTUATOR_ACTIVE,TRAJECTORY_RUNNING,24.0,58,10,18,4.99,58,0,0.0,0.0,0.0,0.39,0.31,0.52
2026-07-29T14:08:15.735,1727.578,409,close,ACTUATOR_ACTIVE,TRAJECTORY_RUNNING,24.0,58,33,0,80.15,58,0,0.0,0.0,0.0,1.97,1.77,3.87
2026-07-29T14:08:16.837,1728.672,409,open,ACTUATOR_ACTIVE,TRAJECTORY_RUNNING,24.0,58,33,0,42.48,58,0,0.0,0.0,0.0,2.02,1.72,4.12
2026-07-29T14:08:17.849,1729.688,409,open,ACTUATOR_ACTIVE,TRAJECTORY_COMPLETE,24.0,52,10,0,-0.38,52,0,0.0,0.0,0.0,0.42,0.35,0.57
2026-07-29T14:08:18.959,1730.797,410,close,ACTUATOR_ACTIVE,TRAJECTORY_RUNNING,24.0,52,10,16,5.29,52,0,0.0,0.0,0.0,0.38,0.33,0.5
2026-07-29T14:08:19.951,1731.797,410,close,ACTUATOR_ACTIVE,TRAJECTORY_RUNNING,24.0,52,33,0,79.59,52,0,0.0,0.0,0.0,1.97,1.79,3.86
2026-07-29T14:08:21.049,1732.891,410,open,ACTUATOR_ACTIVE,TRAJECTORY_RUNNING,24.0,52,33,-2,40.85,52,0,0.0,0.0,0.0,2.11,1.67,3.7
2026-07-29T14:08:22.062,1733.906,410,open,ACTUATOR_ACTIVE,TRAJECTORY_COMPLETE,24.0,57,9,0,-0.69,57,0,0.0,0.0,0.0,0.43,0.37,0.53
2026-07-29T14:08:23.165,1735.0,411,close,ACTUATOR_ACTIVE,TRAJECTORY_RUNNING,24.0,57,10,18,4.43,57,0,0.0,0.0,0.0,0.38,0.35,0.48
2026-07-29T14:08:24.175,1736.016,411,close,ACTUATOR_ACTIVE,TRAJECTORY_RUNNING,24.0,57,32,0,29.54,57,0,0.0,0.0,0.0,1.58,1.89,5.19
2026-07-29T14:08:25.276,1737.109,411,open,ACTUATOR_ACTIVE,TRAJECTORY_RUNNING,24.0,57,32,-16,7.19,57,0,0.0,0.0,0.0,1.59,1.85,5.15
2026-07-29T14:08:26.290,1738.125,411,open,ACTUATOR_ACTIVE,TRAJECTORY_COMPLETE,24.0,56,10,2,1.35,56,0,0.0,0.0,0.0,0.4,0.34,0.51
2026-07-29T14:08:27.393,1739.234,412,close,ACTUATOR_ACTIVE,TRAJECTORY_RUNNING,24.0,56,10,16,4.12,56,0,0.0,0.0,0.0,0.38,0.33,0.45
2026-07-29T14:08:28.389,1740.234,412,close,ACTUATOR_ACTIVE,TRAJECTORY_RUNNING,24.0,56,32,0,30.17,56,0,0.0,0.0,0.0,1.56,1.88,5.11
2026-07-29T14:08:29.495,1741.328,412,open,ACTUATOR_ACTIVE,TRAJECTORY_RUNNING,24.0,56,32,-15,7.8,56,0,0.0,0.0,0.0,1.58,1.74,4.92
2026-07-29T14:08:30.508,1742.344,412,open,ACTUATOR_ACTIVE,TRAJECTORY_RUNNING,24.0,60,10,-1,1.47,60,0,0.0,0.0,0.0,0.39,0.33,0.49
2026-07-29T14:08:31.610,1743.453,413,close,ACTUATOR_ACTIVE,TRAJECTORY_RUNNING,24.0,60,10,17,3.17,60,0,0.0,0.0,0.0,0.37,0.32,0.43
2026-07-29T14:08:32.605,1744.438,413,close,ACTUATOR_ACTIVE,TRAJECTORY_RUNNING,24.0,60,32,0,31.77,60,0,0.0,0.0,0.0,1.56,1.88,5.07
2026-07-29T14:08:33.723,1745.563,413,open,ACTUATOR_ACTIVE,TRAJECTORY_RUNNING,24.0,57,32,-14,7.98,57,0,0.0,0.0,0.0,1.22,1.34,3.47
2026-07-29T14:08:34.719,1746.563,413,open,ACTUATOR_ACTIVE,TRAJECTORY_COMPLETE,24.0,57,10,6,0.55,57,0,0.0,0.0,0.0,0.39,0.32,0.48
2026-07-29T14:08:35.821,1747.656,414,close,ACTUATOR_ACTIVE,TRAJECTORY_RUNNING,24.0,57,10,15,3.41,57,0,0.0,0.0,0.0,0.38,0.31,0.42
2026-07-29T14:08:36.828,1748.672,414,close,ACTUATOR_ACTIVE,TRAJECTORY_RUNNING,24.0,57,32,0,31.3,57,0,0.0,0.0,0.0,1.56,1.87,5.05
2026-07-29T14:08:37.936,1749.781,414,open,ACTUATOR_ACTIVE,TRAJECTORY_RUNNING,24.0,58,32,-17,7.43,58,0,0.0,0.0,0.0,1.58,1.81,4.97
2026-07-29T14:08:38.931,1750.766,414,open,ACTUATOR_ACTIVE,TRAJECTORY_COMPLETE,24.0,58,10,6,0.29,58,0,0.0,0.0,0.0,0.39,0.31,0.47
2026-07-29T14:08:40.059,1751.891,415,close,ACTUATOR_ACTIVE,TRAJECTORY_RUNNING,24.0,58,10,15,5.99,58,0,0.0,0.0,0.0,0.38,0.3,0.41
2026-07-29T14:08:41.067,1752.906,415,close,ACTUATOR_ACTIVE,TRAJECTORY_RUNNING,24.0,58,33,0,79.71,58,0,0.0,0.0,0.0,1.95,1.82,3.95
2026-07-29T14:08:42.172,1754.016,415,open,ACTUATOR_ACTIVE,TRAJECTORY_RUNNING,24.0,58,33,-4,40.33,58,0,0.0,0.0,0.0,1.98,1.78,4.2
2026-07-29T14:08:43.167,1755.0,415,open,ACTUATOR_ACTIVE,TRAJECTORY_RUNNING,24.0,58,8,9,2.72,58,0,0.0,0.0,0.0,0.41,0.34,0.53
2026-07-29T14:08:44.286,1756.125,416,close,ACTUATOR_ACTIVE,TRAJECTORY_RUNNING,24.0,58,10,17,3.97,58,0,0.0,0.0,0.0,0.38,0.32,0.46
2026-07-29T14:08:45.281,1757.125,416,close,ACTUATOR_ACTIVE,TRAJECTORY_RUNNING,24.0,58,32,0,30.68,58,0,0.0,0.0,0.0,1.58,1.9,5.16
2026-07-29T14:08:46.381,1758.219,416,open,ACTUATOR_ACTIVE,TRAJECTORY_RUNNING,24.0,58,32,-14,7.58,58,0,0.0,0.0,0.0,1.58,1.86,5.12
2026-07-29T14:08:47.393,1759.234,416,open,ACTUATOR_ACTIVE,TRAJECTORY_COMPLETE,24.0,58,10,0,0.22,58,0,0.0,0.0,0.0,0.39,0.32,0.5
2026-07-29T14:08:48.498,1760.328,417,close,ACTUATOR_ACTIVE,TRAJECTORY_RUNNING,24.0,58,10,15,3.59,58,0,0.0,0.0,0.0,0.37,0.31,0.47
2026-07-29T14:08:49.508,1761.344,417,close,ACTUATOR_ACTIVE,TRAJECTORY_RUNNING,24.0,58,32,0,31.64,58,0,0.0,0.0,0.0,1.57,1.9,5.12
2026-07-29T14:08:50.614,1762.453,417,open,ACTUATOR_ACTIVE,TRAJECTORY_RUNNING,24.0,57,32,-15,7.2,57,0,0.0,0.0,0.0,1.58,1.8,4.96
2026-07-29T14:08:51.608,1763.438,417,open,ACTUATOR_ACTIVE,TRAJECTORY_COMPLETE,24.0,57,10,6,0.32,57,0,0.0,0.0,0.0,0.39,0.31,0.48
2026-07-29T14:08:52.732,1764.563,418,close,ACTUATOR_ACTIVE,TRAJECTORY_RUNNING,24.0,57,10,17,4.26,57,0,0.0,0.0,0.0,0.37,0.31,0.43
2026-07-29T14:08:53.742,1765.578,418,close,ACTUATOR_ACTIVE,TRAJECTORY_RUNNING,24.0,55,33,0,85.28,55,0,0.0,0.0,0.0,1.92,1.85,3.97
2026-07-29T14:08:54.841,1766.672,418,open,ACTUATOR_ACTIVE,TRAJECTORY_RUNNING,24.0,55,33,-2,40.43,55,0,0.0,0.0,0.0,1.96,1.81,4.22
2026-07-29T14:08:55.857,1767.688,418,open,ACTUATOR_ACTIVE,TRAJECTORY_COMPLETE,24.0,55,9,0,-0.19,55,0,0.0,0.0,0.0,0.41,0.34,0.56
2026-07-29T14:08:56.966,1768.797,419,close,ACTUATOR_ACTIVE,TRAJECTORY_RUNNING,24.0,55,10,18,2.85,55,0,0.0,0.0,0.0,0.38,0.32,0.5
2026-07-29T14:08:57.977,1769.813,419,close,ACTUATOR_ACTIVE,TRAJECTORY_RUNNING,24.0,58,33,0,79.53,58,0,0.0,0.0,0.0,1.94,1.84,3.92
2026-07-29T14:08:59.083,1770.922,419,open,ACTUATOR_ACTIVE,TRAJECTORY_RUNNING,24.0,58,33,-2,38.29,58,0,0.0,0.0,0.0,1.97,1.81,4.21
2026-07-29T14:09:00.080,1771.922,419,open,ACTUATOR_ACTIVE,TRAJECTORY_RUNNING,24.0,58,8,8,1.94,58,0,0.0,0.0,0.0,0.42,0.35,0.55
2026-07-29T14:09:01.189,1773.031,420,close,ACTUATOR_ACTIVE,TRAJECTORY_RUNNING,24.0,58,10,18,3.0,58,0,0.0,0.0,0.0,0.39,0.32,0.49
2026-07-29T14:09:02.181,1774.016,420,close,ACTUATOR_ACTIVE,TRAJECTORY_RUNNING,24.0,54,32,0,31.65,54,0,0.0,0.0,0.0,1.58,1.94,5.24
2026-07-29T14:09:03.301,1775.141,420,open,ACTUATOR_ACTIVE,TRAJECTORY_RUNNING,24.0,54,32,-16,7.59,54,0,0.0,0.0,0.0,1.6,1.86,5.13
2026-07-29T14:09:04.299,1776.141,420,open,ACTUATOR_ACTIVE,TRAJECTORY_COMPLETE,24.0,54,10,9,0.29,54,0,0.0,0.0,0.0,0.4,0.32,0.5
2026-07-29T14:09:05.407,1777.25,421,close,ACTUATOR_ACTIVE,TRAJECTORY_RUNNING,24.0,54,10,18,4.42,54,0,0.0,0.0,0.0,0.38,0.31,0.46
2026-07-29T14:09:06.401,1778.234,421,close,ACTUATOR_ACTIVE,TRAJECTORY_RUNNING,24.0,57,33,0,79.73,57,0,0.0,0.0,0.0,1.93,1.86,3.92
2026-07-29T14:09:07.524,1779.359,421,open,ACTUATOR_ACTIVE,TRAJECTORY_RUNNING,24.0,57,33,-4,42.98,57,0,0.0,0.0,0.0,1.96,1.82,4.18
2026-07-29T14:09:08.525,1780.359,421,open,ACTUATOR_ACTIVE,TRAJECTORY_COMPLETE,24.0,57,10,-11,-2.19,57,0,0.0,0.0,0.0,0.42,0.34,0.55
2026-07-29T14:09:09.626,1781.469,422,close,ACTUATOR_ACTIVE,TRAJECTORY_RUNNING,24.0,57,10,15,2.35,57,0,0.0,0.0,0.0,0.39,0.31,0.5
2026-07-29T14:09:10.620,1782.453,422,close,ACTUATOR_ACTIVE,TRAJECTORY_RUNNING,24.0,54,33,0,85.95,54,0,0.0,0.0,0.0,1.98,1.81,3.61
2026-07-29T14:09:11.740,1783.578,422,open,ACTUATOR_ACTIVE,TRAJECTORY_RUNNING,24.0,54,33,-3,40.58,54,0,0.0,0.0,0.0,2.09,1.73,3.75
2026-07-29T14:09:12.731,1784.563,422,open,ACTUATOR_ACTIVE,TRAJECTORY_RUNNING,24.0,54,8,9,1.9,54,0,0.0,0.0,0.0,0.43,0.37,0.55
2026-07-29T14:09:13.852,1785.688,423,close,ACTUATOR_ACTIVE,TRAJECTORY_RUNNING,24.0,56,10,15,5.27,56,0,0.0,0.0,0.0,0.39,0.33,0.51
2026-07-29T14:09:14.851,1786.688,423,close,ACTUATOR_ACTIVE,TRAJECTORY_RUNNING,24.0,56,33,1,80.6,56,0,0.0,0.0,0.0,1.96,1.86,3.86
2026-07-29T14:09:15.962,1787.797,423,open,ACTUATOR_ACTIVE,TRAJECTORY_RUNNING,24.0,56,33,-2,37.66,56,0,0.0,0.0,0.0,2.1,1.71,3.71
2026-07-29T14:09:16.951,1788.781,423,open,ACTUATOR_ACTIVE,TRAJECTORY_RUNNING,24.0,56,8,9,2.54,56,0,0.0,0.0,0.0,0.44,0.37,0.55
2026-07-29T14:09:18.069,1789.906,424,close,ACTUATOR_ACTIVE,TRAJECTORY_RUNNING,24.0,57,10,18,4.18,57,0,0.0,0.0,0.0,0.39,0.34,0.5
2026-07-29T14:09:19.067,1790.906,424,close,ACTUATOR_ACTIVE,TRAJECTORY_RUNNING,24.0,57,32,0,33.28,57,0,0.0,0.0,0.0,1.58,1.97,5.32
2026-07-29T14:09:20.176,1792.016,424,open,ACTUATOR_ACTIVE,TRAJECTORY_RUNNING,24.0,57,32,-16,7.55,57,0,0.0,0.0,0.0,1.59,1.92,5.25
2026-07-29T14:09:21.172,1793.016,424,open,ACTUATOR_ACTIVE,TRAJECTORY_COMPLETE,24.0,57,10,6,0.97,57,0,0.0,0.0,0.0,0.4,0.33,0.53
2026-07-29T14:09:22.279,1794.109,425,close,ACTUATOR_ACTIVE,TRAJECTORY_RUNNING,24.0,54,10,17,6.03,54,0,0.0,0.0,0.0,0.38,0.32,0.48
2026-07-29T14:09:23.280,1795.109,425,close,ACTUATOR_ACTIVE,TRAJECTORY_RUNNING,24.0,54,33,0,79.16,54,0,0.0,0.0,0.0,1.91,1.89,3.99
2026-07-29T14:09:24.386,1796.219,425,open,ACTUATOR_ACTIVE,TRAJECTORY_RUNNING,24.0,54,33,0,39.5,54,0,0.0,0.0,0.0,1.96,1.84,4.17
2026-07-29T14:09:25.381,1797.219,425,open,ACTUATOR_ACTIVE,TRAJECTORY_RUNNING,24.0,54,8,9,2.84,54,0,0.0,0.0,0.0,0.43,0.34,0.56
2026-07-29T14:09:26.486,1798.328,426,close,ACTUATOR_ACTIVE,TRAJECTORY_RUNNING,24.0,58,10,19,3.26,58,0,0.0,0.0,0.0,0.39,0.32,0.5
2026-07-29T14:09:27.479,1799.313,426,close,ACTUATOR_ACTIVE,TRAJECTORY_RUNNING,24.0,58,32,0,32.48,58,0,0.0,0.0,0.0,1.57,1.97,5.29
2026-07-29T14:09:28.601,1800.438,426,open,ACTUATOR_ACTIVE,TRAJECTORY_RUNNING,24.0,58,32,-14,7.06,58,0,0.0,0.0,0.0,1.59,1.92,5.22
2026-07-29T14:09:29.598,1801.438,426,open,ACTUATOR_ACTIVE,TRAJECTORY_COMPLETE,24.0,58,10,8,1.34,58,0,0.0,0.0,0.0,0.4,0.31,0.5
2026-07-29T14:09:30.706,1802.547,427,close,ACTUATOR_ACTIVE,TRAJECTORY_RUNNING,24.0,55,10,17,3.64,55,0,0.0,0.0,0.0,0.38,0.31,0.46
2026-07-29T14:09:31.705,1803.547,427,close,ACTUATOR_ACTIVE,TRAJECTORY_RUNNING,24.0,55,33,0,77.28,55,0,0.0,0.0,0.0,1.97,1.84,3.69
2026-07-29T14:09:32.816,1804.656,427,open,ACTUATOR_ACTIVE,TRAJECTORY_RUNNING,24.0,55,33,-3,39.14,55,0,0.0,0.0,0.0,2.08,1.75,3.75
2026-07-29T14:09:33.812,1805.641,427,open,ACTUATOR_ACTIVE,TRAJECTORY_RUNNING,24.0,55,8,10,3.68,55,0,0.0,0.0,0.0,0.44,0.36,0.55
2026-07-29T14:09:34.937,1806.766,428,close,ACTUATOR_ACTIVE,TRAJECTORY_RUNNING,24.0,55,10,17,3.88,55,0,0.0,0.0,0.0,0.39,0.33,0.48
2026-07-29T14:09:35.930,1807.766,428,close,ACTUATOR_ACTIVE,TRAJECTORY_RUNNING,24.0,55,33,0,74.69,55,0,0.0,0.0,0.0,1.97,1.84,3.69
2026-07-29T14:09:37.032,1808.875,428,open,ACTUATOR_ACTIVE,TRAJECTORY_RUNNING,24.0,55,33,-3,36.97,55,0,0.0,0.0,0.0,2.08,1.75,3.67
2026-07-29T14:09:38.025,1809.859,428,open,ACTUATOR_ACTIVE,TRAJECTORY_RUNNING,24.0,55,8,9,2.79,55,0,0.0,0.0,0.0,0.43,0.37,0.54
2026-07-29T14:09:39.150,1810.984,429,close,ACTUATOR_ACTIVE,TRAJECTORY_RUNNING,24.0,55,10,18,4.83,55,0,0.0,0.0,0.0,0.39,0.34,0.48
2026-07-29T14:09:40.147,1811.984,429,close,ACTUATOR_ACTIVE,TRAJECTORY_RUNNING,24.0,55,33,0,80.64,55,0,0.0,0.0,0.0,1.96,1.85,3.67
2026-07-29T14:09:41.255,1813.094,429,open,ACTUATOR_ACTIVE,TRAJECTORY_RUNNING,24.0,55,33,-3,36.39,55,0,0.0,0.0,0.0,2.08,1.75,3.69
2026-07-29T14:09:42.254,1814.094,429,open,ACTUATOR_ACTIVE,TRAJECTORY_COMPLETE,24.0,56,9,0,-0.4,56,0,0.0,0.0,0.0,0.43,0.37,0.54
2026-07-29T14:09:43.359,1815.188,430,close,ACTUATOR_ACTIVE,TRAJECTORY_RUNNING,24.0,56,10,17,3.99,56,0,0.0,0.0,0.0,0.38,0.34,0.5
2026-07-29T14:09:44.373,1816.203,430,close,ACTUATOR_ACTIVE,TRAJECTORY_RUNNING,24.0,56,33,0,81.21,56,0,0.0,0.0,0.0,2.03,1.75,3.26
2026-07-29T14:09:45.483,1817.313,430,open,ACTUATOR_ACTIVE,TRAJECTORY_RUNNING,24.0,56,33,-2,37.88,56,0,0.0,0.0,0.0,2.08,1.76,3.75
2026-07-29T14:09:46.495,1818.328,430,open,ACTUATOR_ACTIVE,TRAJECTORY_COMPLETE,24.0,61,9,0,-0.2,61,0,0.0,0.0,0.0,0.43,0.38,0.55
2026-07-29T14:09:47.599,1819.438,431,close,ACTUATOR_ACTIVE,TRAJECTORY_RUNNING,24.0,61,10,15,3.41,61,0,0.0,0.0,0.0,0.38,0.34,0.49
2026-07-29T14:09:48.590,1820.422,431,close,ACTUATOR_ACTIVE,TRAJECTORY_RUNNING,24.0,61,32,0,32.4,61,0,0.0,0.0,0.0,1.57,2.0,5.4
2026-07-29T14:09:49.715,1821.547,431,open,ACTUATOR_ACTIVE,TRAJECTORY_RUNNING,24.0,57,32,-15,7.37,57,0,0.0,0.0,0.0,1.58,1.95,5.32
2026-07-29T14:09:50.712,1822.547,431,open,ACTUATOR_ACTIVE,TRAJECTORY_COMPLETE,24.0,57,9,0,-0.14,57,0,0.0,0.0,0.0,0.4,0.33,0.51
2026-07-29T14:09:51.817,1823.656,432,close,ACTUATOR_ACTIVE,TRAJECTORY_RUNNING,24.0,57,10,16,3.76,57,0,0.0,0.0,0.0,0.37,0.32,0.47
2026-07-29T14:09:52.818,1824.656,432,close,ACTUATOR_ACTIVE,TRAJECTORY_RUNNING,24.0,57,33,0,79.09,57,0,0.0,0.0,0.0,1.98,1.84,3.54
2026-07-29T14:09:53.930,1825.766,432,open,ACTUATOR_ACTIVE,TRAJECTORY_RUNNING,24.0,57,33,-3,37.16,57,0,0.0,0.0,0.0,2.07,1.76,3.71
2026-07-29T14:09:54.923,1826.766,432,open,ACTUATOR_ACTIVE,TRAJECTORY_RUNNING,24.0,57,8,10,2.8,57,0,0.0,0.0,0.0,0.44,0.37,0.55
2026-07-29T14:09:56.028,1827.859,433,close,ACTUATOR_ACTIVE,TRAJECTORY_RUNNING,24.0,57,10,16,4.65,57,0,0.0,0.0,0.0,0.39,0.34,0.5
2026-07-29T14:09:57.039,1828.875,433,close,ACTUATOR_ACTIVE,TRAJECTORY_RUNNING,24.0,57,33,0,80.56,57,0,0.0,0.0,0.0,2.03,1.76,3.31
2026-07-29T14:09:58.149,1829.984,433,open,ACTUATOR_ACTIVE,TRAJECTORY_RUNNING,24.0,56,33,-2,34.67,56,0,0.0,0.0,0.0,2.08,1.76,3.68
2026-07-29T14:09:59.142,1830.984,433,open,ACTUATOR_ACTIVE,TRAJECTORY_RUNNING,24.0,56,8,10,2.83,56,0,0.0,0.0,0.0,0.43,0.37,0.56
2026-07-29T14:10:00.248,1832.078,434,close,ACTUATOR_ACTIVE,TRAJECTORY_RUNNING,24.0,56,10,18,4.67,56,0,0.0,0.0,0.0,0.39,0.34,0.5
2026-07-29T14:10:01.261,1833.094,434,close,ACTUATOR_ACTIVE,TRAJECTORY_RUNNING,24.0,56,33,0,82.94,56,0,0.0,0.0,0.0,2.02,1.77,3.27
2026-07-29T14:10:02.360,1834.188,434,open,ACTUATOR_ACTIVE,TRAJECTORY_RUNNING,24.0,56,33,-4,38.42,56,0,0.0,0.0,0.0,2.08,1.77,3.7
2026-07-29T14:10:03.374,1835.203,434,open,ACTUATOR_ACTIVE,TRAJECTORY_COMPLETE,24.0,56,9,0,0.32,56,0,0.0,0.0,0.0,0.43,0.37,0.56
2026-07-29T14:10:04.476,1836.313,435,close,ACTUATOR_ACTIVE,TRAJECTORY_RUNNING,24.0,56,10,17,4.25,56,0,0.0,0.0,0.0,0.39,0.34,0.51
2026-07-29T14:10:05.470,1837.297,435,close,ACTUATOR_ACTIVE,TRAJECTORY_RUNNING,24.0,56,33,0,77.14,56,0,0.0,0.0,0.0,2.02,1.78,3.26
2026-07-29T14:10:06.590,1838.422,435,open,ACTUATOR_ACTIVE,TRAJECTORY_RUNNING,24.0,57,33,-3,38.14,57,0,0.0,0.0,0.0,2.06,1.78,3.68
2026-07-29T14:10:07.587,1839.422,435,open,ACTUATOR_ACTIVE,TRAJECTORY_RUNNING,24.0,57,8,8,2.31,57,0,0.0,0.0,0.0,0.44,0.38,0.57
2026-07-29T14:10:08.693,1840.531,436,close,ACTUATOR_ACTIVE,TRAJECTORY_RUNNING,24.0,57,10,16,4.65,57,0,0.0,0.0,0.0,0.39,0.34,0.52
2026-07-29T14:10:09.692,1841.531,436,close,ACTUATOR_ACTIVE,TRAJECTORY_RUNNING,24.0,59,33,0,81.16,59,0,0.0,0.0,0.0,2.01,1.78,3.18
2026-07-29T14:10:10.801,1842.641,436,open,ACTUATOR_ACTIVE,TRAJECTORY_RUNNING,24.0,59,33,-3,36.08,59,0,0.0,0.0,0.0,2.07,1.78,3.62
2026-07-29T14:10:11.798,1843.625,436,open,ACTUATOR_ACTIVE,TRAJECTORY_RUNNING,24.0,59,8,10,1.76,59,0,0.0,0.0,0.0,0.43,0.37,0.58
2026-07-29T14:10:12.920,1844.75,437,close,ACTUATOR_ACTIVE,TRAJECTORY_RUNNING,24.0,59,10,16,4.15,59,0,0.0,0.0,0.0,0.39,0.35,0.52
2026-07-29T14:10:13.917,1845.75,437,close,ACTUATOR_ACTIVE,TRAJECTORY_RUNNING,24.0,57,33,0,79.99,57,0,0.0,0.0,0.0,2.01,1.8,3.21
2026-07-29T14:10:15.022,1846.859,437,open,ACTUATOR_ACTIVE,TRAJECTORY_RUNNING,24.0,57,33,-3,41.51,57,0,0.0,0.0,0.0,2.06,1.79,3.62
2026-07-29T14:10:16.018,1847.859,437,open,ACTUATOR_ACTIVE,TRAJECTORY_RUNNING,24.0,57,8,9,3.15,57,0,0.0,0.0,0.0,0.44,0.38,0.57
2026-07-29T14:10:17.121,1848.953,438,close,ACTUATOR_ACTIVE,TRAJECTORY_RUNNING,24.0,57,10,17,4.52,57,0,0.0,0.0,0.0,0.39,0.34,0.51
2026-07-29T14:10:18.131,1849.969,438,close,ACTUATOR_ACTIVE,TRAJECTORY_RUNNING,24.0,56,32,0,32.14,56,0,0.0,0.0,0.0,1.55,2.05,5.44
2026-07-29T14:10:19.242,1851.078,438,open,ACTUATOR_ACTIVE,TRAJECTORY_RUNNING,24.0,56,32,-15,6.83,56,0,0.0,0.0,0.0,1.57,1.99,5.39
2026-07-29T14:10:20.242,1852.078,438,open,ACTUATOR_ACTIVE,TRAJECTORY_COMPLETE,24.0,56,10,2,0.66,56,0,0.0,0.0,0.0,0.4,0.35,0.55
2026-07-29T14:10:21.348,1853.188,439,close,ACTUATOR_ACTIVE,TRAJECTORY_RUNNING,24.0,56,10,14,4.8,56,0,0.0,0.0,0.0,0.38,0.33,0.51
2026-07-29T14:10:22.337,1854.172,439,close,ACTUATOR_ACTIVE,TRAJECTORY_RUNNING,24.0,57,33,0,79.82,57,0,0.0,0.0,0.0,1.91,1.92,3.79
2026-07-29T14:10:23.463,1855.297,439,open,ACTUATOR_ACTIVE,TRAJECTORY_RUNNING,24.0,57,33,-3,36.56,57,0,0.0,0.0,0.0,1.95,1.88,3.99
2026-07-29T14:10:24.465,1856.297,439,open,ACTUATOR_ACTIVE,TRAJECTORY_RUNNING,24.0,57,8,9,2.16,57,0,0.0,0.0,0.0,0.42,0.35,0.57
2026-07-29T14:10:25.573,1857.406,440,close,ACTUATOR_ACTIVE,TRAJECTORY_RUNNING,24.0,57,10,18,4.83,57,0,0.0,0.0,0.0,0.39,0.33,0.53
2026-07-29T14:10:26.572,1858.406,440,close,ACTUATOR_ACTIVE,TRAJECTORY_RUNNING,24.0,58,33,1,80.78,58,0,0.0,0.0,0.0,1.92,1.89,3.68
2026-07-29T14:10:27.679,1859.516,440,open,ACTUATOR_ACTIVE,TRAJECTORY_RUNNING,24.0,58,33,-2,38.72,58,0,0.0,0.0,0.0,2.05,1.77,3.47
2026-07-29T14:10:28.675,1860.516,440,open,ACTUATOR_ACTIVE,TRAJECTORY_RUNNING,24.0,58,8,9,3.42,58,0,0.0,0.0,0.0,0.44,0.37,0.58
2026-07-29T14:10:29.779,1861.609,441,close,ACTUATOR_ACTIVE,TRAJECTORY_RUNNING,24.0,58,10,14,4.13,58,0,0.0,0.0,0.0,0.39,0.34,0.53
2026-07-29T14:10:30.792,1862.625,441,close,ACTUATOR_ACTIVE,TRAJECTORY_RUNNING,24.0,58,32,0,30.45,58,0,0.0,0.0,0.0,1.54,2.05,5.4
2026-07-29T14:10:31.899,1863.734,441,open,ACTUATOR_ACTIVE,TRAJECTORY_RUNNING,24.0,58,32,-14,6.76,58,0,0.0,0.0,0.0,1.59,1.94,5.3
2026-07-29T14:10:32.897,1864.734,441,open,ACTUATOR_ACTIVE,TRAJECTORY_COMPLETE,24.0,58,10,6,-0.95,58,0,0.0,0.0,0.0,0.4,0.33,0.55
2026-07-29T14:10:34.002,1865.828,442,close,ACTUATOR_ACTIVE,TRAJECTORY_RUNNING,24.0,56,10,17,1.97,56,0,0.0,0.0,0.0,0.38,0.32,0.51
2026-07-29T14:10:35.015,1866.844,442,close,ACTUATOR_ACTIVE,TRAJECTORY_RUNNING,24.0,56,33,1,82.39,56,0,0.0,0.0,0.0,1.91,1.92,3.7
2026-07-29T14:10:36.122,1867.953,442,open,ACTUATOR_ACTIVE,TRAJECTORY_RUNNING,24.0,56,33,-2,41.1,56,0,0.0,0.0,0.0,2.04,1.78,3.47
2026-07-29T14:10:37.115,1868.953,442,open,ACTUATOR_ACTIVE,TRAJECTORY_RUNNING,24.0,56,8,9,2.08,56,0,0.0,0.0,0.0,0.43,0.36,0.57
2026-07-29T14:10:38.225,1870.063,443,close,ACTUATOR_ACTIVE,TRAJECTORY_RUNNING,24.0,57,10,18,3.98,57,0,0.0,0.0,0.0,0.39,0.34,0.52
2026-07-29T14:10:39.223,1871.063,443,close,ACTUATOR_ACTIVE,TRAJECTORY_RUNNING,24.0,57,33,0,83.04,57,0,0.0,0.0,0.0,1.91,1.92,3.52
2026-07-29T14:10:40.324,1872.156,443,open,ACTUATOR_ACTIVE,TRAJECTORY_RUNNING,24.0,57,33,-3,38.02,57,0,0.0,0.0,0.0,2.05,1.79,3.48
2026-07-29T14:10:41.338,1873.172,443,open,ACTUATOR_ACTIVE,TRAJECTORY_RUNNING,24.0,57,9,10,4.16,57,0,0.0,0.0,0.0,0.43,0.37,0.57
2026-07-29T14:10:42.443,1874.281,444,close,ACTUATOR_ACTIVE,TRAJECTORY_RUNNING,24.0,56,10,18,3.0,56,0,0.0,0.0,0.0,0.39,0.34,0.53
2026-07-29T14:10:43.435,1875.266,444,close,ACTUATOR_ACTIVE,TRAJECTORY_RUNNING,24.0,56,32,0,28.87,56,0,0.0,0.0,0.0,1.52,2.08,5.37
2026-07-29T14:10:44.559,1876.391,444,open,ACTUATOR_ACTIVE,TRAJECTORY_RUNNING,24.0,56,32,-15,8.59,56,0,0.0,0.0,0.0,1.3,1.63,4.02
2026-07-29T14:10:45.557,1877.391,444,open,ACTUATOR_ACTIVE,TRAJECTORY_COMPLETE,24.0,56,10,7,0.67,56,0,0.0,0.0,0.0,0.4,0.33,0.54
2026-07-29T14:10:46.664,1878.5,445,close,ACTUATOR_ACTIVE,TRAJECTORY_RUNNING,24.0,61,10,18,4.84,61,0,0.0,0.0,0.0,0.38,0.32,0.5
2026-07-29T14:10:47.659,1879.484,445,close,ACTUATOR_ACTIVE,TRAJECTORY_RUNNING,24.0,61,33,0,84.48,61,0,0.0,0.0,0.0,1.85,2.0,3.77
2026-07-29T14:10:48.780,1880.609,445,open,ACTUATOR_ACTIVE,TRAJECTORY_RUNNING,24.0,61,33,-1,34.0,61,0,0.0,0.0,0.0,1.89,1.96,3.91
2026-07-29T14:10:49.790,1881.625,445,open,ACTUATOR_ACTIVE,TRAJECTORY_RUNNING,24.0,58,8,10,3.05,58,0,0.0,0.0,0.0,0.42,0.35,0.58
2026-07-29T14:10:50.898,1882.734,446,close,ACTUATOR_ACTIVE,TRAJECTORY_RUNNING,24.0,58,10,17,5.16,58,0,0.0,0.0,0.0,0.38,0.32,0.54
2026-07-29T14:10:51.893,1883.719,446,close,ACTUATOR_ACTIVE,TRAJECTORY_RUNNING,24.0,58,33,0,77.21,58,0,0.0,0.0,0.0,1.89,1.95,3.48
2026-07-29T14:10:53.018,1884.844,446,open,ACTUATOR_ACTIVE,TRAJECTORY_RUNNING,24.0,58,33,-3,38.13,58,0,0.0,0.0,0.0,2.01,1.85,3.45
2026-07-29T14:10:54.029,1885.859,446,open,ACTUATOR_ACTIVE,TRAJECTORY_RUNNING,24.0,58,9,12,2.57,58,0,0.0,0.0,0.0,0.43,0.37,0.56
2026-07-29T14:10:55.135,1886.969,447,close,ACTUATOR_ACTIVE,TRAJECTORY_RUNNING,24.0,58,10,15,3.63,58,0,0.0,0.0,0.0,0.39,0.34,0.54
2026-07-29T14:10:56.129,1887.969,447,close,ACTUATOR_ACTIVE,TRAJECTORY_RUNNING,24.0,58,33,0,80.62,58,0,0.0,0.0,0.0,1.99,1.85,3.18
2026-07-29T14:10:57.242,1889.078,447,open,ACTUATOR_ACTIVE,TRAJECTORY_RUNNING,24.0,58,33,-2,36.98,58,0,0.0,0.0,0.0,2.01,1.86,3.5
2026-07-29T14:10:58.237,1890.063,447,open,ACTUATOR_ACTIVE,TRAJECTORY_RUNNING,24.0,57,8,10,2.71,57,0,0.0,0.0,0.0,0.44,0.38,0.55
2026-07-29T14:10:59.358,1891.188,448,close,ACTUATOR_ACTIVE,TRAJECTORY_RUNNING,24.0,57,10,16,5.04,57,0,0.0,0.0,0.0,0.39,0.35,0.52
2026-07-29T14:11:00.354,1892.188,448,close,ACTUATOR_ACTIVE,TRAJECTORY_RUNNING,24.0,57,33,0,82.67,57,0,0.0,0.0,0.0,1.99,1.86,3.21
2026-07-29T14:11:01.458,1893.297,448,open,ACTUATOR_ACTIVE,TRAJECTORY_RUNNING,24.0,57,33,-4,34.74,57,0,0.0,0.0,0.0,2.02,1.86,3.49
2026-07-29T14:11:02.455,1894.281,448,open,ACTUATOR_ACTIVE,TRAJECTORY_RUNNING,24.0,54,8,8,2.65,54,0,0.0,0.0,0.0,0.44,0.39,0.53
2026-07-29T14:11:03.576,1895.406,449,close,ACTUATOR_ACTIVE,TRAJECTORY_RUNNING,24.0,54,10,14,4.02,54,0,0.0,0.0,0.0,0.39,0.35,0.5
2026-07-29T14:11:04.570,1896.406,449,close,ACTUATOR_ACTIVE,TRAJECTORY_RUNNING,24.0,54,33,0,83.14,54,0,0.0,0.0,0.0,1.96,1.87,3.19
2026-07-29T14:11:05.674,1897.5,449,open,ACTUATOR_ACTIVE,TRAJECTORY_RUNNING,24.0,58,33,-4,41.45,58,0,0.0,0.0,0.0,2.02,1.84,3.46
2026-07-29T14:11:06.687,1898.516,449,open,ACTUATOR_ACTIVE,TRAJECTORY_COMPLETE,24.0,58,9,0,-0.31,58,0,0.0,0.0,0.0,0.43,0.38,0.53
2026-07-29T14:11:07.791,1899.625,450,close,ACTUATOR_ACTIVE,TRAJECTORY_RUNNING,24.0,58,10,17,5.27,58,0,0.0,0.0,0.0,0.38,0.35,0.5
2026-07-29T14:11:08.785,1900.625,450,close,ACTUATOR_ACTIVE,TRAJECTORY_RUNNING,24.0,58,32,0,29.0,58,0,0.0,0.0,0.0,1.49,2.11,5.36
2026-07-29T14:11:09.888,1901.719,450,open,ACTUATOR_ACTIVE,TRAJECTORY_RUNNING,24.0,59,32,-14,8.06,59,0,0.0,0.0,0.0,1.52,2.06,5.33
2026-07-29T14:11:10.900,1902.734,450,open,ACTUATOR_ACTIVE,TRAJECTORY_COMPLETE,24.0,59,10,3,0.93,59,0,0.0,0.0,0.0,0.39,0.34,0.52
2026-07-29T14:11:12.008,1903.844,451,close,ACTUATOR_ACTIVE,TRAJECTORY_RUNNING,24.0,59,10,17,3.52,59,0,0.0,0.0,0.0,0.37,0.33,0.48
2026-07-29T14:11:13.010,1904.844,451,close,ACTUATOR_ACTIVE,TRAJECTORY_RUNNING,24.0,59,32,0,30.93,59,0,0.0,0.0,0.0,1.48,2.1,5.29
2026-07-29T14:11:14.119,1905.953,451,open,ACTUATOR_ACTIVE,TRAJECTORY_RUNNING,24.0,57,32,-14,7.56,57,0,0.0,0.0,0.0,1.56,1.97,5.26
2026-07-29T14:11:15.119,1906.953,451,open,ACTUATOR_ACTIVE,TRAJECTORY_COMPLETE,24.0,57,10,8,1.02,57,0,0.0,0.0,0.0,0.38,0.33,0.5
2026-07-29T14:11:16.224,1908.063,452,close,ACTUATOR_ACTIVE,TRAJECTORY_RUNNING,24.0,57,10,19,4.09,57,0,0.0,0.0,0.0,0.36,0.32,0.45
2026-07-29T14:11:17.215,1909.047,452,close,ACTUATOR_ACTIVE,TRAJECTORY_RUNNING,24.0,57,33,0,78.21,57,0,0.0,0.0,0.0,1.88,1.98,3.54
2026-07-29T14:11:18.331,1910.156,452,open,ACTUATOR_ACTIVE,TRAJECTORY_RUNNING,24.0,61,33,-2,38.2,61,0,0.0,0.0,0.0,2.02,1.84,3.41
2026-07-29T14:11:19.343,1911.172,452,open,ACTUATOR_ACTIVE,TRAJECTORY_RUNNING,24.0,61,8,11,2.9,61,0,0.0,0.0,0.0,0.43,0.37,0.51
2026-07-29T14:11:20.450,1912.281,453,close,ACTUATOR_ACTIVE,TRAJECTORY_RUNNING,24.0,61,10,15,5.59,61,0,0.0,0.0,0.0,0.38,0.33,0.48
2026-07-29T14:11:21.444,1913.281,453,close,ACTUATOR_ACTIVE,TRAJECTORY_RUNNING,24.0,61,33,0,79.46,61,0,0.0,0.0,0.0,1.93,1.92,3.28
2026-07-29T14:11:22.553,1914.391,453,open,ACTUATOR_ACTIVE,TRAJECTORY_RUNNING,24.0,58,33,-3,35.78,58,0,0.0,0.0,0.0,2.02,1.85,3.44
2026-07-29T14:11:23.548,1915.375,453,open,ACTUATOR_ACTIVE,TRAJECTORY_RUNNING,24.0,58,9,8,1.77,58,0,0.0,0.0,0.0,0.43,0.37,0.52
2026-07-29T14:11:24.665,1916.5,454,close,ACTUATOR_ACTIVE,TRAJECTORY_RUNNING,24.0,58,10,17,4.17,58,0,0.0,0.0,0.0,0.39,0.33,0.49
2026-07-29T14:11:25.663,1917.5,454,close,ACTUATOR_ACTIVE,TRAJECTORY_RUNNING,24.0,58,33,0,81.91,58,0,0.0,0.0,0.0,1.99,1.86,3.19
2026-07-29T14:11:26.770,1918.609,454,open,ACTUATOR_ACTIVE,TRAJECTORY_RUNNING,24.0,58,33,-2,38.19,58,0,0.0,0.0,0.0,2.01,1.87,3.47
2026-07-29T14:11:27.770,1919.609,454,open,ACTUATOR_ACTIVE,TRAJECTORY_RUNNING,24.0,58,8,9,2.16,58,0,0.0,0.0,0.0,0.43,0.38,0.51
2026-07-29T14:11:28.876,1920.703,455,close,ACTUATOR_ACTIVE,TRAJECTORY_RUNNING,24.0,58,10,19,3.05,58,0,0.0,0.0,0.0,0.38,0.34,0.48
2026-07-29T14:11:29.889,1921.719,455,close,ACTUATOR_ACTIVE,TRAJECTORY_RUNNING,24.0,62,33,0,84.01,62,0,0.0,0.0,0.0,1.99,1.86,3.2
2026-07-29T14:11:30.999,1922.828,455,open,ACTUATOR_ACTIVE,TRAJECTORY_RUNNING,24.0,62,33,-3,35.4,62,0,0.0,0.0,0.0,2.02,1.86,3.44
2026-07-29T14:11:31.999,1923.828,455,open,ACTUATOR_ACTIVE,TRAJECTORY_RUNNING,24.0,62,8,10,2.15,62,0,0.0,0.0,0.0,0.43,0.38,0.51
2026-07-29T14:11:33.104,1924.938,456,close,ACTUATOR_ACTIVE,TRAJECTORY_RUNNING,24.0,62,10,18,3.0,62,0,0.0,0.0,0.0,0.38,0.34,0.48
2026-07-29T14:11:34.104,1925.938,456,close,ACTUATOR_ACTIVE,TRAJECTORY_RUNNING,24.0,60,33,0,84.09,60,0,0.0,0.0,0.0,1.98,1.85,3.12
2026-07-29T14:11:35.210,1927.047,456,open,ACTUATOR_ACTIVE,TRAJECTORY_RUNNING,24.0,60,33,-2,38.36,60,0,0.0,0.0,0.0,2.02,1.85,3.4
2026-07-29T14:11:36.205,1928.031,456,open,ACTUATOR_ACTIVE,TRAJECTORY_RUNNING,24.0,60,8,10,2.76,60,0,0.0,0.0,0.0,0.44,0.39,0.51
2026-07-29T14:11:37.321,1929.156,457,close,ACTUATOR_ACTIVE,TRAJECTORY_RUNNING,24.0,60,10,15,5.42,60,0,0.0,0.0,0.0,0.39,0.35,0.49
2026-07-29T14:11:38.318,1930.156,457,close,ACTUATOR_ACTIVE,TRAJECTORY_RUNNING,24.0,60,33,0,82.91,60,0,0.0,0.0,0.0,2.0,1.85,3.16
2026-07-29T14:11:39.421,1931.25,457,open,ACTUATOR_ACTIVE,TRAJECTORY_RUNNING,24.0,60,33,-4,38.33,60,0,0.0,0.0,0.0,2.02,1.86,3.41
2026-07-29T14:11:40.431,1932.266,457,open,ACTUATOR_ACTIVE,TRAJECTORY_RUNNING,24.0,60,8,11,2.87,60,0,0.0,0.0,0.0,0.44,0.38,0.5
2026-07-29T14:11:41.531,1933.359,458,close,ACTUATOR_ACTIVE,TRAJECTORY_RUNNING,24.0,60,10,15,4.3,60,0,0.0,0.0,0.0,0.39,0.34,0.48
2026-07-29T14:11:42.545,1934.375,458,close,ACTUATOR_ACTIVE,TRAJECTORY_RUNNING,24.0,60,33,0,85.06,60,0,0.0,0.0,0.0,2.0,1.84,3.15
2026-07-29T14:11:43.648,1935.484,458,open,ACTUATOR_ACTIVE,TRAJECTORY_RUNNING,24.0,60,33,-3,35.28,60,0,0.0,0.0,0.0,2.03,1.85,3.43
2026-07-29T14:11:44.640,1936.469,458,open,ACTUATOR_ACTIVE,TRAJECTORY_RUNNING,24.0,60,8,8,2.64,60,0,0.0,0.0,0.0,0.45,0.39,0.5
2026-07-29T14:11:45.761,1937.594,459,close,ACTUATOR_ACTIVE,TRAJECTORY_RUNNING,24.0,59,10,19,3.85,59,0,0.0,0.0,0.0,0.39,0.34,0.47
2026-07-29T14:11:46.757,1938.594,459,close,ACTUATOR_ACTIVE,TRAJECTORY_RUNNING,24.0,59,33,0,78.73,59,0,0.0,0.0,0.0,2.0,1.84,3.15
2026-07-29T14:11:47.863,1939.688,459,open,ACTUATOR_ACTIVE,TRAJECTORY_RUNNING,24.0,59,33,-3,37.95,59,0,0.0,0.0,0.0,2.03,1.85,3.41
2026-07-29T14:11:48.871,1940.703,459,open,ACTUATOR_ACTIVE,TRAJECTORY_RUNNING,24.0,59,9,11,2.4,59,0,0.0,0.0,0.0,0.45,0.39,0.5
2026-07-29T14:11:49.972,1941.797,460,close,ACTUATOR_ACTIVE,TRAJECTORY_RUNNING,24.0,57,10,17,4.17,57,0,0.0,0.0,0.0,0.39,0.34,0.48
2026-07-29T14:11:50.984,1942.813,460,close,ACTUATOR_ACTIVE,TRAJECTORY_RUNNING,24.0,57,32,0,33.38,57,0,0.0,0.0,0.0,1.43,2.15,5.24
2026-07-29T14:11:52.094,1943.922,460,open,ACTUATOR_ACTIVE,TRAJECTORY_RUNNING,24.0,57,32,-15,8.16,57,0,0.0,0.0,0.0,1.48,2.07,5.19
2026-07-29T14:11:53.090,1944.922,460,open,ACTUATOR_ACTIVE,TRAJECTORY_COMPLETE,24.0,57,10,3,0.42,57,0,0.0,0.0,0.0,0.4,0.34,0.5
2026-07-29T14:11:54.197,1946.031,461,close,ACTUATOR_ACTIVE,TRAJECTORY_RUNNING,24.0,61,10,15,3.24,61,0,0.0,0.0,0.0,0.38,0.33,0.47
2026-07-29T14:11:55.195,1947.031,461,close,ACTUATOR_ACTIVE,TRAJECTORY_RUNNING,24.0,61,33,0,78.03,61,0,0.0,0.0,0.0,1.87,2.0,3.52
2026-07-29T14:11:56.302,1948.125,461,open,ACTUATOR_ACTIVE,TRAJECTORY_RUNNING,24.0,61,33,-1,41.43,61,0,0.0,0.0,0.0,2.02,1.84,3.33
2026-07-29T14:11:57.317,1949.141,461,open,ACTUATOR_ACTIVE,TRAJECTORY_RUNNING,24.0,61,8,10,2.8,61,0,0.0,0.0,0.0,0.43,0.37,0.49
2026-07-29T14:11:58.428,1950.266,462,close,ACTUATOR_ACTIVE,TRAJECTORY_RUNNING,24.0,57,10,18,5.1,57,0,0.0,0.0,0.0,0.39,0.33,0.47
2026-07-29T14:11:59.427,1951.25,462,close,ACTUATOR_ACTIVE,TRAJECTORY_RUNNING,24.0,57,33,0,81.96,57,0,0.0,0.0,0.0,2.01,1.83,3.14
2026-07-29T14:12:00.551,1952.375,462,open,ACTUATOR_ACTIVE,TRAJECTORY_RUNNING,24.0,57,33,-2,34.81,57,0,0.0,0.0,0.0,2.03,1.85,3.4
2026-07-29T14:12:01.561,1953.391,462,open,ACTUATOR_ACTIVE,TRAJECTORY_RUNNING,24.0,57,9,12,3.23,57,0,0.0,0.0,0.0,0.44,0.38,0.51
2026-07-29T14:12:02.663,1954.5,463,close,ACTUATOR_ACTIVE,TRAJECTORY_RUNNING,24.0,57,10,16,4.4,57,0,0.0,0.0,0.0,0.38,0.34,0.48
2026-07-29T14:12:03.658,1955.484,463,close,ACTUATOR_ACTIVE,TRAJECTORY_RUNNING,24.0,57,33,0,80.8,57,0,0.0,0.0,0.0,2.01,1.83,3.12
2026-07-29T14:12:04.786,1956.609,463,open,ACTUATOR_ACTIVE,TRAJECTORY_RUNNING,24.0,57,33,-3,36.43,57,0,0.0,0.0,0.0,2.04,1.85,3.42
2026-07-29T14:12:05.794,1957.625,463,open,ACTUATOR_ACTIVE,TRAJECTORY_RUNNING,24.0,57,8,11,4.38,57,0,0.0,0.0,0.0,0.44,0.38,0.49
2026-07-29T14:12:06.904,1958.734,464,close,ACTUATOR_ACTIVE,TRAJECTORY_RUNNING,24.0,57,10,16,6.13,57,0,0.0,0.0,0.0,0.38,0.34,0.46
2026-07-29T14:12:07.900,1959.734,464,close,ACTUATOR_ACTIVE,TRAJECTORY_RUNNING,24.0,57,33,0,82.32,57,0,0.0,0.0,0.0,2.01,1.83,3.13
2026-07-29T14:12:09.005,1960.828,464,open,ACTUATOR_ACTIVE,TRAJECTORY_RUNNING,24.0,57,33,-3,38.81,57,0,0.0,0.0,0.0,2.03,1.85,3.41
2026-07-29T14:12:10.016,1961.844,464,open,ACTUATOR_ACTIVE,TRAJECTORY_RUNNING,24.0,60,9,11,3.57,60,0,0.0,0.0,0.0,0.44,0.39,0.49
2026-07-29T14:12:11.120,1962.953,465,close,ACTUATOR_ACTIVE,TRAJECTORY_RUNNING,24.0,60,10,16,4.49,60,0,0.0,0.0,0.0,0.38,0.34,0.47
2026-07-29T14:12:12.117,1963.953,465,close,ACTUATOR_ACTIVE,TRAJECTORY_RUNNING,24.0,60,33,0,74.0,60,0,0.0,0.0,0.0,2.01,1.83,3.13
2026-07-29T14:12:13.221,1965.047,465,open,ACTUATOR_ACTIVE,TRAJECTORY_RUNNING,24.0,60,33,-3,41.65,60,0,0.0,0.0,0.0,2.04,1.84,3.38
2026-07-29T14:12:14.235,1966.063,465,open,ACTUATOR_ACTIVE,TRAJECTORY_RUNNING,24.0,59,9,11,2.91,59,0,0.0,0.0,0.0,0.43,0.38,0.49
2026-07-29T14:12:15.344,1967.172,466,close,ACTUATOR_ACTIVE,TRAJECTORY_RUNNING,24.0,59,10,19,5.05,59,0,0.0,0.0,0.0,0.38,0.35,0.46
2026-07-29T14:12:16.341,1968.172,466,close,ACTUATOR_ACTIVE,TRAJECTORY_RUNNING,24.0,59,33,0,80.69,59,0,0.0,0.0,0.0,2.0,1.84,3.11
2026-07-29T14:12:17.441,1969.266,466,open,ACTUATOR_ACTIVE,TRAJECTORY_RUNNING,24.0,59,33,-3,37.95,59,0,0.0,0.0,0.0,2.03,1.85,3.39
2026-07-29T14:12:18.446,1970.281,466,open,ACTUATOR_ACTIVE,TRAJECTORY_RUNNING,24.0,62,8,8,2.53,62,0,0.0,0.0,0.0,0.43,0.39,0.48
2026-07-29T14:12:19.558,1971.391,467,close,ACTUATOR_ACTIVE,TRAJECTORY_RUNNING,24.0,62,10,17,4.42,62,0,0.0,0.0,0.0,0.38,0.35,0.45
2026-07-29T14:12:20.548,1972.375,467,close,ACTUATOR_ACTIVE,TRAJECTORY_RUNNING,24.0,62,33,0,81.36,62,0,0.0,0.0,0.0,2.01,1.84,3.13
2026-07-29T14:12:21.666,1973.5,467,open,ACTUATOR_ACTIVE,TRAJECTORY_RUNNING,24.0,62,33,-1,38.8,62,0,0.0,0.0,0.0,2.03,1.85,3.37
2026-07-29T14:12:22.661,1974.484,467,open,ACTUATOR_ACTIVE,TRAJECTORY_RUNNING,24.0,64,8,9,3.64,64,0,0.0,0.0,0.0,0.44,0.39,0.48
2026-07-29T14:12:23.783,1975.609,468,close,ACTUATOR_ACTIVE,TRAJECTORY_RUNNING,24.0,64,10,18,3.32,64,0,0.0,0.0,0.0,0.38,0.35,0.45
2026-07-29T14:12:24.795,1976.625,468,close,ACTUATOR_ACTIVE,TRAJECTORY_RUNNING,24.0,64,33,0,85.32,64,0,0.0,0.0,0.0,2.0,1.85,3.12
2026-07-29T14:12:25.901,1977.734,468,open,ACTUATOR_ACTIVE,TRAJECTORY_RUNNING,24.0,58,33,-2,36.42,58,0,0.0,0.0,0.0,2.03,1.85,3.34
2026-07-29T14:12:26.899,1978.734,468,open,ACTUATOR_ACTIVE,TRAJECTORY_COMPLETE,24.0,58,9,0,-0.69,58,0,0.0,0.0,0.0,0.44,0.39,0.47
2026-07-29T14:12:28.003,1979.828,469,close,ACTUATOR_ACTIVE,TRAJECTORY_RUNNING,24.0,58,10,19,2.59,58,0,0.0,0.0,0.0,0.39,0.35,0.45
2026-07-29T14:12:29.015,1980.844,469,close,ACTUATOR_ACTIVE,TRAJECTORY_STOPPED,24.0,58,32,0,30.43,58,0,0.0,0.0,0.0,1.39,2.17,5.14
2026-07-29T14:12:30.120,1981.953,469,open,ACTUATOR_ACTIVE,TRAJECTORY_RUNNING,24.0,60,32,-15,7.16,60,0,0.0,0.0,0.0,1.38,2.0,5.2
2026-07-29T14:12:31.119,1982.953,469,open,ACTUATOR_ACTIVE,TRAJECTORY_COMPLETE,24.0,60,10,7,-0.18,60,0,0.0,0.0,0.0,0.4,0.35,0.47
2026-07-29T14:12:32.224,1984.047,470,close,ACTUATOR_ACTIVE,TRAJECTORY_RUNNING,24.0,60,10,19,1.55,60,0,0.0,0.0,0.0,0.38,0.33,0.44
2026-07-29T14:12:33.232,1985.063,470,close,ACTUATOR_ACTIVE,TRAJECTORY_RUNNING,24.0,60,32,0,29.85,60,0,0.0,0.0,0.0,1.37,2.16,5.06
2026-07-29T14:12:34.337,1986.172,470,open,ACTUATOR_ACTIVE,TRAJECTORY_RUNNING,24.0,54,32,-14,7.47,54,0,0.0,0.0,0.0,1.41,2.1,5.03
2026-07-29T14:12:35.329,1987.156,470,open,ACTUATOR_ACTIVE,TRAJECTORY_COMPLETE,24.0,54,10,8,0.55,54,0,0.0,0.0,0.0,0.38,0.33,0.45
2026-07-29T14:12:36.450,1988.281,471,close,ACTUATOR_ACTIVE,TRAJECTORY_RUNNING,24.0,54,10,16,4.35,54,0,0.0,0.0,0.0,0.37,0.31,0.42
2026-07-29T14:12:37.447,1989.281,471,close,ACTUATOR_ACTIVE,TRAJECTORY_RUNNING,24.0,54,33,0,78.9,54,0,0.0,0.0,0.0,1.87,2.02,3.33
2026-07-29T14:12:38.548,1990.375,471,open,ACTUATOR_ACTIVE,TRAJECTORY_RUNNING,24.0,61,33,-2,40.11,61,0,0.0,0.0,0.0,2.03,1.84,3.25
2026-07-29T14:12:39.555,1991.391,471,open,ACTUATOR_ACTIVE,TRAJECTORY_RUNNING,24.0,61,8,10,2.02,61,0,0.0,0.0,0.0,0.43,0.37,0.46
2026-07-29T14:12:40.662,1992.484,472,close,ACTUATOR_ACTIVE,TRAJECTORY_RUNNING,24.0,61,10,16,3.15,61,0,0.0,0.0,0.0,0.4,0.33,0.44
2026-07-29T14:12:41.674,1993.5,472,close,ACTUATOR_ACTIVE,TRAJECTORY_RUNNING,24.0,61,32,0,30.07,55,0,0.0,0.0,0.0,1.37,2.17,5.06
2026-07-29T14:12:42.782,1994.609,472,open,ACTUATOR_ACTIVE,TRAJECTORY_RUNNING,24.0,55,32,-15,7.33,55,0,0.0,0.0,0.0,1.09,1.34,2.73
2026-07-29T14:12:43.778,1995.609,472,open,ACTUATOR_ACTIVE,TRAJECTORY_COMPLETE,24.0,55,10,0,0.62,55,0,0.0,0.0,0.0,0.4,0.33,0.47
2026-07-29T14:12:44.889,1996.719,473,close,ACTUATOR_ACTIVE,TRAJECTORY_RUNNING,24.0,55,10,17,4.29,55,0,0.0,0.0,0.0,0.38,0.31,0.45
2026-07-29T14:12:45.880,1997.703,473,close,ACTUATOR_ACTIVE,TRAJECTORY_RUNNING,24.0,58,33,0,79.35,58,0,0.0,0.0,0.0,1.98,1.87,3.04
2026-07-29T14:12:47.006,1998.828,473,open,ACTUATOR_ACTIVE,TRAJECTORY_RUNNING,24.0,58,33,-4,35.79,58,0,0.0,0.0,0.0,2.03,1.86,3.34
2026-07-29T14:12:48.014,1999.844,473,open,ACTUATOR_ACTIVE,TRAJECTORY_RUNNING,24.0,58,9,13,3.45,58,0,0.0,0.0,0.0,0.44,0.38,0.48
2026-07-29T14:12:49.113,2000.938,474,close,ACTUATOR_ACTIVE,TRAJECTORY_RUNNING,24.0,58,10,20,3.04,58,0,0.0,0.0,0.0,0.4,0.34,0.46
2026-07-29T14:12:50.123,2001.953,474,close,ACTUATOR_ACTIVE,TRAJECTORY_RUNNING,24.0,59,33,0,83.11,59,0,0.0,0.0,0.0,1.99,1.87,3.09
2026-07-29T14:12:51.229,2003.063,474,open,ACTUATOR_ACTIVE,TRAJECTORY_RUNNING,24.0,59,33,-3,40.37,59,0,0.0,0.0,0.0,2.03,1.86,3.35
2026-07-29T14:12:52.228,2004.063,474,open,ACTUATOR_ACTIVE,TRAJECTORY_RUNNING,24.0,59,8,8,2.13,59,0,0.0,0.0,0.0,0.45,0.39,0.48
2026-07-29T14:12:53.327,2005.156,475,close,ACTUATOR_ACTIVE,TRAJECTORY_RUNNING,24.0,59,10,16,4.02,59,0,0.0,0.0,0.0,0.4,0.34,0.45
2026-07-29T14:12:54.325,2006.156,475,close,ACTUATOR_ACTIVE,TRAJECTORY_RUNNING,24.0,58,33,0,77.91,58,0,0.0,0.0,0.0,1.99,1.86,3.07
2026-07-29T14:12:55.432,2007.266,475,open,ACTUATOR_ACTIVE,TRAJECTORY_RUNNING,24.0,58,33,-3,37.56,58,0,0.0,0.0,0.0,2.03,1.85,3.32
2026-07-29T14:12:56.423,2008.25,475,open,ACTUATOR_ACTIVE,TRAJECTORY_RUNNING,24.0,58,8,9,2.65,58,0,0.0,0.0,0.0,0.45,0.39,0.48
2026-07-29T14:12:57.546,2009.375,476,close,ACTUATOR_ACTIVE,TRAJECTORY_RUNNING,24.0,58,10,15,4.6,58,0,0.0,0.0,0.0,0.41,0.34,0.45
2026-07-29T14:12:58.546,2010.375,476,close,ACTUATOR_ACTIVE,TRAJECTORY_RUNNING,24.0,55,33,0,77.88,55,0,0.0,0.0,0.0,2.0,1.84,3.04
2026-07-29T14:12:59.657,2011.484,476,open,ACTUATOR_ACTIVE,TRAJECTORY_RUNNING,24.0,55,33,-3,38.25,55,0,0.0,0.0,0.0,2.03,1.85,3.3
2026-07-29T14:13:00.652,2012.484,476,open,ACTUATOR_ACTIVE,TRAJECTORY_RUNNING,24.0,55,8,8,2.75,55,0,0.0,0.0,0.0,0.45,0.39,0.49
2026-07-29T14:13:01.766,2013.594,477,close,ACTUATOR_ACTIVE,TRAJECTORY_RUNNING,24.0,58,10,17,6.13,58,0,0.0,0.0,0.0,0.41,0.35,0.45
2026-07-29T14:13:02.767,2014.594,477,close,ACTUATOR_ACTIVE,TRAJECTORY_RUNNING,24.0,58,33,-1,86.09,58,0,0.0,0.0,0.0,2.0,1.84,3.04
2026-07-29T14:13:03.867,2015.688,477,open,ACTUATOR_ACTIVE,TRAJECTORY_RUNNING,24.0,58,33,-2,40.56,58,0,0.0,0.0,0.0,2.03,1.85,3.3
2026-07-29T14:13:04.879,2016.703,477,open,ACTUATOR_ACTIVE,TRAJECTORY_COMPLETE,24.0,58,9,0,-0.08,58,0,0.0,0.0,0.0,0.45,0.39,0.47
2026-07-29T14:13:05.987,2017.813,478,close,ACTUATOR_ACTIVE,TRAJECTORY_RUNNING,24.0,58,10,17,4.52,58,0,0.0,0.0,0.0,0.41,0.35,0.44
2026-07-29T14:13:06.985,2018.813,478,close,ACTUATOR_ACTIVE,TRAJECTORY_RUNNING,24.0,58,33,0,87.2,58,0,0.0,0.0,0.0,2.01,1.83,3.02
2026-07-29T14:13:08.093,2019.922,478,open,ACTUATOR_ACTIVE,TRAJECTORY_RUNNING,24.0,58,33,-1,39.22,58,0,0.0,0.0,0.0,2.04,1.83,3.28
2026-07-29T14:13:09.086,2020.906,478,open,ACTUATOR_ACTIVE,TRAJECTORY_RUNNING,24.0,58,8,10,2.16,58,0,0.0,0.0,0.0,0.46,0.4,0.48
2026-07-29T14:13:10.210,2022.031,479,close,ACTUATOR_ACTIVE,TRAJECTORY_RUNNING,24.0,61,10,15,3.71,61,0,0.0,0.0,0.0,0.41,0.35,0.44
2026-07-29T14:13:11.222,2023.047,479,close,ACTUATOR_ACTIVE,TRAJECTORY_RUNNING,24.0,61,33,0,78.32,61,0,0.0,0.0,0.0,2.0,1.84,3.05
2026-07-29T14:13:12.325,2024.156,479,open,ACTUATOR_ACTIVE,TRAJECTORY_RUNNING,24.0,61,33,0,37.58,61,0,0.0,0.0,0.0,2.03,1.85,3.31
2026-07-29T14:13:13.324,2025.156,479,open,ACTUATOR_ACTIVE,TRAJECTORY_RUNNING,24.0,61,8,9,2.24,61,0,0.0,0.0,0.0,0.45,0.39,0.48
2026-07-29T14:13:14.435,2026.266,480,close,ACTUATOR_ACTIVE,TRAJECTORY_RUNNING,24.0,61,10,17,5.3,61,0,0.0,0.0,0.0,0.4,0.35,0.45
2026-07-29T14:13:15.430,2027.25,480,close,ACTUATOR_ACTIVE,TRAJECTORY_STOPPED,24.0,61,33,0,79.76,61,0,0.0,0.0,0.0,2.0,1.83,2.98
2026-07-29T14:13:16.546,2028.375,480,open,ACTUATOR_ACTIVE,TRAJECTORY_RUNNING,24.0,61,33,0,42.21,61,0,0.0,0.0,0.0,2.04,1.84,3.29
2026-07-29T14:13:17.546,2029.375,480,open,ACTUATOR_ACTIVE,TRAJECTORY_RUNNING,24.0,61,8,9,4.09,61,0,0.0,0.0,0.0,0.46,0.39,0.48
2026-07-29T14:13:18.643,2030.469,481,close,ACTUATOR_ACTIVE,TRAJECTORY_RUNNING,24.0,60,10,16,1.85,60,0,0.0,0.0,0.0,0.41,0.35,0.45
2026-07-29T14:13:19.649,2031.469,481,close,ACTUATOR_ACTIVE,TRAJECTORY_RUNNING,24.0,60,33,0,81.28,60,0,0.0,0.0,0.0,2.0,1.84,3.01
2026-07-29T14:13:20.767,2032.594,481,open,ACTUATOR_ACTIVE,TRAJECTORY_RUNNING,24.0,60,33,-1,40.25,60,0,0.0,0.0,0.0,2.04,1.85,3.28
2026-07-29T14:13:21.777,2033.609,481,open,ACTUATOR_ACTIVE,TRAJECTORY_RUNNING,24.0,55,8,10,3.14,55,0,0.0,0.0,0.0,0.45,0.4,0.48
2026-07-29T14:13:22.879,2034.703,482,close,ACTUATOR_ACTIVE,TRAJECTORY_RUNNING,24.0,55,10,16,3.95,55,0,0.0,0.0,0.0,0.41,0.35,0.45
2026-07-29T14:13:23.893,2035.719,482,close,ACTUATOR_ACTIVE,TRAJECTORY_RUNNING,24.0,55,32,0,31.77,55,0,0.0,0.0,0.0,1.29,2.21,4.84
2026-07-29T14:13:24.998,2036.828,482,open,ACTUATOR_ACTIVE,TRAJECTORY_RUNNING,24.0,55,32,-15,6.63,55,0,0.0,0.0,0.0,1.32,2.15,4.83
2026-07-29T14:13:25.992,2037.813,482,open,ACTUATOR_ACTIVE,TRAJECTORY_COMPLETE,24.0,57,10,11,0.35,57,0,0.0,0.0,0.0,0.41,0.35,0.49
2026-07-29T14:13:27.113,2038.938,483,close,ACTUATOR_ACTIVE,TRAJECTORY_RUNNING,24.0,57,10,14,4.39,57,0,0.0,0.0,0.0,0.39,0.33,0.46
2026-07-29T14:13:28.109,2039.938,483,close,ACTUATOR_ACTIVE,TRAJECTORY_RUNNING,24.0,57,32,0,32.39,57,0,0.0,0.0,0.0,1.27,2.2,4.77
2026-07-29T14:13:29.217,2041.047,483,open,ACTUATOR_ACTIVE,TRAJECTORY_RUNNING,24.0,57,32,-14,7.06,57,0,0.0,0.0,0.0,1.37,2.08,4.84
2026-07-29T14:13:30.209,2042.031,483,open,ACTUATOR_ACTIVE,TRAJECTORY_COMPLETE,24.0,56,10,0,0.58,56,0,0.0,0.0,0.0,0.4,0.33,0.49
2026-07-29T14:13:31.324,2043.156,484,close,ACTUATOR_ACTIVE,TRAJECTORY_RUNNING,24.0,56,10,15,4.89,56,0,0.0,0.0,0.0,0.38,0.31,0.47
2026-07-29T14:13:32.318,2044.141,484,close,ACTUATOR_ACTIVE,TRAJECTORY_RUNNING,24.0,56,33,0,77.71,56,0,0.0,0.0,0.0,1.91,1.97,3.18
2026-07-29T14:13:33.436,2045.266,484,open,ACTUATOR_ACTIVE,TRAJECTORY_RUNNING,24.0,56,33,-2,43.77,56,0,0.0,0.0,0.0,2.03,1.83,3.23
2026-07-29T14:13:34.435,2046.266,484,open,ACTUATOR_ACTIVE,TRAJECTORY_RUNNING,24.0,57,8,8,2.22,57,0,0.0,0.0,0.0,0.45,0.37,0.48
2026-07-29T14:13:35.534,2047.359,485,close,ACTUATOR_ACTIVE,TRAJECTORY_RUNNING,24.0,57,10,16,5.48,57,0,0.0,0.0,0.0,0.4,0.33,0.46
2026-07-29T14:13:36.551,2048.375,485,close,ACTUATOR_ACTIVE,TRAJECTORY_RUNNING,24.0,57,32,1,30.28,57,0,0.0,0.0,0.0,1.27,2.19,4.77
2026-07-29T14:13:37.652,2049.484,485,open,ACTUATOR_ACTIVE,TRAJECTORY_RUNNING,24.0,57,32,-16,5.8,57,0,0.0,0.0,0.0,1.31,2.12,4.77
2026-07-29T14:13:38.646,2050.469,485,open,ACTUATOR_ACTIVE,TRAJECTORY_COMPLETE,24.0,60,10,9,0.83,60,0,0.0,0.0,0.0,0.4,0.33,0.5
2026-07-29T14:13:39.768,2051.594,486,close,ACTUATOR_ACTIVE,TRAJECTORY_RUNNING,24.0,60,10,18,3.97,60,0,0.0,0.0,0.0,0.38,0.31,0.47
2026-07-29T14:13:40.765,2052.594,486,close,ACTUATOR_ACTIVE,TRAJECTORY_RUNNING,24.0,60,33,0,81.32,60,0,0.0,0.0,0.0,2.0,1.81,2.88
2026-07-29T14:13:41.869,2053.688,486,open,ACTUATOR_ACTIVE,TRAJECTORY_RUNNING,24.0,57,33,-3,40.15,57,0,0.0,0.0,0.0,2.04,1.83,3.26
2026-07-29T14:13:42.879,2054.703,486,open,ACTUATOR_ACTIVE,TRAJECTORY_COMPLETE,24.0,57,9,0,-1.13,57,0,0.0,0.0,0.0,0.45,0.38,0.49
2026-07-29T14:13:43.987,2055.813,487,close,ACTUATOR_ACTIVE,TRAJECTORY_RUNNING,24.0,57,10,17,3.88,57,0,0.0,0.0,0.0,0.41,0.33,0.48
2026-07-29T14:13:44.980,2056.813,487,close,ACTUATOR_ACTIVE,TRAJECTORY_RUNNING,24.0,57,33,0,86.85,57,0,0.0,0.0,0.0,2.01,1.81,2.93
2026-07-29T14:13:46.090,2057.922,487,open,ACTUATOR_ACTIVE,TRAJECTORY_RUNNING,24.0,59,33,-3,37.74,59,0,0.0,0.0,0.0,2.05,1.81,3.21
2026-07-29T14:13:47.083,2058.906,487,open,ACTUATOR_ACTIVE,TRAJECTORY_RUNNING,24.0,59,9,9,2.62,59,0,0.0,0.0,0.0,0.46,0.38,0.47
2026-07-29T14:13:48.210,2060.031,488,close,ACTUATOR_ACTIVE,TRAJECTORY_RUNNING,24.0,59,10,15,4.53,59,0,0.0,0.0,0.0,0.41,0.34,0.45
2026-07-29T14:13:49.203,2061.031,488,close,ACTUATOR_ACTIVE,TRAJECTORY_RUNNING,24.0,59,33,0,80.86,59,0,0.0,0.0,0.0,2.01,1.79,2.86
2026-07-29T14:13:50.311,2062.141,488,open,ACTUATOR_ACTIVE,TRAJECTORY_RUNNING,24.0,59,33,-3,38.29,59,0,0.0,0.0,0.0,2.05,1.8,3.18
2026-07-29T14:13:51.298,2063.125,488,open,ACTUATOR_ACTIVE,TRAJECTORY_RUNNING,24.0,59,10,-15,-2.29,59,0,0.0,0.0,0.0,0.47,0.39,0.46
2026-07-29T14:13:52.415,2064.234,489,close,ACTUATOR_ACTIVE,TRAJECTORY_RUNNING,24.0,59,10,17,2.72,59,0,0.0,0.0,0.0,0.41,0.35,0.44
2026-07-29T14:13:53.426,2065.25,489,close,ACTUATOR_ACTIVE,TRAJECTORY_RUNNING,24.0,59,32,0,32.79,59,0,0.0,0.0,0.0,1.24,2.2,4.69
2026-07-29T14:13:54.531,2066.359,489,open,ACTUATOR_ACTIVE,TRAJECTORY_RUNNING,24.0,56,32,-15,7.35,56,0,0.0,0.0,0.0,1.28,2.14,4.7
2026-07-29T14:13:55.525,2067.344,489,open,ACTUATOR_ACTIVE,TRAJECTORY_COMPLETE,24.0,56,10,9,0.84,56,0,0.0,0.0,0.0,0.41,0.34,0.48
2026-07-29T14:13:56.650,2068.469,490,close,ACTUATOR_ACTIVE,TRAJECTORY_RUNNING,24.0,56,10,15,3.85,56,0,0.0,0.0,0.0,0.39,0.32,0.46
2026-07-29T14:13:57.660,2069.484,490,close,ACTUATOR_ACTIVE,TRAJECTORY_RUNNING,24.0,56,33,0,81.16,56,0,0.0,0.0,0.0,2.01,1.81,2.9
2026-07-29T14:13:58.770,2070.594,490,open,ACTUATOR_ACTIVE,TRAJECTORY_RUNNING,24.0,57,33,-2,38.4,57,0,0.0,0.0,0.0,2.05,1.8,3.18
2026-07-29T14:13:59.762,2071.594,490,open,ACTUATOR_ACTIVE,TRAJECTORY_RUNNING,24.0,57,8,10,2.79,57,0,0.0,0.0,0.0,0.45,0.38,0.46
2026-07-29T14:14:00.872,2072.703,491,close,ACTUATOR_ACTIVE,TRAJECTORY_RUNNING,24.0,57,10,18,5.65,57,0,0.0,0.0,0.0,0.4,0.34,0.45
2026-07-29T14:14:01.870,2073.703,491,close,ACTUATOR_ACTIVE,TRAJECTORY_RUNNING,24.0,56,33,0,86.61,56,0,0.0,0.0,0.0,2.02,1.77,2.83
2026-07-29T14:14:02.978,2074.797,491,open,ACTUATOR_ACTIVE,TRAJECTORY_RUNNING,24.0,56,33,-1,35.24,56,0,0.0,0.0,0.0,2.06,1.77,3.11
2026-07-29T14:14:03.995,2075.813,491,open,ACTUATOR_ACTIVE,TRAJECTORY_RUNNING,24.0,56,8,11,2.78,56,0,0.0,0.0,0.0,0.46,0.39,0.46
2026-07-29T14:14:05.088,2076.906,492,close,ACTUATOR_ACTIVE,TRAJECTORY_RUNNING,24.0,56,10,18,4.38,56,0,0.0,0.0,0.0,0.41,0.35,0.43
2026-07-29T14:14:06.097,2077.922,492,close,ACTUATOR_ACTIVE,TRAJECTORY_RUNNING,24.0,57,33,0,80.73,57,0,0.0,0.0,0.0,2.02,1.77,2.85
2026-07-29T14:14:07.205,2079.031,492,open,ACTUATOR_ACTIVE,TRAJECTORY_RUNNING,24.0,57,33,-1,34.81,57,0,0.0,0.0,0.0,2.06,1.77,3.1
2026-07-29T14:14:08.199,2080.031,492,open,ACTUATOR_ACTIVE,TRAJECTORY_COMPLETE,24.0,57,9,-8,-1.39,57,0,0.0,0.0,0.0,0.46,0.39,0.44
2026-07-29T14:14:09.306,2081.125,493,close,ACTUATOR_ACTIVE,TRAJECTORY_RUNNING,24.0,57,10,15,4.11,57,0,0.0,0.0,0.0,0.41,0.34,0.43
2026-07-29T14:14:10.320,2082.141,493,close,ACTUATOR_ACTIVE,TRAJECTORY_RUNNING,24.0,58,32,0,29.42,58,0,0.0,0.0,0.0,1.21,2.2,4.57
2026-07-29T14:14:11.431,2083.25,493,open,ACTUATOR_ACTIVE,TRAJECTORY_RUNNING,24.0,58,32,-15,7.4,58,0,0.0,0.0,0.0,1.38,2.04,4.81
2026-07-29T14:14:12.428,2084.25,493,open,ACTUATOR_ACTIVE,TRAJECTORY_COMPLETE,24.0,58,10,7,1.41,58,0,0.0,0.0,0.0,0.41,0.33,0.46
2026-07-29T14:14:13.543,2085.375,494,close,ACTUATOR_ACTIVE,TRAJECTORY_RUNNING,24.0,58,10,19,4.01,58,0,0.0,0.0,0.0,0.38,0.31,0.45
2026-07-29T14:14:14.541,2086.359,494,close,ACTUATOR_ACTIVE,TRAJECTORY_RUNNING,24.0,54,33,0,83.15,54,0,0.0,0.0,0.0,2.01,1.77,2.79
2026-07-29T14:14:15.663,2087.484,494,open,ACTUATOR_ACTIVE,TRAJECTORY_RUNNING,24.0,54,33,-2,38.28,54,0,0.0,0.0,0.0,2.05,1.79,3.1
2026-07-29T14:14:16.677,2088.5,494,open,ACTUATOR_ACTIVE,TRAJECTORY_RUNNING,24.0,54,8,11,3.39,54,0,0.0,0.0,0.0,0.45,0.39,0.47
2026-07-29T14:14:17.784,2089.609,495,close,ACTUATOR_ACTIVE,TRAJECTORY_RUNNING,24.0,54,10,14,3.54,54,0,0.0,0.0,0.0,0.39,0.34,0.45
2026-07-29T14:14:18.776,2090.594,495,close,ACTUATOR_ACTIVE,TRAJECTORY_RUNNING,24.0,54,32,0,32.84,54,0,0.0,0.0,0.0,1.2,2.19,4.53
2026-07-29T14:14:19.898,2091.719,495,open,ACTUATOR_ACTIVE,TRAJECTORY_RUNNING,24.0,54,32,-16,7.55,54,0,0.0,0.0,0.0,1.23,2.13,4.53
2026-07-29T14:14:20.897,2092.719,495,open,ACTUATOR_ACTIVE,TRAJECTORY_COMPLETE,24.0,54,9,-1,-0.22,54,0,0.0,0.0,0.0,0.41,0.33,0.48
2026-07-29T14:14:22.002,2093.828,496,close,ACTUATOR_ACTIVE,TRAJECTORY_RUNNING,24.0,56,10,16,3.66,56,0,0.0,0.0,0.0,0.38,0.31,0.46
2026-07-29T14:14:22.997,2094.828,496,close,ACTUATOR_ACTIVE,TRAJECTORY_RUNNING,24.0,56,33,0,79.55,56,0,0.0,0.0,0.0,2.01,1.75,2.69
2026-07-29T14:14:24.105,2095.938,496,open,ACTUATOR_ACTIVE,TRAJECTORY_RUNNING,24.0,56,33,-3,40.15,56,0,0.0,0.0,0.0,2.05,1.77,3.04
2026-07-29T14:14:25.103,2096.922,496,open,ACTUATOR_ACTIVE,TRAJECTORY_COMPLETE,24.0,56,10,0,0.15,56,0,0.0,0.0,0.0,0.45,0.39,0.5
2026-07-29T14:14:26.221,2098.047,497,close,ACTUATOR_ACTIVE,TRAJECTORY_RUNNING,24.0,56,10,15,4.27,56,0,0.0,0.0,0.0,0.41,0.34,0.49
2026-07-29T14:14:27.219,2099.047,497,close,ACTUATOR_ACTIVE,TRAJECTORY_RUNNING,24.0,56,33,0,86.0,56,0,0.0,0.0,0.0,2.02,1.73,2.67
2026-07-29T14:14:28.322,2100.141,497,open,ACTUATOR_ACTIVE,TRAJECTORY_RUNNING,24.0,56,33,0,40.69,56,0,0.0,0.0,0.0,2.05,1.74,2.95
2026-07-29T14:14:29.331,2101.156,497,open,ACTUATOR_ACTIVE,TRAJECTORY_COMPLETE,24.0,56,9,0,-0.49,56,0,0.0,0.0,0.0,0.46,0.38,0.46
2026-07-29T14:14:30.437,2102.266,498,close,ACTUATOR_ACTIVE,TRAJECTORY_RUNNING,24.0,56,10,18,4.07,56,0,0.0,0.0,0.0,0.41,0.33,0.44
2026-07-29T14:14:31.428,2103.25,498,close,ACTUATOR_ACTIVE,TRAJECTORY_RUNNING,24.0,56,33,0,82.83,56,0,0.0,0.0,0.0,2.01,1.72,2.58
2026-07-29T14:14:32.549,2104.375,498,open,ACTUATOR_ACTIVE,TRAJECTORY_RUNNING,24.0,56,33,0,37.49,56,0,0.0,0.0,0.0,2.06,1.73,2.9
2026-07-29T14:14:33.546,2105.375,498,open,ACTUATOR_ACTIVE,TRAJECTORY_RUNNING,24.0,56,8,10,1.31,56,0,0.0,0.0,0.0,0.46,0.38,0.46
2026-07-29T14:14:34.657,2106.484,499,close,ACTUATOR_ACTIVE,TRAJECTORY_RUNNING,24.0,58,10,15,3.42,58,0,0.0,0.0,0.0,0.41,0.34,0.44
2026-07-29T14:14:35.652,2107.469,499,close,ACTUATOR_ACTIVE,TRAJECTORY_RUNNING,24.0,58,33,0,81.78,58,0,0.0,0.0,0.0,2.01,1.71,2.57
2026-07-29T14:14:36.773,2108.594,499,open,ACTUATOR_ACTIVE,TRAJECTORY_RUNNING,24.0,58,33,-1,38.36,58,0,0.0,0.0,0.0,2.05,1.72,2.87
2026-07-29T14:14:37.787,2109.609,499,open,ACTUATOR_ACTIVE,TRAJECTORY_RUNNING,24.0,60,9,12,4.15,60,0,0.0,0.0,0.0,0.46,0.39,0.45
