timestamp,elapsed_s,cycle,phase,actuator_state,trajectory_return,voltage,avg_temperature,position_gripper_joint,velocity_gripper_joint,force_gripper_joint,temperature_gripper_joint,error_gripper_joint,fingertip_gripper_join_left_x,fingertip_gripper_join_left_y,fingertip_gripper_join_left_z,fingertip_gripper_join_right_x,fingertip_gripper_join_right_y,fingertip_gripper_join_right_z
2026-07-31T09:36:29.590,0.125,0,close,ACTUATOR_ACTIVE,TRAJECTORY_RUNNING,24.0,51,3,28,3.61,51,0,0.0,0.0,0.0,0.0,0.0,0.0
2026-07-31T09:36:30.101,0.64,0,close,ACTUATOR_ACTIVE,TRAJECTORY_RUNNING,24.0,51,33,10,91.18,51,0,0.0,0.0,0.0,0.0,0.0,0.0
2026-07-31T09:36:30.601,1.14,0,close,ACTUATOR_ACTIVE,TRAJECTORY_RUNNING,24.0,51,33,0,104.63,51,0,0.0,0.0,0.0,0.0,0.0,0.0
2026-07-31T09:36:31.095,1.64,0,close,ACTUATOR_ACTIVE,TRAJECTORY_RUNNING,24.0,51,33,0,102.85,51,0,0.0,0.0,0.0,0.0,0.0,0.0
2026-07-31T09:36:31.704,2.25,0,open,ACTUATOR_ACTIVE,TRAJECTORY_RUNNING,24.0,47,33,-1,58.7,47,0,0.0,0.0,0.0,0.0,0.0,0.0
2026-07-31T09:36:32.204,2.75,0,open,ACTUATOR_ACTIVE,TRAJECTORY_RUNNING,24.0,47,13,-69,1.08,47,0,0.0,0.0,0.0,0.0,0.0,0.0
2026-07-31T09:36:32.694,3.234,0,open,ACTUATOR_ACTIVE,TRAJECTORY_RUNNING,24.0,47,4,-1,-0.64,47,0,0.0,0.0,0.0,0.0,0.0,0.0
2026-07-31T09:36:33.204,3.75,0,open,ACTUATOR_ACTIVE,TRAJECTORY_COMPLETE,24.0,47,2,-16,-4.06,47,0,0.0,0.0,0.0,0.0,0.0,0.0
2026-07-31T09:36:33.805,4.343,1,close,ACTUATOR_ACTIVE,TRAJECTORY_RUNNING,24.0,47,4,37,3.09,47,0,0.0,0.0,0.0,0.0,0.0,0.0
2026-07-31T09:36:34.309,4.859,1,close,ACTUATOR_ACTIVE,TRAJECTORY_RUNNING,24.0,47,33,5,91.44,47,0,0.0,0.0,0.0,0.0,0.0,0.0
2026-07-31T09:36:34.806,5.343,1,close,ACTUATOR_ACTIVE,TRAJECTORY_RUNNING,24.0,47,35,0,164.05,47,0,0.0,0.0,0.0,0.0,0.0,0.0
2026-07-31T09:36:35.319,5.859,1,close,ACTUATOR_ACTIVE,TRAJECTORY_RUNNING,24.0,47,35,0,169.62,47,0,0.0,0.0,0.0,0.0,0.0,0.0
2026-07-31T09:36:35.920,6.468,1,open,ACTUATOR_ACTIVE,TRAJECTORY_RUNNING,24.0,47,35,1,117.9,47,0,0.0,0.0,0.0,0.0,0.0,0.0
2026-07-31T09:36:36.410,6.953,1,open,ACTUATOR_ACTIVE,TRAJECTORY_RUNNING,24.0,47,21,-64,-0.74,47,0,0.0,0.0,0.0,0.0,0.0,0.0
2026-07-31T09:36:36.917,7.453,1,open,ACTUATOR_ACTIVE,TRAJECTORY_COMPLETE,24.0,47,3,18,3.55,47,0,0.0,0.0,0.0,0.0,0.0,0.0
2026-07-31T09:36:37.426,7.968,1,open,ACTUATOR_ACTIVE,TRAJECTORY_RUNNING,24.0,47,3,0,-0.21,47,0,0.0,0.0,0.0,0.0,0.0,0.0
2026-07-31T09:36:38.030,8.578,2,close,ACTUATOR_ACTIVE,TRAJECTORY_RUNNING,24.0,47,3,27,5.41,47,0,0.0,0.0,0.0,0.0,0.0,0.0
2026-07-31T09:36:38.525,9.062,2,close,ACTUATOR_ACTIVE,TRAJECTORY_RUNNING,24.0,47,33,24,75.55,47,0,0.0,0.0,0.0,0.0,0.0,0.0
2026-07-31T09:36:39.034,9.578,2,close,ACTUATOR_ACTIVE,TRAJECTORY_RUNNING,24.0,47,35,0,169.63,47,0,0.0,0.0,0.0,0.0,0.0,0.0
2026-07-31T09:36:39.529,10.078,2,close,ACTUATOR_ACTIVE,TRAJECTORY_RUNNING,24.0,49,35,0,160.22,49,0,0.0,0.0,0.0,0.0,0.0,0.0
2026-07-31T09:36:40.138,10.687,2,open,ACTUATOR_ACTIVE,TRAJECTORY_RUNNING,24.0,49,35,-1,115.13,49,0,0.0,0.0,0.0,0.0,0.0,0.0
2026-07-31T09:36:40.635,11.171,2,open,ACTUATOR_ACTIVE,TRAJECTORY_RUNNING,24.0,49,21,-67,-0.31,49,0,0.0,0.0,0.0,0.0,0.0,0.0
2026-07-31T09:36:41.145,11.687,2,open,ACTUATOR_ACTIVE,TRAJECTORY_COMPLETE,24.0,49,3,17,2.3,49,0,0.0,0.0,0.0,0.0,0.0,0.0
2026-07-31T09:36:41.640,12.187,2,open,ACTUATOR_ACTIVE,TRAJECTORY_RUNNING,24.0,49,4,6,1.75,49,0,0.0,0.0,0.0,0.0,0.0,0.0
2026-07-31T09:36:42.247,12.796,3,close,ACTUATOR_ACTIVE,TRAJECTORY_RUNNING,24.0,49,3,0,-1.62,49,0,0.0,0.0,0.0,0.0,0.0,0.0
2026-07-31T09:36:42.740,13.281,3,close,ACTUATOR_ACTIVE,TRAJECTORY_RUNNING,24.0,49,28,69,4.87,49,0,0.0,0.0,0.0,0.0,0.0,0.0
2026-07-31T09:36:43.248,13.796,3,close,ACTUATOR_ACTIVE,TRAJECTORY_RUNNING,24.0,49,35,0,173.2,49,0,0.0,0.0,0.0,0.0,0.0,0.0
2026-07-31T09:36:43.744,14.281,3,close,ACTUATOR_ACTIVE,TRAJECTORY_RUNNING,24.0,50,35,0,169.64,50,0,0.0,0.0,0.0,0.0,0.0,0.0
2026-07-31T09:36:44.368,14.906,3,open,ACTUATOR_ACTIVE,TRAJECTORY_RUNNING,24.0,50,35,0,120.21,50,0,0.0,0.0,0.0,0.0,0.0,0.0
2026-07-31T09:36:44.866,15.406,3,open,ACTUATOR_ACTIVE,TRAJECTORY_RUNNING,24.0,50,21,-64,1.06,50,0,0.0,0.0,0.0,0.0,0.0,0.0
2026-07-31T09:36:45.365,15.906,3,open,ACTUATOR_ACTIVE,TRAJECTORY_COMPLETE,24.0,50,3,17,3.69,50,0,0.0,0.0,0.0,0.0,0.0,0.0
2026-07-31T09:36:45.862,16.406,3,open,ACTUATOR_ACTIVE,TRAJECTORY_RUNNING,24.0,50,3,0,-0.44,50,0,0.0,0.0,0.0,0.0,0.0,0.0
2026-07-31T09:36:46.472,17.015,4,close,ACTUATOR_ACTIVE,TRAJECTORY_RUNNING,24.0,50,4,29,5.07,50,0,0.0,0.0,0.0,0.0,0.0,0.0
2026-07-31T09:36:46.968,17.515,4,close,ACTUATOR_ACTIVE,TRAJECTORY_RUNNING,24.0,50,33,13,92.37,50,0,0.0,0.0,0.0,0.0,0.0,0.0
2026-07-31T09:36:47.462,18.0,4,close,ACTUATOR_ACTIVE,TRAJECTORY_RUNNING,24.0,50,35,1,165.64,50,0,0.0,0.0,0.0,0.0,0.0,0.0
2026-07-31T09:36:47.976,18.515,4,close,ACTUATOR_ACTIVE,TRAJECTORY_RUNNING,24.0,51,35,0,171.27,51,0,0.0,0.0,0.0,0.0,0.0,0.0
2026-07-31T09:36:48.583,19.125,4,open,ACTUATOR_ACTIVE,TRAJECTORY_RUNNING,24.0,51,35,-1,114.58,51,0,0.0,0.0,0.0,0.0,0.0,0.0
2026-07-31T09:36:49.080,19.625,4,open,ACTUATOR_ACTIVE,TRAJECTORY_RUNNING,24.0,51,21,-63,-0.8,51,0,0.0,0.0,0.0,0.0,0.0,0.0
2026-07-31T09:36:49.575,20.109,4,open,ACTUATOR_ACTIVE,TRAJECTORY_COMPLETE,24.0,51,3,18,3.5,51,0,0.0,0.0,0.0,0.0,0.0,0.0
2026-07-31T09:36:50.082,20.625,4,open,ACTUATOR_ACTIVE,TRAJECTORY_RUNNING,24.0,51,4,1,1.37,51,0,0.0,0.0,0.0,0.0,0.0,0.0
2026-07-31T09:36:50.686,21.234,5,close,ACTUATOR_ACTIVE,TRAJECTORY_RUNNING,24.0,51,2,1,0.52,51,0,0.0,0.0,0.0,0.0,0.0,0.0
2026-07-31T09:36:51.185,21.734,5,close,ACTUATOR_ACTIVE,TRAJECTORY_RUNNING,24.0,51,30,70,4.01,51,0,0.0,0.0,0.0,0.0,0.0,0.0
2026-07-31T09:36:51.683,22.218,5,close,ACTUATOR_ACTIVE,TRAJECTORY_RUNNING,24.0,53,33,0,98.95,53,0,0.0,0.0,0.0,0.0,0.0,0.0
2026-07-31T09:36:52.191,22.734,5,close,ACTUATOR_ACTIVE,TRAJECTORY_RUNNING,24.0,53,33,0,102.56,53,0,0.0,0.0,0.0,0.0,0.0,0.0
2026-07-31T09:36:52.798,23.343,5,open,ACTUATOR_ACTIVE,TRAJECTORY_RUNNING,24.0,53,33,-1,56.01,53,0,0.0,0.0,0.0,0.0,0.0,0.0
2026-07-31T09:36:53.296,23.843,5,open,ACTUATOR_ACTIVE,TRAJECTORY_RUNNING,24.0,53,13,-59,-1.87,53,0,0.0,0.0,0.0,0.0,0.0,0.0
2026-07-31T09:36:53.791,24.328,5,open,ACTUATOR_ACTIVE,TRAJECTORY_RUNNING,24.0,53,10,-31,-4.06,53,0,0.0,0.0,0.0,0.0,0.0,0.0
2026-07-31T09:36:54.305,24.843,5,open,ACTUATOR_ACTIVE,TRAJECTORY_RUNNING,24.0,53,12,-30,-4.88,53,0,0.0,0.0,0.0,0.0,0.0,0.0
2026-07-31T09:36:54.908,25.453,6,close,ACTUATOR_ACTIVE,TRAJECTORY_RUNNING,24.0,53,17,41,5.56,53,0,0.0,0.0,0.0,0.0,0.0,0.0
2026-07-31T09:36:55.406,25.953,6,close,ACTUATOR_ACTIVE,TRAJECTORY_RUNNING,24.0,53,34,10,122.44,53,0,0.0,0.0,0.0,0.0,0.0,0.0
2026-07-31T09:36:55.900,26.437,6,close,ACTUATOR_ACTIVE,TRAJECTORY_RUNNING,24.0,55,35,0,169.83,55,0,0.0,0.0,0.0,0.0,0.0,0.0
2026-07-31T09:36:56.413,26.953,6,close,ACTUATOR_ACTIVE,TRAJECTORY_RUNNING,24.0,55,35,0,167.06,55,0,0.0,0.0,0.0,0.0,0.0,0.0
2026-07-31T09:36:57.019,27.562,6,open,ACTUATOR_ACTIVE,TRAJECTORY_RUNNING,24.0,55,35,0,123.66,55,0,0.0,0.0,0.0,0.0,0.0,0.0
2026-07-31T09:36:57.514,28.062,6,open,ACTUATOR_ACTIVE,TRAJECTORY_RUNNING,24.0,55,21,-64,0.69,55,0,0.0,0.0,0.0,0.0,0.0,0.0
2026-07-31T09:36:58.011,28.546,6,open,ACTUATOR_ACTIVE,TRAJECTORY_RUNNING,24.0,55,11,0,0.05,55,0,0.0,0.0,0.0,0.0,0.0,0.0
2026-07-31T09:36:58.525,29.062,6,open,ACTUATOR_ACTIVE,TRAJECTORY_RUNNING,24.0,55,9,-8,-1.21,55,0,0.0,0.0,0.0,0.0,0.0,0.0
2026-07-31T09:36:59.135,29.671,7,close,ACTUATOR_ACTIVE,TRAJECTORY_RUNNING,24.0,55,10,27,5.51,55,0,0.0,0.0,0.0,0.0,0.0,0.0
2026-07-31T09:36:59.648,30.187,7,close,ACTUATOR_ACTIVE,TRAJECTORY_RUNNING,24.0,47,33,0,124.26,47,0,0.0,0.0,0.0,0.0,0.0,0.0
2026-07-31T09:37:00.141,30.687,7,close,ACTUATOR_ACTIVE,TRAJECTORY_RUNNING,24.0,47,35,1,175.36,47,0,0.0,0.0,0.0,0.0,0.0,0.0
2026-07-31T09:37:00.641,31.187,7,close,ACTUATOR_ACTIVE,TRAJECTORY_RUNNING,24.0,47,35,0,163.39,47,0,0.0,0.0,0.0,0.0,0.0,0.0
2026-07-31T09:37:01.243,31.781,7,open,ACTUATOR_ACTIVE,TRAJECTORY_RUNNING,24.0,47,35,0,130.94,47,0,0.0,0.0,0.0,0.0,0.0,0.0
2026-07-31T09:37:01.754,32.296,7,open,ACTUATOR_ACTIVE,TRAJECTORY_RUNNING,24.0,47,20,-65,-1.9,47,0,0.0,0.0,0.0,0.0,0.0,0.0
2026-07-31T09:37:02.250,32.796,7,open,ACTUATOR_ACTIVE,TRAJECTORY_RUNNING,24.0,47,11,-1,0.64,47,0,0.0,0.0,0.0,0.0,0.0,0.0
2026-07-31T09:37:02.747,33.296,7,open,ACTUATOR_ACTIVE,TRAJECTORY_RUNNING,24.0,47,11,-2,-1.26,47,0,0.0,0.0,0.0,0.0,0.0,0.0
2026-07-31T09:37:03.351,33.89,8,close,ACTUATOR_ACTIVE,TRAJECTORY_RUNNING,24.0,47,12,0,0.61,47,0,0.0,0.0,0.0,0.0,0.0,0.0
2026-07-31T09:37:03.858,34.406,8,close,ACTUATOR_ACTIVE,TRAJECTORY_RUNNING,24.0,54,33,0,120.91,54,0,0.0,0.0,0.0,0.0,0.0,0.0
2026-07-31T09:37:04.354,34.89,8,close,ACTUATOR_ACTIVE,TRAJECTORY_RUNNING,24.0,54,35,0,171.2,54,0,0.0,0.0,0.0,0.0,0.0,0.0
2026-07-31T09:37:04.865,35.406,8,close,ACTUATOR_ACTIVE,TRAJECTORY_RUNNING,24.0,54,35,0,169.73,54,0,0.0,0.0,0.0,0.0,0.0,0.0
2026-07-31T09:37:05.472,36.015,8,open,ACTUATOR_ACTIVE,TRAJECTORY_RUNNING,24.0,54,35,0,113.61,54,0,0.0,0.0,0.0,0.0,0.0,0.0
2026-07-31T09:37:05.966,36.515,8,open,ACTUATOR_ACTIVE,TRAJECTORY_RUNNING,24.0,54,23,-61,-4.05,54,0,0.0,0.0,0.0,0.0,0.0,0.0
2026-07-31T09:37:06.460,37.0,8,open,ACTUATOR_ACTIVE,TRAJECTORY_COMPLETE,24.0,54,9,17,3.08,54,0,0.0,0.0,0.0,0.0,0.0,0.0
2026-07-31T09:37:06.966,37.515,8,open,ACTUATOR_ACTIVE,TRAJECTORY_COMPLETE,24.0,54,10,0,0.18,54,0,0.0,0.0,0.0,0.0,0.0,0.0
2026-07-31T09:37:07.566,38.109,9,close,ACTUATOR_ACTIVE,TRAJECTORY_RUNNING,24.0,57,10,23,6.06,57,0,0.0,0.0,0.0,0.0,0.0,0.0
2026-07-31T09:37:08.082,38.625,9,close,ACTUATOR_ACTIVE,TRAJECTORY_RUNNING,24.0,57,33,7,103.5,57,0,0.0,0.0,0.0,0.0,0.0,0.0
2026-07-31T09:37:08.579,39.125,9,close,ACTUATOR_ACTIVE,TRAJECTORY_RUNNING,24.0,57,35,0,176.56,57,0,0.0,0.0,0.0,0.0,0.0,0.0
2026-07-31T09:37:09.070,39.609,9,close,ACTUATOR_ACTIVE,TRAJECTORY_RUNNING,24.0,57,35,0,169.52,57,0,0.0,0.0,0.0,0.0,0.0,0.0
2026-07-31T09:37:09.691,40.234,9,open,ACTUATOR_ACTIVE,TRAJECTORY_RUNNING,24.0,57,35,0,129.9,57,0,0.0,0.0,0.0,0.0,0.0,0.0
2026-07-31T09:37:10.187,40.734,9,open,ACTUATOR_ACTIVE,TRAJECTORY_RUNNING,24.0,57,22,-60,-1.89,57,0,0.0,0.0,0.0,0.0,0.0,0.0
2026-07-31T09:37:10.686,41.234,9,open,ACTUATOR_ACTIVE,TRAJECTORY_RUNNING,24.0,57,9,19,4.6,57,0,0.0,0.0,0.0,0.0,0.0,0.0
2026-07-31T09:37:11.181,41.718,9,open,ACTUATOR_ACTIVE,TRAJECTORY_COMPLETE,24.0,57,9,0,-0.26,57,0,0.0,0.0,0.0,0.0,0.0,0.0
2026-07-31T09:37:11.804,42.343,10,close,ACTUATOR_ACTIVE,TRAJECTORY_RUNNING,24.0,61,11,31,4.34,61,0,0.0,0.0,0.0,0.0,0.0,0.0
2026-07-31T09:37:12.313,42.859,10,close,ACTUATOR_ACTIVE,TRAJECTORY_RUNNING,24.0,61,33,0,133.35,61,0,0.0,0.0,0.0,0.0,0.0,0.0
2026-07-31T09:37:12.811,43.359,10,close,ACTUATOR_ACTIVE,TRAJECTORY_RUNNING,24.0,61,35,0,170.84,61,0,0.0,0.0,0.0,0.0,0.0,0.0
2026-07-31T09:37:13.303,43.843,10,close,ACTUATOR_ACTIVE,TRAJECTORY_RUNNING,24.0,61,35,1,171.82,61,0,0.0,0.0,0.0,0.0,0.0,0.0
2026-07-31T09:37:13.922,44.468,10,open,ACTUATOR_ACTIVE,TRAJECTORY_RUNNING,24.0,61,35,0,131.18,61,0,0.0,0.0,0.0,0.0,0.0,0.0
2026-07-31T09:37:14.421,44.968,10,open,ACTUATOR_ACTIVE,TRAJECTORY_RUNNING,24.0,61,23,-64,-3.75,61,0,0.0,0.0,0.0,0.0,0.0,0.0
2026-07-31T09:37:14.918,45.453,10,open,ACTUATOR_ACTIVE,TRAJECTORY_RUNNING,24.0,61,9,16,3.91,61,0,0.0,0.0,0.0,0.0,0.0,0.0
2026-07-31T09:37:15.430,45.968,10,open,ACTUATOR_ACTIVE,TRAJECTORY_COMPLETE,24.0,61,9,0,-0.16,61,0,0.0,0.0,0.0,0.0,0.0,0.0
2026-07-31T09:37:16.034,46.578,11,close,ACTUATOR_ACTIVE,TRAJECTORY_RUNNING,24.0,60,11,28,4.39,60,0,0.0,0.0,0.0,0.0,0.0,0.0
2026-07-31T09:37:16.526,47.062,11,close,ACTUATOR_ACTIVE,TRAJECTORY_RUNNING,24.0,60,33,4,115.53,60,0,0.0,0.0,0.0,0.0,0.0,0.0
2026-07-31T09:37:17.039,47.578,11,close,ACTUATOR_ACTIVE,TRAJECTORY_RUNNING,24.0,60,35,0,168.21,60,0,0.0,0.0,0.0,0.0,0.0,0.0
2026-07-31T09:37:17.527,48.062,11,close,ACTUATOR_ACTIVE,TRAJECTORY_RUNNING,24.0,60,35,0,171.73,60,0,0.0,0.0,0.0,0.0,0.0,0.0
2026-07-31T09:37:18.147,48.687,11,open,ACTUATOR_ACTIVE,TRAJECTORY_RUNNING,24.0,60,35,0,126.61,60,0,0.0,0.0,0.0,0.0,0.0,0.0
2026-07-31T09:37:18.644,49.187,11,open,ACTUATOR_ACTIVE,TRAJECTORY_RUNNING,24.0,60,21,-63,1.09,60,0,0.0,0.0,0.0,0.0,0.0,0.0
2026-07-31T09:37:19.139,49.687,11,open,ACTUATOR_ACTIVE,TRAJECTORY_RUNNING,24.0,60,11,2,1.02,60,0,0.0,0.0,0.0,0.0,0.0,0.0
2026-07-31T09:37:19.636,50.171,11,open,ACTUATOR_ACTIVE,TRAJECTORY_RUNNING,24.0,63,12,-1,0.09,63,0,0.0,0.0,0.0,0.0,0.0,0.0
2026-07-31T09:37:20.261,50.796,12,close,ACTUATOR_ACTIVE,TRAJECTORY_RUNNING,24.0,63,13,16,5.56,63,0,0.0,0.0,0.0,0.0,0.0,0.0
2026-07-31T09:37:20.773,51.312,12,close,ACTUATOR_ACTIVE,TRAJECTORY_RUNNING,24.0,63,34,4,121.76,63,0,0.0,0.0,0.0,0.0,0.0,0.0
2026-07-31T09:37:21.265,51.812,12,close,ACTUATOR_ACTIVE,TRAJECTORY_RUNNING,24.0,63,35,0,169.35,63,0,0.0,0.0,0.0,0.0,0.0,0.0
2026-07-31T09:37:21.760,52.296,12,close,ACTUATOR_ACTIVE,TRAJECTORY_RUNNING,24.0,63,35,0,163.31,63,0,0.0,0.0,0.0,0.0,0.0,0.0
2026-07-31T09:37:22.374,52.921,12,open,ACTUATOR_ACTIVE,TRAJECTORY_RUNNING,24.0,63,35,0,138.95,63,0,0.0,0.0,0.0,0.0,0.0,0.0
2026-07-31T09:37:22.869,53.406,12,open,ACTUATOR_ACTIVE,TRAJECTORY_RUNNING,24.0,63,23,-59,-1.45,63,0,0.0,0.0,0.0,0.0,0.0,0.0
2026-07-31T09:37:23.381,53.921,12,open,ACTUATOR_ACTIVE,TRAJECTORY_COMPLETE,24.0,63,10,18,1.39,63,0,0.0,0.0,0.0,0.0,0.0,0.0
2026-07-31T09:37:23.879,54.421,12,open,ACTUATOR_ACTIVE,TRAJECTORY_COMPLETE,24.0,60,10,0,-0.33,60,0,0.0,0.0,0.0,0.0,0.0,0.0
2026-07-31T09:37:24.481,55.031,13,close,ACTUATOR_ACTIVE,TRAJECTORY_RUNNING,24.0,60,10,27,4.9,60,0,0.0,0.0,0.0,0.0,0.0,0.0
2026-07-31T09:37:24.979,55.515,13,close,ACTUATOR_ACTIVE,TRAJECTORY_RUNNING,24.0,60,33,4,118.75,60,0,0.0,0.0,0.0,0.0,0.0,0.0
2026-07-31T09:37:25.488,56.031,13,close,ACTUATOR_ACTIVE,TRAJECTORY_RUNNING,24.0,60,35,0,168.78,60,0,0.0,0.0,0.0,0.0,0.0,0.0
2026-07-31T09:37:25.986,56.531,13,close,ACTUATOR_ACTIVE,TRAJECTORY_RUNNING,24.0,60,35,0,172.09,60,0,0.0,0.0,0.0,0.0,0.0,0.0
2026-07-31T09:37:26.596,57.14,13,open,ACTUATOR_ACTIVE,TRAJECTORY_RUNNING,24.0,60,35,0,124.59,60,0,0.0,0.0,0.0,0.0,0.0,0.0
2026-07-31T09:37:27.095,57.64,13,open,ACTUATOR_ACTIVE,TRAJECTORY_RUNNING,24.0,60,22,-60,-1.03,60,0,0.0,0.0,0.0,0.0,0.0,0.0
2026-07-31T09:37:27.592,58.14,13,open,ACTUATOR_ACTIVE,TRAJECTORY_COMPLETE,24.0,61,10,17,2.16,61,0,0.0,0.0,0.0,0.0,0.0,0.0
2026-07-31T09:37:28.090,58.625,13,open,ACTUATOR_ACTIVE,TRAJECTORY_COMPLETE,24.0,61,9,0,-0.26,61,0,0.0,0.0,0.0,0.0,0.0,0.0
2026-07-31T09:37:28.715,59.25,14,close,ACTUATOR_ACTIVE,TRAJECTORY_RUNNING,24.0,61,10,25,6.5,61,0,0.0,0.0,0.0,0.0,0.0,0.0
2026-07-31T09:37:29.230,59.765,14,close,ACTUATOR_ACTIVE,TRAJECTORY_RUNNING,24.0,61,33,2,131.76,61,0,0.0,0.0,0.0,0.0,0.0,0.0
2026-07-31T09:37:29.723,60.265,14,close,ACTUATOR_ACTIVE,TRAJECTORY_RUNNING,24.0,61,35,0,179.85,61,0,0.0,0.0,0.0,0.0,0.0,0.0
2026-07-31T09:37:30.217,60.765,14,close,ACTUATOR_ACTIVE,TRAJECTORY_RUNNING,24.0,61,35,0,171.56,61,0,0.0,0.0,0.0,0.0,0.0,0.0
2026-07-31T09:37:30.816,61.359,14,open,ACTUATOR_ACTIVE,TRAJECTORY_RUNNING,24.0,61,35,0,123.69,61,0,0.0,0.0,0.0,0.0,0.0,0.0
2026-07-31T09:37:31.324,61.859,14,open,ACTUATOR_ACTIVE,TRAJECTORY_RUNNING,24.0,61,21,-68,0.46,61,0,0.0,0.0,0.0,0.0,0.0,0.0
2026-07-31T09:37:31.835,62.375,14,open,ACTUATOR_ACTIVE,TRAJECTORY_RUNNING,24.0,67,11,0,-0.01,67,0,0.0,0.0,0.0,0.0,0.0,0.0
2026-07-31T09:37:32.323,62.859,14,open,ACTUATOR_ACTIVE,TRAJECTORY_RUNNING,24.0,67,12,0,-0.09,67,0,0.0,0.0,0.0,0.0,0.0,0.0
2026-07-31T09:37:32.945,63.484,15,close,ACTUATOR_ACTIVE,TRAJECTORY_RUNNING,24.0,67,13,14,4.37,67,0,0.0,0.0,0.0,0.0,0.0,0.0
2026-07-31T09:37:33.442,63.984,15,close,ACTUATOR_ACTIVE,TRAJECTORY_RUNNING,24.0,67,33,0,77.21,67,0,0.0,0.0,0.0,0.0,0.0,0.0
2026-07-31T09:37:33.942,64.484,15,close,ACTUATOR_ACTIVE,TRAJECTORY_RUNNING,24.0,67,33,0,50.98,67,0,0.0,0.0,0.0,0.0,0.0,0.0
2026-07-31T09:37:34.436,64.984,15,close,ACTUATOR_ACTIVE,TRAJECTORY_RUNNING,24.0,67,33,0,52.29,67,0,0.0,0.0,0.0,0.0,0.0,0.0
2026-07-31T09:37:35.046,65.593,15,open,ACTUATOR_ACTIVE,TRAJECTORY_RUNNING,24.0,67,33,-10,16.14,67,0,0.0,0.0,0.0,0.0,0.0,0.0
2026-07-31T09:37:35.540,66.078,15,open,ACTUATOR_ACTIVE,TRAJECTORY_RUNNING,24.0,67,10,-40,-2.8,67,0,0.0,0.0,0.0,0.0,0.0,0.0
2026-07-31T09:37:36.051,66.593,15,open,ACTUATOR_ACTIVE,TRAJECTORY_COMPLETE,24.0,67,9,-3,-0.68,67,0,0.0,0.0,0.0,0.0,0.0,0.0
2026-07-31T09:37:36.550,67.093,15,open,ACTUATOR_ACTIVE,TRAJECTORY_COMPLETE,24.0,67,9,0,-0.62,67,0,0.0,0.0,0.0,0.0,0.0,0.0
2026-07-31T09:37:37.157,67.703,16,close,ACTUATOR_ACTIVE,TRAJECTORY_RUNNING,24.0,67,10,26,4.01,67,0,0.0,0.0,0.0,0.0,0.0,0.0
2026-07-31T09:37:37.655,68.203,16,close,ACTUATOR_ACTIVE,TRAJECTORY_RUNNING,24.0,67,33,1,110.15,67,0,0.0,0.0,0.0,0.0,0.0,0.0
2026-07-31T09:37:38.150,68.687,16,close,ACTUATOR_ACTIVE,TRAJECTORY_RUNNING,24.0,67,35,1,167.56,67,0,0.0,0.0,0.0,0.0,0.0,0.0
2026-07-31T09:37:38.663,69.203,16,close,ACTUATOR_ACTIVE,TRAJECTORY_RUNNING,24.0,67,35,0,162.4,67,0,0.0,0.0,0.0,0.0,0.0,0.0
2026-07-31T09:37:39.268,69.812,16,open,ACTUATOR_ACTIVE,TRAJECTORY_RUNNING,24.0,67,35,-1,120.14,67,0,0.0,0.0,0.0,0.0,0.0,0.0
2026-07-31T09:37:39.760,70.296,16,open,ACTUATOR_ACTIVE,TRAJECTORY_RUNNING,24.0,68,23,-67,-0.18,68,0,0.0,0.0,0.0,0.0,0.0,0.0
2026-07-31T09:37:40.274,70.812,16,open,ACTUATOR_ACTIVE,TRAJECTORY_COMPLETE,24.0,68,10,17,2.31,68,0,0.0,0.0,0.0,0.0,0.0,0.0
2026-07-31T09:37:40.769,71.312,16,open,ACTUATOR_ACTIVE,TRAJECTORY_COMPLETE,24.0,68,9,0,0.52,68,0,0.0,0.0,0.0,0.0,0.0,0.0
2026-07-31T09:37:41.370,71.906,17,close,ACTUATOR_ACTIVE,TRAJECTORY_RUNNING,24.0,68,11,28,6.23,68,0,0.0,0.0,0.0,0.0,0.0,0.0
2026-07-31T09:37:41.879,72.421,17,close,ACTUATOR_ACTIVE,TRAJECTORY_RUNNING,24.0,68,33,0,73.71,68,0,0.0,0.0,0.0,0.0,0.0,0.0
2026-07-31T09:37:42.370,72.906,17,close,ACTUATOR_ACTIVE,TRAJECTORY_RUNNING,24.0,68,33,0,49.91,68,0,0.0,0.0,0.0,0.0,0.0,0.0
2026-07-31T09:37:42.878,73.421,17,close,ACTUATOR_ACTIVE,TRAJECTORY_RUNNING,24.0,68,33,0,50.63,68,0,0.0,0.0,0.0,0.0,0.0,0.0
2026-07-31T09:37:43.481,74.015,17,open,ACTUATOR_ACTIVE,TRAJECTORY_RUNNING,24.0,68,33,-9,18.88,68,0,0.0,0.0,0.0,0.0,0.0,0.0
2026-07-31T09:37:43.995,74.531,17,open,ACTUATOR_ACTIVE,TRAJECTORY_RUNNING,24.0,64,9,-27,-0.79,64,0,0.0,0.0,0.0,0.0,0.0,0.0
2026-07-31T09:37:44.489,75.031,17,open,ACTUATOR_ACTIVE,TRAJECTORY_RUNNING,24.0,64,7,-14,-1.77,64,0,0.0,0.0,0.0,0.0,0.0,0.0
2026-07-31T09:37:44.982,75.531,17,open,ACTUATOR_ACTIVE,TRAJECTORY_RUNNING,24.0,64,8,-38,-3.91,64,0,0.0,0.0,0.0,0.0,0.0,0.0
2026-07-31T09:37:45.585,76.125,18,close,ACTUATOR_ACTIVE,TRAJECTORY_RUNNING,24.0,64,10,-40,-2.85,64,0,0.0,0.0,0.0,0.0,0.0,0.0
2026-07-31T09:37:46.097,76.64,18,close,ACTUATOR_ACTIVE,TRAJECTORY_RUNNING,24.0,64,27,74,3.05,64,0,0.0,0.0,0.0,0.0,0.0,0.0
2026-07-31T09:37:46.594,77.14,18,close,ACTUATOR_ACTIVE,TRAJECTORY_RUNNING,24.0,64,35,0,157.82,64,0,0.0,0.0,0.0,0.0,0.0,0.0
2026-07-31T09:37:47.090,77.625,18,close,ACTUATOR_ACTIVE,TRAJECTORY_RUNNING,24.0,64,35,1,172.15,64,0,0.0,0.0,0.0,0.0,0.0,0.0
2026-07-31T09:37:47.710,78.25,18,open,ACTUATOR_ACTIVE,TRAJECTORY_RUNNING,24.0,65,35,-1,124.73,65,0,0.0,0.0,0.0,0.0,0.0,0.0
2026-07-31T09:37:48.204,78.75,18,open,ACTUATOR_ACTIVE,TRAJECTORY_RUNNING,24.0,65,21,-65,0.95,65,0,0.0,0.0,0.0,0.0,0.0,0.0
2026-07-31T09:37:48.697,79.234,18,open,ACTUATOR_ACTIVE,TRAJECTORY_RUNNING,24.0,65,11,2,1.16,65,0,0.0,0.0,0.0,0.0,0.0,0.0
2026-07-31T09:37:49.209,79.75,18,open,ACTUATOR_ACTIVE,TRAJECTORY_RUNNING,24.0,65,12,0,-0.88,65,0,0.0,0.0,0.0,0.0,0.0,0.0
2026-07-31T09:37:49.810,80.359,19,close,ACTUATOR_ACTIVE,TRAJECTORY_RUNNING,24.0,65,13,16,4.01,65,0,0.0,0.0,0.0,0.0,0.0,0.0
2026-07-31T09:37:50.303,80.843,19,close,ACTUATOR_ACTIVE,TRAJECTORY_RUNNING,24.0,65,33,0,72.29,65,0,0.0,0.0,0.0,0.0,0.0,0.0
2026-07-31T09:37:50.811,81.359,19,close,ACTUATOR_ACTIVE,TRAJECTORY_RUNNING,24.0,65,33,0,50.78,65,0,0.0,0.0,0.0,0.0,0.0,0.0
2026-07-31T09:37:51.303,81.843,19,close,ACTUATOR_ACTIVE,TRAJECTORY_RUNNING,24.0,65,33,0,49.8,65,0,0.0,0.0,0.0,0.0,0.0,0.0
2026-07-31T09:37:51.920,82.468,19,open,ACTUATOR_ACTIVE,TRAJECTORY_RUNNING,24.0,65,33,-12,17.67,65,0,0.0,0.0,0.0,0.0,0.0,0.0
2026-07-31T09:37:52.415,82.953,19,open,ACTUATOR_ACTIVE,TRAJECTORY_RUNNING,24.0,65,9,-34,-2.94,65,0,0.0,0.0,0.0,0.0,0.0,0.0
2026-07-31T09:37:52.920,83.468,19,open,ACTUATOR_ACTIVE,TRAJECTORY_RUNNING,24.0,65,7,-13,-1.86,65,0,0.0,0.0,0.0,0.0,0.0,0.0
2026-07-31T09:37:53.416,83.953,19,open,ACTUATOR_ACTIVE,TRAJECTORY_RUNNING,24.0,65,8,-39,-1.94,65,0,0.0,0.0,0.0,0.0,0.0,0.0
2026-07-31T09:37:54.033,84.578,20,close,ACTUATOR_ACTIVE,TRAJECTORY_RUNNING,24.0,65,11,-42,-2.79,65,0,0.0,0.0,0.0,0.0,0.0,0.0
2026-07-31T09:37:54.526,85.062,20,close,ACTUATOR_ACTIVE,TRAJECTORY_RUNNING,24.0,65,20,64,4.32,65,0,0.0,0.0,0.0,0.0,0.0,0.0
2026-07-31T09:37:55.035,85.578,20,close,ACTUATOR_ACTIVE,TRAJECTORY_RUNNING,24.0,65,33,0,55.58,65,0,0.0,0.0,0.0,0.0,0.0,0.0
2026-07-31T09:37:55.525,86.062,20,close,ACTUATOR_ACTIVE,TRAJECTORY_RUNNING,24.0,60,33,0,49.72,60,0,0.0,0.0,0.0,0.0,0.0,0.0
2026-07-31T09:37:56.146,86.687,20,open,ACTUATOR_ACTIVE,TRAJECTORY_RUNNING,24.0,60,33,-10,17.55,60,0,0.0,0.0,0.0,0.0,0.0,0.0
2026-07-31T09:37:56.642,87.187,20,open,ACTUATOR_ACTIVE,TRAJECTORY_RUNNING,24.0,60,10,-42,-1.25,60,0,0.0,0.0,0.0,0.0,0.0,0.0
2026-07-31T09:37:57.139,87.687,20,open,ACTUATOR_ACTIVE,TRAJECTORY_COMPLETE,24.0,60,9,-6,-1.71,60,0,0.0,0.0,0.0,0.0,0.0,0.0
2026-07-31T09:37:57.634,88.171,20,open,ACTUATOR_ACTIVE,TRAJECTORY_COMPLETE,24.0,60,10,0,-0.42,60,0,0.0,0.0,0.0,0.0,0.0,0.0
2026-07-31T09:37:58.260,88.796,21,close,ACTUATOR_ACTIVE,TRAJECTORY_RUNNING,24.0,60,11,32,5.76,60,0,0.0,0.0,0.0,0.0,0.0,0.0
2026-07-31T09:37:58.774,89.312,21,close,ACTUATOR_ACTIVE,TRAJECTORY_RUNNING,24.0,60,33,0,133.04,60,0,0.0,0.0,0.0,0.0,0.0,0.0
2026-07-31T09:37:59.271,89.812,21,close,ACTUATOR_ACTIVE,TRAJECTORY_RUNNING,24.0,60,35,0,172.27,60,0,0.0,0.0,0.0,0.0,0.0,0.0
2026-07-31T09:37:59.768,90.312,21,close,ACTUATOR_ACTIVE,TRAJECTORY_RUNNING,24.0,64,35,0,177.33,64,0,0.0,0.0,0.0,0.0,0.0,0.0
2026-07-31T09:38:00.365,90.906,21,open,ACTUATOR_ACTIVE,TRAJECTORY_RUNNING,24.0,64,35,-1,120.08,64,0,0.0,0.0,0.0,0.0,0.0,0.0
2026-07-31T09:38:00.872,91.421,21,open,ACTUATOR_ACTIVE,TRAJECTORY_RUNNING,24.0,64,22,-63,-2.63,64,0,0.0,0.0,0.0,0.0,0.0,0.0
2026-07-31T09:38:01.365,91.906,21,open,ACTUATOR_ACTIVE,TRAJECTORY_COMPLETE,24.0,64,9,20,2.43,64,0,0.0,0.0,0.0,0.0,0.0,0.0
2026-07-31T09:38:01.875,92.421,21,open,ACTUATOR_ACTIVE,TRAJECTORY_COMPLETE,24.0,64,9,0,-0.81,64,0,0.0,0.0,0.0,0.0,0.0,0.0
2026-07-31T09:38:02.476,93.015,22,close,ACTUATOR_ACTIVE,TRAJECTORY_RUNNING,24.0,64,10,25,6.24,64,0,0.0,0.0,0.0,0.0,0.0,0.0
2026-07-31T09:38:02.980,93.515,22,close,ACTUATOR_ACTIVE,TRAJECTORY_RUNNING,24.0,64,33,0,82.63,64,0,0.0,0.0,0.0,0.0,0.0,0.0
2026-07-31T09:38:03.494,94.031,22,close,ACTUATOR_ACTIVE,TRAJECTORY_RUNNING,24.0,64,33,0,51.38,64,0,0.0,0.0,0.0,0.0,0.0,0.0
2026-07-31T09:38:03.991,94.531,22,close,ACTUATOR_ACTIVE,TRAJECTORY_RUNNING,24.0,68,33,0,48.02,68,0,0.0,0.0,0.0,0.0,0.0,0.0
2026-07-31T09:38:04.592,95.14,22,open,ACTUATOR_ACTIVE,TRAJECTORY_RUNNING,24.0,68,33,-10,19.28,68,0,0.0,0.0,0.0,0.0,0.0,0.0
2026-07-31T09:38:05.091,95.64,22,open,ACTUATOR_ACTIVE,TRAJECTORY_RUNNING,24.0,68,10,-43,-2.96,68,0,0.0,0.0,0.0,0.0,0.0,0.0
2026-07-31T09:38:05.586,96.125,22,open,ACTUATOR_ACTIVE,TRAJECTORY_COMPLETE,24.0,68,9,-9,-1.93,68,0,0.0,0.0,0.0,0.0,0.0,0.0
2026-07-31T09:38:06.093,96.64,22,open,ACTUATOR_ACTIVE,TRAJECTORY_COMPLETE,24.0,68,10,0,-0.25,68,0,0.0,0.0,0.0,0.0,0.0,0.0
2026-07-31T09:38:06.694,97.234,23,close,ACTUATOR_ACTIVE,TRAJECTORY_RUNNING,24.0,68,10,28,4.64,68,0,0.0,0.0,0.0,0.0,0.0,0.0
2026-07-31T09:38:07.202,97.75,23,close,ACTUATOR_ACTIVE,TRAJECTORY_RUNNING,24.0,68,33,6,99.04,68,0,0.0,0.0,0.0,0.0,0.0,0.0
2026-07-31T09:38:07.693,98.234,23,close,ACTUATOR_ACTIVE,TRAJECTORY_RUNNING,24.0,66,35,0,159.9,66,0,0.0,0.0,0.0,0.0,0.0,0.0
2026-07-31T09:38:08.203,98.75,23,close,ACTUATOR_ACTIVE,TRAJECTORY_RUNNING,24.0,66,35,0,174.31,66,0,0.0,0.0,0.0,0.0,0.0,0.0
2026-07-31T09:38:08.804,99.343,23,open,ACTUATOR_ACTIVE,TRAJECTORY_RUNNING,24.0,66,35,0,122.32,66,0,0.0,0.0,0.0,0.0,0.0,0.0
2026-07-31T09:38:09.316,99.859,23,open,ACTUATOR_ACTIVE,TRAJECTORY_RUNNING,24.0,66,22,-65,1.55,66,0,0.0,0.0,0.0,0.0,0.0,0.0
2026-07-31T09:38:09.812,100.359,23,open,ACTUATOR_ACTIVE,TRAJECTORY_COMPLETE,24.0,66,10,17,1.54,66,0,0.0,0.0,0.0,0.0,0.0,0.0
2026-07-31T09:38:10.311,100.859,23,open,ACTUATOR_ACTIVE,TRAJECTORY_COMPLETE,24.0,66,10,0,-0.16,66,0,0.0,0.0,0.0,0.0,0.0,0.0
2026-07-31T09:38:10.919,101.453,24,close,ACTUATOR_ACTIVE,TRAJECTORY_RUNNING,24.0,66,11,29,5.73,66,0,0.0,0.0,0.0,0.0,0.0,0.0
2026-07-31T09:38:11.430,101.968,24,close,ACTUATOR_ACTIVE,TRAJECTORY_RUNNING,24.0,66,33,0,78.51,66,0,0.0,0.0,0.0,0.0,0.0,0.0
2026-07-31T09:38:11.919,102.453,24,close,ACTUATOR_ACTIVE,TRAJECTORY_RUNNING,24.0,62,33,0,51.81,62,0,0.0,0.0,0.0,0.0,0.0,0.0
2026-07-31T09:38:12.429,102.968,24,close,ACTUATOR_ACTIVE,TRAJECTORY_RUNNING,24.0,62,33,0,49.96,62,0,0.0,0.0,0.0,0.0,0.0,0.0
2026-07-31T09:38:13.032,103.578,24,open,ACTUATOR_ACTIVE,TRAJECTORY_RUNNING,24.0,62,33,-11,18.01,62,0,0.0,0.0,0.0,0.0,0.0,0.0
2026-07-31T09:38:13.521,104.062,24,open,ACTUATOR_ACTIVE,TRAJECTORY_RUNNING,24.0,62,10,-41,-3.81,62,0,0.0,0.0,0.0,0.0,0.0,0.0
2026-07-31T09:38:14.032,104.578,24,open,ACTUATOR_ACTIVE,TRAJECTORY_COMPLETE,24.0,62,9,-5,-1.57,62,0,0.0,0.0,0.0,0.0,0.0,0.0
2026-07-31T09:38:14.529,105.078,24,open,ACTUATOR_ACTIVE,TRAJECTORY_COMPLETE,24.0,62,9,0,0.32,62,0,0.0,0.0,0.0,0.0,0.0,0.0
2026-07-31T09:38:15.139,105.687,25,close,ACTUATOR_ACTIVE,TRAJECTORY_RUNNING,24.0,62,11,31,4.95,62,0,0.0,0.0,0.0,0.0,0.0,0.0
2026-07-31T09:38:15.636,106.171,25,close,ACTUATOR_ACTIVE,TRAJECTORY_RUNNING,24.0,65,33,10,113.62,65,0,0.0,0.0,0.0,0.0,0.0,0.0
2026-07-31T09:38:16.149,106.687,25,close,ACTUATOR_ACTIVE,TRAJECTORY_RUNNING,24.0,65,35,0,162.63,65,0,0.0,0.0,0.0,0.0,0.0,0.0
2026-07-31T09:38:16.646,107.187,25,close,ACTUATOR_ACTIVE,TRAJECTORY_RUNNING,24.0,65,35,0,166.18,65,0,0.0,0.0,0.0,0.0,0.0,0.0
2026-07-31T09:38:17.250,107.796,25,open,ACTUATOR_ACTIVE,TRAJECTORY_RUNNING,24.0,65,35,0,115.84,65,0,0.0,0.0,0.0,0.0,0.0,0.0
2026-07-31T09:38:17.745,108.281,25,open,ACTUATOR_ACTIVE,TRAJECTORY_RUNNING,24.0,65,21,-66,0.45,65,0,0.0,0.0,0.0,0.0,0.0,0.0
2026-07-31T09:38:18.250,108.796,25,open,ACTUATOR_ACTIVE,TRAJECTORY_RUNNING,24.0,65,10,-2,-1.11,65,0,0.0,0.0,0.0,0.0,0.0,0.0
2026-07-31T09:38:18.741,109.281,25,open,ACTUATOR_ACTIVE,TRAJECTORY_RUNNING,24.0,65,9,-5,-0.8,65,0,0.0,0.0,0.0,0.0,0.0,0.0
2026-07-31T09:38:19.365,109.906,26,close,ACTUATOR_ACTIVE,TRAJECTORY_RUNNING,24.0,65,11,30,4.79,65,0,0.0,0.0,0.0,0.0,0.0,0.0
2026-07-31T09:38:19.858,110.406,26,close,ACTUATOR_ACTIVE,TRAJECTORY_RUNNING,24.0,67,33,6,109.3,67,0,0.0,0.0,0.0,0.0,0.0,0.0
2026-07-31T09:38:20.353,110.89,26,close,ACTUATOR_ACTIVE,TRAJECTORY_RUNNING,24.0,67,35,0,159.94,67,0,0.0,0.0,0.0,0.0,0.0,0.0
2026-07-31T09:38:20.863,111.406,26,close,ACTUATOR_ACTIVE,TRAJECTORY_RUNNING,24.0,67,35,0,158.22,67,0,0.0,0.0,0.0,0.0,0.0,0.0
2026-07-31T09:38:21.471,112.015,26,open,ACTUATOR_ACTIVE,TRAJECTORY_RUNNING,24.0,67,35,0,120.28,67,0,0.0,0.0,0.0,0.0,0.0,0.0
2026-07-31T09:38:21.964,112.5,26,open,ACTUATOR_ACTIVE,TRAJECTORY_RUNNING,24.0,67,21,-66,-0.18,67,0,0.0,0.0,0.0,0.0,0.0,0.0
2026-07-31T09:38:22.474,113.015,26,open,ACTUATOR_ACTIVE,TRAJECTORY_RUNNING,24.0,67,11,0,0.5,67,0,0.0,0.0,0.0,0.0,0.0,0.0
2026-07-31T09:38:22.965,113.5,26,open,ACTUATOR_ACTIVE,TRAJECTORY_RUNNING,24.0,67,11,-1,-0.49,67,0,0.0,0.0,0.0,0.0,0.0,0.0
2026-07-31T09:38:23.580,114.125,27,close,ACTUATOR_ACTIVE,TRAJECTORY_RUNNING,24.0,65,13,4,3.68,65,0,0.0,0.0,0.0,0.0,0.0,0.0
2026-07-31T09:38:24.071,114.609,27,close,ACTUATOR_ACTIVE,TRAJECTORY_RUNNING,24.0,65,33,0,82.32,65,0,0.0,0.0,0.0,0.0,0.0,0.0
2026-07-31T09:38:24.583,115.125,27,close,ACTUATOR_ACTIVE,TRAJECTORY_RUNNING,24.0,65,33,0,49.13,65,0,0.0,0.0,0.0,0.0,0.0,0.0
2026-07-31T09:38:25.080,115.625,27,close,ACTUATOR_ACTIVE,TRAJECTORY_RUNNING,24.0,65,33,0,52.73,65,0,0.0,0.0,0.0,0.0,0.0,0.0
2026-07-31T09:38:25.686,116.234,27,open,ACTUATOR_ACTIVE,TRAJECTORY_RUNNING,24.0,65,33,-11,17.19,65,0,0.0,0.0,0.0,0.0,0.0,0.0
2026-07-31T09:38:26.186,116.734,27,open,ACTUATOR_ACTIVE,TRAJECTORY_RUNNING,24.0,65,10,-39,-4.05,65,0,0.0,0.0,0.0,0.0,0.0,0.0
2026-07-31T09:38:26.683,117.218,27,open,ACTUATOR_ACTIVE,TRAJECTORY_COMPLETE,24.0,65,9,-3,-1.06,65,0,0.0,0.0,0.0,0.0,0.0,0.0
2026-07-31T09:38:27.198,117.734,27,open,ACTUATOR_ACTIVE,TRAJECTORY_COMPLETE,24.0,65,9,0,-0.66,65,0,0.0,0.0,0.0,0.0,0.0,0.0
2026-07-31T09:38:27.808,118.343,28,close,ACTUATOR_ACTIVE,TRAJECTORY_RUNNING,24.0,67,10,27,5.61,67,0,0.0,0.0,0.0,0.0,0.0,0.0
2026-07-31T09:38:28.322,118.859,28,close,ACTUATOR_ACTIVE,TRAJECTORY_RUNNING,24.0,67,33,1,130.54,67,0,0.0,0.0,0.0,0.0,0.0,0.0
2026-07-31T09:38:28.816,119.359,28,close,ACTUATOR_ACTIVE,TRAJECTORY_RUNNING,24.0,67,35,0,172.38,67,0,0.0,0.0,0.0,0.0,0.0,0.0
2026-07-31T09:38:29.311,119.859,28,close,ACTUATOR_ACTIVE,TRAJECTORY_RUNNING,24.0,67,35,0,179.36,67,0,0.0,0.0,0.0,0.0,0.0,0.0
2026-07-31T09:38:29.913,120.453,28,open,ACTUATOR_ACTIVE,TRAJECTORY_RUNNING,24.0,67,35,-1,132.03,67,0,0.0,0.0,0.0,0.0,0.0,0.0
2026-07-31T09:38:30.420,120.968,28,open,ACTUATOR_ACTIVE,TRAJECTORY_RUNNING,24.0,67,22,-63,2.15,67,0,0.0,0.0,0.0,0.0,0.0,0.0
2026-07-31T09:38:30.914,121.453,28,open,ACTUATOR_ACTIVE,TRAJECTORY_COMPLETE,24.0,67,10,18,2.02,67,0,0.0,0.0,0.0,0.0,0.0,0.0
2026-07-31T09:38:31.419,121.968,28,open,ACTUATOR_ACTIVE,TRAJECTORY_COMPLETE,24.0,67,10,0,-0.51,67,0,0.0,0.0,0.0,0.0,0.0,0.0
2026-07-31T09:38:32.017,122.562,29,close,ACTUATOR_ACTIVE,TRAJECTORY_RUNNING,24.0,62,10,26,4.41,62,0,0.0,0.0,0.0,0.0,0.0,0.0
2026-07-31T09:38:32.525,123.062,29,close,ACTUATOR_ACTIVE,TRAJECTORY_RUNNING,24.0,62,33,5,115.78,62,0,0.0,0.0,0.0,0.0,0.0,0.0
2026-07-31T09:38:33.035,123.578,29,close,ACTUATOR_ACTIVE,TRAJECTORY_RUNNING,24.0,62,35,0,162.26,62,0,0.0,0.0,0.0,0.0,0.0,0.0
2026-07-31T09:38:33.529,124.078,29,close,ACTUATOR_ACTIVE,TRAJECTORY_RUNNING,24.0,62,35,0,173.77,62,0,0.0,0.0,0.0,0.0,0.0,0.0
2026-07-31T09:38:34.135,124.671,29,open,ACTUATOR_ACTIVE,TRAJECTORY_RUNNING,24.0,62,35,0,113.44,62,0,0.0,0.0,0.0,0.0,0.0,0.0
2026-07-31T09:38:34.649,125.187,29,open,ACTUATOR_ACTIVE,TRAJECTORY_RUNNING,24.0,62,22,-62,-0.51,62,0,0.0,0.0,0.0,0.0,0.0,0.0
2026-07-31T09:38:35.147,125.687,29,open,ACTUATOR_ACTIVE,TRAJECTORY_COMPLETE,24.0,62,10,13,1.63,62,0,0.0,0.0,0.0,0.0,0.0,0.0
2026-07-31T09:38:35.646,126.187,29,open,ACTUATOR_ACTIVE,TRAJECTORY_COMPLETE,24.0,70,9,0,0.13,70,0,0.0,0.0,0.0,0.0,0.0,0.0
2026-07-31T09:38:36.258,126.796,30,close,ACTUATOR_ACTIVE,TRAJECTORY_RUNNING,24.0,70,10,28,5.3,70,0,0.0,0.0,0.0,0.0,0.0,0.0
2026-07-31T09:38:36.755,127.296,30,close,ACTUATOR_ACTIVE,TRAJECTORY_RUNNING,24.0,70,33,7,107.89,70,0,0.0,0.0,0.0,0.0,0.0,0.0
2026-07-31T09:38:37.255,127.796,30,close,ACTUATOR_ACTIVE,TRAJECTORY_RUNNING,24.0,70,35,0,164.55,70,0,0.0,0.0,0.0,0.0,0.0,0.0
2026-07-31T09:38:37.746,128.281,30,close,ACTUATOR_ACTIVE,TRAJECTORY_RUNNING,24.0,70,35,0,166.45,70,0,0.0,0.0,0.0,0.0,0.0,0.0
2026-07-31T09:38:38.365,128.906,30,open,ACTUATOR_ACTIVE,TRAJECTORY_RUNNING,24.0,70,35,0,128.01,70,0,0.0,0.0,0.0,0.0,0.0,0.0
2026-07-31T09:38:38.872,129.406,30,open,ACTUATOR_ACTIVE,TRAJECTORY_RUNNING,24.0,70,20,-63,-0.63,70,0,0.0,0.0,0.0,0.0,0.0,0.0
2026-07-31T09:38:39.379,129.921,30,open,ACTUATOR_ACTIVE,TRAJECTORY_RUNNING,24.0,70,12,-1,0.78,70,0,0.0,0.0,0.0,0.0,0.0,0.0
2026-07-31T09:38:39.873,130.421,30,open,ACTUATOR_ACTIVE,TRAJECTORY_RUNNING,24.0,67,12,28,2.12,67,0,0.0,0.0,0.0,0.0,0.0,0.0
2026-07-31T09:38:40.475,131.015,31,close,ACTUATOR_ACTIVE,TRAJECTORY_RUNNING,24.0,67,11,63,3.2,67,0,0.0,0.0,0.0,0.0,0.0,0.0
2026-07-31T09:38:40.986,131.531,31,close,ACTUATOR_ACTIVE,TRAJECTORY_RUNNING,24.0,67,33,0,72.02,67,0,0.0,0.0,0.0,0.0,0.0,0.0
2026-07-31T09:38:41.481,132.015,31,close,ACTUATOR_ACTIVE,TRAJECTORY_RUNNING,24.0,67,33,0,51.14,67,0,0.0,0.0,0.0,0.0,0.0,0.0
2026-07-31T09:38:41.998,132.546,31,close,ACTUATOR_ACTIVE,TRAJECTORY_RUNNING,24.0,67,33,0,48.03,67,0,0.0,0.0,0.0,0.0,0.0,0.0
2026-07-31T09:38:42.589,133.125,31,open,ACTUATOR_ACTIVE,TRAJECTORY_RUNNING,24.0,67,33,-11,19.37,67,0,0.0,0.0,0.0,0.0,0.0,0.0
2026-07-31T09:38:43.101,133.64,31,open,ACTUATOR_ACTIVE,TRAJECTORY_COMPLETE,24.0,67,9,-39,-2.72,67,0,0.0,0.0,0.0,0.0,0.0,0.0
2026-07-31T09:38:43.597,134.14,31,open,ACTUATOR_ACTIVE,TRAJECTORY_COMPLETE,24.0,64,9,-7,-1.84,64,0,0.0,0.0,0.0,0.0,0.0,0.0
2026-07-31T09:38:44.097,134.64,31,open,ACTUATOR_ACTIVE,TRAJECTORY_COMPLETE,24.0,64,10,0,0.08,64,0,0.0,0.0,0.0,0.0,0.0,0.0
2026-07-31T09:38:44.706,135.25,32,close,ACTUATOR_ACTIVE,TRAJECTORY_RUNNING,24.0,64,11,33,4.37,64,0,0.0,0.0,0.0,0.0,0.0,0.0
2026-07-31T09:38:45.206,135.75,32,close,ACTUATOR_ACTIVE,TRAJECTORY_RUNNING,24.0,64,33,5,100.63,64,0,0.0,0.0,0.0,0.0,0.0,0.0
2026-07-31T09:38:45.703,136.25,32,close,ACTUATOR_ACTIVE,TRAJECTORY_RUNNING,24.0,64,35,0,168.29,64,0,0.0,0.0,0.0,0.0,0.0,0.0
2026-07-31T09:38:46.202,136.75,32,close,ACTUATOR_ACTIVE,TRAJECTORY_RUNNING,24.0,64,35,0,171.39,64,0,0.0,0.0,0.0,0.0,0.0,0.0
2026-07-31T09:38:46.802,137.343,32,open,ACTUATOR_ACTIVE,TRAJECTORY_RUNNING,24.0,64,35,0,119.77,64,0,0.0,0.0,0.0,0.0,0.0,0.0
2026-07-31T09:38:47.314,137.859,32,open,ACTUATOR_ACTIVE,TRAJECTORY_RUNNING,24.0,64,21,-62,-1.55,64,0,0.0,0.0,0.0,0.0,0.0,0.0
2026-07-31T09:38:47.813,138.359,32,open,ACTUATOR_ACTIVE,TRAJECTORY_RUNNING,24.0,63,11,0,0.38,63,0,0.0,0.0,0.0,0.0,0.0,0.0
2026-07-31T09:38:48.306,138.843,32,open,ACTUATOR_ACTIVE,TRAJECTORY_RUNNING,24.0,63,12,3,1.43,63,0,0.0,0.0,0.0,0.0,0.0,0.0
2026-07-31T09:38:48.930,139.468,33,close,ACTUATOR_ACTIVE,TRAJECTORY_RUNNING,24.0,63,17,58,5.68,63,0,0.0,0.0,0.0,0.0,0.0,0.0
2026-07-31T09:38:49.425,139.968,33,close,ACTUATOR_ACTIVE,TRAJECTORY_RUNNING,24.0,63,34,20,160.11,63,0,0.0,0.0,0.0,0.0,0.0,0.0
2026-07-31T09:38:49.917,140.453,33,close,ACTUATOR_ACTIVE,TRAJECTORY_RUNNING,24.0,63,35,0,173.0,63,0,0.0,0.0,0.0,0.0,0.0,0.0
2026-07-31T09:38:50.426,140.968,33,close,ACTUATOR_ACTIVE,TRAJECTORY_RUNNING,24.0,63,35,0,168.57,63,0,0.0,0.0,0.0,0.0,0.0,0.0
2026-07-31T09:38:51.027,141.562,33,open,ACTUATOR_ACTIVE,TRAJECTORY_RUNNING,24.0,63,35,0,129.16,63,0,0.0,0.0,0.0,0.0,0.0,0.0
2026-07-31T09:38:51.536,142.078,33,open,ACTUATOR_ACTIVE,TRAJECTORY_RUNNING,24.0,63,22,-62,-0.94,63,0,0.0,0.0,0.0,0.0,0.0,0.0
2026-07-31T09:38:52.032,142.578,33,open,ACTUATOR_ACTIVE,TRAJECTORY_COMPLETE,24.0,63,10,16,0.78,63,0,0.0,0.0,0.0,0.0,0.0,0.0
2026-07-31T09:38:52.530,143.078,33,open,ACTUATOR_ACTIVE,TRAJECTORY_COMPLETE,24.0,63,9,0,-0.09,63,0,0.0,0.0,0.0,0.0,0.0,0.0
2026-07-31T09:38:53.132,143.671,34,close,ACTUATOR_ACTIVE,TRAJECTORY_RUNNING,24.0,63,10,27,4.89,63,0,0.0,0.0,0.0,0.0,0.0,0.0
2026-07-31T09:38:53.644,144.187,34,close,ACTUATOR_ACTIVE,TRAJECTORY_RUNNING,24.0,63,33,12,104.41,63,0,0.0,0.0,0.0,0.0,0.0,0.0
2026-07-31T09:38:54.138,144.687,34,close,ACTUATOR_ACTIVE,TRAJECTORY_RUNNING,24.0,63,35,-1,166.28,63,0,0.0,0.0,0.0,0.0,0.0,0.0
2026-07-31T09:38:54.637,145.171,34,close,ACTUATOR_ACTIVE,TRAJECTORY_RUNNING,24.0,63,35,0,164.04,63,0,0.0,0.0,0.0,0.0,0.0,0.0
2026-07-31T09:38:55.268,145.812,34,open,ACTUATOR_ACTIVE,TRAJECTORY_RUNNING,24.0,63,35,-1,122.69,63,0,0.0,0.0,0.0,0.0,0.0,0.0
2026-07-31T09:38:55.765,146.312,34,open,ACTUATOR_ACTIVE,TRAJECTORY_RUNNING,24.0,67,22,-61,-0.65,67,0,0.0,0.0,0.0,0.0,0.0,0.0
2026-07-31T09:38:56.263,146.812,34,open,ACTUATOR_ACTIVE,TRAJECTORY_COMPLETE,24.0,67,10,17,1.7,67,0,0.0,0.0,0.0,0.0,0.0,0.0
2026-07-31T09:38:56.756,147.296,34,open,ACTUATOR_ACTIVE,TRAJECTORY_COMPLETE,24.0,67,9,0,-0.64,67,0,0.0,0.0,0.0,0.0,0.0,0.0
2026-07-31T09:38:57.382,147.921,35,close,ACTUATOR_ACTIVE,TRAJECTORY_RUNNING,24.0,67,11,34,4.05,67,0,0.0,0.0,0.0,0.0,0.0,0.0
2026-07-31T09:38:57.879,148.421,35,close,ACTUATOR_ACTIVE,TRAJECTORY_RUNNING,24.0,67,33,7,101.09,67,0,0.0,0.0,0.0,0.0,0.0,0.0
2026-07-31T09:38:58.376,148.921,35,close,ACTUATOR_ACTIVE,TRAJECTORY_RUNNING,24.0,67,35,0,172.52,67,0,0.0,0.0,0.0,0.0,0.0,0.0
2026-07-31T09:38:58.871,149.406,35,close,ACTUATOR_ACTIVE,TRAJECTORY_RUNNING,24.0,67,35,-1,161.72,67,0,0.0,0.0,0.0,0.0,0.0,0.0
2026-07-31T09:38:59.488,150.031,35,open,ACTUATOR_ACTIVE,TRAJECTORY_RUNNING,24.0,67,35,0,129.38,67,0,0.0,0.0,0.0,0.0,0.0,0.0
2026-07-31T09:38:59.984,150.531,35,open,ACTUATOR_ACTIVE,TRAJECTORY_RUNNING,24.0,65,21,-66,-1.94,65,0,0.0,0.0,0.0,0.0,0.0,0.0
2026-07-31T09:39:00.478,151.015,35,open,ACTUATOR_ACTIVE,TRAJECTORY_RUNNING,24.0,65,11,2,1.55,65,0,0.0,0.0,0.0,0.0,0.0,0.0
2026-07-31T09:39:00.987,151.531,35,open,ACTUATOR_ACTIVE,TRAJECTORY_RUNNING,24.0,65,12,0,0.64,65,0,0.0,0.0,0.0,0.0,0.0,0.0
2026-07-31T09:39:01.590,152.125,36,close,ACTUATOR_ACTIVE,TRAJECTORY_RUNNING,24.0,65,15,34,5.96,65,0,0.0,0.0,0.0,0.0,0.0,0.0
2026-07-31T09:39:02.098,152.64,36,close,ACTUATOR_ACTIVE,TRAJECTORY_RUNNING,24.0,65,34,13,149.86,65,0,0.0,0.0,0.0,0.0,0.0,0.0
2026-07-31T09:39:02.593,153.14,36,close,ACTUATOR_ACTIVE,TRAJECTORY_RUNNING,24.0,65,35,0,173.43,65,0,0.0,0.0,0.0,0.0,0.0,0.0
2026-07-31T09:39:03.088,153.625,36,close,ACTUATOR_ACTIVE,TRAJECTORY_RUNNING,24.0,65,35,-1,173.07,65,0,0.0,0.0,0.0,0.0,0.0,0.0
2026-07-31T09:39:03.700,154.25,36,open,ACTUATOR_ACTIVE,TRAJECTORY_RUNNING,24.0,66,35,0,116.11,66,0,0.0,0.0,0.0,0.0,0.0,0.0
2026-07-31T09:39:04.199,154.734,36,open,ACTUATOR_ACTIVE,TRAJECTORY_RUNNING,24.0,66,22,-66,-0.38,66,0,0.0,0.0,0.0,0.0,0.0,0.0
2026-07-31T09:39:04.710,155.25,36,open,ACTUATOR_ACTIVE,TRAJECTORY_RUNNING,24.0,66,11,0,0.58,66,0,0.0,0.0,0.0,0.0,0.0,0.0
2026-07-31T09:39:05.202,155.75,36,open,ACTUATOR_ACTIVE,TRAJECTORY_RUNNING,24.0,66,11,-4,-2.88,66,0,0.0,0.0,0.0,0.0,0.0,0.0
2026-07-31T09:39:05.802,156.343,37,close,ACTUATOR_ACTIVE,TRAJECTORY_RUNNING,24.0,66,12,2,2.02,66,0,0.0,0.0,0.0,0.0,0.0,0.0
2026-07-31T09:39:06.316,156.859,37,close,ACTUATOR_ACTIVE,TRAJECTORY_RUNNING,24.0,66,33,0,80.16,66,0,0.0,0.0,0.0,0.0,0.0,0.0
2026-07-31T09:39:06.810,157.359,37,close,ACTUATOR_ACTIVE,TRAJECTORY_RUNNING,24.0,66,33,0,52.66,66,0,0.0,0.0,0.0,0.0,0.0,0.0
2026-07-31T09:39:07.306,157.843,37,close,ACTUATOR_ACTIVE,TRAJECTORY_RUNNING,24.0,66,33,0,50.01,66,0,0.0,0.0,0.0,0.0,0.0,0.0
2026-07-31T09:39:07.923,158.468,37,open,ACTUATOR_ACTIVE,TRAJECTORY_RUNNING,24.0,67,33,-7,19.32,67,0,0.0,0.0,0.0,0.0,0.0,0.0
2026-07-31T09:39:08.414,158.953,37,open,ACTUATOR_ACTIVE,TRAJECTORY_COMPLETE,24.0,67,9,-38,-1.35,67,0,0.0,0.0,0.0,0.0,0.0,0.0
2026-07-31T09:39:08.928,159.468,37,open,ACTUATOR_ACTIVE,TRAJECTORY_RUNNING,24.0,67,8,-18,-1.22,67,0,0.0,0.0,0.0,0.0,0.0,0.0
2026-07-31T09:39:09.419,159.953,37,open,ACTUATOR_ACTIVE,TRAJECTORY_RUNNING,24.0,67,8,-43,-1.0,67,0,0.0,0.0,0.0,0.0,0.0,0.0
2026-07-31T09:39:10.040,160.578,38,close,ACTUATOR_ACTIVE,TRAJECTORY_RUNNING,24.0,67,16,-1,0.42,67,0,0.0,0.0,0.0,0.0,0.0,0.0
2026-07-31T09:39:10.548,161.093,38,close,ACTUATOR_ACTIVE,TRAJECTORY_RUNNING,24.0,67,33,0,73.64,67,0,0.0,0.0,0.0,0.0,0.0,0.0
2026-07-31T09:39:11.039,161.578,38,close,ACTUATOR_ACTIVE,TRAJECTORY_RUNNING,24.0,67,33,0,52.08,67,0,0.0,0.0,0.0,0.0,0.0,0.0
2026-07-31T09:39:11.550,162.093,38,close,ACTUATOR_ACTIVE,TRAJECTORY_RUNNING,24.0,70,33,0,51.7,70,0,0.0,0.0,0.0,0.0,0.0,0.0
2026-07-31T09:39:12.156,162.703,38,open,ACTUATOR_ACTIVE,TRAJECTORY_RUNNING,24.0,70,33,-9,18.05,70,0,0.0,0.0,0.0,0.0,0.0,0.0
2026-07-31T09:39:12.646,163.187,38,open,ACTUATOR_ACTIVE,TRAJECTORY_RUNNING,24.0,70,10,-43,-1.71,70,0,0.0,0.0,0.0,0.0,0.0,0.0
2026-07-31T09:39:13.156,163.703,38,open,ACTUATOR_ACTIVE,TRAJECTORY_RUNNING,24.0,70,9,0,-1.57,70,0,0.0,0.0,0.0,0.0,0.0,0.0
2026-07-31T09:39:13.652,164.187,38,open,ACTUATOR_ACTIVE,TRAJECTORY_COMPLETE,24.0,70,10,0,-0.12,70,0,0.0,0.0,0.0,0.0,0.0,0.0
2026-07-31T09:39:14.263,164.812,39,close,ACTUATOR_ACTIVE,TRAJECTORY_RUNNING,24.0,70,10,28,4.22,70,0,0.0,0.0,0.0,0.0,0.0,0.0
2026-07-31T09:39:14.755,165.296,39,close,ACTUATOR_ACTIVE,TRAJECTORY_RUNNING,24.0,70,33,2,120.41,70,0,0.0,0.0,0.0,0.0,0.0,0.0
2026-07-31T09:39:15.265,165.812,39,close,ACTUATOR_ACTIVE,TRAJECTORY_RUNNING,24.0,70,35,0,174.48,70,0,0.0,0.0,0.0,0.0,0.0,0.0
2026-07-31T09:39:15.755,166.296,39,close,ACTUATOR_ACTIVE,TRAJECTORY_RUNNING,24.0,70,35,0,170.51,70,0,0.0,0.0,0.0,0.0,0.0,0.0
2026-07-31T09:39:16.373,166.921,39,open,ACTUATOR_ACTIVE,TRAJECTORY_RUNNING,24.0,70,35,0,129.08,70,0,0.0,0.0,0.0,0.0,0.0,0.0
2026-07-31T09:39:16.864,167.406,39,open,ACTUATOR_ACTIVE,TRAJECTORY_RUNNING,24.0,70,21,-65,0.58,70,0,0.0,0.0,0.0,0.0,0.0,0.0
2026-07-31T09:39:17.370,167.906,39,open,ACTUATOR_ACTIVE,TRAJECTORY_RUNNING,24.0,70,11,2,1.43,70,0,0.0,0.0,0.0,0.0,0.0,0.0
2026-07-31T09:39:17.874,168.421,39,open,ACTUATOR_ACTIVE,TRAJECTORY_RUNNING,24.0,70,13,13,-0.7,70,0,0.0,0.0,0.0,0.0,0.0,0.0
2026-07-31T09:39:18.474,169.015,40,close,ACTUATOR_ACTIVE,TRAJECTORY_RUNNING,24.0,70,15,62,5.48,70,0,0.0,0.0,0.0,0.0,0.0,0.0
2026-07-31T09:39:18.984,169.531,40,close,ACTUATOR_ACTIVE,TRAJECTORY_RUNNING,24.0,70,34,12,159.67,70,0,0.0,0.0,0.0,0.0,0.0,0.0
2026-07-31T09:39:19.482,170.031,40,close,ACTUATOR_ACTIVE,TRAJECTORY_RUNNING,24.0,70,35,1,171.65,70,0,0.0,0.0,0.0,0.0,0.0,0.0
2026-07-31T09:39:19.972,170.515,40,close,ACTUATOR_ACTIVE,TRAJECTORY_RUNNING,24.0,67,35,0,173.45,67,0,0.0,0.0,0.0,0.0,0.0,0.0
2026-07-31T09:39:20.594,171.14,40,open,ACTUATOR_ACTIVE,TRAJECTORY_RUNNING,24.0,67,35,0,127.53,67,0,0.0,0.0,0.0,0.0,0.0,0.0
2026-07-31T09:39:21.093,171.64,40,open,ACTUATOR_ACTIVE,TRAJECTORY_RUNNING,24.0,67,23,-63,1.28,67,0,0.0,0.0,0.0,0.0,0.0,0.0
2026-07-31T09:39:21.585,172.125,40,open,ACTUATOR_ACTIVE,TRAJECTORY_COMPLETE,24.0,67,9,19,3.53,67,0,0.0,0.0,0.0,0.0,0.0,0.0
2026-07-31T09:39:22.097,172.64,40,open,ACTUATOR_ACTIVE,TRAJECTORY_COMPLETE,24.0,67,9,0,0.22,67,0,0.0,0.0,0.0,0.0,0.0,0.0
2026-07-31T09:39:22.699,173.234,41,close,ACTUATOR_ACTIVE,TRAJECTORY_RUNNING,24.0,67,10,28,4.93,67,0,0.0,0.0,0.0,0.0,0.0,0.0
2026-07-31T09:39:23.210,173.75,41,close,ACTUATOR_ACTIVE,TRAJECTORY_RUNNING,24.0,67,33,12,98.9,67,0,0.0,0.0,0.0,0.0,0.0,0.0
2026-07-31T09:39:23.707,174.25,41,close,ACTUATOR_ACTIVE,TRAJECTORY_RUNNING,24.0,70,35,0,168.56,70,0,0.0,0.0,0.0,0.0,0.0,0.0
2026-07-31T09:39:24.197,174.734,41,close,ACTUATOR_ACTIVE,TRAJECTORY_RUNNING,24.0,70,35,-1,161.95,70,0,0.0,0.0,0.0,0.0,0.0,0.0
2026-07-31T09:39:24.811,175.359,41,open,ACTUATOR_ACTIVE,TRAJECTORY_RUNNING,24.0,70,35,0,129.1,70,0,0.0,0.0,0.0,0.0,0.0,0.0
2026-07-31T09:39:25.304,175.843,41,open,ACTUATOR_ACTIVE,TRAJECTORY_RUNNING,24.0,70,23,-61,0.18,70,0,0.0,0.0,0.0,0.0,0.0,0.0
2026-07-31T09:39:25.820,176.359,41,open,ACTUATOR_ACTIVE,TRAJECTORY_COMPLETE,24.0,70,10,17,0.71,70,0,0.0,0.0,0.0,0.0,0.0,0.0
2026-07-31T09:39:26.316,176.859,41,open,ACTUATOR_ACTIVE,TRAJECTORY_COMPLETE,24.0,70,9,0,-0.13,70,0,0.0,0.0,0.0,0.0,0.0,0.0
2026-07-31T09:39:26.925,177.468,42,close,ACTUATOR_ACTIVE,TRAJECTORY_RUNNING,24.0,70,10,26,5.31,70,0,0.0,0.0,0.0,0.0,0.0,0.0
2026-07-31T09:39:27.422,177.968,42,close,ACTUATOR_ACTIVE,TRAJECTORY_RUNNING,24.0,70,33,2,112.82,70,0,0.0,0.0,0.0,0.0,0.0,0.0
2026-07-31T09:39:27.919,178.468,42,close,ACTUATOR_ACTIVE,TRAJECTORY_RUNNING,24.0,70,35,0,172.05,70,0,0.0,0.0,0.0,0.0,0.0,0.0
2026-07-31T09:39:28.415,178.953,42,close,ACTUATOR_ACTIVE,TRAJECTORY_RUNNING,24.0,70,35,0,166.39,70,0,0.0,0.0,0.0,0.0,0.0,0.0
2026-07-31T09:39:29.037,179.578,42,open,ACTUATOR_ACTIVE,TRAJECTORY_RUNNING,24.0,70,35,0,115.12,70,0,0.0,0.0,0.0,0.0,0.0,0.0
2026-07-31T09:39:29.533,180.078,42,open,ACTUATOR_ACTIVE,TRAJECTORY_RUNNING,24.0,70,22,-62,-3.28,70,0,0.0,0.0,0.0,0.0,0.0,0.0
2026-07-31T09:39:30.029,180.578,42,open,ACTUATOR_ACTIVE,TRAJECTORY_COMPLETE,24.0,70,9,17,2.2,70,0,0.0,0.0,0.0,0.0,0.0,0.0
2026-07-31T09:39:30.525,181.062,42,open,ACTUATOR_ACTIVE,TRAJECTORY_COMPLETE,24.0,70,9,0,0.25,70,0,0.0,0.0,0.0,0.0,0.0,0.0
2026-07-31T09:39:31.145,181.687,43,close,ACTUATOR_ACTIVE,TRAJECTORY_RUNNING,24.0,70,10,28,5.16,70,0,0.0,0.0,0.0,0.0,0.0,0.0
2026-07-31T09:39:31.636,182.171,43,close,ACTUATOR_ACTIVE,TRAJECTORY_RUNNING,24.0,68,33,2,104.15,68,0,0.0,0.0,0.0,0.0,0.0,0.0
2026-07-31T09:39:32.149,182.687,43,close,ACTUATOR_ACTIVE,TRAJECTORY_RUNNING,24.0,68,35,1,178.34,68,0,0.0,0.0,0.0,0.0,0.0,0.0
2026-07-31T09:39:32.644,183.187,43,close,ACTUATOR_ACTIVE,TRAJECTORY_RUNNING,24.0,68,35,0,163.59,68,0,0.0,0.0,0.0,0.0,0.0,0.0
2026-07-31T09:39:33.248,183.796,43,open,ACTUATOR_ACTIVE,TRAJECTORY_RUNNING,24.0,68,35,0,133.0,68,0,0.0,0.0,0.0,0.0,0.0,0.0
2026-07-31T09:39:33.741,184.281,43,open,ACTUATOR_ACTIVE,TRAJECTORY_RUNNING,24.0,68,23,-63,-1.25,68,0,0.0,0.0,0.0,0.0,0.0,0.0
2026-07-31T09:39:34.251,184.796,43,open,ACTUATOR_ACTIVE,TRAJECTORY_COMPLETE,24.0,68,10,15,2.06,68,0,0.0,0.0,0.0,0.0,0.0,0.0
2026-07-31T09:39:34.744,185.281,43,open,ACTUATOR_ACTIVE,TRAJECTORY_COMPLETE,24.0,68,9,0,-0.2,68,0,0.0,0.0,0.0,0.0,0.0,0.0
2026-07-31T09:39:35.360,185.906,44,close,ACTUATOR_ACTIVE,TRAJECTORY_RUNNING,24.0,68,10,27,4.91,68,0,0.0,0.0,0.0,0.0,0.0,0.0
2026-07-31T09:39:35.856,186.406,44,close,ACTUATOR_ACTIVE,TRAJECTORY_RUNNING,24.0,71,33,0,77.62,71,0,0.0,0.0,0.0,0.0,0.0,0.0
2026-07-31T09:39:36.348,186.89,44,close,ACTUATOR_ACTIVE,TRAJECTORY_RUNNING,24.0,71,33,0,48.87,71,0,0.0,0.0,0.0,0.0,0.0,0.0
2026-07-31T09:39:36.857,187.406,44,close,ACTUATOR_ACTIVE,TRAJECTORY_RUNNING,24.0,71,33,0,50.43,71,0,0.0,0.0,0.0,0.0,0.0,0.0
2026-07-31T09:39:37.459,188.0,44,open,ACTUATOR_ACTIVE,TRAJECTORY_RUNNING,24.0,71,33,-10,17.7,71,0,0.0,0.0,0.0,0.0,0.0,0.0
2026-07-31T09:39:37.970,188.515,44,open,ACTUATOR_ACTIVE,TRAJECTORY_RUNNING,24.0,71,9,-33,-3.48,71,0,0.0,0.0,0.0,0.0,0.0,0.0
2026-07-31T09:39:38.464,189.0,44,open,ACTUATOR_ACTIVE,TRAJECTORY_RUNNING,24.0,71,9,0,-0.5,71,0,0.0,0.0,0.0,0.0,0.0,0.0
2026-07-31T09:39:38.979,189.515,44,open,ACTUATOR_ACTIVE,TRAJECTORY_COMPLETE,24.0,71,10,0,-0.26,71,0,0.0,0.0,0.0,0.0,0.0,0.0
2026-07-31T09:39:39.589,190.125,45,close,ACTUATOR_ACTIVE,TRAJECTORY_RUNNING,24.0,72,10,27,5.2,72,0,0.0,0.0,0.0,0.0,0.0,0.0
2026-07-31T09:39:40.097,190.64,45,close,ACTUATOR_ACTIVE,TRAJECTORY_RUNNING,24.0,72,33,0,76.44,72,0,0.0,0.0,0.0,0.0,0.0,0.0
2026-07-31T09:39:40.593,191.14,45,close,ACTUATOR_ACTIVE,TRAJECTORY_RUNNING,24.0,72,33,0,49.48,72,0,0.0,0.0,0.0,0.0,0.0,0.0
2026-07-31T09:39:41.086,191.625,45,close,ACTUATOR_ACTIVE,TRAJECTORY_RUNNING,24.0,72,33,0,51.97,72,0,0.0,0.0,0.0,0.0,0.0,0.0
2026-07-31T09:39:41.702,192.25,45,open,ACTUATOR_ACTIVE,TRAJECTORY_RUNNING,24.0,72,33,-8,17.62,72,0,0.0,0.0,0.0,0.0,0.0,0.0
2026-07-31T09:39:42.195,192.734,45,open,ACTUATOR_ACTIVE,TRAJECTORY_RUNNING,24.0,72,9,-32,-1.42,72,0,0.0,0.0,0.0,0.0,0.0,0.0
2026-07-31T09:39:42.705,193.25,45,open,ACTUATOR_ACTIVE,TRAJECTORY_RUNNING,24.0,72,7,-21,-2.16,72,0,0.0,0.0,0.0,0.0,0.0,0.0
2026-07-31T09:39:43.199,193.734,45,open,ACTUATOR_ACTIVE,TRAJECTORY_RUNNING,24.0,72,11,-51,-2.83,72,0,0.0,0.0,0.0,0.0,0.0,0.0
2026-07-31T09:39:43.816,194.359,46,close,ACTUATOR_ACTIVE,TRAJECTORY_RUNNING,24.0,65,21,45,4.67,65,0,0.0,0.0,0.0,0.0,0.0,0.0
2026-07-31T09:39:44.310,194.859,46,close,ACTUATOR_ACTIVE,TRAJECTORY_RUNNING,24.0,65,33,0,57.24,65,0,0.0,0.0,0.0,0.0,0.0,0.0
2026-07-31T09:39:44.800,195.343,46,close,ACTUATOR_ACTIVE,TRAJECTORY_RUNNING,24.0,65,33,0,48.14,65,0,0.0,0.0,0.0,0.0,0.0,0.0
2026-07-31T09:39:45.311,195.859,46,close,ACTUATOR_ACTIVE,TRAJECTORY_RUNNING,24.0,65,33,0,49.6,65,0,0.0,0.0,0.0,0.0,0.0,0.0
2026-07-31T09:39:45.912,196.453,46,open,ACTUATOR_ACTIVE,TRAJECTORY_RUNNING,24.0,65,33,-8,18.31,65,0,0.0,0.0,0.0,0.0,0.0,0.0
2026-07-31T09:39:46.425,196.968,46,open,ACTUATOR_ACTIVE,TRAJECTORY_COMPLETE,24.0,65,9,-25,-0.32,65,0,0.0,0.0,0.0,0.0,0.0,0.0
2026-07-31T09:39:46.918,197.453,46,open,ACTUATOR_ACTIVE,TRAJECTORY_RUNNING,24.0,65,9,4,3.4,65,0,0.0,0.0,0.0,0.0,0.0,0.0
2026-07-31T09:39:47.432,197.968,46,open,ACTUATOR_ACTIVE,TRAJECTORY_RUNNING,24.0,65,10,2,1.57,65,0,0.0,0.0,0.0,0.0,0.0,0.0
2026-07-31T09:39:48.041,198.578,47,close,ACTUATOR_ACTIVE,TRAJECTORY_RUNNING,24.0,70,11,28,5.34,70,0,0.0,0.0,0.0,0.0,0.0,0.0
2026-07-31T09:39:48.552,199.093,47,close,ACTUATOR_ACTIVE,TRAJECTORY_RUNNING,24.0,70,33,9,107.78,70,0,0.0,0.0,0.0,0.0,0.0,0.0
2026-07-31T09:39:49.049,199.593,47,close,ACTUATOR_ACTIVE,TRAJECTORY_RUNNING,24.0,70,35,0,169.8,70,0,0.0,0.0,0.0,0.0,0.0,0.0
2026-07-31T09:39:49.543,200.078,47,close,ACTUATOR_ACTIVE,TRAJECTORY_RUNNING,24.0,70,35,-1,174.31,70,0,0.0,0.0,0.0,0.0,0.0,0.0
2026-07-31T09:39:50.161,200.703,47,open,ACTUATOR_ACTIVE,TRAJECTORY_RUNNING,24.0,70,35,0,123.79,70,0,0.0,0.0,0.0,0.0,0.0,0.0
2026-07-31T09:39:50.657,201.203,47,open,ACTUATOR_ACTIVE,TRAJECTORY_RUNNING,24.0,70,21,-61,-2.68,70,0,0.0,0.0,0.0,0.0,0.0,0.0
2026-07-31T09:39:51.149,201.687,47,open,ACTUATOR_ACTIVE,TRAJECTORY_RUNNING,24.0,70,11,0,1.07,70,0,0.0,0.0,0.0,0.0,0.0,0.0
2026-07-31T09:39:51.659,202.203,47,open,ACTUATOR_ACTIVE,TRAJECTORY_RUNNING,24.0,72,11,-5,-2.81,72,0,0.0,0.0,0.0,0.0,0.0,0.0
2026-07-31T09:39:52.260,202.796,48,close,ACTUATOR_ACTIVE,TRAJECTORY_RUNNING,24.0,72,12,0,-0.55,72,0,0.0,0.0,0.0,0.0,0.0,0.0
2026-07-31T09:39:52.766,203.312,48,close,ACTUATOR_ACTIVE,TRAJECTORY_RUNNING,24.0,72,33,0,89.46,72,0,0.0,0.0,0.0,0.0,0.0,0.0
2026-07-31T09:39:53.263,203.812,48,close,ACTUATOR_ACTIVE,TRAJECTORY_RUNNING,24.0,72,33,0,53.36,72,0,0.0,0.0,0.0,0.0,0.0,0.0
2026-07-31T09:39:53.755,204.296,48,close,ACTUATOR_ACTIVE,TRAJECTORY_RUNNING,24.0,72,33,0,49.36,72,0,0.0,0.0,0.0,0.0,0.0,0.0
2026-07-31T09:39:54.376,204.921,48,open,ACTUATOR_ACTIVE,TRAJECTORY_RUNNING,24.0,72,33,-9,17.92,72,0,0.0,0.0,0.0,0.0,0.0,0.0
2026-07-31T09:39:54.869,205.406,48,open,ACTUATOR_ACTIVE,TRAJECTORY_RUNNING,24.0,72,10,-41,-2.06,72,0,0.0,0.0,0.0,0.0,0.0,0.0
2026-07-31T09:39:55.379,205.921,48,open,ACTUATOR_ACTIVE,TRAJECTORY_RUNNING,24.0,72,9,-1,-1.44,72,0,0.0,0.0,0.0,0.0,0.0,0.0
2026-07-31T09:39:55.873,206.421,48,open,ACTUATOR_ACTIVE,TRAJECTORY_COMPLETE,24.0,69,9,0,-0.93,69,0,0.0,0.0,0.0,0.0,0.0,0.0
2026-07-31T09:39:56.475,207.015,49,close,ACTUATOR_ACTIVE,TRAJECTORY_RUNNING,24.0,69,10,24,5.13,69,0,0.0,0.0,0.0,0.0,0.0,0.0
2026-07-31T09:39:56.987,207.531,49,close,ACTUATOR_ACTIVE,TRAJECTORY_RUNNING,24.0,69,33,0,75.22,69,0,0.0,0.0,0.0,0.0,0.0,0.0
2026-07-31T09:39:57.486,208.031,49,close,ACTUATOR_ACTIVE,TRAJECTORY_RUNNING,24.0,69,33,0,50.1,69,0,0.0,0.0,0.0,0.0,0.0,0.0
2026-07-31T09:39:57.983,208.531,49,close,ACTUATOR_ACTIVE,TRAJECTORY_STOPPED,24.0,69,33,0,49.37,69,0,0.0,0.0,0.0,0.0,0.0,0.0
2026-07-31T09:39:58.593,209.14,49,open,ACTUATOR_ACTIVE,TRAJECTORY_RUNNING,24.0,69,33,-9,15.32,69,0,0.0,0.0,0.0,0.0,0.0,0.0
2026-07-31T09:39:59.093,209.64,49,open,ACTUATOR_ACTIVE,TRAJECTORY_RUNNING,24.0,69,10,-38,-1.06,69,0,0.0,0.0,0.0,0.0,0.0,0.0
2026-07-31T09:39:59.588,210.125,49,open,ACTUATOR_ACTIVE,TRAJECTORY_RUNNING,24.0,70,9,0,-1.16,70,0,0.0,0.0,0.0,0.0,0.0,0.0
2026-07-31T09:40:00.095,210.64,49,open,ACTUATOR_ACTIVE,TRAJECTORY_COMPLETE,24.0,70,9,0,0.26,70,0,0.0,0.0,0.0,0.0,0.0,0.0
2026-07-31T09:40:00.701,211.25,50,close,ACTUATOR_ACTIVE,TRAJECTORY_RUNNING,24.0,70,11,33,5.15,70,0,0.0,0.0,0.0,0.0,0.0,0.0
2026-07-31T09:40:01.192,211.734,50,close,ACTUATOR_ACTIVE,TRAJECTORY_RUNNING,24.0,70,33,2,124.41,70,0,0.0,0.0,0.0,0.0,0.0,0.0
2026-07-31T09:40:01.698,212.234,50,close,ACTUATOR_ACTIVE,TRAJECTORY_RUNNING,24.0,70,35,0,165.6,70,0,0.0,0.0,0.0,0.0,0.0,0.0
2026-07-31T09:40:02.205,212.75,50,close,ACTUATOR_ACTIVE,TRAJECTORY_RUNNING,24.0,70,35,0,171.42,70,0,0.0,0.0,0.0,0.0,0.0,0.0
2026-07-31T09:40:02.805,213.343,50,open,ACTUATOR_ACTIVE,TRAJECTORY_RUNNING,24.0,70,35,0,119.14,70,0,0.0,0.0,0.0,0.0,0.0,0.0
2026-07-31T09:40:03.311,213.859,50,open,ACTUATOR_ACTIVE,TRAJECTORY_RUNNING,24.0,70,20,-63,-0.94,70,0,0.0,0.0,0.0,0.0,0.0,0.0
2026-07-31T09:40:03.804,214.343,50,open,ACTUATOR_ACTIVE,TRAJECTORY_RUNNING,24.0,65,11,0,1.11,65,0,0.0,0.0,0.0,0.0,0.0,0.0
2026-07-31T09:40:04.312,214.859,50,open,ACTUATOR_ACTIVE,TRAJECTORY_RUNNING,24.0,65,11,-10,-3.81,65,0,0.0,0.0,0.0,0.0,0.0,0.0
2026-07-31T09:40:04.910,215.453,51,close,ACTUATOR_ACTIVE,TRAJECTORY_RUNNING,24.0,65,13,1,0.92,65,0,0.0,0.0,0.0,0.0,0.0,0.0
2026-07-31T09:40:05.418,215.953,51,close,ACTUATOR_ACTIVE,TRAJECTORY_RUNNING,24.0,65,33,0,80.66,65,0,0.0,0.0,0.0,0.0,0.0,0.0
2026-07-31T09:40:05.926,216.468,51,close,ACTUATOR_ACTIVE,TRAJECTORY_RUNNING,24.0,65,33,0,50.96,65,0,0.0,0.0,0.0,0.0,0.0,0.0
2026-07-31T09:40:06.421,216.968,51,close,ACTUATOR_ACTIVE,TRAJECTORY_RUNNING,24.0,65,33,0,52.1,65,0,0.0,0.0,0.0,0.0,0.0,0.0
2026-07-31T09:40:07.017,217.562,51,open,ACTUATOR_ACTIVE,TRAJECTORY_RUNNING,24.0,65,33,-7,18.19,65,0,0.0,0.0,0.0,0.0,0.0,0.0
2026-07-31T09:40:07.521,218.062,51,open,ACTUATOR_ACTIVE,TRAJECTORY_RUNNING,24.0,64,10,-36,-2.31,64,0,0.0,0.0,0.0,0.0,0.0,0.0
2026-07-31T09:40:08.030,218.578,51,open,ACTUATOR_ACTIVE,TRAJECTORY_RUNNING,24.0,64,9,0,-0.79,64,0,0.0,0.0,0.0,0.0,0.0,0.0
2026-07-31T09:40:08.527,219.062,51,open,ACTUATOR_ACTIVE,TRAJECTORY_COMPLETE,24.0,64,9,0,-0.21,64,0,0.0,0.0,0.0,0.0,0.0,0.0
2026-07-31T09:40:09.146,219.687,52,close,ACTUATOR_ACTIVE,TRAJECTORY_RUNNING,24.0,64,10,28,4.78,64,0,0.0,0.0,0.0,0.0,0.0,0.0
2026-07-31T09:40:09.640,220.187,52,close,ACTUATOR_ACTIVE,TRAJECTORY_RUNNING,24.0,64,33,-1,110.95,64,0,0.0,0.0,0.0,0.0,0.0,0.0
2026-07-31T09:40:10.130,220.671,52,close,ACTUATOR_ACTIVE,TRAJECTORY_RUNNING,24.0,64,35,0,169.12,64,0,0.0,0.0,0.0,0.0,0.0,0.0
2026-07-31T09:40:10.639,221.187,52,close,ACTUATOR_ACTIVE,TRAJECTORY_RUNNING,24.0,64,35,0,171.43,64,0,0.0,0.0,0.0,0.0,0.0,0.0
2026-07-31T09:40:11.239,221.781,52,open,ACTUATOR_ACTIVE,TRAJECTORY_RUNNING,24.0,64,35,0,124.91,64,0,0.0,0.0,0.0,0.0,0.0,0.0
2026-07-31T09:40:11.743,222.281,52,open,ACTUATOR_ACTIVE,TRAJECTORY_RUNNING,24.0,65,22,-63,-0.35,65,0,0.0,0.0,0.0,0.0,0.0,0.0
2026-07-31T09:40:12.254,222.796,52,open,ACTUATOR_ACTIVE,TRAJECTORY_COMPLETE,24.0,65,10,13,1.56,65,0,0.0,0.0,0.0,0.0,0.0,0.0
2026-07-31T09:40:12.754,223.296,52,open,ACTUATOR_ACTIVE,TRAJECTORY_COMPLETE,24.0,65,9,0,1.02,65,0,0.0,0.0,0.0,0.0,0.0,0.0
2026-07-31T09:40:13.359,223.906,53,close,ACTUATOR_ACTIVE,TRAJECTORY_RUNNING,24.0,65,11,28,3.72,65,0,0.0,0.0,0.0,0.0,0.0,0.0
2026-07-31T09:40:13.852,224.39,53,close,ACTUATOR_ACTIVE,TRAJECTORY_RUNNING,24.0,65,33,3,105.75,65,0,0.0,0.0,0.0,0.0,0.0,0.0
2026-07-31T09:40:14.359,224.906,53,close,ACTUATOR_ACTIVE,TRAJECTORY_RUNNING,24.0,65,35,0,176.39,65,0,0.0,0.0,0.0,0.0,0.0,0.0
2026-07-31T09:40:14.852,225.39,53,close,ACTUATOR_ACTIVE,TRAJECTORY_RUNNING,24.0,65,35,0,174.91,65,0,0.0,0.0,0.0,0.0,0.0,0.0
2026-07-31T09:40:15.470,226.015,53,open,ACTUATOR_ACTIVE,TRAJECTORY_RUNNING,24.0,65,35,0,118.46,65,0,0.0,0.0,0.0,0.0,0.0,0.0
2026-07-31T09:40:15.965,226.5,53,open,ACTUATOR_ACTIVE,TRAJECTORY_RUNNING,24.0,69,22,-64,0.79,69,0,0.0,0.0,0.0,0.0,0.0,0.0
2026-07-31T09:40:16.471,227.015,53,open,ACTUATOR_ACTIVE,TRAJECTORY_RUNNING,24.0,69,11,0,0.37,69,0,0.0,0.0,0.0,0.0,0.0,0.0
2026-07-31T09:40:16.969,227.515,53,open,ACTUATOR_ACTIVE,TRAJECTORY_RUNNING,24.0,69,12,0,-0.29,69,0,0.0,0.0,0.0,0.0,0.0,0.0
2026-07-31T09:40:17.572,228.109,54,close,ACTUATOR_ACTIVE,TRAJECTORY_RUNNING,24.0,69,16,46,5.1,69,0,0.0,0.0,0.0,0.0,0.0,0.0
2026-07-31T09:40:18.080,228.625,54,close,ACTUATOR_ACTIVE,TRAJECTORY_RUNNING,24.0,69,34,10,153.53,69,0,0.0,0.0,0.0,0.0,0.0,0.0
2026-07-31T09:40:18.576,229.125,54,close,ACTUATOR_ACTIVE,TRAJECTORY_RUNNING,24.0,69,35,1,166.59,69,0,0.0,0.0,0.0,0.0,0.0,0.0
2026-07-31T09:40:19.069,229.609,54,close,ACTUATOR_ACTIVE,TRAJECTORY_RUNNING,24.0,69,35,0,157.51,69,0,0.0,0.0,0.0,0.0,0.0,0.0
2026-07-31T09:40:19.684,230.218,54,open,ACTUATOR_ACTIVE,TRAJECTORY_RUNNING,24.0,70,35,-1,138.19,70,0,0.0,0.0,0.0,0.0,0.0,0.0
2026-07-31T09:40:20.195,230.734,54,open,ACTUATOR_ACTIVE,TRAJECTORY_RUNNING,24.0,70,22,-62,1.09,70,0,0.0,0.0,0.0,0.0,0.0,0.0
2026-07-31T09:40:20.691,231.234,54,open,ACTUATOR_ACTIVE,TRAJECTORY_COMPLETE,24.0,70,10,14,0.85,70,0,0.0,0.0,0.0,0.0,0.0,0.0
2026-07-31T09:40:21.188,231.734,54,open,ACTUATOR_ACTIVE,TRAJECTORY_COMPLETE,24.0,70,9,-1,-0.18,70,0,0.0,0.0,0.0,0.0,0.0,0.0
2026-07-31T09:40:21.792,232.328,55,close,ACTUATOR_ACTIVE,TRAJECTORY_RUNNING,24.0,70,10,27,4.37,70,0,0.0,0.0,0.0,0.0,0.0,0.0
2026-07-31T09:40:22.303,232.843,55,close,ACTUATOR_ACTIVE,TRAJECTORY_RUNNING,24.0,70,33,0,74.76,70,0,0.0,0.0,0.0,0.0,0.0,0.0
2026-07-31T09:40:22.802,233.343,55,close,ACTUATOR_ACTIVE,TRAJECTORY_RUNNING,24.0,70,33,0,51.33,70,0,0.0,0.0,0.0,0.0,0.0,0.0
2026-07-31T09:40:23.293,233.828,55,close,ACTUATOR_ACTIVE,TRAJECTORY_RUNNING,24.0,70,33,0,46.34,70,0,0.0,0.0,0.0,0.0,0.0,0.0
2026-07-31T09:40:23.910,234.453,55,open,ACTUATOR_ACTIVE,TRAJECTORY_RUNNING,24.0,67,33,-8,17.78,67,0,0.0,0.0,0.0,0.0,0.0,0.0
2026-07-31T09:40:24.402,234.937,55,open,ACTUATOR_ACTIVE,TRAJECTORY_RUNNING,24.0,67,10,-44,-1.11,67,0,0.0,0.0,0.0,0.0,0.0,0.0
2026-07-31T09:40:24.912,235.453,55,open,ACTUATOR_ACTIVE,TRAJECTORY_COMPLETE,24.0,67,9,-4,-0.69,67,0,0.0,0.0,0.0,0.0,0.0,0.0
2026-07-31T09:40:25.406,235.953,55,open,ACTUATOR_ACTIVE,TRAJECTORY_COMPLETE,24.0,67,10,1,0.53,67,0,0.0,0.0,0.0,0.0,0.0,0.0
2026-07-31T09:40:26.007,236.546,56,close,ACTUATOR_ACTIVE,TRAJECTORY_RUNNING,24.0,67,10,30,4.68,67,0,0.0,0.0,0.0,0.0,0.0,0.0
2026-07-31T09:40:26.517,237.062,56,close,ACTUATOR_ACTIVE,TRAJECTORY_RUNNING,24.0,67,33,0,73.58,67,0,0.0,0.0,0.0,0.0,0.0,0.0
2026-07-31T09:40:27.014,237.562,56,close,ACTUATOR_ACTIVE,TRAJECTORY_RUNNING,24.0,67,33,0,51.05,67,0,0.0,0.0,0.0,0.0,0.0,0.0
2026-07-31T09:40:27.510,238.046,56,close,ACTUATOR_ACTIVE,TRAJECTORY_RUNNING,24.0,67,33,0,47.38,70,0,0.0,0.0,0.0,0.0,0.0,0.0
2026-07-31T09:40:28.134,238.671,56,open,ACTUATOR_ACTIVE,TRAJECTORY_RUNNING,24.0,70,33,-9,18.07,70,0,0.0,0.0,0.0,0.0,0.0,0.0
2026-07-31T09:40:28.634,239.171,56,open,ACTUATOR_ACTIVE,TRAJECTORY_RUNNING,24.0,70,10,-40,-2.87,70,0,0.0,0.0,0.0,0.0,0.0,0.0
2026-07-31T09:40:29.131,239.671,56,open,ACTUATOR_ACTIVE,TRAJECTORY_RUNNING,24.0,70,9,-1,-1.92,70,0,0.0,0.0,0.0,0.0,0.0,0.0
2026-07-31T09:40:29.631,240.171,56,open,ACTUATOR_ACTIVE,TRAJECTORY_COMPLETE,24.0,70,9,0,-0.25,70,0,0.0,0.0,0.0,0.0,0.0,0.0
2026-07-31T09:40:30.237,240.781,57,close,ACTUATOR_ACTIVE,TRAJECTORY_RUNNING,24.0,70,10,26,5.33,70,0,0.0,0.0,0.0,0.0,0.0,0.0
2026-07-31T09:40:30.732,241.281,57,close,ACTUATOR_ACTIVE,TRAJECTORY_RUNNING,24.0,70,33,2,117.57,70,0,0.0,0.0,0.0,0.0,0.0,0.0
2026-07-31T09:40:31.228,241.765,57,close,ACTUATOR_ACTIVE,TRAJECTORY_RUNNING,24.0,70,35,0,160.07,70,0,0.0,0.0,0.0,0.0,0.0,0.0
2026-07-31T09:40:31.737,242.281,57,close,ACTUATOR_ACTIVE,TRAJECTORY_RUNNING,24.0,64,35,0,174.22,64,0,0.0,0.0,0.0,0.0,0.0,0.0
2026-07-31T09:40:32.338,242.875,57,open,ACTUATOR_ACTIVE,TRAJECTORY_RUNNING,24.0,64,35,0,129.17,64,0,0.0,0.0,0.0,0.0,0.0,0.0
2026-07-31T09:40:32.846,243.39,57,open,ACTUATOR_ACTIVE,TRAJECTORY_RUNNING,24.0,64,22,-62,2.07,64,0,0.0,0.0,0.0,0.0,0.0,0.0
2026-07-31T09:40:33.341,243.89,57,open,ACTUATOR_ACTIVE,TRAJECTORY_COMPLETE,24.0,64,10,18,1.64,64,0,0.0,0.0,0.0,0.0,0.0,0.0
2026-07-31T09:40:33.830,244.375,57,open,ACTUATOR_ACTIVE,TRAJECTORY_COMPLETE,24.0,64,9,1,0.09,64,0,0.0,0.0,0.0,0.0,0.0,0.0
2026-07-31T09:40:34.450,245.0,58,close,ACTUATOR_ACTIVE,TRAJECTORY_RUNNING,24.0,64,10,28,5.28,64,0,0.0,0.0,0.0,0.0,0.0,0.0
2026-07-31T09:40:34.942,245.484,58,close,ACTUATOR_ACTIVE,TRAJECTORY_RUNNING,24.0,64,33,0,77.22,64,0,0.0,0.0,0.0,0.0,0.0,0.0
2026-07-31T09:40:35.455,246.0,58,close,ACTUATOR_ACTIVE,TRAJECTORY_RUNNING,24.0,64,33,0,52.19,64,0,0.0,0.0,0.0,0.0,0.0,0.0
2026-07-31T09:40:35.950,246.5,58,close,ACTUATOR_ACTIVE,TRAJECTORY_RUNNING,24.0,67,33,0,50.87,67,0,0.0,0.0,0.0,0.0,0.0,0.0
2026-07-31T09:40:36.554,247.093,58,open,ACTUATOR_ACTIVE,TRAJECTORY_RUNNING,24.0,67,33,-9,17.99,67,0,0.0,0.0,0.0,0.0,0.0,0.0
2026-07-31T09:40:37.047,247.593,58,open,ACTUATOR_ACTIVE,TRAJECTORY_RUNNING,24.0,67,10,-41,-2.0,67,0,0.0,0.0,0.0,0.0,0.0,0.0
2026-07-31T09:40:37.540,248.078,58,open,ACTUATOR_ACTIVE,TRAJECTORY_COMPLETE,24.0,67,9,-11,-2.07,67,0,0.0,0.0,0.0,0.0,0.0,0.0
2026-07-31T09:40:38.051,248.593,58,open,ACTUATOR_ACTIVE,TRAJECTORY_COMPLETE,24.0,67,10,0,-0.38,67,0,0.0,0.0,0.0,0.0,0.0,0.0
2026-07-31T09:40:38.651,249.187,59,close,ACTUATOR_ACTIVE,TRAJECTORY_RUNNING,24.0,67,10,26,5.94,67,0,0.0,0.0,0.0,0.0,0.0,0.0
2026-07-31T09:40:39.164,249.703,59,close,ACTUATOR_ACTIVE,TRAJECTORY_RUNNING,24.0,67,33,0,78.09,67,0,0.0,0.0,0.0,0.0,0.0,0.0
2026-07-31T09:40:39.654,250.203,59,close,ACTUATOR_ACTIVE,TRAJECTORY_RUNNING,24.0,60,33,0,48.03,60,0,0.0,0.0,0.0,0.0,0.0,0.0
2026-07-31T09:40:40.146,250.687,59,close,ACTUATOR_ACTIVE,TRAJECTORY_RUNNING,24.0,60,33,0,49.29,60,0,0.0,0.0,0.0,0.0,0.0,0.0
2026-07-31T09:40:40.763,251.312,59,open,ACTUATOR_ACTIVE,TRAJECTORY_RUNNING,24.0,60,33,-10,18.47,60,0,0.0,0.0,0.0,0.0,0.0,0.0
2026-07-31T09:40:41.254,251.796,59,open,ACTUATOR_ACTIVE,TRAJECTORY_RUNNING,24.0,60,9,-35,-3.67,60,0,0.0,0.0,0.0,0.0,0.0,0.0
2026-07-31T09:40:41.762,252.296,59,open,ACTUATOR_ACTIVE,TRAJECTORY_RUNNING,24.0,60,7,-16,-2.65,60,0,0.0,0.0,0.0,0.0,0.0,0.0
2026-07-31T09:40:42.269,252.812,59,open,ACTUATOR_ACTIVE,TRAJECTORY_RUNNING,24.0,60,8,-44,-1.67,60,0,0.0,0.0,0.0,0.0,0.0,0.0
2026-07-31T09:40:42.874,253.421,60,close,ACTUATOR_ACTIVE,TRAJECTORY_RUNNING,24.0,60,16,0,-0.36,60,0,0.0,0.0,0.0,0.0,0.0,0.0
2026-07-31T09:40:43.369,253.906,60,close,ACTUATOR_ACTIVE,TRAJECTORY_RUNNING,24.0,60,33,0,75.67,60,0,0.0,0.0,0.0,0.0,0.0,0.0
2026-07-31T09:40:43.876,254.421,60,close,ACTUATOR_ACTIVE,TRAJECTORY_RUNNING,24.0,66,33,0,50.33,66,0,0.0,0.0,0.0,0.0,0.0,0.0
2026-07-31T09:40:44.367,254.906,60,close,ACTUATOR_ACTIVE,TRAJECTORY_RUNNING,24.0,66,33,0,52.62,66,0,0.0,0.0,0.0,0.0,0.0,0.0
2026-07-31T09:40:44.984,255.531,60,open,ACTUATOR_ACTIVE,TRAJECTORY_RUNNING,24.0,66,33,-9,17.39,66,0,0.0,0.0,0.0,0.0,0.0,0.0
2026-07-31T09:40:45.478,256.015,60,open,ACTUATOR_ACTIVE,TRAJECTORY_RUNNING,24.0,66,10,-45,-2.56,66,0,0.0,0.0,0.0,0.0,0.0,0.0
2026-07-31T09:40:45.988,256.531,60,open,ACTUATOR_ACTIVE,TRAJECTORY_COMPLETE,24.0,66,9,-5,-0.94,66,0,0.0,0.0,0.0,0.0,0.0,0.0
2026-07-31T09:40:46.483,257.031,60,open,ACTUATOR_ACTIVE,TRAJECTORY_COMPLETE,24.0,66,9,0,-0.72,66,0,0.0,0.0,0.0,0.0,0.0,0.0
2026-07-31T09:40:47.087,257.625,61,close,ACTUATOR_ACTIVE,TRAJECTORY_RUNNING,24.0,66,11,29,3.58,66,0,0.0,0.0,0.0,0.0,0.0,0.0
2026-07-31T09:40:47.600,258.14,61,close,ACTUATOR_ACTIVE,TRAJECTORY_RUNNING,24.0,67,33,2,109.61,67,0,0.0,0.0,0.0,0.0,0.0,0.0
2026-07-31T09:40:48.094,258.64,61,close,ACTUATOR_ACTIVE,TRAJECTORY_RUNNING,24.0,67,35,0,165.41,67,0,0.0,0.0,0.0,0.0,0.0,0.0
2026-07-31T09:40:48.591,259.14,61,close,ACTUATOR_ACTIVE,TRAJECTORY_RUNNING,24.0,67,35,0,172.0,67,0,0.0,0.0,0.0,0.0,0.0,0.0
2026-07-31T09:40:49.195,259.734,61,open,ACTUATOR_ACTIVE,TRAJECTORY_RUNNING,24.0,67,35,0,121.9,67,0,0.0,0.0,0.0,0.0,0.0,0.0
2026-07-31T09:40:49.693,260.234,61,open,ACTUATOR_ACTIVE,TRAJECTORY_RUNNING,24.0,67,22,-63,-2.22,67,0,0.0,0.0,0.0,0.0,0.0,0.0
2026-07-31T09:40:50.188,260.734,61,open,ACTUATOR_ACTIVE,TRAJECTORY_COMPLETE,24.0,67,10,17,2.07,67,0,0.0,0.0,0.0,0.0,0.0,0.0
2026-07-31T09:40:50.684,261.218,61,open,ACTUATOR_ACTIVE,TRAJECTORY_COMPLETE,24.0,67,9,0,-0.37,67,0,0.0,0.0,0.0,0.0,0.0,0.0
2026-07-31T09:40:51.303,261.843,62,close,ACTUATOR_ACTIVE,TRAJECTORY_RUNNING,24.0,67,10,31,4.13,67,0,0.0,0.0,0.0,0.0,0.0,0.0
2026-07-31T09:40:51.815,262.359,62,close,ACTUATOR_ACTIVE,TRAJECTORY_RUNNING,24.0,65,33,0,73.62,65,0,0.0,0.0,0.0,0.0,0.0,0.0
2026-07-31T09:40:52.307,262.843,62,close,ACTUATOR_ACTIVE,TRAJECTORY_RUNNING,24.0,65,33,0,46.88,65,0,0.0,0.0,0.0,0.0,0.0,0.0
2026-07-31T09:40:52.816,263.359,62,close,ACTUATOR_ACTIVE,TRAJECTORY_RUNNING,24.0,65,33,0,47.5,65,0,0.0,0.0,0.0,0.0,0.0,0.0
2026-07-31T09:40:53.418,263.953,62,open,ACTUATOR_ACTIVE,TRAJECTORY_RUNNING,24.0,65,33,-9,18.06,65,0,0.0,0.0,0.0,0.0,0.0,0.0
2026-07-31T09:40:53.924,264.468,62,open,ACTUATOR_ACTIVE,TRAJECTORY_COMPLETE,24.0,65,9,-37,-1.11,65,0,0.0,0.0,0.0,0.0,0.0,0.0
2026-07-31T09:40:54.421,264.968,62,open,ACTUATOR_ACTIVE,TRAJECTORY_COMPLETE,24.0,65,9,-4,-1.37,65,0,0.0,0.0,0.0,0.0,0.0,0.0
2026-07-31T09:40:54.913,265.453,62,open,ACTUATOR_ACTIVE,TRAJECTORY_COMPLETE,24.0,65,10,0,0.04,65,0,0.0,0.0,0.0,0.0,0.0,0.0
2026-07-31T09:40:55.538,266.078,63,close,ACTUATOR_ACTIVE,TRAJECTORY_RUNNING,24.0,60,11,29,4.11,60,0,0.0,0.0,0.0,0.0,0.0,0.0
2026-07-31T09:40:56.034,266.578,63,close,ACTUATOR_ACTIVE,TRAJECTORY_RUNNING,24.0,60,33,0,127.86,60,0,0.0,0.0,0.0,0.0,0.0,0.0
2026-07-31T09:40:56.522,267.062,63,close,ACTUATOR_ACTIVE,TRAJECTORY_RUNNING,24.0,60,35,0,162.62,60,0,0.0,0.0,0.0,0.0,0.0,0.0
2026-07-31T09:40:57.034,267.578,63,close,ACTUATOR_ACTIVE,TRAJECTORY_RUNNING,24.0,60,35,0,163.86,60,0,0.0,0.0,0.0,0.0,0.0,0.0
2026-07-31T09:40:57.638,268.187,63,open,ACTUATOR_ACTIVE,TRAJECTORY_RUNNING,24.0,60,35,-1,116.51,60,0,0.0,0.0,0.0,0.0,0.0,0.0
2026-07-31T09:40:58.135,268.671,63,open,ACTUATOR_ACTIVE,TRAJECTORY_RUNNING,24.0,60,23,-63,-0.5,60,0,0.0,0.0,0.0,0.0,0.0,0.0
2026-07-31T09:40:58.649,269.187,63,open,ACTUATOR_ACTIVE,TRAJECTORY_COMPLETE,24.0,60,10,13,1.96,60,0,0.0,0.0,0.0,0.0,0.0,0.0
2026-07-31T09:40:59.145,269.687,63,open,ACTUATOR_ACTIVE,TRAJECTORY_COMPLETE,24.0,60,9,1,-1.05,60,0,0.0,0.0,0.0,0.0,0.0,0.0
2026-07-31T09:40:59.750,270.296,64,close,ACTUATOR_ACTIVE,TRAJECTORY_RUNNING,24.0,67,10,23,6.13,67,0,0.0,0.0,0.0,0.0,0.0,0.0
2026-07-31T09:41:00.246,270.781,64,close,ACTUATOR_ACTIVE,TRAJECTORY_RUNNING,24.0,67,33,0,86.59,67,0,0.0,0.0,0.0,0.0,0.0,0.0
2026-07-31T09:41:00.754,271.296,64,close,ACTUATOR_ACTIVE,TRAJECTORY_RUNNING,24.0,67,33,0,50.84,67,0,0.0,0.0,0.0,0.0,0.0,0.0
2026-07-31T09:41:01.245,271.781,64,close,ACTUATOR_ACTIVE,TRAJECTORY_RUNNING,24.0,67,33,0,48.79,67,0,0.0,0.0,0.0,0.0,0.0,0.0
2026-07-31T09:41:01.866,272.406,64,open,ACTUATOR_ACTIVE,TRAJECTORY_RUNNING,24.0,67,33,-10,18.3,67,0,0.0,0.0,0.0,0.0,0.0,0.0
2026-07-31T09:41:02.374,272.921,64,open,ACTUATOR_ACTIVE,TRAJECTORY_RUNNING,24.0,67,9,-36,-1.38,67,0,0.0,0.0,0.0,0.0,0.0,0.0
2026-07-31T09:41:02.865,273.406,64,open,ACTUATOR_ACTIVE,TRAJECTORY_RUNNING,24.0,67,9,-1,-1.66,67,0,0.0,0.0,0.0,0.0,0.0,0.0
2026-07-31T09:41:03.377,273.921,64,open,ACTUATOR_ACTIVE,TRAJECTORY_COMPLETE,24.0,67,10,0,-0.43,67,0,0.0,0.0,0.0,0.0,0.0,0.0
2026-07-31T09:41:03.980,274.515,65,close,ACTUATOR_ACTIVE,TRAJECTORY_RUNNING,24.0,65,10,27,4.4,65,0,0.0,0.0,0.0,0.0,0.0,0.0
2026-07-31T09:41:04.489,275.031,65,close,ACTUATOR_ACTIVE,TRAJECTORY_RUNNING,24.0,65,33,1,114.56,65,0,0.0,0.0,0.0,0.0,0.0,0.0
2026-07-31T09:41:04.982,275.531,65,close,ACTUATOR_ACTIVE,TRAJECTORY_RUNNING,24.0,65,35,0,166.01,65,0,0.0,0.0,0.0,0.0,0.0,0.0
2026-07-31T09:41:05.479,276.015,65,close,ACTUATOR_ACTIVE,TRAJECTORY_RUNNING,24.0,65,35,0,169.16,65,0,0.0,0.0,0.0,0.0,0.0,0.0
2026-07-31T09:41:06.104,276.64,65,open,ACTUATOR_ACTIVE,TRAJECTORY_RUNNING,24.0,65,35,-1,119.93,65,0,0.0,0.0,0.0,0.0,0.0,0.0
2026-07-31T09:41:06.617,277.156,65,open,ACTUATOR_ACTIVE,TRAJECTORY_RUNNING,24.0,65,21,-64,-0.85,65,0,0.0,0.0,0.0,0.0,0.0,0.0
2026-07-31T09:41:07.113,277.656,65,open,ACTUATOR_ACTIVE,TRAJECTORY_RUNNING,24.0,65,10,14,2.46,65,0,0.0,0.0,0.0,0.0,0.0,0.0
2026-07-31T09:41:07.604,278.14,65,open,ACTUATOR_ACTIVE,TRAJECTORY_COMPLETE,24.0,64,9,0,0.12,64,0,0.0,0.0,0.0,0.0,0.0,0.0
2026-07-31T09:41:08.216,278.765,66,close,ACTUATOR_ACTIVE,TRAJECTORY_RUNNING,24.0,64,10,27,4.88,64,0,0.0,0.0,0.0,0.0,0.0,0.0
2026-07-31T09:41:08.713,279.25,66,close,ACTUATOR_ACTIVE,TRAJECTORY_RUNNING,24.0,64,33,0,120.89,64,0,0.0,0.0,0.0,0.0,0.0,0.0
2026-07-31T09:41:09.223,279.765,66,close,ACTUATOR_ACTIVE,TRAJECTORY_RUNNING,24.0,64,35,0,158.25,64,0,0.0,0.0,0.0,0.0,0.0,0.0
2026-07-31T09:41:09.719,280.265,66,close,ACTUATOR_ACTIVE,TRAJECTORY_RUNNING,24.0,64,35,0,160.09,64,0,0.0,0.0,0.0,0.0,0.0,0.0
2026-07-31T09:41:10.324,280.859,66,open,ACTUATOR_ACTIVE,TRAJECTORY_RUNNING,24.0,64,35,0,125.61,64,0,0.0,0.0,0.0,0.0,0.0,0.0
2026-07-31T09:41:10.834,281.375,66,open,ACTUATOR_ACTIVE,TRAJECTORY_RUNNING,24.0,64,22,-64,-1.88,64,0,0.0,0.0,0.0,0.0,0.0,0.0
2026-07-31T09:41:11.327,281.875,66,open,ACTUATOR_ACTIVE,TRAJECTORY_COMPLETE,24.0,64,10,18,1.62,64,0,0.0,0.0,0.0,0.0,0.0,0.0
2026-07-31T09:41:11.824,282.359,66,open,ACTUATOR_ACTIVE,TRAJECTORY_COMPLETE,24.0,62,9,1,-0.45,62,0,0.0,0.0,0.0,0.0,0.0,0.0
2026-07-31T09:41:12.441,282.984,67,close,ACTUATOR_ACTIVE,TRAJECTORY_RUNNING,24.0,62,11,31,4.14,62,0,0.0,0.0,0.0,0.0,0.0,0.0
2026-07-31T09:41:12.951,283.5,67,close,ACTUATOR_ACTIVE,TRAJECTORY_RUNNING,24.0,62,33,10,103.01,62,0,0.0,0.0,0.0,0.0,0.0,0.0
2026-07-31T09:41:13.439,283.984,67,close,ACTUATOR_ACTIVE,TRAJECTORY_RUNNING,24.0,62,35,0,169.37,62,0,0.0,0.0,0.0,0.0,0.0,0.0
2026-07-31T09:41:13.946,284.484,67,close,ACTUATOR_ACTIVE,TRAJECTORY_RUNNING,24.0,62,35,-1,179.13,62,0,0.0,0.0,0.0,0.0,0.0,0.0
2026-07-31T09:41:14.567,285.109,67,open,ACTUATOR_ACTIVE,TRAJECTORY_RUNNING,24.0,62,35,0,129.45,62,0,0.0,0.0,0.0,0.0,0.0,0.0
2026-07-31T09:41:15.058,285.593,67,open,ACTUATOR_ACTIVE,TRAJECTORY_RUNNING,24.0,62,23,-61,-2.74,62,0,0.0,0.0,0.0,0.0,0.0,0.0
2026-07-31T09:41:15.573,286.109,67,open,ACTUATOR_ACTIVE,TRAJECTORY_COMPLETE,24.0,65,10,16,2.3,65,0,0.0,0.0,0.0,0.0,0.0,0.0
2026-07-31T09:41:16.063,286.609,67,open,ACTUATOR_ACTIVE,TRAJECTORY_COMPLETE,24.0,65,9,0,-0.65,65,0,0.0,0.0,0.0,0.0,0.0,0.0
2026-07-31T09:41:16.669,287.218,68,close,ACTUATOR_ACTIVE,TRAJECTORY_RUNNING,24.0,65,11,28,4.91,65,0,0.0,0.0,0.0,0.0,0.0,0.0
2026-07-31T09:41:17.165,287.703,68,close,ACTUATOR_ACTIVE,TRAJECTORY_RUNNING,24.0,65,33,0,80.62,65,0,0.0,0.0,0.0,0.0,0.0,0.0
2026-07-31T09:41:17.677,288.218,68,close,ACTUATOR_ACTIVE,TRAJECTORY_RUNNING,24.0,65,33,0,48.39,65,0,0.0,0.0,0.0,0.0,0.0,0.0
2026-07-31T09:41:18.168,288.703,68,close,ACTUATOR_ACTIVE,TRAJECTORY_RUNNING,24.0,65,33,0,52.33,65,0,0.0,0.0,0.0,0.0,0.0,0.0
2026-07-31T09:41:18.780,289.328,68,open,ACTUATOR_ACTIVE,TRAJECTORY_RUNNING,24.0,65,33,-8,18.93,65,0,0.0,0.0,0.0,0.0,0.0,0.0
2026-07-31T09:41:19.276,289.812,68,open,ACTUATOR_ACTIVE,TRAJECTORY_COMPLETE,24.0,65,9,-37,-3.75,65,0,0.0,0.0,0.0,0.0,0.0,0.0
2026-07-31T09:41:19.783,290.328,68,open,ACTUATOR_ACTIVE,TRAJECTORY_RUNNING,24.0,67,7,-20,-3.31,67,0,0.0,0.0,0.0,0.0,0.0,0.0
2026-07-31T09:41:20.273,290.812,68,open,ACTUATOR_ACTIVE,TRAJECTORY_RUNNING,24.0,67,10,-48,-4.2,67,0,0.0,0.0,0.0,0.0,0.0,0.0
2026-07-31T09:41:20.887,291.421,69,close,ACTUATOR_ACTIVE,TRAJECTORY_RUNNING,24.0,67,18,15,3.41,67,0,0.0,0.0,0.0,0.0,0.0,0.0
2026-07-31T09:41:21.394,291.937,69,close,ACTUATOR_ACTIVE,TRAJECTORY_RUNNING,24.0,67,33,0,63.28,67,0,0.0,0.0,0.0,0.0,0.0,0.0
2026-07-31T09:41:21.885,292.421,69,close,ACTUATOR_ACTIVE,TRAJECTORY_RUNNING,24.0,67,33,0,49.19,67,0,0.0,0.0,0.0,0.0,0.0,0.0
2026-07-31T09:41:22.394,292.937,69,close,ACTUATOR_ACTIVE,TRAJECTORY_RUNNING,24.0,67,33,0,51.95,67,0,0.0,0.0,0.0,0.0,0.0,0.0
2026-07-31T09:41:23.000,293.546,69,open,ACTUATOR_ACTIVE,TRAJECTORY_RUNNING,24.0,67,33,-10,17.51,67,0,0.0,0.0,0.0,0.0,0.0,0.0
2026-07-31T09:41:23.494,294.031,69,open,ACTUATOR_ACTIVE,TRAJECTORY_RUNNING,24.0,67,10,-43,-3.8,67,0,0.0,0.0,0.0,0.0,0.0,0.0
2026-07-31T09:41:24.000,294.546,69,open,ACTUATOR_ACTIVE,TRAJECTORY_RUNNING,24.0,69,9,-1,-1.56,69,0,0.0,0.0,0.0,0.0,0.0,0.0
2026-07-31T09:41:24.491,295.031,69,open,ACTUATOR_ACTIVE,TRAJECTORY_COMPLETE,24.0,69,10,0,0.12,69,0,0.0,0.0,0.0,0.0,0.0,0.0
2026-07-31T09:41:25.107,295.656,70,close,ACTUATOR_ACTIVE,TRAJECTORY_RUNNING,24.0,69,10,26,4.71,69,0,0.0,0.0,0.0,0.0,0.0,0.0
2026-07-31T09:41:25.600,296.14,70,close,ACTUATOR_ACTIVE,TRAJECTORY_RUNNING,24.0,69,33,0,78.23,69,0,0.0,0.0,0.0,0.0,0.0,0.0
2026-07-31T09:41:26.111,296.656,70,close,ACTUATOR_ACTIVE,TRAJECTORY_RUNNING,24.0,69,33,0,50.61,69,0,0.0,0.0,0.0,0.0,0.0,0.0
2026-07-31T09:41:26.605,297.14,70,close,ACTUATOR_ACTIVE,TRAJECTORY_STOPPED,24.0,69,33,0,50.1,69,0,0.0,0.0,0.0,0.0,0.0,0.0
2026-07-31T09:41:27.225,297.765,70,open,ACTUATOR_ACTIVE,TRAJECTORY_RUNNING,24.0,69,33,-9,17.98,69,0,0.0,0.0,0.0,0.0,0.0,0.0
2026-07-31T09:41:27.720,298.265,70,open,ACTUATOR_ACTIVE,TRAJECTORY_RUNNING,24.0,63,10,-40,-2.69,63,0,0.0,0.0,0.0,0.0,0.0,0.0
2026-07-31T09:41:28.220,298.765,70,open,ACTUATOR_ACTIVE,TRAJECTORY_COMPLETE,24.0,63,9,-3,-1.37,63,0,0.0,0.0,0.0,0.0,0.0,0.0
2026-07-31T09:41:28.718,299.265,70,open,ACTUATOR_ACTIVE,TRAJECTORY_COMPLETE,24.0,63,9,0,-0.04,63,0,0.0,0.0,0.0,0.0,0.0,0.0
2026-07-31T09:41:29.321,299.859,71,close,ACTUATOR_ACTIVE,TRAJECTORY_RUNNING,24.0,63,10,27,3.14,63,0,0.0,0.0,0.0,0.0,0.0,0.0
2026-07-31T09:41:29.833,300.375,71,close,ACTUATOR_ACTIVE,TRAJECTORY_RUNNING,24.0,63,33,0,81.87,63,0,0.0,0.0,0.0,0.0,0.0,0.0
2026-07-31T09:41:30.332,300.875,71,close,ACTUATOR_ACTIVE,TRAJECTORY_RUNNING,24.0,63,33,0,50.69,63,0,0.0,0.0,0.0,0.0,0.0,0.0
2026-07-31T09:41:30.831,301.375,71,close,ACTUATOR_ACTIVE,TRAJECTORY_RUNNING,24.0,63,33,0,48.81,63,0,0.0,0.0,0.0,0.0,0.0,0.0
2026-07-31T09:41:31.440,301.984,71,open,ACTUATOR_ACTIVE,TRAJECTORY_RUNNING,24.0,63,33,-9,17.82,63,0,0.0,0.0,0.0,0.0,0.0,0.0
2026-07-31T09:41:31.938,302.484,71,open,ACTUATOR_ACTIVE,TRAJECTORY_RUNNING,24.0,67,10,-39,-3.61,67,0,0.0,0.0,0.0,0.0,0.0,0.0
2026-07-31T09:41:32.433,302.968,71,open,ACTUATOR_ACTIVE,TRAJECTORY_COMPLETE,24.0,67,9,-6,-0.17,67,0,0.0,0.0,0.0,0.0,0.0,0.0
2026-07-31T09:41:32.942,303.484,71,open,ACTUATOR_ACTIVE,TRAJECTORY_COMPLETE,24.0,67,10,0,2.03,67,0,0.0,0.0,0.0,0.0,0.0,0.0
2026-07-31T09:41:33.548,304.093,72,close,ACTUATOR_ACTIVE,TRAJECTORY_RUNNING,24.0,67,10,27,4.4,67,0,0.0,0.0,0.0,0.0,0.0,0.0
2026-07-31T09:41:34.045,304.593,72,close,ACTUATOR_ACTIVE,TRAJECTORY_RUNNING,24.0,67,33,2,116.09,67,0,0.0,0.0,0.0,0.0,0.0,0.0
2026-07-31T09:41:34.536,305.078,72,close,ACTUATOR_ACTIVE,TRAJECTORY_RUNNING,24.0,67,35,0,173.14,67,0,0.0,0.0,0.0,0.0,0.0,0.0
2026-07-31T09:41:35.043,305.578,72,close,ACTUATOR_ACTIVE,TRAJECTORY_RUNNING,24.0,67,35,1,175.52,67,0,0.0,0.0,0.0,0.0,0.0,0.0
2026-07-31T09:41:35.666,306.203,72,open,ACTUATOR_ACTIVE,TRAJECTORY_RUNNING,24.0,67,35,-1,123.0,67,0,0.0,0.0,0.0,0.0,0.0,0.0
2026-07-31T09:41:36.177,306.718,72,open,ACTUATOR_ACTIVE,TRAJECTORY_RUNNING,24.0,67,21,-64,-0.94,67,0,0.0,0.0,0.0,0.0,0.0,0.0
2026-07-31T09:41:36.671,307.218,72,open,ACTUATOR_ACTIVE,TRAJECTORY_COMPLETE,24.0,67,10,16,2.47,67,0,0.0,0.0,0.0,0.0,0.0,0.0
2026-07-31T09:41:37.166,307.703,72,open,ACTUATOR_ACTIVE,TRAJECTORY_COMPLETE,24.0,67,9,0,0.37,67,0,0.0,0.0,0.0,0.0,0.0,0.0
2026-07-31T09:41:37.781,308.328,73,close,ACTUATOR_ACTIVE,TRAJECTORY_RUNNING,24.0,67,10,23,6.06,67,0,0.0,0.0,0.0,0.0,0.0,0.0
2026-07-31T09:41:38.274,308.812,73,close,ACTUATOR_ACTIVE,TRAJECTORY_RUNNING,24.0,67,33,7,99.05,67,0,0.0,0.0,0.0,0.0,0.0,0.0
2026-07-31T09:41:38.780,309.328,73,close,ACTUATOR_ACTIVE,TRAJECTORY_RUNNING,24.0,67,35,0,174.24,67,0,0.0,0.0,0.0,0.0,0.0,0.0
2026-07-31T09:41:39.275,309.812,73,close,ACTUATOR_ACTIVE,TRAJECTORY_RUNNING,24.0,67,35,0,174.97,67,0,0.0,0.0,0.0,0.0,0.0,0.0
2026-07-31T09:41:39.891,310.437,73,open,ACTUATOR_ACTIVE,TRAJECTORY_RUNNING,24.0,63,35,0,122.97,63,0,0.0,0.0,0.0,0.0,0.0,0.0
2026-07-31T09:41:40.387,310.921,73,open,ACTUATOR_ACTIVE,TRAJECTORY_RUNNING,24.0,63,23,-64,-0.43,63,0,0.0,0.0,0.0,0.0,0.0,0.0
2026-07-31T09:41:40.899,311.437,73,open,ACTUATOR_ACTIVE,TRAJECTORY_COMPLETE,24.0,63,10,16,0.72,63,0,0.0,0.0,0.0,0.0,0.0,0.0
2026-07-31T09:41:41.393,311.937,73,open,ACTUATOR_ACTIVE,TRAJECTORY_COMPLETE,24.0,63,10,0,-1.55,63,0,0.0,0.0,0.0,0.0,0.0,0.0
2026-07-31T09:41:42.000,312.546,74,close,ACTUATOR_ACTIVE,TRAJECTORY_RUNNING,24.0,63,10,30,1.73,63,0,0.0,0.0,0.0,0.0,0.0,0.0
2026-07-31T09:41:42.498,313.046,74,close,ACTUATOR_ACTIVE,TRAJECTORY_RUNNING,24.0,63,33,0,77.49,63,0,0.0,0.0,0.0,0.0,0.0,0.0
2026-07-31T09:41:42.996,313.531,74,close,ACTUATOR_ACTIVE,TRAJECTORY_RUNNING,24.0,63,33,0,46.46,63,0,0.0,0.0,0.0,0.0,0.0,0.0
2026-07-31T09:41:43.505,314.046,74,close,ACTUATOR_ACTIVE,TRAJECTORY_RUNNING,24.0,63,33,0,51.49,66,0,0.0,0.0,0.0,0.0,0.0,0.0
2026-07-31T09:41:44.109,314.656,74,open,ACTUATOR_ACTIVE,TRAJECTORY_RUNNING,24.0,66,33,-9,17.3,66,0,0.0,0.0,0.0,0.0,0.0,0.0
2026-07-31T09:41:44.604,315.14,74,open,ACTUATOR_ACTIVE,TRAJECTORY_RUNNING,24.0,66,10,-41,-5.02,66,0,0.0,0.0,0.0,0.0,0.0,0.0
2026-07-31T09:41:45.114,315.656,74,open,ACTUATOR_ACTIVE,TRAJECTORY_RUNNING,24.0,66,9,0,-1.98,66,0,0.0,0.0,0.0,0.0,0.0,0.0
2026-07-31T09:41:45.612,316.156,74,open,ACTUATOR_ACTIVE,TRAJECTORY_COMPLETE,24.0,66,9,-1,-0.38,66,0,0.0,0.0,0.0,0.0,0.0,0.0
2026-07-31T09:41:46.213,316.75,75,close,ACTUATOR_ACTIVE,TRAJECTORY_RUNNING,24.0,66,10,28,6.1,66,0,0.0,0.0,0.0,0.0,0.0,0.0
2026-07-31T09:41:46.721,317.265,75,close,ACTUATOR_ACTIVE,TRAJECTORY_RUNNING,24.0,66,33,0,74.32,66,0,0.0,0.0,0.0,0.0,0.0,0.0
2026-07-31T09:41:47.215,317.75,75,close,ACTUATOR_ACTIVE,TRAJECTORY_RUNNING,24.0,66,33,0,52.23,66,0,0.0,0.0,0.0,0.0,0.0,0.0
2026-07-31T09:41:47.727,318.265,75,close,ACTUATOR_ACTIVE,TRAJECTORY_RUNNING,24.0,69,33,0,49.83,69,0,0.0,0.0,0.0,0.0,0.0,0.0
2026-07-31T09:41:48.330,318.875,75,open,ACTUATOR_ACTIVE,TRAJECTORY_RUNNING,24.0,69,33,-6,18.83,69,0,0.0,0.0,0.0,0.0,0.0,0.0
2026-07-31T09:41:48.825,319.375,75,open,ACTUATOR_ACTIVE,TRAJECTORY_RUNNING,24.0,69,10,-47,-2.05,69,0,0.0,0.0,0.0,0.0,0.0,0.0
2026-07-31T09:41:49.316,319.859,75,open,ACTUATOR_ACTIVE,TRAJECTORY_COMPLETE,24.0,69,9,-4,-1.56,69,0,0.0,0.0,0.0,0.0,0.0,0.0
2026-07-31T09:41:49.829,320.375,75,open,ACTUATOR_ACTIVE,TRAJECTORY_COMPLETE,24.0,69,9,0,-0.21,69,0,0.0,0.0,0.0,0.0,0.0,0.0
2026-07-31T09:41:50.435,320.984,76,close,ACTUATOR_ACTIVE,TRAJECTORY_RUNNING,24.0,69,10,30,3.61,69,0,0.0,0.0,0.0,0.0,0.0,0.0
2026-07-31T09:41:50.928,321.468,76,close,ACTUATOR_ACTIVE,TRAJECTORY_RUNNING,24.0,69,33,4,125.36,69,0,0.0,0.0,0.0,0.0,0.0,0.0
2026-07-31T09:41:51.437,321.984,76,close,ACTUATOR_ACTIVE,TRAJECTORY_RUNNING,24.0,69,35,0,172.33,69,0,0.0,0.0,0.0,0.0,0.0,0.0
2026-07-31T09:41:51.930,322.468,76,close,ACTUATOR_ACTIVE,TRAJECTORY_RUNNING,24.0,67,35,0,165.4,67,0,0.0,0.0,0.0,0.0,0.0,0.0
2026-07-31T09:41:52.550,323.093,76,open,ACTUATOR_ACTIVE,TRAJECTORY_RUNNING,24.0,67,35,0,124.61,67,0,0.0,0.0,0.0,0.0,0.0,0.0
2026-07-31T09:41:53.045,323.593,76,open,ACTUATOR_ACTIVE,TRAJECTORY_RUNNING,24.0,67,23,-62,0.88,67,0,0.0,0.0,0.0,0.0,0.0,0.0
2026-07-31T09:41:53.540,324.078,76,open,ACTUATOR_ACTIVE,TRAJECTORY_COMPLETE,24.0,67,10,16,1.32,67,0,0.0,0.0,0.0,0.0,0.0,0.0
2026-07-31T09:41:54.052,324.593,76,open,ACTUATOR_ACTIVE,TRAJECTORY_COMPLETE,24.0,67,9,0,-0.03,67,0,0.0,0.0,0.0,0.0,0.0,0.0
2026-07-31T09:41:54.654,325.203,77,close,ACTUATOR_ACTIVE,TRAJECTORY_RUNNING,24.0,67,10,27,4.58,67,0,0.0,0.0,0.0,0.0,0.0,0.0
2026-07-31T09:41:55.148,325.687,77,close,ACTUATOR_ACTIVE,TRAJECTORY_RUNNING,24.0,67,33,0,122.23,67,0,0.0,0.0,0.0,0.0,0.0,0.0
2026-07-31T09:41:55.656,326.203,77,close,ACTUATOR_ACTIVE,TRAJECTORY_RUNNING,24.0,67,35,0,168.19,67,0,0.0,0.0,0.0,0.0,0.0,0.0
2026-07-31T09:41:56.147,326.687,77,close,ACTUATOR_ACTIVE,TRAJECTORY_RUNNING,24.0,67,35,0,170.03,67,0,0.0,0.0,0.0,0.0,0.0,0.0
2026-07-31T09:41:56.764,327.312,77,open,ACTUATOR_ACTIVE,TRAJECTORY_RUNNING,24.0,67,35,0,126.93,67,0,0.0,0.0,0.0,0.0,0.0,0.0
2026-07-31T09:41:57.255,327.796,77,open,ACTUATOR_ACTIVE,TRAJECTORY_RUNNING,24.0,67,22,-64,0.51,67,0,0.0,0.0,0.0,0.0,0.0,0.0
2026-07-31T09:41:57.766,328.312,77,open,ACTUATOR_ACTIVE,TRAJECTORY_RUNNING,24.0,67,11,0,0.34,67,0,0.0,0.0,0.0,0.0,0.0,0.0
2026-07-31T09:41:58.262,328.796,77,open,ACTUATOR_ACTIVE,TRAJECTORY_RUNNING,24.0,67,11,-5,-3.22,67,0,0.0,0.0,0.0,0.0,0.0,0.0
2026-07-31T09:41:58.888,329.437,78,close,ACTUATOR_ACTIVE,TRAJECTORY_RUNNING,24.0,67,13,3,1.01,67,0,0.0,0.0,0.0,0.0,0.0,0.0
2026-07-31T09:41:59.387,329.921,78,close,ACTUATOR_ACTIVE,TRAJECTORY_RUNNING,24.0,67,33,0,111.42,67,0,0.0,0.0,0.0,0.0,0.0,0.0
2026-07-31T09:41:59.900,330.437,78,close,ACTUATOR_ACTIVE,TRAJECTORY_RUNNING,24.0,62,35,0,169.32,62,0,0.0,0.0,0.0,0.0,0.0,0.0
2026-07-31T09:42:00.394,330.937,78,close,ACTUATOR_ACTIVE,TRAJECTORY_RUNNING,24.0,62,35,0,166.5,62,0,0.0,0.0,0.0,0.0,0.0,0.0
2026-07-31T09:42:00.999,331.546,78,open,ACTUATOR_ACTIVE,TRAJECTORY_RUNNING,24.0,62,35,0,120.94,62,0,0.0,0.0,0.0,0.0,0.0,0.0
2026-07-31T09:42:01.496,332.031,78,open,ACTUATOR_ACTIVE,TRAJECTORY_RUNNING,24.0,62,23,-61,-1.37,62,0,0.0,0.0,0.0,0.0,0.0,0.0
2026-07-31T09:42:02.009,332.546,78,open,ACTUATOR_ACTIVE,TRAJECTORY_COMPLETE,24.0,62,10,15,2.75,62,0,0.0,0.0,0.0,0.0,0.0,0.0
2026-07-31T09:42:02.503,333.046,78,open,ACTUATOR_ACTIVE,TRAJECTORY_COMPLETE,24.0,62,9,0,0.24,62,0,0.0,0.0,0.0,0.0,0.0,0.0
2026-07-31T09:42:03.109,333.656,79,close,ACTUATOR_ACTIVE,TRAJECTORY_RUNNING,24.0,62,11,32,4.91,62,0,0.0,0.0,0.0,0.0,0.0,0.0
2026-07-31T09:42:03.599,334.14,79,close,ACTUATOR_ACTIVE,TRAJECTORY_RUNNING,24.0,64,33,2,115.18,64,0,0.0,0.0,0.0,0.0,0.0,0.0
2026-07-31T09:42:04.111,334.656,79,close,ACTUATOR_ACTIVE,TRAJECTORY_RUNNING,24.0,64,35,0,170.39,64,0,0.0,0.0,0.0,0.0,0.0,0.0
2026-07-31T09:42:04.606,335.14,79,close,ACTUATOR_ACTIVE,TRAJECTORY_RUNNING,24.0,64,35,0,168.68,64,0,0.0,0.0,0.0,0.0,0.0,0.0
2026-07-31T09:42:05.225,335.765,79,open,ACTUATOR_ACTIVE,TRAJECTORY_RUNNING,24.0,64,35,0,121.89,64,0,0.0,0.0,0.0,0.0,0.0,0.0
2026-07-31T09:42:05.735,336.281,79,open,ACTUATOR_ACTIVE,TRAJECTORY_RUNNING,24.0,64,22,-66,2.35,64,0,0.0,0.0,0.0,0.0,0.0,0.0
2026-07-31T09:42:06.231,336.765,79,open,ACTUATOR_ACTIVE,TRAJECTORY_COMPLETE,24.0,64,10,18,2.02,64,0,0.0,0.0,0.0,0.0,0.0,0.0
2026-07-31T09:42:06.743,337.281,79,open,ACTUATOR_ACTIVE,TRAJECTORY_COMPLETE,24.0,64,9,0,-0.06,64,0,0.0,0.0,0.0,0.0,0.0,0.0
2026-07-31T09:42:07.347,337.89,80,close,ACTUATOR_ACTIVE,TRAJECTORY_RUNNING,24.0,64,10,22,5.02,64,0,0.0,0.0,0.0,0.0,0.0,0.0
2026-07-31T09:42:07.846,338.39,80,close,ACTUATOR_ACTIVE,TRAJECTORY_RUNNING,24.0,63,33,1,118.32,63,0,0.0,0.0,0.0,0.0,0.0,0.0
2026-07-31T09:42:08.339,338.875,80,close,ACTUATOR_ACTIVE,TRAJECTORY_RUNNING,24.0,63,35,0,167.52,63,0,0.0,0.0,0.0,0.0,0.0,0.0
2026-07-31T09:42:08.846,339.39,80,close,ACTUATOR_ACTIVE,TRAJECTORY_RUNNING,24.0,63,35,-1,172.32,63,0,0.0,0.0,0.0,0.0,0.0,0.0
2026-07-31T09:42:09.457,340.0,80,open,ACTUATOR_ACTIVE,TRAJECTORY_RUNNING,24.0,63,35,0,125.74,63,0,0.0,0.0,0.0,0.0,0.0,0.0
2026-07-31T09:42:09.950,340.5,80,open,ACTUATOR_ACTIVE,TRAJECTORY_RUNNING,24.0,63,22,-64,-1.97,63,0,0.0,0.0,0.0,0.0,0.0,0.0
2026-07-31T09:42:10.444,340.984,80,open,ACTUATOR_ACTIVE,TRAJECTORY_COMPLETE,24.0,63,10,19,3.52,63,0,0.0,0.0,0.0,0.0,0.0,0.0
2026-07-31T09:42:10.953,341.5,80,open,ACTUATOR_ACTIVE,TRAJECTORY_COMPLETE,24.0,63,10,0,-0.27,63,0,0.0,0.0,0.0,0.0,0.0,0.0
2026-07-31T09:42:11.552,342.093,81,close,ACTUATOR_ACTIVE,TRAJECTORY_RUNNING,24.0,66,10,30,3.86,66,0,0.0,0.0,0.0,0.0,0.0,0.0
2026-07-31T09:42:12.064,342.609,81,close,ACTUATOR_ACTIVE,TRAJECTORY_RUNNING,24.0,66,33,0,76.54,66,0,0.0,0.0,0.0,0.0,0.0,0.0
2026-07-31T09:42:12.557,343.093,81,close,ACTUATOR_ACTIVE,TRAJECTORY_RUNNING,24.0,66,33,0,51.1,66,0,0.0,0.0,0.0,0.0,0.0,0.0
2026-07-31T09:42:13.067,343.609,81,close,ACTUATOR_ACTIVE,TRAJECTORY_RUNNING,24.0,66,33,0,48.66,66,0,0.0,0.0,0.0,0.0,0.0,0.0
2026-07-31T09:42:13.671,344.218,81,open,ACTUATOR_ACTIVE,TRAJECTORY_RUNNING,24.0,66,33,-10,18.28,66,0,0.0,0.0,0.0,0.0,0.0,0.0
2026-07-31T09:42:14.165,344.703,81,open,ACTUATOR_ACTIVE,TRAJECTORY_RUNNING,24.0,66,10,-41,-3.43,66,0,0.0,0.0,0.0,0.0,0.0,0.0
2026-07-31T09:42:14.676,345.218,81,open,ACTUATOR_ACTIVE,TRAJECTORY_COMPLETE,24.0,66,9,0,-1.35,66,0,0.0,0.0,0.0,0.0,0.0,0.0
2026-07-31T09:42:15.171,345.718,81,open,ACTUATOR_ACTIVE,TRAJECTORY_COMPLETE,24.0,66,9,1,-0.36,66,0,0.0,0.0,0.0,0.0,0.0,0.0
2026-07-31T09:42:15.771,346.312,82,close,ACTUATOR_ACTIVE,TRAJECTORY_RUNNING,24.0,65,10,22,4.15,65,0,0.0,0.0,0.0,0.0,0.0,0.0
2026-07-31T09:42:16.279,346.828,82,close,ACTUATOR_ACTIVE,TRAJECTORY_RUNNING,24.0,65,33,1,121.96,65,0,0.0,0.0,0.0,0.0,0.0,0.0
2026-07-31T09:42:16.771,347.312,82,close,ACTUATOR_ACTIVE,TRAJECTORY_RUNNING,24.0,65,35,0,172.9,65,0,0.0,0.0,0.0,0.0,0.0,0.0
2026-07-31T09:42:17.279,347.828,82,close,ACTUATOR_ACTIVE,TRAJECTORY_RUNNING,24.0,65,35,0,168.4,65,0,0.0,0.0,0.0,0.0,0.0,0.0
2026-07-31T09:42:17.881,348.421,82,open,ACTUATOR_ACTIVE,TRAJECTORY_RUNNING,24.0,65,35,1,128.99,65,0,0.0,0.0,0.0,0.0,0.0,0.0
2026-07-31T09:42:18.391,348.937,82,open,ACTUATOR_ACTIVE,TRAJECTORY_RUNNING,24.0,65,21,-66,-1.67,65,0,0.0,0.0,0.0,0.0,0.0,0.0
2026-07-31T09:42:18.886,349.421,82,open,ACTUATOR_ACTIVE,TRAJECTORY_RUNNING,24.0,65,11,-1,-0.4,65,0,0.0,0.0,0.0,0.0,0.0,0.0
2026-07-31T09:42:19.397,349.937,82,open,ACTUATOR_ACTIVE,TRAJECTORY_COMPLETE,24.0,65,10,-22,-2.85,65,0,0.0,0.0,0.0,0.0,0.0,0.0
2026-07-31T09:42:19.994,350.531,83,close,ACTUATOR_ACTIVE,TRAJECTORY_RUNNING,24.0,72,7,1,0.7,72,0,0.0,0.0,0.0,0.0,0.0,0.0
2026-07-31T09:42:20.507,351.046,83,close,ACTUATOR_ACTIVE,TRAJECTORY_RUNNING,24.0,72,33,12,93.36,72,0,0.0,0.0,0.0,0.0,0.0,0.0
2026-07-31T09:42:20.999,351.546,83,close,ACTUATOR_ACTIVE,TRAJECTORY_RUNNING,24.0,72,35,3,151.9,72,0,0.0,0.0,0.0,0.0,0.0,0.0
2026-07-31T09:42:21.491,352.031,83,close,ACTUATOR_ACTIVE,TRAJECTORY_RUNNING,24.0,72,35,0,171.14,72,0,0.0,0.0,0.0,0.0,0.0,0.0
2026-07-31T09:42:22.107,352.656,83,open,ACTUATOR_ACTIVE,TRAJECTORY_RUNNING,24.0,72,35,0,122.98,72,0,0.0,0.0,0.0,0.0,0.0,0.0
2026-07-31T09:42:22.596,353.14,83,open,ACTUATOR_ACTIVE,TRAJECTORY_RUNNING,24.0,72,21,-67,-0.1,72,0,0.0,0.0,0.0,0.0,0.0,0.0
2026-07-31T09:42:23.113,353.656,83,open,ACTUATOR_ACTIVE,TRAJECTORY_RUNNING,24.0,72,11,0,0.72,72,0,0.0,0.0,0.0,0.0,0.0,0.0
2026-07-31T09:42:23.602,354.14,83,open,ACTUATOR_ACTIVE,TRAJECTORY_RUNNING,24.0,65,12,0,0.48,65,0,0.0,0.0,0.0,0.0,0.0,0.0
2026-07-31T09:42:24.224,354.765,84,close,ACTUATOR_ACTIVE,TRAJECTORY_RUNNING,24.0,65,16,38,5.48,65,0,0.0,0.0,0.0,0.0,0.0,0.0
2026-07-31T09:42:24.723,355.265,84,close,ACTUATOR_ACTIVE,TRAJECTORY_RUNNING,24.0,65,34,9,127.42,65,0,0.0,0.0,0.0,0.0,0.0,0.0
2026-07-31T09:42:25.218,355.765,84,close,ACTUATOR_ACTIVE,TRAJECTORY_RUNNING,24.0,65,35,0,157.17,65,0,0.0,0.0,0.0,0.0,0.0,0.0
2026-07-31T09:42:25.717,356.265,84,close,ACTUATOR_ACTIVE,TRAJECTORY_RUNNING,24.0,65,35,0,171.61,65,0,0.0,0.0,0.0,0.0,0.0,0.0
2026-07-31T09:42:26.317,356.859,84,open,ACTUATOR_ACTIVE,TRAJECTORY_RUNNING,24.0,65,35,-1,132.63,65,0,0.0,0.0,0.0,0.0,0.0,0.0
2026-07-31T09:42:26.824,357.359,84,open,ACTUATOR_ACTIVE,TRAJECTORY_RUNNING,24.0,65,22,-62,-2.33,65,0,0.0,0.0,0.0,0.0,0.0,0.0
2026-07-31T09:42:27.336,357.875,84,open,ACTUATOR_ACTIVE,TRAJECTORY_COMPLETE,24.0,65,10,12,0.96,65,0,0.0,0.0,0.0,0.0,0.0,0.0
2026-07-31T09:42:27.831,358.375,84,open,ACTUATOR_ACTIVE,TRAJECTORY_COMPLETE,24.0,67,9,0,0.78,67,0,0.0,0.0,0.0,0.0,0.0,0.0
2026-07-31T09:42:28.438,358.984,85,close,ACTUATOR_ACTIVE,TRAJECTORY_RUNNING,24.0,67,10,28,7.03,67,0,0.0,0.0,0.0,0.0,0.0,0.0
2026-07-31T09:42:28.926,359.468,85,close,ACTUATOR_ACTIVE,TRAJECTORY_RUNNING,24.0,67,33,1,109.51,67,0,0.0,0.0,0.0,0.0,0.0,0.0
2026-07-31T09:42:29.435,359.984,85,close,ACTUATOR_ACTIVE,TRAJECTORY_RUNNING,24.0,67,35,0,175.67,67,0,0.0,0.0,0.0,0.0,0.0,0.0
2026-07-31T09:42:29.932,360.468,85,close,ACTUATOR_ACTIVE,TRAJECTORY_RUNNING,24.0,67,35,-1,170.07,67,0,0.0,0.0,0.0,0.0,0.0,0.0
2026-07-31T09:42:30.554,361.093,85,open,ACTUATOR_ACTIVE,TRAJECTORY_RUNNING,24.0,67,35,1,127.09,67,0,0.0,0.0,0.0,0.0,0.0,0.0
2026-07-31T09:42:31.062,361.609,85,open,ACTUATOR_ACTIVE,TRAJECTORY_RUNNING,24.0,67,22,-62,0.98,67,0,0.0,0.0,0.0,0.0,0.0,0.0
2026-07-31T09:42:31.559,362.093,85,open,ACTUATOR_ACTIVE,TRAJECTORY_COMPLETE,24.0,72,9,20,1.7,72,0,0.0,0.0,0.0,0.0,0.0,0.0
2026-07-31T09:42:32.067,362.609,85,open,ACTUATOR_ACTIVE,TRAJECTORY_COMPLETE,24.0,72,10,0,-0.16,72,0,0.0,0.0,0.0,0.0,0.0,0.0
2026-07-31T09:42:32.672,363.218,86,close,ACTUATOR_ACTIVE,TRAJECTORY_RUNNING,24.0,72,10,25,4.36,72,0,0.0,0.0,0.0,0.0,0.0,0.0
2026-07-31T09:42:33.171,363.718,86,close,ACTUATOR_ACTIVE,TRAJECTORY_RUNNING,24.0,72,33,-1,122.03,72,0,0.0,0.0,0.0,0.0,0.0,0.0
2026-07-31T09:42:33.661,364.203,86,close,ACTUATOR_ACTIVE,TRAJECTORY_RUNNING,24.0,72,35,0,174.88,72,0,0.0,0.0,0.0,0.0,0.0,0.0
2026-07-31T09:42:34.173,364.718,86,close,ACTUATOR_ACTIVE,TRAJECTORY_RUNNING,24.0,72,35,0,172.65,72,0,0.0,0.0,0.0,0.0,0.0,0.0
2026-07-31T09:42:34.773,365.312,86,open,ACTUATOR_ACTIVE,TRAJECTORY_RUNNING,24.0,72,35,0,113.62,72,0,0.0,0.0,0.0,0.0,0.0,0.0
2026-07-31T09:42:35.280,365.828,86,open,ACTUATOR_ACTIVE,TRAJECTORY_RUNNING,24.0,72,22,-64,3.21,72,0,0.0,0.0,0.0,0.0,0.0,0.0
2026-07-31T09:42:35.778,366.312,86,open,ACTUATOR_ACTIVE,TRAJECTORY_COMPLETE,24.0,74,10,16,2.36,74,0,0.0,0.0,0.0,0.0,0.0,0.0
2026-07-31T09:42:36.286,366.828,86,open,ACTUATOR_ACTIVE,TRAJECTORY_COMPLETE,24.0,74,10,0,-0.19,74,0,0.0,0.0,0.0,0.0,0.0,0.0
2026-07-31T09:42:36.891,367.437,87,close,ACTUATOR_ACTIVE,TRAJECTORY_RUNNING,24.0,74,10,28,4.65,74,0,0.0,0.0,0.0,0.0,0.0,0.0
2026-07-31T09:42:37.381,367.921,87,close,ACTUATOR_ACTIVE,TRAJECTORY_RUNNING,24.0,74,33,0,80.61,74,0,0.0,0.0,0.0,0.0,0.0,0.0
2026-07-31T09:42:37.888,368.437,87,close,ACTUATOR_ACTIVE,TRAJECTORY_RUNNING,24.0,74,33,0,53.45,74,0,0.0,0.0,0.0,0.0,0.0,0.0
2026-07-31T09:42:38.381,368.921,87,close,ACTUATOR_ACTIVE,TRAJECTORY_RUNNING,24.0,74,33,0,46.77,74,0,0.0,0.0,0.0,0.0,0.0,0.0
2026-07-31T09:42:39.006,369.546,87,open,ACTUATOR_ACTIVE,TRAJECTORY_RUNNING,24.0,74,33,-10,17.52,74,0,0.0,0.0,0.0,0.0,0.0,0.0
2026-07-31T09:42:39.498,370.046,87,open,ACTUATOR_ACTIVE,TRAJECTORY_RUNNING,24.0,74,10,-37,-2.8,74,0,0.0,0.0,0.0,0.0,0.0,0.0
2026-07-31T09:42:39.990,370.531,87,open,ACTUATOR_ACTIVE,TRAJECTORY_RUNNING,24.0,67,9,0,-1.58,67,0,0.0,0.0,0.0,0.0,0.0,0.0
2026-07-31T09:42:40.496,371.031,87,open,ACTUATOR_ACTIVE,TRAJECTORY_COMPLETE,24.0,67,9,1,-0.68,67,0,0.0,0.0,0.0,0.0,0.0,0.0
2026-07-31T09:42:41.114,371.656,88,close,ACTUATOR_ACTIVE,TRAJECTORY_RUNNING,24.0,67,10,26,5.55,67,0,0.0,0.0,0.0,0.0,0.0,0.0
2026-07-31T09:42:41.605,372.14,88,close,ACTUATOR_ACTIVE,TRAJECTORY_RUNNING,24.0,67,33,2,115.59,67,0,0.0,0.0,0.0,0.0,0.0,0.0
2026-07-31T09:42:42.115,372.656,88,close,ACTUATOR_ACTIVE,TRAJECTORY_RUNNING,24.0,67,35,0,177.36,67,0,0.0,0.0,0.0,0.0,0.0,0.0
2026-07-31T09:42:42.612,373.156,88,close,ACTUATOR_ACTIVE,TRAJECTORY_RUNNING,24.0,67,35,0,177.75,67,0,0.0,0.0,0.0,0.0,0.0,0.0
2026-07-31T09:42:43.222,373.765,88,open,ACTUATOR_ACTIVE,TRAJECTORY_RUNNING,24.0,67,35,-1,120.87,67,0,0.0,0.0,0.0,0.0,0.0,0.0
2026-07-31T09:42:43.713,374.25,88,open,ACTUATOR_ACTIVE,TRAJECTORY_RUNNING,24.0,71,22,-64,0.05,71,0,0.0,0.0,0.0,0.0,0.0,0.0
2026-07-31T09:42:44.226,374.765,88,open,ACTUATOR_ACTIVE,TRAJECTORY_COMPLETE,24.0,71,10,13,1.91,71,0,0.0,0.0,0.0,0.0,0.0,0.0
2026-07-31T09:42:44.722,375.265,88,open,ACTUATOR_ACTIVE,TRAJECTORY_COMPLETE,24.0,71,9,0,-0.32,71,0,0.0,0.0,0.0,0.0,0.0,0.0
2026-07-31T09:42:45.327,375.875,89,close,ACTUATOR_ACTIVE,TRAJECTORY_RUNNING,24.0,71,10,27,6.06,71,0,0.0,0.0,0.0,0.0,0.0,0.0
2026-07-31T09:42:45.817,376.359,89,close,ACTUATOR_ACTIVE,TRAJECTORY_RUNNING,24.0,71,33,0,79.66,71,0,0.0,0.0,0.0,0.0,0.0,0.0
2026-07-31T09:42:46.327,376.875,89,close,ACTUATOR_ACTIVE,TRAJECTORY_RUNNING,24.0,71,33,0,53.58,71,0,0.0,0.0,0.0,0.0,0.0,0.0
2026-07-31T09:42:46.820,377.359,89,close,ACTUATOR_ACTIVE,TRAJECTORY_RUNNING,24.0,71,33,0,52.54,71,0,0.0,0.0,0.0,0.0,0.0,0.0
2026-07-31T09:42:47.442,377.984,89,open,ACTUATOR_ACTIVE,TRAJECTORY_RUNNING,24.0,71,33,-9,17.99,71,0,0.0,0.0,0.0,0.0,0.0,0.0
2026-07-31T09:42:47.936,378.484,89,open,ACTUATOR_ACTIVE,TRAJECTORY_RUNNING,24.0,72,10,-42,-2.94,72,0,0.0,0.0,0.0,0.0,0.0,0.0
2026-07-31T09:42:48.430,378.968,89,open,ACTUATOR_ACTIVE,TRAJECTORY_COMPLETE,24.0,72,9,-6,-1.41,72,0,0.0,0.0,0.0,0.0,0.0,0.0
2026-07-31T09:42:48.940,379.484,89,open,ACTUATOR_ACTIVE,TRAJECTORY_COMPLETE,24.0,72,9,0,-0.79,72,0,0.0,0.0,0.0,0.0,0.0,0.0
2026-07-31T09:42:49.548,380.093,90,close,ACTUATOR_ACTIVE,TRAJECTORY_RUNNING,24.0,72,10,27,2.72,72,0,0.0,0.0,0.0,0.0,0.0,0.0
2026-07-31T09:42:50.041,380.578,90,close,ACTUATOR_ACTIVE,TRAJECTORY_RUNNING,24.0,72,33,1,113.88,72,0,0.0,0.0,0.0,0.0,0.0,0.0
2026-07-31T09:42:50.548,381.093,90,close,ACTUATOR_ACTIVE,TRAJECTORY_RUNNING,24.0,72,35,0,173.34,72,0,0.0,0.0,0.0,0.0,0.0,0.0
2026-07-31T09:42:51.041,381.578,90,close,ACTUATOR_ACTIVE,TRAJECTORY_RUNNING,24.0,72,35,1,180.48,72,0,0.0,0.0,0.0,0.0,0.0,0.0
2026-07-31T09:42:51.659,382.203,90,open,ACTUATOR_ACTIVE,TRAJECTORY_RUNNING,24.0,65,35,0,116.8,65,0,0.0,0.0,0.0,0.0,0.0,0.0
2026-07-31T09:42:52.153,382.703,90,open,ACTUATOR_ACTIVE,TRAJECTORY_RUNNING,24.0,65,23,-63,-1.79,65,0,0.0,0.0,0.0,0.0,0.0,0.0
2026-07-31T09:42:52.648,383.187,90,open,ACTUATOR_ACTIVE,TRAJECTORY_COMPLETE,24.0,65,9,19,2.54,65,0,0.0,0.0,0.0,0.0,0.0,0.0
2026-07-31T09:42:53.152,383.687,90,open,ACTUATOR_ACTIVE,TRAJECTORY_COMPLETE,24.0,65,9,0,-0.11,65,0,0.0,0.0,0.0,0.0,0.0,0.0
2026-07-31T09:42:53.772,384.312,91,close,ACTUATOR_ACTIVE,TRAJECTORY_RUNNING,24.0,65,10,30,3.91,65,0,0.0,0.0,0.0,0.0,0.0,0.0
2026-07-31T09:42:54.278,384.812,91,close,ACTUATOR_ACTIVE,TRAJECTORY_RUNNING,24.0,65,33,0,78.37,65,0,0.0,0.0,0.0,0.0,0.0,0.0
2026-07-31T09:42:54.790,385.328,91,close,ACTUATOR_ACTIVE,TRAJECTORY_RUNNING,24.0,65,33,0,50.62,65,0,0.0,0.0,0.0,0.0,0.0,0.0
2026-07-31T09:42:55.280,385.828,91,close,ACTUATOR_ACTIVE,TRAJECTORY_RUNNING,24.0,65,33,0,51.03,65,0,0.0,0.0,0.0,0.0,0.0,0.0
2026-07-31T09:42:55.884,386.421,91,open,ACTUATOR_ACTIVE,TRAJECTORY_RUNNING,24.0,71,33,-8,16.82,71,0,0.0,0.0,0.0,0.0,0.0,0.0
2026-07-31T09:42:56.396,386.937,91,open,ACTUATOR_ACTIVE,TRAJECTORY_COMPLETE,24.0,71,9,-35,-2.77,71,0,0.0,0.0,0.0,0.0,0.0,0.0
2026-07-31T09:42:56.888,387.437,91,open,ACTUATOR_ACTIVE,TRAJECTORY_RUNNING,24.0,71,9,-1,-2.88,71,0,0.0,0.0,0.0,0.0,0.0,0.0
2026-07-31T09:42:57.379,387.921,91,open,ACTUATOR_ACTIVE,TRAJECTORY_COMPLETE,24.0,71,10,0,-0.09,71,0,0.0,0.0,0.0,0.0,0.0,0.0
2026-07-31T09:42:58.000,388.546,92,close,ACTUATOR_ACTIVE,TRAJECTORY_RUNNING,24.0,71,10,28,3.46,71,0,0.0,0.0,0.0,0.0,0.0,0.0
2026-07-31T09:42:58.498,389.046,92,close,ACTUATOR_ACTIVE,TRAJECTORY_RUNNING,24.0,71,33,0,122.15,71,0,0.0,0.0,0.0,0.0,0.0,0.0
2026-07-31T09:42:58.995,389.531,92,close,ACTUATOR_ACTIVE,TRAJECTORY_RUNNING,24.0,71,35,0,172.71,71,0,0.0,0.0,0.0,0.0,0.0,0.0
2026-07-31T09:42:59.508,390.046,92,close,ACTUATOR_ACTIVE,TRAJECTORY_RUNNING,24.0,71,35,0,183.92,68,0,0.0,0.0,0.0,0.0,0.0,0.0
2026-07-31T09:43:00.113,390.656,92,open,ACTUATOR_ACTIVE,TRAJECTORY_RUNNING,24.0,68,35,0,129.37,68,0,0.0,0.0,0.0,0.0,0.0,0.0
2026-07-31T09:43:00.610,391.156,92,open,ACTUATOR_ACTIVE,TRAJECTORY_RUNNING,24.0,68,23,-64,0.65,68,0,0.0,0.0,0.0,0.0,0.0,0.0
2026-07-31T09:43:01.105,391.64,92,open,ACTUATOR_ACTIVE,TRAJECTORY_COMPLETE,24.0,68,9,18,2.97,68,0,0.0,0.0,0.0,0.0,0.0,0.0
2026-07-31T09:43:01.622,392.171,92,open,ACTUATOR_ACTIVE,TRAJECTORY_COMPLETE,24.0,68,10,0,0.59,68,0,0.0,0.0,0.0,0.0,0.0,0.0
2026-07-31T09:43:02.209,392.75,93,close,ACTUATOR_ACTIVE,TRAJECTORY_RUNNING,24.0,68,10,27,3.48,68,0,0.0,0.0,0.0,0.0,0.0,0.0
2026-07-31T09:43:02.715,393.25,93,close,ACTUATOR_ACTIVE,TRAJECTORY_RUNNING,24.0,68,33,3,111.1,68,0,0.0,0.0,0.0,0.0,0.0,0.0
2026-07-31T09:43:03.227,393.765,93,close,ACTUATOR_ACTIVE,TRAJECTORY_RUNNING,24.0,68,35,0,166.49,68,0,0.0,0.0,0.0,0.0,0.0,0.0
2026-07-31T09:43:03.720,394.265,93,close,ACTUATOR_ACTIVE,TRAJECTORY_RUNNING,24.0,72,35,1,175.03,72,0,0.0,0.0,0.0,0.0,0.0,0.0
2026-07-31T09:43:04.329,394.875,93,open,ACTUATOR_ACTIVE,TRAJECTORY_RUNNING,24.0,72,35,0,115.58,72,0,0.0,0.0,0.0,0.0,0.0,0.0
2026-07-31T09:43:04.825,395.375,93,open,ACTUATOR_ACTIVE,TRAJECTORY_RUNNING,24.0,72,23,-65,-1.04,72,0,0.0,0.0,0.0,0.0,0.0,0.0
2026-07-31T09:43:05.320,395.859,93,open,ACTUATOR_ACTIVE,TRAJECTORY_COMPLETE,24.0,72,10,18,1.65,72,0,0.0,0.0,0.0,0.0,0.0,0.0
2026-07-31T09:43:05.832,396.375,93,open,ACTUATOR_ACTIVE,TRAJECTORY_COMPLETE,24.0,72,9,0,-0.16,72,0,0.0,0.0,0.0,0.0,0.0,0.0
2026-07-31T09:43:06.437,396.984,94,close,ACTUATOR_ACTIVE,TRAJECTORY_RUNNING,24.0,72,10,28,4.81,72,0,0.0,0.0,0.0,0.0,0.0,0.0
2026-07-31T09:43:06.931,397.468,94,close,ACTUATOR_ACTIVE,TRAJECTORY_RUNNING,24.0,72,33,0,83.06,72,0,0.0,0.0,0.0,0.0,0.0,0.0
2026-07-31T09:43:07.444,397.984,94,close,ACTUATOR_ACTIVE,TRAJECTORY_RUNNING,24.0,72,33,0,51.45,72,0,0.0,0.0,0.0,0.0,0.0,0.0
2026-07-31T09:43:07.938,398.484,94,close,ACTUATOR_ACTIVE,TRAJECTORY_RUNNING,24.0,72,33,0,52.81,72,0,0.0,0.0,0.0,0.0,0.0,0.0
2026-07-31T09:43:08.545,399.093,94,open,ACTUATOR_ACTIVE,TRAJECTORY_RUNNING,24.0,72,33,-10,16.23,72,0,0.0,0.0,0.0,0.0,0.0,0.0
2026-07-31T09:43:09.039,399.578,94,open,ACTUATOR_ACTIVE,TRAJECTORY_RUNNING,24.0,72,10,-40,-3.2,72,0,0.0,0.0,0.0,0.0,0.0,0.0
2026-07-31T09:43:09.545,400.093,94,open,ACTUATOR_ACTIVE,TRAJECTORY_RUNNING,24.0,72,9,-3,-1.16,72,0,0.0,0.0,0.0,0.0,0.0,0.0
2026-07-31T09:43:10.039,400.578,94,open,ACTUATOR_ACTIVE,TRAJECTORY_COMPLETE,24.0,72,10,0,-0.2,72,0,0.0,0.0,0.0,0.0,0.0,0.0
2026-07-31T09:43:10.659,401.203,95,close,ACTUATOR_ACTIVE,TRAJECTORY_RUNNING,24.0,72,11,28,3.87,72,0,0.0,0.0,0.0,0.0,0.0,0.0
2026-07-31T09:43:11.146,401.687,95,close,ACTUATOR_ACTIVE,TRAJECTORY_RUNNING,24.0,72,33,0,82.2,72,0,0.0,0.0,0.0,0.0,0.0,0.0
2026-07-31T09:43:11.649,402.187,95,close,ACTUATOR_ACTIVE,TRAJECTORY_RUNNING,24.0,61,33,0,52.63,61,0,0.0,0.0,0.0,0.0,0.0,0.0
2026-07-31T09:43:12.162,402.703,95,close,ACTUATOR_ACTIVE,TRAJECTORY_RUNNING,24.0,61,33,0,49.79,61,0,0.0,0.0,0.0,0.0,0.0,0.0
2026-07-31T09:43:12.765,403.312,95,open,ACTUATOR_ACTIVE,TRAJECTORY_RUNNING,24.0,61,33,-11,17.54,61,0,0.0,0.0,0.0,0.0,0.0,0.0
2026-07-31T09:43:13.252,403.796,95,open,ACTUATOR_ACTIVE,TRAJECTORY_RUNNING,24.0,61,10,-42,-2.81,61,0,0.0,0.0,0.0,0.0,0.0,0.0
2026-07-31T09:43:13.762,404.296,95,open,ACTUATOR_ACTIVE,TRAJECTORY_COMPLETE,24.0,61,9,-3,-1.12,61,0,0.0,0.0,0.0,0.0,0.0,0.0
2026-07-31T09:43:14.276,404.812,95,open,ACTUATOR_ACTIVE,TRAJECTORY_COMPLETE,24.0,61,9,0,-0.52,61,0,0.0,0.0,0.0,0.0,0.0,0.0
2026-07-31T09:43:14.871,405.406,96,close,ACTUATOR_ACTIVE,TRAJECTORY_RUNNING,24.0,61,10,26,4.67,61,0,0.0,0.0,0.0,0.0,0.0,0.0
2026-07-31T09:43:15.379,405.921,96,close,ACTUATOR_ACTIVE,TRAJECTORY_RUNNING,24.0,61,33,0,118.99,61,0,0.0,0.0,0.0,0.0,0.0,0.0
2026-07-31T09:43:15.868,406.406,96,close,ACTUATOR_ACTIVE,TRAJECTORY_RUNNING,24.0,72,35,0,186.17,72,0,0.0,0.0,0.0,0.0,0.0,0.0
2026-07-31T09:43:16.377,406.921,96,close,ACTUATOR_ACTIVE,TRAJECTORY_RUNNING,24.0,72,35,1,180.33,72,0,0.0,0.0,0.0,0.0,0.0,0.0
2026-07-31T09:43:16.981,407.515,96,open,ACTUATOR_ACTIVE,TRAJECTORY_RUNNING,24.0,72,35,0,129.46,72,0,0.0,0.0,0.0,0.0,0.0,0.0
2026-07-31T09:43:17.490,408.031,96,open,ACTUATOR_ACTIVE,TRAJECTORY_RUNNING,24.0,72,20,-65,-0.8,72,0,0.0,0.0,0.0,0.0,0.0,0.0
2026-07-31T09:43:17.980,408.515,96,open,ACTUATOR_ACTIVE,TRAJECTORY_RUNNING,24.0,72,11,-1,0.35,72,0,0.0,0.0,0.0,0.0,0.0,0.0
2026-07-31T09:43:18.488,409.031,96,open,ACTUATOR_ACTIVE,TRAJECTORY_RUNNING,24.0,72,12,-3,-2.28,72,0,0.0,0.0,0.0,0.0,0.0,0.0
2026-07-31T09:43:19.085,409.625,97,close,ACTUATOR_ACTIVE,TRAJECTORY_RUNNING,24.0,72,16,34,4.41,72,0,0.0,0.0,0.0,0.0,0.0,0.0
2026-07-31T09:43:19.594,410.14,97,close,ACTUATOR_ACTIVE,TRAJECTORY_RUNNING,24.0,70,34,7,145.55,70,0,0.0,0.0,0.0,0.0,0.0,0.0
2026-07-31T09:43:20.087,410.625,97,close,ACTUATOR_ACTIVE,TRAJECTORY_RUNNING,24.0,70,35,0,177.56,70,0,0.0,0.0,0.0,0.0,0.0,0.0
2026-07-31T09:43:20.596,411.14,97,close,ACTUATOR_ACTIVE,TRAJECTORY_RUNNING,24.0,70,35,0,166.45,70,0,0.0,0.0,0.0,0.0,0.0,0.0
2026-07-31T09:43:21.204,411.75,97,open,ACTUATOR_ACTIVE,TRAJECTORY_RUNNING,24.0,70,35,0,128.54,70,0,0.0,0.0,0.0,0.0,0.0,0.0
2026-07-31T09:43:21.700,412.234,97,open,ACTUATOR_ACTIVE,TRAJECTORY_RUNNING,24.0,70,23,-64,2.55,70,0,0.0,0.0,0.0,0.0,0.0,0.0
2026-07-31T09:43:22.209,412.75,97,open,ACTUATOR_ACTIVE,TRAJECTORY_COMPLETE,24.0,70,10,18,2.28,70,0,0.0,0.0,0.0,0.0,0.0,0.0
2026-07-31T09:43:22.704,413.25,97,open,ACTUATOR_ACTIVE,TRAJECTORY_COMPLETE,24.0,70,10,1,0.71,70,0,0.0,0.0,0.0,0.0,0.0,0.0
2026-07-31T09:43:23.303,413.843,98,close,ACTUATOR_ACTIVE,TRAJECTORY_RUNNING,24.0,70,10,26,5.55,70,0,0.0,0.0,0.0,0.0,0.0,0.0
2026-07-31T09:43:23.817,414.359,98,close,ACTUATOR_ACTIVE,TRAJECTORY_RUNNING,24.0,72,33,4,111.79,72,0,0.0,0.0,0.0,0.0,0.0,0.0
2026-07-31T09:43:24.315,414.859,98,close,ACTUATOR_ACTIVE,TRAJECTORY_RUNNING,24.0,72,35,0,169.03,72,0,0.0,0.0,0.0,0.0,0.0,0.0
2026-07-31T09:43:24.806,415.343,98,close,ACTUATOR_ACTIVE,TRAJECTORY_RUNNING,24.0,72,35,0,168.44,72,0,0.0,0.0,0.0,0.0,0.0,0.0
2026-07-31T09:43:25.423,415.968,98,open,ACTUATOR_ACTIVE,TRAJECTORY_RUNNING,24.0,72,35,0,127.07,72,0,0.0,0.0,0.0,0.0,0.0,0.0
2026-07-31T09:43:25.919,416.468,98,open,ACTUATOR_ACTIVE,TRAJECTORY_RUNNING,24.0,72,23,-63,2.11,72,0,0.0,0.0,0.0,0.0,0.0,0.0
2026-07-31T09:43:26.409,416.953,98,open,ACTUATOR_ACTIVE,TRAJECTORY_COMPLETE,24.0,72,9,18,4.01,72,0,0.0,0.0,0.0,0.0,0.0,0.0
2026-07-31T09:43:26.921,417.468,98,open,ACTUATOR_ACTIVE,TRAJECTORY_COMPLETE,24.0,72,10,0,-1.25,72,0,0.0,0.0,0.0,0.0,0.0,0.0
2026-07-31T09:43:27.522,418.062,99,close,ACTUATOR_ACTIVE,TRAJECTORY_RUNNING,24.0,72,10,28,5.3,72,0,0.0,0.0,0.0,0.0,0.0,0.0
2026-07-31T09:43:28.029,418.578,99,close,ACTUATOR_ACTIVE,TRAJECTORY_RUNNING,24.0,72,33,5,114.1,72,0,0.0,0.0,0.0,0.0,0.0,0.0
2026-07-31T09:43:28.523,419.062,99,close,ACTUATOR_ACTIVE,TRAJECTORY_RUNNING,24.0,72,35,0,166.7,72,0,0.0,0.0,0.0,0.0,0.0,0.0
2026-07-31T09:43:29.035,419.578,99,close,ACTUATOR_ACTIVE,TRAJECTORY_RUNNING,24.0,72,35,0,180.38,72,0,0.0,0.0,0.0,0.0,0.0,0.0
2026-07-31T09:43:29.634,420.171,99,open,ACTUATOR_ACTIVE,TRAJECTORY_RUNNING,24.0,72,35,0,127.66,72,0,0.0,0.0,0.0,0.0,0.0,0.0
2026-07-31T09:43:30.147,420.687,99,open,ACTUATOR_ACTIVE,TRAJECTORY_RUNNING,24.0,72,22,-65,-2.24,72,0,0.0,0.0,0.0,0.0,0.0,0.0
2026-07-31T09:43:30.640,421.187,99,open,ACTUATOR_ACTIVE,TRAJECTORY_COMPLETE,24.0,72,10,14,2.47,72,0,0.0,0.0,0.0,0.0,0.0,0.0
2026-07-31T09:43:31.131,421.671,99,open,ACTUATOR_ACTIVE,TRAJECTORY_COMPLETE,24.0,72,9,0,0.21,72,0,0.0,0.0,0.0,0.0,0.0,0.0
2026-07-31T09:43:31.744,422.281,100,close,ACTUATOR_ACTIVE,TRAJECTORY_RUNNING,24.0,70,10,28,5.02,70,0,0.0,0.0,0.0,0.0,0.0,0.0
2026-07-31T09:43:32.248,422.796,100,close,ACTUATOR_ACTIVE,TRAJECTORY_RUNNING,24.0,70,33,0,76.08,70,0,0.0,0.0,0.0,0.0,0.0,0.0
2026-07-31T09:43:32.739,423.281,100,close,ACTUATOR_ACTIVE,TRAJECTORY_RUNNING,24.0,70,33,0,49.8,70,0,0.0,0.0,0.0,0.0,0.0,0.0
2026-07-31T09:43:33.245,423.781,100,close,ACTUATOR_ACTIVE,TRAJECTORY_RUNNING,24.0,70,33,0,51.1,70,0,0.0,0.0,0.0,0.0,0.0,0.0
2026-07-31T09:43:33.865,424.406,100,open,ACTUATOR_ACTIVE,TRAJECTORY_RUNNING,24.0,70,33,-8,16.68,70,0,0.0,0.0,0.0,0.0,0.0,0.0
2026-07-31T09:43:34.372,424.921,100,open,ACTUATOR_ACTIVE,TRAJECTORY_RUNNING,24.0,70,8,-22,0.2,70,0,0.0,0.0,0.0,0.0,0.0,0.0
2026-07-31T09:43:34.869,425.406,100,open,ACTUATOR_ACTIVE,TRAJECTORY_RUNNING,24.0,70,7,-16,-3.22,70,0,0.0,0.0,0.0,0.0,0.0,0.0
2026-07-31T09:43:35.376,425.921,100,open,ACTUATOR_ACTIVE,TRAJECTORY_RUNNING,24.0,70,8,-44,-3.78,70,0,0.0,0.0,0.0,0.0,0.0,0.0
2026-07-31T09:43:35.980,426.515,101,close,ACTUATOR_ACTIVE,TRAJECTORY_RUNNING,24.0,69,17,0,1.01,69,0,0.0,0.0,0.0,0.0,0.0,0.0
2026-07-31T09:43:36.487,427.031,101,close,ACTUATOR_ACTIVE,TRAJECTORY_RUNNING,24.0,69,34,3,117.62,69,0,0.0,0.0,0.0,0.0,0.0,0.0
2026-07-31T09:43:36.981,427.515,101,close,ACTUATOR_ACTIVE,TRAJECTORY_RUNNING,24.0,69,35,0,163.79,69,0,0.0,0.0,0.0,0.0,0.0,0.0
2026-07-31T09:43:37.492,428.031,101,close,ACTUATOR_ACTIVE,TRAJECTORY_RUNNING,24.0,69,35,0,155.46,69,0,0.0,0.0,0.0,0.0,0.0,0.0
2026-07-31T09:43:38.096,428.64,101,open,ACTUATOR_ACTIVE,TRAJECTORY_RUNNING,24.0,69,35,0,129.39,69,0,0.0,0.0,0.0,0.0,0.0,0.0
2026-07-31T09:43:38.594,429.14,101,open,ACTUATOR_ACTIVE,TRAJECTORY_RUNNING,24.0,69,22,-65,-0.87,69,0,0.0,0.0,0.0,0.0,0.0,0.0
2026-07-31T09:43:39.091,429.64,101,open,ACTUATOR_ACTIVE,TRAJECTORY_RUNNING,24.0,69,11,-1,0.24,69,0,0.0,0.0,0.0,0.0,0.0,0.0
2026-07-31T09:43:39.587,430.125,101,open,ACTUATOR_ACTIVE,TRAJECTORY_RUNNING,24.0,70,11,-5,-3.29,70,0,0.0,0.0,0.0,0.0,0.0,0.0
2026-07-31T09:43:40.206,430.75,102,close,ACTUATOR_ACTIVE,TRAJECTORY_RUNNING,24.0,70,11,-10,-1.3,70,0,0.0,0.0,0.0,0.0,0.0,0.0
2026-07-31T09:43:40.698,431.234,102,close,ACTUATOR_ACTIVE,TRAJECTORY_RUNNING,24.0,70,33,13,82.02,70,0,0.0,0.0,0.0,0.0,0.0,0.0
2026-07-31T09:43:41.207,431.75,102,close,ACTUATOR_ACTIVE,TRAJECTORY_RUNNING,24.0,70,35,1,160.05,70,0,0.0,0.0,0.0,0.0,0.0,0.0
2026-07-31T09:43:41.701,432.25,102,close,ACTUATOR_ACTIVE,TRAJECTORY_RUNNING,24.0,70,35,0,166.95,70,0,0.0,0.0,0.0,0.0,0.0,0.0
2026-07-31T09:43:42.310,432.859,102,open,ACTUATOR_ACTIVE,TRAJECTORY_RUNNING,24.0,70,35,0,121.99,70,0,0.0,0.0,0.0,0.0,0.0,0.0
2026-07-31T09:43:42.799,433.343,102,open,ACTUATOR_ACTIVE,TRAJECTORY_RUNNING,24.0,70,22,-64,-0.27,70,0,0.0,0.0,0.0,0.0,0.0,0.0
2026-07-31T09:43:43.309,433.843,102,open,ACTUATOR_ACTIVE,TRAJECTORY_COMPLETE,24.0,70,10,15,3.35,70,0,0.0,0.0,0.0,0.0,0.0,0.0
2026-07-31T09:43:43.816,434.359,102,open,ACTUATOR_ACTIVE,TRAJECTORY_COMPLETE,24.0,67,10,1,0.17,67,0,0.0,0.0,0.0,0.0,0.0,0.0
2026-07-31T09:43:44.414,434.953,103,close,ACTUATOR_ACTIVE,TRAJECTORY_RUNNING,24.0,67,11,27,5.19,67,0,0.0,0.0,0.0,0.0,0.0,0.0
2026-07-31T09:43:44.920,435.468,103,close,ACTUATOR_ACTIVE,TRAJECTORY_RUNNING,24.0,67,33,0,76.45,67,0,0.0,0.0,0.0,0.0,0.0,0.0
2026-07-31T09:43:45.417,435.953,103,close,ACTUATOR_ACTIVE,TRAJECTORY_RUNNING,24.0,67,33,0,50.74,67,0,0.0,0.0,0.0,0.0,0.0,0.0
2026-07-31T09:43:45.926,436.468,103,close,ACTUATOR_ACTIVE,TRAJECTORY_RUNNING,24.0,67,33,0,50.56,67,0,0.0,0.0,0.0,0.0,0.0,0.0
2026-07-31T09:43:46.532,437.078,103,open,ACTUATOR_ACTIVE,TRAJECTORY_RUNNING,24.0,67,33,-10,18.93,67,0,0.0,0.0,0.0,0.0,0.0,0.0
2026-07-31T09:43:47.027,437.562,103,open,ACTUATOR_ACTIVE,TRAJECTORY_RUNNING,24.0,67,10,-40,-2.94,67,0,0.0,0.0,0.0,0.0,0.0,0.0
2026-07-31T09:43:47.537,438.078,103,open,ACTUATOR_ACTIVE,TRAJECTORY_RUNNING,24.0,65,9,0,-2.53,65,0,0.0,0.0,0.0,0.0,0.0,0.0
2026-07-31T09:43:48.031,438.578,103,open,ACTUATOR_ACTIVE,TRAJECTORY_COMPLETE,24.0,65,9,0,-0.03,65,0,0.0,0.0,0.0,0.0,0.0,0.0
2026-07-31T09:43:48.627,439.171,104,close,ACTUATOR_ACTIVE,TRAJECTORY_RUNNING,24.0,65,11,31,4.55,65,0,0.0,0.0,0.0,0.0,0.0,0.0
2026-07-31T09:43:49.135,439.671,104,close,ACTUATOR_ACTIVE,TRAJECTORY_RUNNING,24.0,65,33,1,122.54,65,0,0.0,0.0,0.0,0.0,0.0,0.0
2026-07-31T09:43:49.647,440.187,104,close,ACTUATOR_ACTIVE,TRAJECTORY_RUNNING,24.0,65,35,0,167.83,65,0,0.0,0.0,0.0,0.0,0.0,0.0
2026-07-31T09:43:50.139,440.687,104,close,ACTUATOR_ACTIVE,TRAJECTORY_RUNNING,24.0,65,35,-1,164.48,65,0,0.0,0.0,0.0,0.0,0.0,0.0
2026-07-31T09:43:50.745,441.281,104,open,ACTUATOR_ACTIVE,TRAJECTORY_RUNNING,24.0,65,35,0,119.17,65,0,0.0,0.0,0.0,0.0,0.0,0.0
2026-07-31T09:43:51.258,441.796,104,open,ACTUATOR_ACTIVE,TRAJECTORY_RUNNING,24.0,65,22,-65,-0.12,65,0,0.0,0.0,0.0,0.0,0.0,0.0
2026-07-31T09:43:51.754,442.296,104,open,ACTUATOR_ACTIVE,TRAJECTORY_COMPLETE,24.0,69,10,17,2.1,69,0,0.0,0.0,0.0,0.0,0.0,0.0
2026-07-31T09:43:52.247,442.796,104,open,ACTUATOR_ACTIVE,TRAJECTORY_COMPLETE,24.0,69,10,0,1.69,69,0,0.0,0.0,0.0,0.0,0.0,0.0
2026-07-31T09:43:52.849,443.39,105,close,ACTUATOR_ACTIVE,TRAJECTORY_RUNNING,24.0,69,11,31,3.71,69,0,0.0,0.0,0.0,0.0,0.0,0.0
2026-07-31T09:43:53.355,443.89,105,close,ACTUATOR_ACTIVE,TRAJECTORY_RUNNING,24.0,69,33,4,104.91,69,0,0.0,0.0,0.0,0.0,0.0,0.0
2026-07-31T09:43:53.864,444.406,105,close,ACTUATOR_ACTIVE,TRAJECTORY_RUNNING,24.0,69,35,0,163.1,69,0,0.0,0.0,0.0,0.0,0.0,0.0
2026-07-31T09:43:54.358,444.906,105,close,ACTUATOR_ACTIVE,TRAJECTORY_RUNNING,24.0,69,35,1,167.04,69,0,0.0,0.0,0.0,0.0,0.0,0.0
2026-07-31T09:43:54.957,445.5,105,open,ACTUATOR_ACTIVE,TRAJECTORY_RUNNING,24.0,69,35,0,120.24,69,0,0.0,0.0,0.0,0.0,0.0,0.0
2026-07-31T09:43:55.465,446.0,105,open,ACTUATOR_ACTIVE,TRAJECTORY_RUNNING,24.0,69,21,-67,1.61,69,0,0.0,0.0,0.0,0.0,0.0,0.0
2026-07-31T09:43:55.971,446.515,105,open,ACTUATOR_ACTIVE,TRAJECTORY_RUNNING,24.0,67,11,-3,-0.98,67,0,0.0,0.0,0.0,0.0,0.0,0.0
2026-07-31T09:43:56.462,447.0,105,open,ACTUATOR_ACTIVE,TRAJECTORY_COMPLETE,24.0,67,9,-17,-2.18,67,0,0.0,0.0,0.0,0.0,0.0,0.0
2026-07-31T09:43:57.081,447.625,106,close,ACTUATOR_ACTIVE,TRAJECTORY_RUNNING,24.0,67,10,31,4.27,67,0,0.0,0.0,0.0,0.0,0.0,0.0
2026-07-31T09:43:57.576,448.125,106,close,ACTUATOR_ACTIVE,TRAJECTORY_RUNNING,24.0,67,33,8,107.94,67,0,0.0,0.0,0.0,0.0,0.0,0.0
2026-07-31T09:43:58.068,448.609,106,close,ACTUATOR_ACTIVE,TRAJECTORY_RUNNING,24.0,67,35,0,167.46,67,0,0.0,0.0,0.0,0.0,0.0,0.0
2026-07-31T09:43:58.576,449.125,106,close,ACTUATOR_ACTIVE,TRAJECTORY_RUNNING,24.0,67,35,0,178.42,67,0,0.0,0.0,0.0,0.0,0.0,0.0
2026-07-31T09:43:59.182,449.718,106,open,ACTUATOR_ACTIVE,TRAJECTORY_RUNNING,24.0,67,35,0,130.05,67,0,0.0,0.0,0.0,0.0,0.0,0.0
2026-07-31T09:43:59.698,450.234,106,open,ACTUATOR_ACTIVE,TRAJECTORY_RUNNING,24.0,70,22,-63,-0.25,70,0,0.0,0.0,0.0,0.0,0.0,0.0
2026-07-31T09:44:00.197,450.734,106,open,ACTUATOR_ACTIVE,TRAJECTORY_COMPLETE,24.0,70,10,17,2.42,70,0,0.0,0.0,0.0,0.0,0.0,0.0
2026-07-31T09:44:00.695,451.234,106,open,ACTUATOR_ACTIVE,TRAJECTORY_COMPLETE,24.0,70,9,0,0.22,70,0,0.0,0.0,0.0,0.0,0.0,0.0
2026-07-31T09:44:01.302,451.843,107,close,ACTUATOR_ACTIVE,TRAJECTORY_RUNNING,24.0,70,11,31,5.9,70,0,0.0,0.0,0.0,0.0,0.0,0.0
2026-07-31T09:44:01.801,452.343,107,close,ACTUATOR_ACTIVE,TRAJECTORY_RUNNING,24.0,70,33,2,120.96,70,0,0.0,0.0,0.0,0.0,0.0,0.0
2026-07-31T09:44:02.298,452.843,107,close,ACTUATOR_ACTIVE,TRAJECTORY_RUNNING,24.0,70,35,0,175.53,70,0,0.0,0.0,0.0,0.0,0.0,0.0
2026-07-31T09:44:02.797,453.343,107,close,ACTUATOR_ACTIVE,TRAJECTORY_RUNNING,24.0,70,35,-1,174.69,70,0,0.0,0.0,0.0,0.0,0.0,0.0
2026-07-31T09:44:03.400,453.937,107,open,ACTUATOR_ACTIVE,TRAJECTORY_RUNNING,24.0,70,35,0,131.79,70,0,0.0,0.0,0.0,0.0,0.0,0.0
2026-07-31T09:44:03.910,454.453,107,open,ACTUATOR_ACTIVE,TRAJECTORY_RUNNING,24.0,70,22,-63,-1.17,70,0,0.0,0.0,0.0,0.0,0.0,0.0
2026-07-31T09:44:04.408,454.953,107,open,ACTUATOR_ACTIVE,TRAJECTORY_COMPLETE,24.0,70,10,15,1.92,70,0,0.0,0.0,0.0,0.0,0.0,0.0
2026-07-31T09:44:04.904,455.453,107,open,ACTUATOR_ACTIVE,TRAJECTORY_COMPLETE,24.0,70,9,0,0.15,70,0,0.0,0.0,0.0,0.0,0.0,0.0
2026-07-31T09:44:05.511,456.046,108,close,ACTUATOR_ACTIVE,TRAJECTORY_RUNNING,24.0,70,10,28,5.35,70,0,0.0,0.0,0.0,0.0,0.0,0.0
2026-07-31T09:44:06.021,456.562,108,close,ACTUATOR_ACTIVE,TRAJECTORY_RUNNING,24.0,70,33,2,121.55,70,0,0.0,0.0,0.0,0.0,0.0,0.0
2026-07-31T09:44:06.518,457.062,108,close,ACTUATOR_ACTIVE,TRAJECTORY_RUNNING,24.0,70,35,1,177.2,70,0,0.0,0.0,0.0,0.0,0.0,0.0
2026-07-31T09:44:07.015,457.562,108,close,ACTUATOR_ACTIVE,TRAJECTORY_RUNNING,24.0,70,35,0,175.53,70,0,0.0,0.0,0.0,0.0,0.0,0.0
2026-07-31T09:44:07.626,458.171,108,open,ACTUATOR_ACTIVE,TRAJECTORY_RUNNING,24.0,76,35,0,115.73,76,0,0.0,0.0,0.0,0.0,0.0,0.0
2026-07-31T09:44:08.119,458.656,108,open,ACTUATOR_ACTIVE,TRAJECTORY_RUNNING,24.0,76,22,-63,-0.84,76,0,0.0,0.0,0.0,0.0,0.0,0.0
2026-07-31T09:44:08.625,459.171,108,open,ACTUATOR_ACTIVE,TRAJECTORY_COMPLETE,24.0,76,10,13,2.96,76,0,0.0,0.0,0.0,0.0,0.0,0.0
2026-07-31T09:44:09.120,459.656,108,open,ACTUATOR_ACTIVE,TRAJECTORY_COMPLETE,24.0,76,9,0,-0.05,76,0,0.0,0.0,0.0,0.0,0.0,0.0
2026-07-31T09:44:09.735,460.281,109,close,ACTUATOR_ACTIVE,TRAJECTORY_RUNNING,24.0,76,10,28,5.31,76,0,0.0,0.0,0.0,0.0,0.0,0.0
2026-07-31T09:44:10.227,460.765,109,close,ACTUATOR_ACTIVE,TRAJECTORY_RUNNING,24.0,76,33,10,91.82,76,0,0.0,0.0,0.0,0.0,0.0,0.0
2026-07-31T09:44:10.736,461.281,109,close,ACTUATOR_ACTIVE,TRAJECTORY_RUNNING,24.0,76,35,0,179.3,76,0,0.0,0.0,0.0,0.0,0.0,0.0
2026-07-31T09:44:11.231,461.765,109,close,ACTUATOR_ACTIVE,TRAJECTORY_RUNNING,24.0,76,35,0,176.48,76,0,0.0,0.0,0.0,0.0,0.0,0.0
2026-07-31T09:44:11.851,462.39,109,open,ACTUATOR_ACTIVE,TRAJECTORY_RUNNING,24.0,70,35,0,131.07,70,0,0.0,0.0,0.0,0.0,0.0,0.0
2026-07-31T09:44:12.339,462.875,109,open,ACTUATOR_ACTIVE,TRAJECTORY_RUNNING,24.0,70,23,-61,0.52,70,0,0.0,0.0,0.0,0.0,0.0,0.0
2026-07-31T09:44:12.851,463.39,109,open,ACTUATOR_ACTIVE,TRAJECTORY_COMPLETE,24.0,70,10,16,2.05,70,0,0.0,0.0,0.0,0.0,0.0,0.0
2026-07-31T09:44:13.349,463.89,109,open,ACTUATOR_ACTIVE,TRAJECTORY_COMPLETE,24.0,70,9,1,-0.19,70,0,0.0,0.0,0.0,0.0,0.0,0.0
2026-07-31T09:44:13.956,464.5,110,close,ACTUATOR_ACTIVE,TRAJECTORY_RUNNING,24.0,70,10,26,4.92,70,0,0.0,0.0,0.0,0.0,0.0,0.0
2026-07-31T09:44:14.449,464.984,110,close,ACTUATOR_ACTIVE,TRAJECTORY_RUNNING,24.0,70,33,0,122.56,70,0,0.0,0.0,0.0,0.0,0.0,0.0
2026-07-31T09:44:14.958,465.5,110,close,ACTUATOR_ACTIVE,TRAJECTORY_RUNNING,24.0,70,35,0,178.07,70,0,0.0,0.0,0.0,0.0,0.0,0.0
2026-07-31T09:44:15.456,466.0,110,close,ACTUATOR_ACTIVE,TRAJECTORY_RUNNING,24.0,70,35,0,171.26,70,0,0.0,0.0,0.0,0.0,0.0,0.0
2026-07-31T09:44:16.054,466.593,110,open,ACTUATOR_ACTIVE,TRAJECTORY_RUNNING,24.0,73,35,0,125.86,73,0,0.0,0.0,0.0,0.0,0.0,0.0
2026-07-31T09:44:16.569,467.109,110,open,ACTUATOR_ACTIVE,TRAJECTORY_RUNNING,24.0,73,21,-63,-1.54,73,0,0.0,0.0,0.0,0.0,0.0,0.0
2026-07-31T09:44:17.059,467.593,110,open,ACTUATOR_ACTIVE,TRAJECTORY_RUNNING,24.0,73,11,0,0.33,73,0,0.0,0.0,0.0,0.0,0.0,0.0
2026-07-31T09:44:17.567,468.109,110,open,ACTUATOR_ACTIVE,TRAJECTORY_RUNNING,24.0,73,12,-1,-1.71,73,0,0.0,0.0,0.0,0.0,0.0,0.0
2026-07-31T09:44:18.165,468.703,111,close,ACTUATOR_ACTIVE,TRAJECTORY_RUNNING,24.0,73,16,42,5.99,73,0,0.0,0.0,0.0,0.0,0.0,0.0
2026-07-31T09:44:18.672,469.218,111,close,ACTUATOR_ACTIVE,TRAJECTORY_RUNNING,24.0,73,34,9,139.98,73,0,0.0,0.0,0.0,0.0,0.0,0.0
2026-07-31T09:44:19.168,469.703,111,close,ACTUATOR_ACTIVE,TRAJECTORY_RUNNING,24.0,73,35,0,171.86,73,0,0.0,0.0,0.0,0.0,0.0,0.0
2026-07-31T09:44:19.677,470.218,111,close,ACTUATOR_ERROR,TRAJECTORY_RUNNING,24.0,73,35,4,135.03,73,8437792,0.0,0.0,0.0,0.0,0.0,0.0
2026-07-31T09:44:20.282,470.828,111,open,ACTUATOR_ERROR,TRAJECTORY_RUNNING,24.0,73,35,4,135.03,73,8437792,0.0,0.0,0.0,0.0,0.0,0.0
2026-07-31T09:44:20.773,471.312,111,open,ACTUATOR_ERROR,TRAJECTORY_RUNNING,24.0,73,35,4,135.03,73,8437792,0.0,0.0,0.0,0.0,0.0,0.0
2026-07-31T09:44:21.283,471.828,111,open,ACTUATOR_ERROR,TRAJECTORY_RUNNING,24.0,73,35,4,135.03,73,8437792,0.0,0.0,0.0,0.0,0.0,0.0
2026-07-31T09:44:21.778,472.312,111,open,ACTUATOR_ERROR,TRAJECTORY_RUNNING,24.0,73,35,4,135.03,73,8437792,0.0,0.0,0.0,0.0,0.0,0.0
2026-07-31T09:44:22.394,472.937,112,close,ACTUATOR_ERROR,TRAJECTORY_RUNNING,24.0,73,35,4,135.03,73,8437792,0.0,0.0,0.0,0.0,0.0,0.0
2026-07-31T09:44:22.906,473.453,112,close,ACTUATOR_ERROR,TRAJECTORY_RUNNING,24.0,73,35,4,135.03,73,8437792,0.0,0.0,0.0,0.0,0.0,0.0
2026-07-31T09:44:23.398,473.937,112,close,ACTUATOR_ERROR,TRAJECTORY_RUNNING,24.0,73,35,4,135.03,73,8437792,0.0,0.0,0.0,0.0,0.0,0.0
2026-07-31T09:44:23.906,474.453,112,close,ACTUATOR_ERROR,TRAJECTORY_RUNNING,24.0,73,35,4,135.03,73,8437792,0.0,0.0,0.0,0.0,0.0,0.0
2026-07-31T09:44:24.507,475.046,112,open,ACTUATOR_ERROR,TRAJECTORY_RUNNING,24.0,73,35,4,135.03,73,8437792,0.0,0.0,0.0,0.0,0.0,0.0
2026-07-31T09:44:25.020,475.562,112,open,ACTUATOR_ERROR,TRAJECTORY_RUNNING,24.0,73,35,4,135.03,73,8437792,0.0,0.0,0.0,0.0,0.0,0.0
2026-07-31T09:44:25.516,476.062,112,open,ACTUATOR_ERROR,TRAJECTORY_RUNNING,24.0,73,35,4,135.03,73,8437792,0.0,0.0,0.0,0.0,0.0,0.0
2026-07-31T09:44:26.010,476.546,112,open,ACTUATOR_ERROR,TRAJECTORY_RUNNING,24.0,73,35,4,135.03,73,8437792,0.0,0.0,0.0,0.0,0.0,0.0
2026-07-31T09:44:26.630,477.171,113,close,ACTUATOR_ERROR,TRAJECTORY_RUNNING,24.0,73,35,4,135.03,73,8437792,0.0,0.0,0.0,0.0,0.0,0.0
2026-07-31T09:44:27.142,477.687,113,close,ACTUATOR_ERROR,TRAJECTORY_RUNNING,24.0,73,35,4,135.03,73,8437792,0.0,0.0,0.0,0.0,0.0,0.0
2026-07-31T09:44:27.637,478.171,113,close,ACTUATOR_ERROR,TRAJECTORY_RUNNING,24.0,73,35,4,135.03,73,8437792,0.0,0.0,0.0,0.0,0.0,0.0
2026-07-31T09:44:28.151,478.687,113,close,ACTUATOR_ERROR,TRAJECTORY_RUNNING,24.0,73,35,4,135.03,73,8437792,0.0,0.0,0.0,0.0,0.0,0.0
2026-07-31T09:44:28.759,479.296,113,open,ACTUATOR_ERROR,TRAJECTORY_RUNNING,24.0,73,35,4,135.03,73,8437792,0.0,0.0,0.0,0.0,0.0,0.0
2026-07-31T09:44:29.251,479.796,113,open,ACTUATOR_ERROR,TRAJECTORY_RUNNING,24.0,73,35,4,135.03,73,8437792,0.0,0.0,0.0,0.0,0.0,0.0
2026-07-31T09:44:29.746,480.281,113,open,ACTUATOR_ERROR,TRAJECTORY_RUNNING,24.0,73,35,4,135.03,73,8437792,0.0,0.0,0.0,0.0,0.0,0.0
2026-07-31T09:44:30.248,480.796,113,open,ACTUATOR_ERROR,TRAJECTORY_RUNNING,24.0,73,35,4,135.03,73,8437792,0.0,0.0,0.0,0.0,0.0,0.0
2026-07-31T09:44:30.849,481.39,114,close,ACTUATOR_ERROR,TRAJECTORY_RUNNING,24.0,73,35,4,135.03,73,8437792,0.0,0.0,0.0,0.0,0.0,0.0
2026-07-31T09:44:31.341,481.89,114,close,ACTUATOR_ERROR,TRAJECTORY_RUNNING,24.0,73,35,4,135.03,73,8437792,0.0,0.0,0.0,0.0,0.0,0.0
2026-07-31T09:44:31.837,482.375,114,close,ACTUATOR_ERROR,TRAJECTORY_RUNNING,24.0,73,35,4,135.03,73,8437792,0.0,0.0,0.0,0.0,0.0,0.0
2026-07-31T09:44:32.345,482.89,114,close,ACTUATOR_ERROR,TRAJECTORY_RUNNING,24.0,73,35,4,135.03,73,8437792,0.0,0.0,0.0,0.0,0.0,0.0
2026-07-31T09:44:32.956,483.5,114,open,ACTUATOR_ERROR,TRAJECTORY_RUNNING,24.0,73,35,4,135.03,73,8437792,0.0,0.0,0.0,0.0,0.0,0.0
2026-07-31T09:44:33.454,484.0,114,open,ACTUATOR_ERROR,TRAJECTORY_RUNNING,24.0,73,35,4,135.03,73,8437792,0.0,0.0,0.0,0.0,0.0,0.0
2026-07-31T09:44:33.953,484.5,114,open,ACTUATOR_ERROR,TRAJECTORY_RUNNING,24.0,73,35,4,135.03,73,8437792,0.0,0.0,0.0,0.0,0.0,0.0
