timestamp,elapsed_s,cycle,phase,actuator_state,trajectory_return,voltage,avg_temperature,position_gripper_joint,velocity_gripper_joint,force_gripper_joint,temperature_gripper_joint,error_gripper_joint,fingertip_gripper_join_left_x,fingertip_gripper_join_left_y,fingertip_gripper_join_left_z,fingertip_gripper_join_right_x,fingertip_gripper_join_right_y,fingertip_gripper_join_right_z
2026-07-30T15:12:05.566,0.141,0,close,ACTUATOR_ACTIVE,TRAJECTORY_RUNNING,24.0,49,5,15,3.57,49,0,0.0,0.0,0.0,0.0,0.0,0.0
2026-07-30T15:12:06.081,0.657,0,close,ACTUATOR_ACTIVE,TRAJECTORY_RUNNING,24.0,49,25,48,3.21,49,0,0.0,0.0,0.0,0.0,0.0,0.0
2026-07-30T15:12:06.580,1.157,0,close,ACTUATOR_ACTIVE,TRAJECTORY_RUNNING,24.0,49,32,0,33.98,49,0,0.0,0.0,0.0,0.0,0.0,0.0
2026-07-30T15:12:07.075,1.657,0,close,ACTUATOR_ACTIVE,TRAJECTORY_RUNNING,24.0,49,32,0,31.72,49,0,0.0,0.0,0.0,0.0,0.0,0.0
2026-07-30T15:12:07.687,2.266,0,open,ACTUATOR_ACTIVE,TRAJECTORY_RUNNING,24.0,49,32,-16,7.77,49,0,0.0,0.0,0.0,0.0,0.0,0.0
2026-07-30T15:12:08.180,2.75,0,open,ACTUATOR_ACTIVE,TRAJECTORY_RUNNING,24.0,45,14,-47,-2.18,45,0,0.0,0.0,0.0,0.0,0.0,0.0
2026-07-30T15:12:08.696,3.266,0,open,ACTUATOR_ACTIVE,TRAJECTORY_RUNNING,24.0,45,3,10,3.13,45,0,0.0,0.0,0.0,0.0,0.0,0.0
2026-07-30T15:12:09.193,3.766,0,open,ACTUATOR_ACTIVE,TRAJECTORY_COMPLETE,24.0,45,4,0,-0.81,45,0,0.0,0.0,0.0,0.0,0.0,0.0
2026-07-30T15:12:09.801,4.375,1,close,ACTUATOR_ACTIVE,TRAJECTORY_RUNNING,24.0,45,5,18,4.51,45,0,0.0,0.0,0.0,0.0,0.0,0.0
2026-07-30T15:12:10.300,4.875,1,close,ACTUATOR_ACTIVE,TRAJECTORY_RUNNING,24.0,45,25,46,3.58,45,0,0.0,0.0,0.0,0.0,0.0,0.0
2026-07-30T15:12:10.798,5.375,1,close,ACTUATOR_ACTIVE,TRAJECTORY_RUNNING,24.0,45,32,0,34.97,45,0,0.0,0.0,0.0,0.0,0.0,0.0
2026-07-30T15:12:11.299,5.875,1,close,ACTUATOR_ACTIVE,TRAJECTORY_RUNNING,24.0,45,32,0,28.92,45,0,0.0,0.0,0.0,0.0,0.0,0.0
2026-07-30T15:12:11.909,6.485,1,open,ACTUATOR_ACTIVE,TRAJECTORY_RUNNING,24.0,45,32,-18,7.85,45,0,0.0,0.0,0.0,0.0,0.0,0.0
2026-07-30T15:12:12.406,6.985,1,open,ACTUATOR_ACTIVE,TRAJECTORY_RUNNING,24.0,47,14,-50,-3.06,47,0,0.0,0.0,0.0,0.0,0.0,0.0
2026-07-30T15:12:12.903,7.485,1,open,ACTUATOR_ACTIVE,TRAJECTORY_RUNNING,24.0,47,3,10,1.68,47,0,0.0,0.0,0.0,0.0,0.0,0.0
2026-07-30T15:12:13.400,7.985,1,open,ACTUATOR_ACTIVE,TRAJECTORY_COMPLETE,24.0,47,4,0,0.19,47,0,0.0,0.0,0.0,0.0,0.0,0.0
2026-07-30T15:12:14.010,8.594,2,close,ACTUATOR_ACTIVE,TRAJECTORY_RUNNING,24.0,47,5,16,4.72,47,0,0.0,0.0,0.0,0.0,0.0,0.0
2026-07-30T15:12:14.506,9.078,2,close,ACTUATOR_ACTIVE,TRAJECTORY_RUNNING,24.0,47,26,47,3.77,47,0,0.0,0.0,0.0,0.0,0.0,0.0
2026-07-30T15:12:15.017,9.594,2,close,ACTUATOR_ACTIVE,TRAJECTORY_RUNNING,24.0,47,33,0,100.13,47,0,0.0,0.0,0.0,0.0,0.0,0.0
2026-07-30T15:12:15.511,10.094,2,close,ACTUATOR_ACTIVE,TRAJECTORY_RUNNING,24.0,47,33,0,101.33,47,0,0.0,0.0,0.0,0.0,0.0,0.0
2026-07-30T15:12:16.117,10.688,2,open,ACTUATOR_ACTIVE,TRAJECTORY_RUNNING,24.0,49,33,0,54.2,49,0,0.0,0.0,0.0,0.0,0.0,0.0
2026-07-30T15:12:16.629,11.203,2,open,ACTUATOR_ACTIVE,TRAJECTORY_RUNNING,24.0,49,20,-48,-1.32,49,0,0.0,0.0,0.0,0.0,0.0,0.0
2026-07-30T15:12:17.128,11.703,2,open,ACTUATOR_ACTIVE,TRAJECTORY_RUNNING,24.0,49,3,0,-1.16,49,0,0.0,0.0,0.0,0.0,0.0,0.0
2026-07-30T15:12:17.625,12.203,2,open,ACTUATOR_ACTIVE,TRAJECTORY_COMPLETE,24.0,49,4,0,0.03,49,0,0.0,0.0,0.0,0.0,0.0,0.0
2026-07-30T15:12:18.235,12.813,3,close,ACTUATOR_ACTIVE,TRAJECTORY_RUNNING,24.0,49,5,16,5.29,49,0,0.0,0.0,0.0,0.0,0.0,0.0
2026-07-30T15:12:18.730,13.313,3,close,ACTUATOR_ACTIVE,TRAJECTORY_RUNNING,24.0,49,26,49,2.0,49,0,0.0,0.0,0.0,0.0,0.0,0.0
2026-07-30T15:12:19.230,13.813,3,close,ACTUATOR_ACTIVE,TRAJECTORY_RUNNING,24.0,49,33,0,97.24,49,0,0.0,0.0,0.0,0.0,0.0,0.0
2026-07-30T15:12:19.726,14.297,3,close,ACTUATOR_ACTIVE,TRAJECTORY_RUNNING,24.0,49,33,0,107.93,49,0,0.0,0.0,0.0,0.0,0.0,0.0
2026-07-30T15:12:20.352,14.922,3,open,ACTUATOR_ACTIVE,TRAJECTORY_RUNNING,24.0,49,33,-1,56.24,49,0,0.0,0.0,0.0,0.0,0.0,0.0
2026-07-30T15:12:20.862,15.438,3,open,ACTUATOR_ACTIVE,TRAJECTORY_RUNNING,24.0,49,20,-47,-0.71,49,0,0.0,0.0,0.0,0.0,0.0,0.0
2026-07-30T15:12:21.358,15.938,3,open,ACTUATOR_ACTIVE,TRAJECTORY_RUNNING,24.0,49,3,0,-0.88,49,0,0.0,0.0,0.0,0.0,0.0,0.0
2026-07-30T15:12:21.853,16.422,3,open,ACTUATOR_ACTIVE,TRAJECTORY_COMPLETE,24.0,49,4,0,0.29,49,0,0.0,0.0,0.0,0.0,0.0,0.0
2026-07-30T15:12:22.481,17.063,4,close,ACTUATOR_ACTIVE,TRAJECTORY_RUNNING,24.0,49,5,14,3.66,49,0,0.0,0.0,0.0,0.0,0.0,0.0
2026-07-30T15:12:22.981,17.563,4,close,ACTUATOR_ACTIVE,TRAJECTORY_RUNNING,24.0,49,26,48,2.4,49,0,0.0,0.0,0.0,0.0,0.0,0.0
2026-07-30T15:12:23.480,18.063,4,close,ACTUATOR_ACTIVE,TRAJECTORY_RUNNING,24.0,49,33,0,104.98,49,0,0.0,0.0,0.0,0.0,0.0,0.0
2026-07-30T15:12:23.973,18.547,4,close,ACTUATOR_ACTIVE,TRAJECTORY_RUNNING,24.0,49,33,0,94.83,49,0,0.0,0.0,0.0,0.0,0.0,0.0
2026-07-30T15:12:24.600,19.172,4,open,ACTUATOR_ACTIVE,TRAJECTORY_RUNNING,24.0,47,33,0,55.03,47,0,0.0,0.0,0.0,0.0,0.0,0.0
2026-07-30T15:12:25.097,19.672,4,open,ACTUATOR_ACTIVE,TRAJECTORY_RUNNING,24.0,47,21,-46,-1.22,47,0,0.0,0.0,0.0,0.0,0.0,0.0
2026-07-30T15:12:25.597,20.172,4,open,ACTUATOR_ACTIVE,TRAJECTORY_RUNNING,24.0,47,3,0,-0.96,47,0,0.0,0.0,0.0,0.0,0.0,0.0
2026-07-30T15:12:26.094,20.672,4,open,ACTUATOR_ACTIVE,TRAJECTORY_COMPLETE,24.0,47,5,0,-0.61,47,0,0.0,0.0,0.0,0.0,0.0,0.0
2026-07-30T15:12:26.707,21.282,5,close,ACTUATOR_ACTIVE,TRAJECTORY_RUNNING,24.0,47,5,15,3.11,47,0,0.0,0.0,0.0,0.0,0.0,0.0
2026-07-30T15:12:27.203,21.782,5,close,ACTUATOR_ACTIVE,TRAJECTORY_RUNNING,24.0,47,26,50,2.66,47,0,0.0,0.0,0.0,0.0,0.0,0.0
2026-07-30T15:12:27.702,22.282,5,close,ACTUATOR_ACTIVE,TRAJECTORY_RUNNING,24.0,47,33,2,90.3,47,0,0.0,0.0,0.0,0.0,0.0,0.0
2026-07-30T15:12:28.200,22.782,5,close,ACTUATOR_ACTIVE,TRAJECTORY_RUNNING,24.0,50,33,0,100.4,50,0,0.0,0.0,0.0,0.0,0.0,0.0
2026-07-30T15:12:28.809,23.391,5,open,ACTUATOR_ACTIVE,TRAJECTORY_RUNNING,24.0,50,33,0,54.0,50,0,0.0,0.0,0.0,0.0,0.0,0.0
2026-07-30T15:12:29.307,23.891,5,open,ACTUATOR_ACTIVE,TRAJECTORY_RUNNING,24.0,50,21,-47,-3.96,50,0,0.0,0.0,0.0,0.0,0.0,0.0
2026-07-30T15:12:29.800,24.375,5,open,ACTUATOR_ACTIVE,TRAJECTORY_RUNNING,24.0,50,3,0,-1.15,50,0,0.0,0.0,0.0,0.0,0.0,0.0
2026-07-30T15:12:30.314,24.891,5,open,ACTUATOR_ACTIVE,TRAJECTORY_COMPLETE,24.0,50,4,0,0.28,50,0,0.0,0.0,0.0,0.0,0.0,0.0
2026-07-30T15:12:30.923,25.5,6,close,ACTUATOR_ACTIVE,TRAJECTORY_RUNNING,24.0,50,5,18,5.9,50,0,0.0,0.0,0.0,0.0,0.0,0.0
2026-07-30T15:12:31.419,26.0,6,close,ACTUATOR_ACTIVE,TRAJECTORY_RUNNING,24.0,50,26,50,1.94,50,0,0.0,0.0,0.0,0.0,0.0,0.0
2026-07-30T15:12:31.916,26.5,6,close,ACTUATOR_ACTIVE,TRAJECTORY_RUNNING,24.0,50,33,0,106.7,50,0,0.0,0.0,0.0,0.0,0.0,0.0
2026-07-30T15:12:32.412,26.985,6,close,ACTUATOR_ACTIVE,TRAJECTORY_RUNNING,24.0,52,33,0,94.86,52,0,0.0,0.0,0.0,0.0,0.0,0.0
2026-07-30T15:12:33.032,27.61,6,open,ACTUATOR_ACTIVE,TRAJECTORY_RUNNING,24.0,52,33,0,56.13,52,0,0.0,0.0,0.0,0.0,0.0,0.0
2026-07-30T15:12:33.528,28.11,6,open,ACTUATOR_ACTIVE,TRAJECTORY_RUNNING,24.0,52,21,-48,-2.48,52,0,0.0,0.0,0.0,0.0,0.0,0.0
2026-07-30T15:12:34.025,28.61,6,open,ACTUATOR_ACTIVE,TRAJECTORY_RUNNING,24.0,52,3,-1,-2.42,52,0,0.0,0.0,0.0,0.0,0.0,0.0
2026-07-30T15:12:34.520,29.094,6,open,ACTUATOR_ACTIVE,TRAJECTORY_COMPLETE,24.0,52,4,0,0.11,52,0,0.0,0.0,0.0,0.0,0.0,0.0
2026-07-30T15:12:35.142,29.719,7,close,ACTUATOR_ACTIVE,TRAJECTORY_RUNNING,24.0,52,5,16,2.52,52,0,0.0,0.0,0.0,0.0,0.0,0.0
2026-07-30T15:12:35.636,30.219,7,close,ACTUATOR_ACTIVE,TRAJECTORY_RUNNING,24.0,52,26,50,3.74,52,0,0.0,0.0,0.0,0.0,0.0,0.0
2026-07-30T15:12:36.133,30.703,7,close,ACTUATOR_ACTIVE,TRAJECTORY_RUNNING,24.0,52,33,0,100.53,52,0,0.0,0.0,0.0,0.0,0.0,0.0
2026-07-30T15:12:36.646,31.219,7,close,ACTUATOR_ACTIVE,TRAJECTORY_RUNNING,24.0,52,33,0,94.62,52,0,0.0,0.0,0.0,0.0,0.0,0.0
2026-07-30T15:12:37.257,31.828,7,open,ACTUATOR_ACTIVE,TRAJECTORY_RUNNING,24.0,52,33,0,55.17,52,0,0.0,0.0,0.0,0.0,0.0,0.0
2026-07-30T15:12:37.770,32.344,7,open,ACTUATOR_ACTIVE,TRAJECTORY_RUNNING,24.0,52,20,-46,-1.55,52,0,0.0,0.0,0.0,0.0,0.0,0.0
2026-07-30T15:12:38.262,32.844,7,open,ACTUATOR_ACTIVE,TRAJECTORY_RUNNING,24.0,52,3,0,-0.49,52,0,0.0,0.0,0.0,0.0,0.0,0.0
2026-07-30T15:12:38.760,33.344,7,open,ACTUATOR_ACTIVE,TRAJECTORY_COMPLETE,24.0,52,4,0,-0.63,52,0,0.0,0.0,0.0,0.0,0.0,0.0
2026-07-30T15:12:39.363,33.938,8,close,ACTUATOR_ACTIVE,TRAJECTORY_RUNNING,24.0,52,5,14,2.48,52,0,0.0,0.0,0.0,0.0,0.0,0.0
2026-07-30T15:12:39.873,34.453,8,close,ACTUATOR_ACTIVE,TRAJECTORY_RUNNING,24.0,52,25,48,4.25,52,0,0.0,0.0,0.0,0.0,0.0,0.0
2026-07-30T15:12:40.370,34.953,8,close,ACTUATOR_ACTIVE,TRAJECTORY_RUNNING,24.0,56,32,0,34.1,56,0,0.0,0.0,0.0,0.0,0.0,0.0
2026-07-30T15:12:40.868,35.438,8,close,ACTUATOR_ACTIVE,TRAJECTORY_RUNNING,24.0,56,32,0,31.58,56,0,0.0,0.0,0.0,0.0,0.0,0.0
2026-07-30T15:12:41.497,36.078,8,open,ACTUATOR_ACTIVE,TRAJECTORY_RUNNING,24.0,56,32,-17,7.26,56,0,0.0,0.0,0.0,0.0,0.0,0.0
2026-07-30T15:12:41.986,36.563,8,open,ACTUATOR_ACTIVE,TRAJECTORY_RUNNING,24.0,56,14,-45,-5.12,56,0,0.0,0.0,0.0,0.0,0.0,0.0
2026-07-30T15:12:42.503,37.078,8,open,ACTUATOR_ACTIVE,TRAJECTORY_RUNNING,24.0,56,4,10,2.48,56,0,0.0,0.0,0.0,0.0,0.0,0.0
2026-07-30T15:12:43.001,37.578,8,open,ACTUATOR_ACTIVE,TRAJECTORY_COMPLETE,24.0,56,5,0,-0.42,56,0,0.0,0.0,0.0,0.0,0.0,0.0
2026-07-30T15:12:43.612,38.188,9,close,ACTUATOR_ACTIVE,TRAJECTORY_RUNNING,24.0,56,5,15,4.08,56,0,0.0,0.0,0.0,0.0,0.0,0.0
2026-07-30T15:12:44.108,38.688,9,close,ACTUATOR_ACTIVE,TRAJECTORY_RUNNING,24.0,52,26,47,6.03,52,0,0.0,0.0,0.0,0.0,0.0,0.0
2026-07-30T15:12:44.609,39.188,9,close,ACTUATOR_ACTIVE,TRAJECTORY_RUNNING,24.0,52,33,0,98.9,52,0,0.0,0.0,0.0,0.0,0.0,0.0
2026-07-30T15:12:45.111,39.688,9,close,ACTUATOR_ACTIVE,TRAJECTORY_RUNNING,24.0,52,33,0,99.17,52,0,0.0,0.0,0.0,0.0,0.0,0.0
2026-07-30T15:12:45.717,40.297,9,open,ACTUATOR_ACTIVE,TRAJECTORY_RUNNING,24.0,52,33,0,56.41,52,0,0.0,0.0,0.0,0.0,0.0,0.0
2026-07-30T15:12:46.214,40.797,9,open,ACTUATOR_ACTIVE,TRAJECTORY_RUNNING,24.0,52,21,-46,-0.54,52,0,0.0,0.0,0.0,0.0,0.0,0.0
2026-07-30T15:12:46.712,41.297,9,open,ACTUATOR_ACTIVE,TRAJECTORY_RUNNING,24.0,52,3,0,-1.42,52,0,0.0,0.0,0.0,0.0,0.0,0.0
2026-07-30T15:12:47.213,41.797,9,open,ACTUATOR_ACTIVE,TRAJECTORY_COMPLETE,24.0,52,4,0,0.37,52,0,0.0,0.0,0.0,0.0,0.0,0.0
2026-07-30T15:12:47.822,42.407,10,close,ACTUATOR_ACTIVE,TRAJECTORY_RUNNING,24.0,52,5,14,4.3,52,0,0.0,0.0,0.0,0.0,0.0,0.0
2026-07-30T15:12:48.321,42.891,10,close,ACTUATOR_ACTIVE,TRAJECTORY_RUNNING,24.0,53,26,49,3.64,53,0,0.0,0.0,0.0,0.0,0.0,0.0
2026-07-30T15:12:48.832,43.407,10,close,ACTUATOR_ACTIVE,TRAJECTORY_RUNNING,24.0,53,33,0,104.98,53,0,0.0,0.0,0.0,0.0,0.0,0.0
2026-07-30T15:12:49.330,43.907,10,close,ACTUATOR_ACTIVE,TRAJECTORY_RUNNING,24.0,53,33,0,103.79,53,0,0.0,0.0,0.0,0.0,0.0,0.0
2026-07-30T15:12:49.940,44.516,10,open,ACTUATOR_ACTIVE,TRAJECTORY_RUNNING,24.0,53,33,-1,53.98,53,0,0.0,0.0,0.0,0.0,0.0,0.0
2026-07-30T15:12:50.437,45.016,10,open,ACTUATOR_ACTIVE,TRAJECTORY_RUNNING,24.0,53,21,-44,-0.69,53,0,0.0,0.0,0.0,0.0,0.0,0.0
2026-07-30T15:12:50.938,45.516,10,open,ACTUATOR_ACTIVE,TRAJECTORY_RUNNING,24.0,53,3,0,-1.23,53,0,0.0,0.0,0.0,0.0,0.0,0.0
2026-07-30T15:12:51.438,46.016,10,open,ACTUATOR_ACTIVE,TRAJECTORY_COMPLETE,24.0,53,4,0,0.77,53,0,0.0,0.0,0.0,0.0,0.0,0.0
2026-07-30T15:12:52.045,46.625,11,close,ACTUATOR_ACTIVE,TRAJECTORY_RUNNING,24.0,49,5,19,3.77,49,0,0.0,0.0,0.0,0.0,0.0,0.0
2026-07-30T15:12:52.541,47.125,11,close,ACTUATOR_ACTIVE,TRAJECTORY_RUNNING,24.0,49,26,48,2.24,49,0,0.0,0.0,0.0,0.0,0.0,0.0
2026-07-30T15:12:53.041,47.625,11,close,ACTUATOR_ACTIVE,TRAJECTORY_RUNNING,24.0,49,33,0,104.95,49,0,0.0,0.0,0.0,0.0,0.0,0.0
2026-07-30T15:12:53.537,48.11,11,close,ACTUATOR_ACTIVE,TRAJECTORY_RUNNING,24.0,49,33,0,94.35,49,0,0.0,0.0,0.0,0.0,0.0,0.0
2026-07-30T15:12:54.159,48.735,11,open,ACTUATOR_ACTIVE,TRAJECTORY_RUNNING,24.0,49,33,0,57.24,49,0,0.0,0.0,0.0,0.0,0.0,0.0
2026-07-30T15:12:54.655,49.235,11,open,ACTUATOR_ACTIVE,TRAJECTORY_RUNNING,24.0,49,18,-48,-2.67,49,0,0.0,0.0,0.0,0.0,0.0,0.0
2026-07-30T15:12:55.155,49.735,11,open,ACTUATOR_ACTIVE,TRAJECTORY_COMPLETE,24.0,49,5,4,1.29,49,0,0.0,0.0,0.0,0.0,0.0,0.0
2026-07-30T15:12:55.654,50.235,11,open,ACTUATOR_ACTIVE,TRAJECTORY_COMPLETE,24.0,49,4,1,-1.07,49,0,0.0,0.0,0.0,0.0,0.0,0.0
2026-07-30T15:12:56.262,50.844,12,close,ACTUATOR_ACTIVE,TRAJECTORY_RUNNING,24.0,56,5,14,3.17,56,0,0.0,0.0,0.0,0.0,0.0,0.0
2026-07-30T15:12:56.757,51.328,12,close,ACTUATOR_ACTIVE,TRAJECTORY_RUNNING,24.0,56,26,50,3.56,56,0,0.0,0.0,0.0,0.0,0.0,0.0
2026-07-30T15:12:57.267,51.844,12,close,ACTUATOR_ACTIVE,TRAJECTORY_RUNNING,24.0,56,33,0,103.46,56,0,0.0,0.0,0.0,0.0,0.0,0.0
2026-07-30T15:12:57.766,52.344,12,close,ACTUATOR_ACTIVE,TRAJECTORY_RUNNING,24.0,56,33,0,97.49,56,0,0.0,0.0,0.0,0.0,0.0,0.0
2026-07-30T15:12:58.377,52.953,12,open,ACTUATOR_ACTIVE,TRAJECTORY_RUNNING,24.0,56,33,-1,52.03,56,0,0.0,0.0,0.0,0.0,0.0,0.0
2026-07-30T15:12:58.872,53.453,12,open,ACTUATOR_ACTIVE,TRAJECTORY_RUNNING,24.0,56,18,-46,-0.8,56,0,0.0,0.0,0.0,0.0,0.0,0.0
2026-07-30T15:12:59.373,53.953,12,open,ACTUATOR_ACTIVE,TRAJECTORY_COMPLETE,24.0,56,5,11,1.9,56,0,0.0,0.0,0.0,0.0,0.0,0.0
2026-07-30T15:12:59.869,54.453,12,open,ACTUATOR_ACTIVE,TRAJECTORY_COMPLETE,24.0,56,5,0,0.35,56,0,0.0,0.0,0.0,0.0,0.0,0.0
2026-07-30T15:13:00.475,55.047,13,close,ACTUATOR_ACTIVE,TRAJECTORY_RUNNING,24.0,50,5,15,4.4,50,0,0.0,0.0,0.0,0.0,0.0,0.0
2026-07-30T15:13:00.982,55.563,13,close,ACTUATOR_ACTIVE,TRAJECTORY_RUNNING,24.0,50,27,48,3.17,50,0,0.0,0.0,0.0,0.0,0.0,0.0
2026-07-30T15:13:01.481,56.063,13,close,ACTUATOR_ACTIVE,TRAJECTORY_RUNNING,24.0,50,33,0,99.38,50,0,0.0,0.0,0.0,0.0,0.0,0.0
2026-07-30T15:13:01.978,56.563,13,close,ACTUATOR_ACTIVE,TRAJECTORY_RUNNING,24.0,50,33,0,97.72,50,0,0.0,0.0,0.0,0.0,0.0,0.0
2026-07-30T15:13:02.585,57.157,13,open,ACTUATOR_ACTIVE,TRAJECTORY_RUNNING,24.0,50,33,0,55.47,50,0,0.0,0.0,0.0,0.0,0.0,0.0
2026-07-30T15:13:03.099,57.672,13,open,ACTUATOR_ACTIVE,TRAJECTORY_RUNNING,24.0,50,17,-48,-2.57,50,0,0.0,0.0,0.0,0.0,0.0,0.0
2026-07-30T15:13:03.598,58.172,13,open,ACTUATOR_ACTIVE,TRAJECTORY_COMPLETE,24.0,50,5,3,1.19,50,0,0.0,0.0,0.0,0.0,0.0,0.0
2026-07-30T15:13:04.094,58.672,13,open,ACTUATOR_ACTIVE,TRAJECTORY_COMPLETE,24.0,57,4,0,-0.04,57,0,0.0,0.0,0.0,0.0,0.0,0.0
2026-07-30T15:13:04.708,59.282,14,close,ACTUATOR_ACTIVE,TRAJECTORY_RUNNING,24.0,57,5,17,3.68,57,0,0.0,0.0,0.0,0.0,0.0,0.0
2026-07-30T15:13:05.206,59.782,14,close,ACTUATOR_ACTIVE,TRAJECTORY_RUNNING,24.0,57,25,47,2.29,57,0,0.0,0.0,0.0,0.0,0.0,0.0
2026-07-30T15:13:05.699,60.282,14,close,ACTUATOR_ACTIVE,TRAJECTORY_RUNNING,24.0,57,32,1,33.79,57,0,0.0,0.0,0.0,0.0,0.0,0.0
2026-07-30T15:13:06.195,60.766,14,close,ACTUATOR_ACTIVE,TRAJECTORY_RUNNING,24.0,57,32,0,31.29,57,0,0.0,0.0,0.0,0.0,0.0,0.0
2026-07-30T15:13:06.818,61.391,14,open,ACTUATOR_ACTIVE,TRAJECTORY_RUNNING,24.0,57,32,-16,8.22,57,0,0.0,0.0,0.0,0.0,0.0,0.0
2026-07-30T15:13:07.331,61.907,14,open,ACTUATOR_ACTIVE,TRAJECTORY_RUNNING,24.0,57,14,-47,1.18,57,0,0.0,0.0,0.0,0.0,0.0,0.0
2026-07-30T15:13:07.825,62.407,14,open,ACTUATOR_ACTIVE,TRAJECTORY_RUNNING,24.0,57,3,9,2.18,57,0,0.0,0.0,0.0,0.0,0.0,0.0
2026-07-30T15:13:08.319,62.891,14,open,ACTUATOR_ACTIVE,TRAJECTORY_COMPLETE,24.0,57,4,0,-0.3,57,0,0.0,0.0,0.0,0.0,0.0,0.0
2026-07-30T15:13:08.940,63.516,15,close,ACTUATOR_ACTIVE,TRAJECTORY_RUNNING,24.0,57,5,14,3.12,57,0,0.0,0.0,0.0,0.0,0.0,0.0
2026-07-30T15:13:09.454,64.032,15,close,ACTUATOR_ACTIVE,TRAJECTORY_RUNNING,24.0,57,25,47,4.26,57,0,0.0,0.0,0.0,0.0,0.0,0.0
2026-07-30T15:13:09.953,64.532,15,close,ACTUATOR_ACTIVE,TRAJECTORY_RUNNING,24.0,57,32,0,34.21,57,0,0.0,0.0,0.0,0.0,0.0,0.0
2026-07-30T15:13:10.449,65.032,15,close,ACTUATOR_ACTIVE,TRAJECTORY_RUNNING,24.0,57,32,0,28.98,57,0,0.0,0.0,0.0,0.0,0.0,0.0
2026-07-30T15:13:11.061,65.641,15,open,ACTUATOR_ACTIVE,TRAJECTORY_RUNNING,24.0,57,32,-15,8.08,57,0,0.0,0.0,0.0,0.0,0.0,0.0
2026-07-30T15:13:11.553,66.125,15,open,ACTUATOR_ACTIVE,TRAJECTORY_RUNNING,24.0,57,14,-48,-4.37,57,0,0.0,0.0,0.0,0.0,0.0,0.0
2026-07-30T15:13:12.067,66.641,15,open,ACTUATOR_ACTIVE,TRAJECTORY_RUNNING,24.0,56,4,11,2.83,56,0,0.0,0.0,0.0,0.0,0.0,0.0
2026-07-30T15:13:12.562,67.141,15,open,ACTUATOR_ACTIVE,TRAJECTORY_COMPLETE,24.0,56,4,0,0.09,56,0,0.0,0.0,0.0,0.0,0.0,0.0
2026-07-30T15:13:13.176,67.75,16,close,ACTUATOR_ACTIVE,TRAJECTORY_RUNNING,24.0,56,5,15,4.17,56,0,0.0,0.0,0.0,0.0,0.0,0.0
2026-07-30T15:13:13.674,68.25,16,close,ACTUATOR_ACTIVE,TRAJECTORY_RUNNING,24.0,56,26,48,3.99,56,0,0.0,0.0,0.0,0.0,0.0,0.0
2026-07-30T15:13:14.171,68.75,16,close,ACTUATOR_ACTIVE,TRAJECTORY_RUNNING,24.0,56,33,0,104.78,56,0,0.0,0.0,0.0,0.0,0.0,0.0
2026-07-30T15:13:14.667,69.25,16,close,ACTUATOR_ACTIVE,TRAJECTORY_RUNNING,24.0,56,33,0,99.09,56,0,0.0,0.0,0.0,0.0,0.0,0.0
2026-07-30T15:13:15.278,69.86,16,open,ACTUATOR_ACTIVE,TRAJECTORY_RUNNING,24.0,56,33,0,53.72,56,0,0.0,0.0,0.0,0.0,0.0,0.0
2026-07-30T15:13:15.776,70.36,16,open,ACTUATOR_ACTIVE,TRAJECTORY_RUNNING,24.0,56,21,-44,-2.17,56,0,0.0,0.0,0.0,0.0,0.0,0.0
2026-07-30T15:13:16.271,70.844,16,open,ACTUATOR_ACTIVE,TRAJECTORY_RUNNING,24.0,54,3,1,-1.28,54,0,0.0,0.0,0.0,0.0,0.0,0.0
2026-07-30T15:13:16.786,71.36,16,open,ACTUATOR_ACTIVE,TRAJECTORY_COMPLETE,24.0,54,4,0,0.01,54,0,0.0,0.0,0.0,0.0,0.0,0.0
2026-07-30T15:13:17.393,71.969,17,close,ACTUATOR_ACTIVE,TRAJECTORY_RUNNING,24.0,54,5,16,5.08,54,0,0.0,0.0,0.0,0.0,0.0,0.0
2026-07-30T15:13:17.888,72.469,17,close,ACTUATOR_ACTIVE,TRAJECTORY_RUNNING,24.0,54,26,50,2.48,54,0,0.0,0.0,0.0,0.0,0.0,0.0
2026-07-30T15:13:18.387,72.969,17,close,ACTUATOR_ACTIVE,TRAJECTORY_RUNNING,24.0,54,33,1,102.94,54,0,0.0,0.0,0.0,0.0,0.0,0.0
2026-07-30T15:13:18.883,73.453,17,close,ACTUATOR_ACTIVE,TRAJECTORY_RUNNING,24.0,54,33,0,102.84,54,0,0.0,0.0,0.0,0.0,0.0,0.0
2026-07-30T15:13:19.507,74.078,17,open,ACTUATOR_ACTIVE,TRAJECTORY_RUNNING,24.0,54,33,0,56.15,54,0,0.0,0.0,0.0,0.0,0.0,0.0
2026-07-30T15:13:20.019,74.594,17,open,ACTUATOR_ACTIVE,TRAJECTORY_RUNNING,24.0,57,17,-49,-6.58,57,0,0.0,0.0,0.0,0.0,0.0,0.0
2026-07-30T15:13:20.519,75.094,17,open,ACTUATOR_ACTIVE,TRAJECTORY_COMPLETE,24.0,57,5,0,1.44,57,0,0.0,0.0,0.0,0.0,0.0,0.0
2026-07-30T15:13:21.018,75.594,17,open,ACTUATOR_ACTIVE,TRAJECTORY_COMPLETE,24.0,57,4,0,-0.5,57,0,0.0,0.0,0.0,0.0,0.0,0.0
2026-07-30T15:13:21.630,76.203,18,close,ACTUATOR_ACTIVE,TRAJECTORY_RUNNING,24.0,57,5,14,4.69,57,0,0.0,0.0,0.0,0.0,0.0,0.0
2026-07-30T15:13:22.126,76.703,18,close,ACTUATOR_ACTIVE,TRAJECTORY_RUNNING,24.0,57,26,47,3.87,57,0,0.0,0.0,0.0,0.0,0.0,0.0
2026-07-30T15:13:22.624,77.203,18,close,ACTUATOR_ACTIVE,TRAJECTORY_RUNNING,24.0,57,33,0,100.73,57,0,0.0,0.0,0.0,0.0,0.0,0.0
2026-07-30T15:13:23.122,77.703,18,close,ACTUATOR_ACTIVE,TRAJECTORY_RUNNING,24.0,57,33,0,96.55,57,0,0.0,0.0,0.0,0.0,0.0,0.0
2026-07-30T15:13:23.731,78.313,18,open,ACTUATOR_ACTIVE,TRAJECTORY_RUNNING,24.0,57,33,0,51.25,57,0,0.0,0.0,0.0,0.0,0.0,0.0
2026-07-30T15:13:24.229,78.813,18,open,ACTUATOR_ACTIVE,TRAJECTORY_RUNNING,24.0,59,21,-46,-4.01,59,0,0.0,0.0,0.0,0.0,0.0,0.0
2026-07-30T15:13:24.732,79.313,18,open,ACTUATOR_ACTIVE,TRAJECTORY_RUNNING,24.0,59,3,0,-1.06,59,0,0.0,0.0,0.0,0.0,0.0,0.0
2026-07-30T15:13:25.229,79.813,18,open,ACTUATOR_ACTIVE,TRAJECTORY_COMPLETE,24.0,59,4,0,0.4,59,0,0.0,0.0,0.0,0.0,0.0,0.0
2026-07-30T15:13:25.841,80.422,19,close,ACTUATOR_ACTIVE,TRAJECTORY_RUNNING,24.0,59,5,15,4.38,59,0,0.0,0.0,0.0,0.0,0.0,0.0
2026-07-30T15:13:26.342,80.922,19,close,ACTUATOR_ACTIVE,TRAJECTORY_RUNNING,24.0,59,26,50,2.97,59,0,0.0,0.0,0.0,0.0,0.0,0.0
2026-07-30T15:13:26.838,81.422,19,close,ACTUATOR_ACTIVE,TRAJECTORY_RUNNING,24.0,59,33,0,110.15,59,0,0.0,0.0,0.0,0.0,0.0,0.0
2026-07-30T15:13:27.340,81.922,19,close,ACTUATOR_ACTIVE,TRAJECTORY_RUNNING,24.0,59,33,0,98.15,59,0,0.0,0.0,0.0,0.0,0.0,0.0
2026-07-30T15:13:27.956,82.532,19,open,ACTUATOR_ACTIVE,TRAJECTORY_RUNNING,24.0,59,33,0,55.69,59,0,0.0,0.0,0.0,0.0,0.0,0.0
2026-07-30T15:13:28.455,83.032,19,open,ACTUATOR_ACTIVE,TRAJECTORY_RUNNING,24.0,55,20,-48,-2.99,55,0,0.0,0.0,0.0,0.0,0.0,0.0
2026-07-30T15:13:28.951,83.532,19,open,ACTUATOR_ACTIVE,TRAJECTORY_RUNNING,24.0,55,3,0,-1.06,55,0,0.0,0.0,0.0,0.0,0.0,0.0
2026-07-30T15:13:29.453,84.032,19,open,ACTUATOR_ACTIVE,TRAJECTORY_COMPLETE,24.0,55,4,1,0.33,55,0,0.0,0.0,0.0,0.0,0.0,0.0
2026-07-30T15:13:30.067,84.641,20,close,ACTUATOR_ACTIVE,TRAJECTORY_RUNNING,24.0,55,5,18,3.22,55,0,0.0,0.0,0.0,0.0,0.0,0.0
2026-07-30T15:13:30.568,85.141,20,close,ACTUATOR_ACTIVE,TRAJECTORY_RUNNING,24.0,55,26,47,4.59,55,0,0.0,0.0,0.0,0.0,0.0,0.0
2026-07-30T15:13:31.067,85.641,20,close,ACTUATOR_ACTIVE,TRAJECTORY_RUNNING,24.0,55,32,0,34.15,55,0,0.0,0.0,0.0,0.0,0.0,0.0
2026-07-30T15:13:31.560,86.141,20,close,ACTUATOR_ACTIVE,TRAJECTORY_RUNNING,24.0,55,32,0,31.26,55,0,0.0,0.0,0.0,0.0,0.0,0.0
2026-07-30T15:13:32.171,86.75,20,open,ACTUATOR_ACTIVE,TRAJECTORY_RUNNING,24.0,57,32,-17,8.67,57,0,0.0,0.0,0.0,0.0,0.0,0.0
2026-07-30T15:13:32.670,87.25,20,open,ACTUATOR_ACTIVE,TRAJECTORY_RUNNING,24.0,57,14,-46,-1.31,57,0,0.0,0.0,0.0,0.0,0.0,0.0
2026-07-30T15:13:33.170,87.75,20,open,ACTUATOR_ACTIVE,TRAJECTORY_RUNNING,24.0,57,4,8,3.22,57,0,0.0,0.0,0.0,0.0,0.0,0.0
2026-07-30T15:13:33.667,88.25,20,open,ACTUATOR_ACTIVE,TRAJECTORY_COMPLETE,24.0,57,5,-1,-0.55,57,0,0.0,0.0,0.0,0.0,0.0,0.0
2026-07-30T15:13:34.279,88.86,21,close,ACTUATOR_ACTIVE,TRAJECTORY_RUNNING,24.0,57,5,14,2.94,57,0,0.0,0.0,0.0,0.0,0.0,0.0
2026-07-30T15:13:34.776,89.36,21,close,ACTUATOR_ACTIVE,TRAJECTORY_RUNNING,24.0,57,26,49,3.72,57,0,0.0,0.0,0.0,0.0,0.0,0.0
2026-07-30T15:13:35.272,89.844,21,close,ACTUATOR_ACTIVE,TRAJECTORY_RUNNING,24.0,57,33,3,100.22,57,0,0.0,0.0,0.0,0.0,0.0,0.0
2026-07-30T15:13:35.782,90.36,21,close,ACTUATOR_ACTIVE,TRAJECTORY_RUNNING,24.0,57,33,0,97.65,57,0,0.0,0.0,0.0,0.0,0.0,0.0
2026-07-30T15:13:36.387,90.969,21,open,ACTUATOR_ACTIVE,TRAJECTORY_RUNNING,24.0,56,33,0,56.7,56,0,0.0,0.0,0.0,0.0,0.0,0.0
2026-07-30T15:13:36.886,91.469,21,open,ACTUATOR_ACTIVE,TRAJECTORY_RUNNING,24.0,56,21,-46,-1.14,56,0,0.0,0.0,0.0,0.0,0.0,0.0
2026-07-30T15:13:37.383,91.953,21,open,ACTUATOR_ACTIVE,TRAJECTORY_RUNNING,24.0,56,3,0,-3.66,56,0,0.0,0.0,0.0,0.0,0.0,0.0
2026-07-30T15:13:37.896,92.469,21,open,ACTUATOR_ACTIVE,TRAJECTORY_COMPLETE,24.0,56,4,0,1.36,56,0,0.0,0.0,0.0,0.0,0.0,0.0
2026-07-30T15:13:38.512,93.094,22,close,ACTUATOR_ACTIVE,TRAJECTORY_RUNNING,24.0,56,5,15,4.46,56,0,0.0,0.0,0.0,0.0,0.0,0.0
2026-07-30T15:13:39.011,93.594,22,close,ACTUATOR_ACTIVE,TRAJECTORY_RUNNING,24.0,56,26,46,3.08,56,0,0.0,0.0,0.0,0.0,0.0,0.0
2026-07-30T15:13:39.510,94.094,22,close,ACTUATOR_ACTIVE,TRAJECTORY_RUNNING,24.0,56,33,0,98.2,56,0,0.0,0.0,0.0,0.0,0.0,0.0
2026-07-30T15:13:40.008,94.578,22,close,ACTUATOR_ACTIVE,TRAJECTORY_RUNNING,24.0,56,33,0,98.07,56,0,0.0,0.0,0.0,0.0,0.0,0.0
2026-07-30T15:13:40.631,95.203,22,open,ACTUATOR_ACTIVE,TRAJECTORY_RUNNING,24.0,56,33,0,52.4,56,0,0.0,0.0,0.0,0.0,0.0,0.0
2026-07-30T15:13:41.146,95.719,22,open,ACTUATOR_ACTIVE,TRAJECTORY_RUNNING,24.0,56,20,-46,-2.11,56,0,0.0,0.0,0.0,0.0,0.0,0.0
2026-07-30T15:13:41.643,96.219,22,open,ACTUATOR_ACTIVE,TRAJECTORY_RUNNING,24.0,56,3,0,-0.47,56,0,0.0,0.0,0.0,0.0,0.0,0.0
2026-07-30T15:13:42.142,96.719,22,open,ACTUATOR_ACTIVE,TRAJECTORY_COMPLETE,24.0,56,4,0,0.28,56,0,0.0,0.0,0.0,0.0,0.0,0.0
2026-07-30T15:13:42.753,97.328,23,close,ACTUATOR_ACTIVE,TRAJECTORY_RUNNING,24.0,56,5,16,2.85,56,0,0.0,0.0,0.0,0.0,0.0,0.0
2026-07-30T15:13:43.252,97.828,23,close,ACTUATOR_ACTIVE,TRAJECTORY_RUNNING,24.0,56,25,47,3.25,56,0,0.0,0.0,0.0,0.0,0.0,0.0
2026-07-30T15:13:43.756,98.328,23,close,ACTUATOR_ACTIVE,TRAJECTORY_RUNNING,24.0,56,32,0,32.44,56,0,0.0,0.0,0.0,0.0,0.0,0.0
2026-07-30T15:13:44.260,98.844,23,close,ACTUATOR_ACTIVE,TRAJECTORY_RUNNING,24.0,57,32,0,30.23,57,0,0.0,0.0,0.0,0.0,0.0,0.0
2026-07-30T15:13:44.854,99.438,23,open,ACTUATOR_ACTIVE,TRAJECTORY_RUNNING,24.0,57,32,-15,8.32,57,0,0.0,0.0,0.0,0.0,0.0,0.0
2026-07-30T15:13:45.353,99.938,23,open,ACTUATOR_ACTIVE,TRAJECTORY_RUNNING,24.0,57,12,-50,-0.98,57,0,0.0,0.0,0.0,0.0,0.0,0.0
2026-07-30T15:13:45.853,100.438,23,open,ACTUATOR_ACTIVE,TRAJECTORY_COMPLETE,24.0,57,4,0,-1.27,57,0,0.0,0.0,0.0,0.0,0.0,0.0
2026-07-30T15:13:46.354,100.938,23,open,ACTUATOR_ACTIVE,TRAJECTORY_COMPLETE,24.0,57,5,0,-0.68,57,0,0.0,0.0,0.0,0.0,0.0,0.0
2026-07-30T15:13:46.968,101.547,24,close,ACTUATOR_ACTIVE,TRAJECTORY_RUNNING,24.0,57,5,17,5.03,57,0,0.0,0.0,0.0,0.0,0.0,0.0
2026-07-30T15:13:47.466,102.047,24,close,ACTUATOR_ACTIVE,TRAJECTORY_RUNNING,24.0,57,26,48,3.57,57,0,0.0,0.0,0.0,0.0,0.0,0.0
2026-07-30T15:13:47.963,102.547,24,close,ACTUATOR_ACTIVE,TRAJECTORY_RUNNING,24.0,57,33,0,104.01,57,0,0.0,0.0,0.0,0.0,0.0,0.0
2026-07-30T15:13:48.463,103.047,24,close,ACTUATOR_ACTIVE,TRAJECTORY_RUNNING,24.0,57,33,0,104.05,57,0,0.0,0.0,0.0,0.0,0.0,0.0
2026-07-30T15:13:49.078,103.657,24,open,ACTUATOR_ACTIVE,TRAJECTORY_RUNNING,24.0,57,33,0,56.06,57,0,0.0,0.0,0.0,0.0,0.0,0.0
2026-07-30T15:13:49.576,104.157,24,open,ACTUATOR_ACTIVE,TRAJECTORY_RUNNING,24.0,57,20,-47,-4.0,57,0,0.0,0.0,0.0,0.0,0.0,0.0
2026-07-30T15:13:50.076,104.657,24,open,ACTUATOR_ACTIVE,TRAJECTORY_RUNNING,24.0,57,3,0,-1.27,57,0,0.0,0.0,0.0,0.0,0.0,0.0
2026-07-30T15:13:50.575,105.157,24,open,ACTUATOR_ACTIVE,TRAJECTORY_COMPLETE,24.0,57,4,0,0.1,57,0,0.0,0.0,0.0,0.0,0.0,0.0
2026-07-30T15:13:51.186,105.766,25,close,ACTUATOR_ACTIVE,TRAJECTORY_RUNNING,24.0,57,5,17,4.75,57,0,0.0,0.0,0.0,0.0,0.0,0.0
2026-07-30T15:13:51.684,106.266,25,close,ACTUATOR_ACTIVE,TRAJECTORY_RUNNING,24.0,57,26,47,2.03,57,0,0.0,0.0,0.0,0.0,0.0,0.0
2026-07-30T15:13:52.180,106.75,25,close,ACTUATOR_ACTIVE,TRAJECTORY_RUNNING,24.0,56,33,1,96.16,56,0,0.0,0.0,0.0,0.0,0.0,0.0
2026-07-30T15:13:52.691,107.266,25,close,ACTUATOR_ACTIVE,TRAJECTORY_STOPPED,24.0,56,33,0,93.05,56,0,0.0,0.0,0.0,0.0,0.0,0.0
2026-07-30T15:13:53.297,107.875,25,open,ACTUATOR_ACTIVE,TRAJECTORY_RUNNING,24.0,56,33,-1,55.04,56,0,0.0,0.0,0.0,0.0,0.0,0.0
2026-07-30T15:13:53.796,108.375,25,open,ACTUATOR_ACTIVE,TRAJECTORY_RUNNING,24.0,56,21,-46,-2.35,56,0,0.0,0.0,0.0,0.0,0.0,0.0
2026-07-30T15:13:54.296,108.875,25,open,ACTUATOR_ACTIVE,TRAJECTORY_RUNNING,24.0,56,3,0,-1.27,56,0,0.0,0.0,0.0,0.0,0.0,0.0
2026-07-30T15:13:54.791,109.375,25,open,ACTUATOR_ACTIVE,TRAJECTORY_COMPLETE,24.0,56,4,0,2.2,56,0,0.0,0.0,0.0,0.0,0.0,0.0
2026-07-30T15:13:55.393,109.969,26,close,ACTUATOR_ACTIVE,TRAJECTORY_RUNNING,24.0,56,5,17,4.35,56,0,0.0,0.0,0.0,0.0,0.0,0.0
2026-07-30T15:13:55.904,110.485,26,close,ACTUATOR_ACTIVE,TRAJECTORY_RUNNING,24.0,56,27,49,3.46,56,0,0.0,0.0,0.0,0.0,0.0,0.0
2026-07-30T15:13:56.403,110.985,26,close,ACTUATOR_ACTIVE,TRAJECTORY_RUNNING,24.0,52,33,3,102.59,52,0,0.0,0.0,0.0,0.0,0.0,0.0
2026-07-30T15:13:56.899,111.469,26,close,ACTUATOR_ACTIVE,TRAJECTORY_RUNNING,24.0,52,33,0,105.27,52,0,0.0,0.0,0.0,0.0,0.0,0.0
2026-07-30T15:13:57.523,112.094,26,open,ACTUATOR_ACTIVE,TRAJECTORY_RUNNING,24.0,52,33,0,54.0,52,0,0.0,0.0,0.0,0.0,0.0,0.0
2026-07-30T15:13:58.036,112.61,26,open,ACTUATOR_ACTIVE,TRAJECTORY_RUNNING,24.0,52,20,-48,-2.39,52,0,0.0,0.0,0.0,0.0,0.0,0.0
2026-07-30T15:13:58.530,113.11,26,open,ACTUATOR_ACTIVE,TRAJECTORY_RUNNING,24.0,52,3,-1,-0.63,52,0,0.0,0.0,0.0,0.0,0.0,0.0
2026-07-30T15:13:59.024,113.594,26,open,ACTUATOR_ACTIVE,TRAJECTORY_COMPLETE,24.0,52,4,0,1.2,52,0,0.0,0.0,0.0,0.0,0.0,0.0
2026-07-30T15:13:59.642,114.219,27,close,ACTUATOR_ACTIVE,TRAJECTORY_RUNNING,24.0,52,5,15,3.88,52,0,0.0,0.0,0.0,0.0,0.0,0.0
2026-07-30T15:14:00.136,114.719,27,close,ACTUATOR_ACTIVE,TRAJECTORY_RUNNING,24.0,55,26,49,2.64,55,0,0.0,0.0,0.0,0.0,0.0,0.0
2026-07-30T15:14:00.633,115.203,27,close,ACTUATOR_ACTIVE,TRAJECTORY_RUNNING,24.0,55,33,5,89.78,55,0,0.0,0.0,0.0,0.0,0.0,0.0
2026-07-30T15:14:01.144,115.719,27,close,ACTUATOR_ACTIVE,TRAJECTORY_RUNNING,24.0,55,33,0,105.48,55,0,0.0,0.0,0.0,0.0,0.0,0.0
2026-07-30T15:14:01.753,116.328,27,open,ACTUATOR_ACTIVE,TRAJECTORY_RUNNING,24.0,55,33,-1,54.78,55,0,0.0,0.0,0.0,0.0,0.0,0.0
2026-07-30T15:14:02.249,116.828,27,open,ACTUATOR_ACTIVE,TRAJECTORY_RUNNING,24.0,55,18,-48,-0.6,55,0,0.0,0.0,0.0,0.0,0.0,0.0
2026-07-30T15:14:02.751,117.328,27,open,ACTUATOR_ACTIVE,TRAJECTORY_COMPLETE,24.0,55,5,4,1.35,55,0,0.0,0.0,0.0,0.0,0.0,0.0
2026-07-30T15:14:03.246,117.828,27,open,ACTUATOR_ACTIVE,TRAJECTORY_COMPLETE,24.0,55,4,0,-0.55,55,0,0.0,0.0,0.0,0.0,0.0,0.0
2026-07-30T15:14:03.847,118.422,28,close,ACTUATOR_ACTIVE,TRAJECTORY_RUNNING,24.0,55,5,15,2.39,55,0,0.0,0.0,0.0,0.0,0.0,0.0
2026-07-30T15:14:04.362,118.938,28,close,ACTUATOR_ACTIVE,TRAJECTORY_RUNNING,24.0,56,25,48,3.37,56,0,0.0,0.0,0.0,0.0,0.0,0.0
2026-07-30T15:14:04.858,119.438,28,close,ACTUATOR_ACTIVE,TRAJECTORY_RUNNING,24.0,56,32,0,34.0,56,0,0.0,0.0,0.0,0.0,0.0,0.0
2026-07-30T15:14:05.356,119.938,28,close,ACTUATOR_ACTIVE,TRAJECTORY_RUNNING,24.0,56,32,0,30.96,56,0,0.0,0.0,0.0,0.0,0.0,0.0
2026-07-30T15:14:05.967,120.547,28,open,ACTUATOR_ACTIVE,TRAJECTORY_RUNNING,24.0,56,32,-16,7.22,56,0,0.0,0.0,0.0,0.0,0.0,0.0
2026-07-30T15:14:06.465,121.047,28,open,ACTUATOR_ACTIVE,TRAJECTORY_RUNNING,24.0,56,14,-50,-2.02,56,0,0.0,0.0,0.0,0.0,0.0,0.0
2026-07-30T15:14:06.966,121.547,28,open,ACTUATOR_ACTIVE,TRAJECTORY_RUNNING,24.0,56,3,10,2.68,56,0,0.0,0.0,0.0,0.0,0.0,0.0
2026-07-30T15:14:07.465,122.047,28,open,ACTUATOR_ACTIVE,TRAJECTORY_COMPLETE,24.0,56,4,1,0.29,56,0,0.0,0.0,0.0,0.0,0.0,0.0
2026-07-30T15:14:08.071,122.641,29,close,ACTUATOR_ACTIVE,TRAJECTORY_RUNNING,24.0,57,5,15,3.83,57,0,0.0,0.0,0.0,0.0,0.0,0.0
2026-07-30T15:14:08.583,123.157,29,close,ACTUATOR_ACTIVE,TRAJECTORY_RUNNING,24.0,57,27,46,6.01,57,0,0.0,0.0,0.0,0.0,0.0,0.0
2026-07-30T15:14:09.080,123.657,29,close,ACTUATOR_ACTIVE,TRAJECTORY_RUNNING,24.0,57,33,0,103.71,57,0,0.0,0.0,0.0,0.0,0.0,0.0
2026-07-30T15:14:09.577,124.157,29,close,ACTUATOR_ACTIVE,TRAJECTORY_RUNNING,24.0,57,33,0,93.21,57,0,0.0,0.0,0.0,0.0,0.0,0.0
2026-07-30T15:14:10.188,124.766,29,open,ACTUATOR_ACTIVE,TRAJECTORY_RUNNING,24.0,57,33,-1,53.72,57,0,0.0,0.0,0.0,0.0,0.0,0.0
2026-07-30T15:14:10.688,125.266,29,open,ACTUATOR_ACTIVE,TRAJECTORY_RUNNING,24.0,57,21,-46,-2.85,57,0,0.0,0.0,0.0,0.0,0.0,0.0
2026-07-30T15:14:11.185,125.766,29,open,ACTUATOR_ACTIVE,TRAJECTORY_RUNNING,24.0,57,3,1,-0.83,57,0,0.0,0.0,0.0,0.0,0.0,0.0
2026-07-30T15:14:11.682,126.266,29,open,ACTUATOR_ACTIVE,TRAJECTORY_COMPLETE,24.0,57,4,0,0.66,57,0,0.0,0.0,0.0,0.0,0.0,0.0
2026-07-30T15:14:12.283,126.86,30,close,ACTUATOR_ACTIVE,TRAJECTORY_RUNNING,24.0,54,5,15,4.13,54,0,0.0,0.0,0.0,0.0,0.0,0.0
2026-07-30T15:14:12.792,127.375,30,close,ACTUATOR_ACTIVE,TRAJECTORY_RUNNING,24.0,54,26,50,2.52,54,0,0.0,0.0,0.0,0.0,0.0,0.0
2026-07-30T15:14:13.290,127.86,30,close,ACTUATOR_ACTIVE,TRAJECTORY_RUNNING,24.0,54,33,1,104.54,54,0,0.0,0.0,0.0,0.0,0.0,0.0
2026-07-30T15:14:13.803,128.375,30,close,ACTUATOR_ACTIVE,TRAJECTORY_RUNNING,24.0,54,33,0,94.07,54,0,0.0,0.0,0.0,0.0,0.0,0.0
2026-07-30T15:14:14.405,128.985,30,open,ACTUATOR_ACTIVE,TRAJECTORY_RUNNING,24.0,54,33,0,57.67,54,0,0.0,0.0,0.0,0.0,0.0,0.0
2026-07-30T15:14:14.903,129.485,30,open,ACTUATOR_ACTIVE,TRAJECTORY_RUNNING,24.0,54,18,-49,-3.44,54,0,0.0,0.0,0.0,0.0,0.0,0.0
2026-07-30T15:14:15.402,129.985,30,open,ACTUATOR_ACTIVE,TRAJECTORY_COMPLETE,24.0,54,5,9,1.9,54,0,0.0,0.0,0.0,0.0,0.0,0.0
2026-07-30T15:14:15.899,130.469,30,open,ACTUATOR_ACTIVE,TRAJECTORY_COMPLETE,24.0,54,5,0,0.56,54,0,0.0,0.0,0.0,0.0,0.0,0.0
2026-07-30T15:14:16.522,131.094,31,close,ACTUATOR_ACTIVE,TRAJECTORY_RUNNING,24.0,54,5,16,4.58,54,0,0.0,0.0,0.0,0.0,0.0,0.0
2026-07-30T15:14:17.033,131.61,31,close,ACTUATOR_ACTIVE,TRAJECTORY_RUNNING,24.0,54,25,47,3.08,54,0,0.0,0.0,0.0,0.0,0.0,0.0
2026-07-30T15:14:17.530,132.11,31,close,ACTUATOR_ACTIVE,TRAJECTORY_RUNNING,24.0,54,32,0,36.02,54,0,0.0,0.0,0.0,0.0,0.0,0.0
2026-07-30T15:14:18.024,132.594,31,close,ACTUATOR_ACTIVE,TRAJECTORY_RUNNING,24.0,54,32,0,29.69,54,0,0.0,0.0,0.0,0.0,0.0,0.0
2026-07-30T15:14:18.633,133.203,31,open,ACTUATOR_ACTIVE,TRAJECTORY_RUNNING,24.0,54,32,-15,7.91,54,0,0.0,0.0,0.0,0.0,0.0,0.0
2026-07-30T15:14:19.145,133.719,31,open,ACTUATOR_ACTIVE,TRAJECTORY_RUNNING,24.0,54,14,-48,-0.76,54,0,0.0,0.0,0.0,0.0,0.0,0.0
2026-07-30T15:14:19.639,134.219,31,open,ACTUATOR_ACTIVE,TRAJECTORY_RUNNING,24.0,54,4,11,2.78,54,0,0.0,0.0,0.0,0.0,0.0,0.0
2026-07-30T15:14:20.140,134.719,31,open,ACTUATOR_ACTIVE,TRAJECTORY_COMPLETE,24.0,59,5,0,0.02,59,0,0.0,0.0,0.0,0.0,0.0,0.0
2026-07-30T15:14:20.754,135.328,32,close,ACTUATOR_ACTIVE,TRAJECTORY_RUNNING,24.0,59,5,15,4.48,59,0,0.0,0.0,0.0,0.0,0.0,0.0
2026-07-30T15:14:21.254,135.828,32,close,ACTUATOR_ACTIVE,TRAJECTORY_RUNNING,24.0,59,26,49,3.17,59,0,0.0,0.0,0.0,0.0,0.0,0.0
2026-07-30T15:14:21.750,136.328,32,close,ACTUATOR_ACTIVE,TRAJECTORY_RUNNING,24.0,59,33,1,103.66,59,0,0.0,0.0,0.0,0.0,0.0,0.0
2026-07-30T15:14:22.249,136.828,32,close,ACTUATOR_ACTIVE,TRAJECTORY_RUNNING,24.0,59,33,0,98.84,59,0,0.0,0.0,0.0,0.0,0.0,0.0
2026-07-30T15:14:22.863,137.438,32,open,ACTUATOR_ACTIVE,TRAJECTORY_RUNNING,24.0,59,33,0,50.34,59,0,0.0,0.0,0.0,0.0,0.0,0.0
2026-07-30T15:14:23.361,137.938,32,open,ACTUATOR_ACTIVE,TRAJECTORY_RUNNING,24.0,59,18,-49,-0.71,59,0,0.0,0.0,0.0,0.0,0.0,0.0
2026-07-30T15:14:23.861,138.438,32,open,ACTUATOR_ACTIVE,TRAJECTORY_COMPLETE,24.0,59,5,5,2.2,59,0,0.0,0.0,0.0,0.0,0.0,0.0
2026-07-30T15:14:24.358,138.938,32,open,ACTUATOR_ACTIVE,TRAJECTORY_COMPLETE,24.0,58,4,0,-0.31,58,0,0.0,0.0,0.0,0.0,0.0,0.0
2026-07-30T15:14:24.969,139.547,33,close,ACTUATOR_ACTIVE,TRAJECTORY_RUNNING,24.0,58,5,16,5.04,58,0,0.0,0.0,0.0,0.0,0.0,0.0
2026-07-30T15:14:25.467,140.047,33,close,ACTUATOR_ACTIVE,TRAJECTORY_RUNNING,24.0,58,26,47,2.27,58,0,0.0,0.0,0.0,0.0,0.0,0.0
2026-07-30T15:14:25.966,140.547,33,close,ACTUATOR_ACTIVE,TRAJECTORY_RUNNING,24.0,58,33,0,107.32,58,0,0.0,0.0,0.0,0.0,0.0,0.0
2026-07-30T15:14:26.463,141.047,33,close,ACTUATOR_ACTIVE,TRAJECTORY_RUNNING,24.0,58,33,0,100.72,58,0,0.0,0.0,0.0,0.0,0.0,0.0
2026-07-30T15:14:27.068,141.641,33,open,ACTUATOR_ACTIVE,TRAJECTORY_RUNNING,24.0,58,33,0,54.86,58,0,0.0,0.0,0.0,0.0,0.0,0.0
2026-07-30T15:14:27.579,142.157,33,open,ACTUATOR_ACTIVE,TRAJECTORY_RUNNING,24.0,58,17,-49,-1.39,58,0,0.0,0.0,0.0,0.0,0.0,0.0
2026-07-30T15:14:28.079,142.657,33,open,ACTUATOR_ACTIVE,TRAJECTORY_COMPLETE,24.0,57,5,1,2.41,57,0,0.0,0.0,0.0,0.0,0.0,0.0
2026-07-30T15:14:28.575,143.157,33,open,ACTUATOR_ACTIVE,TRAJECTORY_COMPLETE,24.0,57,5,0,-0.52,57,0,0.0,0.0,0.0,0.0,0.0,0.0
2026-07-30T15:14:29.186,143.766,34,close,ACTUATOR_ACTIVE,TRAJECTORY_RUNNING,24.0,57,5,18,3.86,57,0,0.0,0.0,0.0,0.0,0.0,0.0
2026-07-30T15:14:29.685,144.266,34,close,ACTUATOR_ACTIVE,TRAJECTORY_RUNNING,24.0,57,26,46,2.66,57,0,0.0,0.0,0.0,0.0,0.0,0.0
2026-07-30T15:14:30.181,144.766,34,close,ACTUATOR_ACTIVE,TRAJECTORY_RUNNING,24.0,57,33,0,105.76,57,0,0.0,0.0,0.0,0.0,0.0,0.0
2026-07-30T15:14:30.682,145.266,34,close,ACTUATOR_ACTIVE,TRAJECTORY_RUNNING,24.0,57,33,0,101.21,57,0,0.0,0.0,0.0,0.0,0.0,0.0
2026-07-30T15:14:31.289,145.86,34,open,ACTUATOR_ACTIVE,TRAJECTORY_RUNNING,24.0,57,33,0,54.48,57,0,0.0,0.0,0.0,0.0,0.0,0.0
2026-07-30T15:14:31.804,146.375,34,open,ACTUATOR_ACTIVE,TRAJECTORY_RUNNING,24.0,57,20,-47,-2.75,57,0,0.0,0.0,0.0,0.0,0.0,0.0
2026-07-30T15:14:32.302,146.875,34,open,ACTUATOR_ACTIVE,TRAJECTORY_RUNNING,24.0,56,3,-1,-0.67,56,0,0.0,0.0,0.0,0.0,0.0,0.0
2026-07-30T15:14:32.802,147.375,34,open,ACTUATOR_ACTIVE,TRAJECTORY_COMPLETE,24.0,56,4,0,0.61,56,0,0.0,0.0,0.0,0.0,0.0,0.0
2026-07-30T15:14:33.412,147.985,35,close,ACTUATOR_ACTIVE,TRAJECTORY_RUNNING,24.0,56,5,16,3.52,56,0,0.0,0.0,0.0,0.0,0.0,0.0
2026-07-30T15:14:33.908,148.485,35,close,ACTUATOR_ACTIVE,TRAJECTORY_RUNNING,24.0,56,25,46,2.24,56,0,0.0,0.0,0.0,0.0,0.0,0.0
2026-07-30T15:14:34.399,148.969,35,close,ACTUATOR_ACTIVE,TRAJECTORY_RUNNING,24.0,56,32,0,33.88,56,0,0.0,0.0,0.0,0.0,0.0,0.0
2026-07-30T15:14:34.911,149.485,35,close,ACTUATOR_ACTIVE,TRAJECTORY_RUNNING,24.0,56,32,0,30.16,56,0,0.0,0.0,0.0,0.0,0.0,0.0
2026-07-30T15:14:35.516,150.094,35,open,ACTUATOR_ACTIVE,TRAJECTORY_RUNNING,24.0,56,32,-17,8.31,56,0,0.0,0.0,0.0,0.0,0.0,0.0
2026-07-30T15:14:36.014,150.594,35,open,ACTUATOR_ACTIVE,TRAJECTORY_RUNNING,24.0,54,14,-50,-2.95,54,0,0.0,0.0,0.0,0.0,0.0,0.0
2026-07-30T15:14:36.512,151.094,35,open,ACTUATOR_ACTIVE,TRAJECTORY_RUNNING,24.0,54,3,8,2.85,54,0,0.0,0.0,0.0,0.0,0.0,0.0
2026-07-30T15:14:37.011,151.594,35,open,ACTUATOR_ACTIVE,TRAJECTORY_COMPLETE,24.0,54,5,1,1.67,54,0,0.0,0.0,0.0,0.0,0.0,0.0
2026-07-30T15:14:37.618,152.188,36,close,ACTUATOR_ACTIVE,TRAJECTORY_RUNNING,24.0,54,5,18,4.96,54,0,0.0,0.0,0.0,0.0,0.0,0.0
2026-07-30T15:14:38.129,152.703,36,close,ACTUATOR_ACTIVE,TRAJECTORY_RUNNING,24.0,54,27,48,2.84,54,0,0.0,0.0,0.0,0.0,0.0,0.0
2026-07-30T15:14:38.629,153.203,36,close,ACTUATOR_ACTIVE,TRAJECTORY_RUNNING,24.0,54,33,0,103.78,54,0,0.0,0.0,0.0,0.0,0.0,0.0
2026-07-30T15:14:39.124,153.703,36,close,ACTUATOR_ACTIVE,TRAJECTORY_RUNNING,24.0,54,33,0,97.03,54,0,0.0,0.0,0.0,0.0,0.0,0.0
2026-07-30T15:14:39.735,154.313,36,open,ACTUATOR_ACTIVE,TRAJECTORY_RUNNING,24.0,54,33,0,56.46,54,0,0.0,0.0,0.0,0.0,0.0,0.0
2026-07-30T15:14:40.232,154.813,36,open,ACTUATOR_ACTIVE,TRAJECTORY_RUNNING,24.0,55,18,-48,-0.92,55,0,0.0,0.0,0.0,0.0,0.0,0.0
2026-07-30T15:14:40.727,155.297,36,open,ACTUATOR_ACTIVE,TRAJECTORY_COMPLETE,24.0,55,4,4,0.89,55,0,0.0,0.0,0.0,0.0,0.0,0.0
2026-07-30T15:14:41.240,155.813,36,open,ACTUATOR_ACTIVE,TRAJECTORY_COMPLETE,24.0,55,4,0,-0.0,55,0,0.0,0.0,0.0,0.0,0.0,0.0
2026-07-30T15:14:41.846,156.422,37,close,ACTUATOR_ACTIVE,TRAJECTORY_RUNNING,24.0,55,5,16,4.29,55,0,0.0,0.0,0.0,0.0,0.0,0.0
2026-07-30T15:14:42.348,156.922,37,close,ACTUATOR_ACTIVE,TRAJECTORY_RUNNING,24.0,55,25,47,5.96,55,0,0.0,0.0,0.0,0.0,0.0,0.0
2026-07-30T15:14:42.842,157.422,37,close,ACTUATOR_ACTIVE,TRAJECTORY_RUNNING,24.0,55,32,0,33.46,55,0,0.0,0.0,0.0,0.0,0.0,0.0
2026-07-30T15:14:43.344,157.922,37,close,ACTUATOR_ACTIVE,TRAJECTORY_RUNNING,24.0,55,32,0,31.03,55,0,0.0,0.0,0.0,0.0,0.0,0.0
2026-07-30T15:14:43.955,158.532,37,open,ACTUATOR_ACTIVE,TRAJECTORY_RUNNING,24.0,55,32,-15,8.38,55,0,0.0,0.0,0.0,0.0,0.0,0.0
2026-07-30T15:14:44.453,159.032,37,open,ACTUATOR_ACTIVE,TRAJECTORY_RUNNING,24.0,56,14,-47,-4.16,56,0,0.0,0.0,0.0,0.0,0.0,0.0
2026-07-30T15:14:44.947,159.532,37,open,ACTUATOR_ACTIVE,TRAJECTORY_RUNNING,24.0,56,3,8,2.71,56,0,0.0,0.0,0.0,0.0,0.0,0.0
2026-07-30T15:14:45.445,160.016,37,open,ACTUATOR_ACTIVE,TRAJECTORY_COMPLETE,24.0,56,5,0,0.17,56,0,0.0,0.0,0.0,0.0,0.0,0.0
2026-07-30T15:14:46.063,160.641,38,close,ACTUATOR_ACTIVE,TRAJECTORY_RUNNING,24.0,56,5,14,4.36,56,0,0.0,0.0,0.0,0.0,0.0,0.0
2026-07-30T15:14:46.559,161.141,38,close,ACTUATOR_ACTIVE,TRAJECTORY_RUNNING,24.0,56,26,49,3.01,56,0,0.0,0.0,0.0,0.0,0.0,0.0
2026-07-30T15:14:47.058,161.641,38,close,ACTUATOR_ACTIVE,TRAJECTORY_RUNNING,24.0,56,33,0,93.43,56,0,0.0,0.0,0.0,0.0,0.0,0.0
2026-07-30T15:14:47.555,162.125,38,close,ACTUATOR_ACTIVE,TRAJECTORY_RUNNING,24.0,56,33,0,101.75,56,0,0.0,0.0,0.0,0.0,0.0,0.0
2026-07-30T15:14:48.179,162.75,38,open,ACTUATOR_ACTIVE,TRAJECTORY_RUNNING,24.0,60,33,-1,52.94,60,0,0.0,0.0,0.0,0.0,0.0,0.0
2026-07-30T15:14:48.687,163.266,38,open,ACTUATOR_ACTIVE,TRAJECTORY_RUNNING,24.0,60,20,-44,-1.12,60,0,0.0,0.0,0.0,0.0,0.0,0.0
2026-07-30T15:14:49.183,163.766,38,open,ACTUATOR_ACTIVE,TRAJECTORY_RUNNING,24.0,60,3,0,-0.71,60,0,0.0,0.0,0.0,0.0,0.0,0.0
2026-07-30T15:14:49.678,164.25,38,open,ACTUATOR_ACTIVE,TRAJECTORY_COMPLETE,24.0,60,4,1,0.35,60,0,0.0,0.0,0.0,0.0,0.0,0.0
2026-07-30T15:14:50.301,164.875,39,close,ACTUATOR_ACTIVE,TRAJECTORY_RUNNING,24.0,60,5,16,4.35,60,0,0.0,0.0,0.0,0.0,0.0,0.0
2026-07-30T15:14:50.797,165.375,39,close,ACTUATOR_ACTIVE,TRAJECTORY_RUNNING,24.0,60,25,45,3.7,60,0,0.0,0.0,0.0,0.0,0.0,0.0
2026-07-30T15:14:51.296,165.875,39,close,ACTUATOR_ACTIVE,TRAJECTORY_RUNNING,24.0,60,32,0,34.99,60,0,0.0,0.0,0.0,0.0,0.0,0.0
2026-07-30T15:14:51.793,166.375,39,close,ACTUATOR_ACTIVE,TRAJECTORY_RUNNING,24.0,60,32,0,31.91,60,0,0.0,0.0,0.0,0.0,0.0,0.0
2026-07-30T15:14:52.407,166.985,39,open,ACTUATOR_ACTIVE,TRAJECTORY_RUNNING,24.0,56,32,-17,7.8,56,0,0.0,0.0,0.0,0.0,0.0,0.0
2026-07-30T15:14:52.904,167.485,39,open,ACTUATOR_ACTIVE,TRAJECTORY_RUNNING,24.0,56,14,-50,-5.19,56,0,0.0,0.0,0.0,0.0,0.0,0.0
2026-07-30T15:14:53.402,167.985,39,open,ACTUATOR_ACTIVE,TRAJECTORY_RUNNING,24.0,56,3,10,3.15,56,0,0.0,0.0,0.0,0.0,0.0,0.0
2026-07-30T15:14:53.897,168.469,39,open,ACTUATOR_ACTIVE,TRAJECTORY_COMPLETE,24.0,56,5,0,0.23,56,0,0.0,0.0,0.0,0.0,0.0,0.0
2026-07-30T15:14:54.520,169.094,40,close,ACTUATOR_ACTIVE,TRAJECTORY_RUNNING,24.0,56,5,16,3.59,56,0,0.0,0.0,0.0,0.0,0.0,0.0
2026-07-30T15:14:55.017,169.594,40,close,ACTUATOR_ACTIVE,TRAJECTORY_RUNNING,24.0,56,25,47,2.91,56,0,0.0,0.0,0.0,0.0,0.0,0.0
2026-07-30T15:14:55.514,170.094,40,close,ACTUATOR_ACTIVE,TRAJECTORY_RUNNING,24.0,56,32,1,35.0,56,0,0.0,0.0,0.0,0.0,0.0,0.0
2026-07-30T15:14:56.010,170.594,40,close,ACTUATOR_ACTIVE,TRAJECTORY_RUNNING,24.0,58,32,0,32.27,58,0,0.0,0.0,0.0,0.0,0.0,0.0
2026-07-30T15:14:56.615,171.188,40,open,ACTUATOR_ACTIVE,TRAJECTORY_RUNNING,24.0,58,32,-16,7.24,58,0,0.0,0.0,0.0,0.0,0.0,0.0
2026-07-30T15:14:57.129,171.703,40,open,ACTUATOR_ACTIVE,TRAJECTORY_RUNNING,24.0,58,14,-48,-2.29,58,0,0.0,0.0,0.0,0.0,0.0,0.0
2026-07-30T15:14:57.627,172.203,40,open,ACTUATOR_ACTIVE,TRAJECTORY_RUNNING,24.0,58,4,10,3.62,58,0,0.0,0.0,0.0,0.0,0.0,0.0
2026-07-30T15:14:58.127,172.703,40,open,ACTUATOR_ACTIVE,TRAJECTORY_COMPLETE,24.0,58,5,0,0.33,58,0,0.0,0.0,0.0,0.0,0.0,0.0
2026-07-30T15:14:58.736,173.313,41,close,ACTUATOR_ACTIVE,TRAJECTORY_RUNNING,24.0,58,5,17,5.97,58,0,0.0,0.0,0.0,0.0,0.0,0.0
2026-07-30T15:14:59.233,173.813,41,close,ACTUATOR_ACTIVE,TRAJECTORY_RUNNING,24.0,58,26,49,4.65,58,0,0.0,0.0,0.0,0.0,0.0,0.0
2026-07-30T15:14:59.728,174.297,41,close,ACTUATOR_ACTIVE,TRAJECTORY_RUNNING,24.0,58,33,0,98.55,58,0,0.0,0.0,0.0,0.0,0.0,0.0
2026-07-30T15:15:00.241,174.813,41,close,ACTUATOR_ACTIVE,TRAJECTORY_RUNNING,24.0,57,33,0,98.8,57,0,0.0,0.0,0.0,0.0,0.0,0.0
2026-07-30T15:15:00.855,175.438,41,open,ACTUATOR_ACTIVE,TRAJECTORY_RUNNING,24.0,57,33,-1,52.64,57,0,0.0,0.0,0.0,0.0,0.0,0.0
2026-07-30T15:15:01.352,175.922,41,open,ACTUATOR_ACTIVE,TRAJECTORY_RUNNING,24.0,57,20,-47,-2.48,57,0,0.0,0.0,0.0,0.0,0.0,0.0
2026-07-30T15:15:01.866,176.438,41,open,ACTUATOR_ACTIVE,TRAJECTORY_RUNNING,24.0,57,3,0,-0.35,57,0,0.0,0.0,0.0,0.0,0.0,0.0
2026-07-30T15:15:02.362,176.938,41,open,ACTUATOR_ACTIVE,TRAJECTORY_COMPLETE,24.0,57,4,0,0.24,57,0,0.0,0.0,0.0,0.0,0.0,0.0
2026-07-30T15:15:02.977,177.547,42,close,ACTUATOR_ACTIVE,TRAJECTORY_RUNNING,24.0,57,5,18,4.97,57,0,0.0,0.0,0.0,0.0,0.0,0.0
2026-07-30T15:15:03.493,178.078,42,close,ACTUATOR_ACTIVE,TRAJECTORY_RUNNING,24.0,57,27,47,2.81,57,0,0.0,0.0,0.0,0.0,0.0,0.0
2026-07-30T15:15:03.977,178.547,42,close,ACTUATOR_ACTIVE,TRAJECTORY_RUNNING,24.0,57,33,0,99.44,57,0,0.0,0.0,0.0,0.0,0.0,0.0
2026-07-30T15:15:04.490,179.063,42,close,ACTUATOR_ACTIVE,TRAJECTORY_RUNNING,24.0,61,33,0,97.01,61,0,0.0,0.0,0.0,0.0,0.0,0.0
2026-07-30T15:15:05.101,179.672,42,open,ACTUATOR_ACTIVE,TRAJECTORY_RUNNING,24.0,61,33,0,54.2,61,0,0.0,0.0,0.0,0.0,0.0,0.0
2026-07-30T15:15:05.603,180.172,42,open,ACTUATOR_ACTIVE,TRAJECTORY_RUNNING,24.0,61,20,-47,-3.26,61,0,0.0,0.0,0.0,0.0,0.0,0.0
2026-07-30T15:15:06.102,180.672,42,open,ACTUATOR_ACTIVE,TRAJECTORY_RUNNING,24.0,61,3,0,-2.55,61,0,0.0,0.0,0.0,0.0,0.0,0.0
2026-07-30T15:15:06.602,181.172,42,open,ACTUATOR_ACTIVE,TRAJECTORY_COMPLETE,24.0,61,4,0,0.25,61,0,0.0,0.0,0.0,0.0,0.0,0.0
2026-07-30T15:15:07.213,181.797,43,close,ACTUATOR_ACTIVE,TRAJECTORY_RUNNING,24.0,61,5,15,1.54,61,0,0.0,0.0,0.0,0.0,0.0,0.0
2026-07-30T15:15:07.713,182.297,43,close,ACTUATOR_ACTIVE,TRAJECTORY_RUNNING,24.0,61,26,48,4.48,61,0,0.0,0.0,0.0,0.0,0.0,0.0
2026-07-30T15:15:08.214,182.797,43,close,ACTUATOR_ACTIVE,TRAJECTORY_RUNNING,24.0,56,33,0,99.69,56,0,0.0,0.0,0.0,0.0,0.0,0.0
2026-07-30T15:15:08.714,183.297,43,close,ACTUATOR_ACTIVE,TRAJECTORY_RUNNING,24.0,56,33,0,103.5,56,0,0.0,0.0,0.0,0.0,0.0,0.0
2026-07-30T15:15:09.321,183.891,43,open,ACTUATOR_ACTIVE,TRAJECTORY_RUNNING,24.0,56,33,0,54.33,56,0,0.0,0.0,0.0,0.0,0.0,0.0
2026-07-30T15:15:09.833,184.407,43,open,ACTUATOR_ACTIVE,TRAJECTORY_RUNNING,24.0,56,18,-46,-1.46,56,0,0.0,0.0,0.0,0.0,0.0,0.0
2026-07-30T15:15:10.324,184.907,43,open,ACTUATOR_ACTIVE,TRAJECTORY_COMPLETE,24.0,56,5,9,1.92,56,0,0.0,0.0,0.0,0.0,0.0,0.0
2026-07-30T15:15:10.820,185.391,43,open,ACTUATOR_ACTIVE,TRAJECTORY_COMPLETE,24.0,56,5,0,-0.27,56,0,0.0,0.0,0.0,0.0,0.0,0.0
2026-07-30T15:15:11.449,186.032,44,close,ACTUATOR_ACTIVE,TRAJECTORY_RUNNING,24.0,56,5,15,5.27,56,0,0.0,0.0,0.0,0.0,0.0,0.0
2026-07-30T15:15:11.948,186.532,44,close,ACTUATOR_ACTIVE,TRAJECTORY_RUNNING,24.0,56,26,46,3.15,56,0,0.0,0.0,0.0,0.0,0.0,0.0
2026-07-30T15:15:12.449,187.032,44,close,ACTUATOR_ACTIVE,TRAJECTORY_RUNNING,24.0,57,33,0,103.47,57,0,0.0,0.0,0.0,0.0,0.0,0.0
2026-07-30T15:15:12.944,187.516,44,close,ACTUATOR_ACTIVE,TRAJECTORY_RUNNING,24.0,57,33,0,99.09,57,0,0.0,0.0,0.0,0.0,0.0,0.0
2026-07-30T15:15:13.572,188.157,44,open,ACTUATOR_ACTIVE,TRAJECTORY_RUNNING,24.0,57,33,-1,56.19,57,0,0.0,0.0,0.0,0.0,0.0,0.0
2026-07-30T15:15:14.065,188.641,44,open,ACTUATOR_ACTIVE,TRAJECTORY_RUNNING,24.0,57,21,-48,-1.49,57,0,0.0,0.0,0.0,0.0,0.0,0.0
2026-07-30T15:15:14.580,189.157,44,open,ACTUATOR_ACTIVE,TRAJECTORY_RUNNING,24.0,57,3,0,-0.99,57,0,0.0,0.0,0.0,0.0,0.0,0.0
2026-07-30T15:15:15.079,189.657,44,open,ACTUATOR_ACTIVE,TRAJECTORY_COMPLETE,24.0,57,4,0,0.51,57,0,0.0,0.0,0.0,0.0,0.0,0.0
2026-07-30T15:15:15.689,190.266,45,close,ACTUATOR_ACTIVE,TRAJECTORY_RUNNING,24.0,57,5,15,3.66,57,0,0.0,0.0,0.0,0.0,0.0,0.0
2026-07-30T15:15:16.192,190.766,45,close,ACTUATOR_ACTIVE,TRAJECTORY_RUNNING,24.0,62,26,47,2.42,62,0,0.0,0.0,0.0,0.0,0.0,0.0
2026-07-30T15:15:16.688,191.266,45,close,ACTUATOR_ACTIVE,TRAJECTORY_RUNNING,24.0,62,33,0,107.08,62,0,0.0,0.0,0.0,0.0,0.0,0.0
2026-07-30T15:15:17.187,191.766,45,close,ACTUATOR_ACTIVE,TRAJECTORY_RUNNING,24.0,62,33,0,96.1,62,0,0.0,0.0,0.0,0.0,0.0,0.0
2026-07-30T15:15:17.795,192.375,45,open,ACTUATOR_ACTIVE,TRAJECTORY_RUNNING,24.0,62,33,0,58.77,62,0,0.0,0.0,0.0,0.0,0.0,0.0
2026-07-30T15:15:18.292,192.875,45,open,ACTUATOR_ACTIVE,TRAJECTORY_RUNNING,24.0,62,18,-51,1.45,62,0,0.0,0.0,0.0,0.0,0.0,0.0
2026-07-30T15:15:18.790,193.36,45,open,ACTUATOR_ACTIVE,TRAJECTORY_COMPLETE,24.0,62,5,4,1.26,62,0,0.0,0.0,0.0,0.0,0.0,0.0
2026-07-30T15:15:19.304,193.875,45,open,ACTUATOR_ACTIVE,TRAJECTORY_COMPLETE,24.0,62,5,0,0.13,62,0,0.0,0.0,0.0,0.0,0.0,0.0
2026-07-30T15:15:19.915,194.485,46,close,ACTUATOR_ACTIVE,TRAJECTORY_RUNNING,24.0,62,5,17,3.41,62,0,0.0,0.0,0.0,0.0,0.0,0.0
2026-07-30T15:15:20.428,195.0,46,close,ACTUATOR_ACTIVE,TRAJECTORY_RUNNING,24.0,57,27,48,5.3,57,0,0.0,0.0,0.0,0.0,0.0,0.0
2026-07-30T15:15:20.927,195.5,46,close,ACTUATOR_ACTIVE,TRAJECTORY_RUNNING,24.0,57,33,0,100.85,57,0,0.0,0.0,0.0,0.0,0.0,0.0
2026-07-30T15:15:21.426,196.0,46,close,ACTUATOR_ACTIVE,TRAJECTORY_RUNNING,24.0,57,33,0,105.76,57,0,0.0,0.0,0.0,0.0,0.0,0.0
2026-07-30T15:15:22.032,196.61,46,open,ACTUATOR_ACTIVE,TRAJECTORY_RUNNING,24.0,57,33,0,58.47,57,0,0.0,0.0,0.0,0.0,0.0,0.0
2026-07-30T15:15:22.531,197.11,46,open,ACTUATOR_ACTIVE,TRAJECTORY_RUNNING,24.0,57,21,-46,-2.02,57,0,0.0,0.0,0.0,0.0,0.0,0.0
2026-07-30T15:15:23.029,197.61,46,open,ACTUATOR_ACTIVE,TRAJECTORY_RUNNING,24.0,57,3,0,-2.23,57,0,0.0,0.0,0.0,0.0,0.0,0.0
2026-07-30T15:15:23.527,198.11,46,open,ACTUATOR_ACTIVE,TRAJECTORY_COMPLETE,24.0,57,4,0,0.22,57,0,0.0,0.0,0.0,0.0,0.0,0.0
2026-07-30T15:15:24.133,198.703,47,close,ACTUATOR_ACTIVE,TRAJECTORY_RUNNING,24.0,57,5,16,4.07,57,0,0.0,0.0,0.0,0.0,0.0,0.0
2026-07-30T15:15:24.651,199.235,47,close,ACTUATOR_ACTIVE,TRAJECTORY_RUNNING,24.0,57,27,50,4.89,57,0,0.0,0.0,0.0,0.0,0.0,0.0
2026-07-30T15:15:25.136,199.719,47,close,ACTUATOR_ACTIVE,TRAJECTORY_RUNNING,24.0,57,33,0,109.66,57,0,0.0,0.0,0.0,0.0,0.0,0.0
2026-07-30T15:15:25.634,200.203,47,close,ACTUATOR_ACTIVE,TRAJECTORY_RUNNING,24.0,57,33,0,104.87,57,0,0.0,0.0,0.0,0.0,0.0,0.0
2026-07-30T15:15:26.241,200.813,47,open,ACTUATOR_ACTIVE,TRAJECTORY_RUNNING,24.0,57,33,0,53.49,57,0,0.0,0.0,0.0,0.0,0.0,0.0
2026-07-30T15:15:26.755,201.328,47,open,ACTUATOR_ACTIVE,TRAJECTORY_RUNNING,24.0,57,20,-47,-0.29,57,0,0.0,0.0,0.0,0.0,0.0,0.0
2026-07-30T15:15:27.254,201.828,47,open,ACTUATOR_ACTIVE,TRAJECTORY_RUNNING,24.0,57,3,1,-0.43,57,0,0.0,0.0,0.0,0.0,0.0,0.0
2026-07-30T15:15:27.750,202.328,47,open,ACTUATOR_ACTIVE,TRAJECTORY_COMPLETE,24.0,57,5,0,0.14,57,0,0.0,0.0,0.0,0.0,0.0,0.0
2026-07-30T15:15:28.360,202.938,48,close,ACTUATOR_ACTIVE,TRAJECTORY_RUNNING,24.0,59,5,15,5.91,59,0,0.0,0.0,0.0,0.0,0.0,0.0
2026-07-30T15:15:28.857,203.438,48,close,ACTUATOR_ACTIVE,TRAJECTORY_RUNNING,24.0,59,26,48,5.03,59,0,0.0,0.0,0.0,0.0,0.0,0.0
2026-07-30T15:15:29.356,203.938,48,close,ACTUATOR_ACTIVE,TRAJECTORY_RUNNING,24.0,59,33,0,102.3,59,0,0.0,0.0,0.0,0.0,0.0,0.0
2026-07-30T15:15:29.856,204.438,48,close,ACTUATOR_ACTIVE,TRAJECTORY_RUNNING,24.0,59,33,0,104.02,59,0,0.0,0.0,0.0,0.0,0.0,0.0
2026-07-30T15:15:30.466,205.047,48,open,ACTUATOR_ACTIVE,TRAJECTORY_RUNNING,24.0,59,33,0,54.23,59,0,0.0,0.0,0.0,0.0,0.0,0.0
2026-07-30T15:15:30.963,205.547,48,open,ACTUATOR_ACTIVE,TRAJECTORY_RUNNING,24.0,59,18,-47,-1.68,59,0,0.0,0.0,0.0,0.0,0.0,0.0
2026-07-30T15:15:31.461,206.032,48,open,ACTUATOR_ACTIVE,TRAJECTORY_COMPLETE,24.0,59,4,4,1.05,59,0,0.0,0.0,0.0,0.0,0.0,0.0
2026-07-30T15:15:31.974,206.547,48,open,ACTUATOR_ACTIVE,TRAJECTORY_COMPLETE,24.0,59,4,0,-0.24,59,0,0.0,0.0,0.0,0.0,0.0,0.0
2026-07-30T15:15:32.586,207.157,49,close,ACTUATOR_ACTIVE,TRAJECTORY_RUNNING,24.0,62,5,16,6.25,62,0,0.0,0.0,0.0,0.0,0.0,0.0
2026-07-30T15:15:33.082,207.657,49,close,ACTUATOR_ACTIVE,TRAJECTORY_RUNNING,24.0,62,26,47,2.86,62,0,0.0,0.0,0.0,0.0,0.0,0.0
2026-07-30T15:15:33.577,208.157,49,close,ACTUATOR_ACTIVE,TRAJECTORY_RUNNING,24.0,62,33,0,99.86,62,0,0.0,0.0,0.0,0.0,0.0,0.0
2026-07-30T15:15:34.074,208.657,49,close,ACTUATOR_ACTIVE,TRAJECTORY_STOPPED,24.0,62,33,0,95.66,62,0,0.0,0.0,0.0,0.0,0.0,0.0
2026-07-30T15:15:34.688,209.266,49,open,ACTUATOR_ACTIVE,TRAJECTORY_RUNNING,24.0,62,33,-1,53.55,62,0,0.0,0.0,0.0,0.0,0.0,0.0
2026-07-30T15:15:35.187,209.766,49,open,ACTUATOR_ACTIVE,TRAJECTORY_RUNNING,24.0,62,20,-48,-2.26,62,0,0.0,0.0,0.0,0.0,0.0,0.0
2026-07-30T15:15:35.685,210.266,49,open,ACTUATOR_ACTIVE,TRAJECTORY_RUNNING,24.0,62,3,0,-1.22,62,0,0.0,0.0,0.0,0.0,0.0,0.0
2026-07-30T15:15:36.184,210.766,49,open,ACTUATOR_ACTIVE,TRAJECTORY_COMPLETE,24.0,61,4,1,0.09,61,0,0.0,0.0,0.0,0.0,0.0,0.0
2026-07-30T15:15:36.795,211.375,50,close,ACTUATOR_ACTIVE,TRAJECTORY_RUNNING,24.0,61,5,16,4.81,61,0,0.0,0.0,0.0,0.0,0.0,0.0
2026-07-30T15:15:37.291,211.875,50,close,ACTUATOR_ACTIVE,TRAJECTORY_RUNNING,24.0,61,26,48,6.1,61,0,0.0,0.0,0.0,0.0,0.0,0.0
2026-07-30T15:15:37.789,212.36,50,close,ACTUATOR_ACTIVE,TRAJECTORY_RUNNING,24.0,61,33,0,106.84,61,0,0.0,0.0,0.0,0.0,0.0,0.0
2026-07-30T15:15:38.302,212.875,50,close,ACTUATOR_ACTIVE,TRAJECTORY_RUNNING,24.0,61,33,0,95.12,61,0,0.0,0.0,0.0,0.0,0.0,0.0
2026-07-30T15:15:38.912,213.485,50,open,ACTUATOR_ACTIVE,TRAJECTORY_RUNNING,24.0,61,33,-1,52.59,61,0,0.0,0.0,0.0,0.0,0.0,0.0
2026-07-30T15:15:39.408,213.985,50,open,ACTUATOR_ACTIVE,TRAJECTORY_RUNNING,24.0,61,18,-45,-4.27,61,0,0.0,0.0,0.0,0.0,0.0,0.0
2026-07-30T15:15:39.906,214.485,50,open,ACTUATOR_ACTIVE,TRAJECTORY_COMPLETE,24.0,61,5,5,1.96,61,0,0.0,0.0,0.0,0.0,0.0,0.0
2026-07-30T15:15:40.402,214.985,50,open,ACTUATOR_ACTIVE,TRAJECTORY_COMPLETE,24.0,61,5,0,0.12,61,0,0.0,0.0,0.0,0.0,0.0,0.0
2026-07-30T15:15:41.005,215.578,51,close,ACTUATOR_ACTIVE,TRAJECTORY_RUNNING,24.0,61,5,13,3.49,61,0,0.0,0.0,0.0,0.0,0.0,0.0
2026-07-30T15:15:41.521,216.094,51,close,ACTUATOR_ACTIVE,TRAJECTORY_RUNNING,24.0,61,25,47,5.82,61,0,0.0,0.0,0.0,0.0,0.0,0.0
2026-07-30T15:15:42.018,216.594,51,close,ACTUATOR_ACTIVE,TRAJECTORY_RUNNING,24.0,61,32,0,31.05,61,0,0.0,0.0,0.0,0.0,0.0,0.0
2026-07-30T15:15:42.518,217.094,51,close,ACTUATOR_ACTIVE,TRAJECTORY_RUNNING,24.0,61,32,0,31.47,61,0,0.0,0.0,0.0,0.0,0.0,0.0
2026-07-30T15:15:43.130,217.703,51,open,ACTUATOR_ACTIVE,TRAJECTORY_RUNNING,24.0,61,32,-16,7.4,61,0,0.0,0.0,0.0,0.0,0.0,0.0
2026-07-30T15:15:43.626,218.203,51,open,ACTUATOR_ACTIVE,TRAJECTORY_RUNNING,24.0,61,14,-48,-2.41,61,0,0.0,0.0,0.0,0.0,0.0,0.0
2026-07-30T15:15:44.124,218.703,51,open,ACTUATOR_ACTIVE,TRAJECTORY_RUNNING,24.0,58,4,7,2.23,58,0,0.0,0.0,0.0,0.0,0.0,0.0
2026-07-30T15:15:44.620,219.203,51,open,ACTUATOR_ACTIVE,TRAJECTORY_COMPLETE,24.0,58,4,0,-0.08,58,0,0.0,0.0,0.0,0.0,0.0,0.0
2026-07-30T15:15:45.229,219.813,52,close,ACTUATOR_ACTIVE,TRAJECTORY_RUNNING,24.0,58,5,16,5.07,58,0,0.0,0.0,0.0,0.0,0.0,0.0
2026-07-30T15:15:45.723,220.297,52,close,ACTUATOR_ACTIVE,TRAJECTORY_RUNNING,24.0,58,26,49,4.07,58,0,0.0,0.0,0.0,0.0,0.0,0.0
2026-07-30T15:15:46.238,220.813,52,close,ACTUATOR_ACTIVE,TRAJECTORY_RUNNING,24.0,58,33,0,107.17,58,0,0.0,0.0,0.0,0.0,0.0,0.0
2026-07-30T15:15:46.735,221.313,52,close,ACTUATOR_ACTIVE,TRAJECTORY_RUNNING,24.0,58,33,0,96.94,58,0,0.0,0.0,0.0,0.0,0.0,0.0
2026-07-30T15:15:47.344,221.922,52,open,ACTUATOR_ACTIVE,TRAJECTORY_RUNNING,24.0,58,33,-1,53.15,58,0,0.0,0.0,0.0,0.0,0.0,0.0
2026-07-30T15:15:47.843,222.422,52,open,ACTUATOR_ACTIVE,TRAJECTORY_RUNNING,24.0,58,21,-45,-2.16,58,0,0.0,0.0,0.0,0.0,0.0,0.0
2026-07-30T15:15:48.340,222.922,52,open,ACTUATOR_ACTIVE,TRAJECTORY_RUNNING,24.0,59,3,0,-1.19,59,0,0.0,0.0,0.0,0.0,0.0,0.0
2026-07-30T15:15:48.837,223.422,52,open,ACTUATOR_ACTIVE,TRAJECTORY_COMPLETE,24.0,59,4,0,0.41,59,0,0.0,0.0,0.0,0.0,0.0,0.0
2026-07-30T15:15:49.441,224.016,53,close,ACTUATOR_ACTIVE,TRAJECTORY_RUNNING,24.0,59,5,16,5.41,59,0,0.0,0.0,0.0,0.0,0.0,0.0
2026-07-30T15:15:49.949,224.532,53,close,ACTUATOR_ACTIVE,TRAJECTORY_RUNNING,24.0,59,27,50,1.8,59,0,0.0,0.0,0.0,0.0,0.0,0.0
2026-07-30T15:15:50.447,225.032,53,close,ACTUATOR_ACTIVE,TRAJECTORY_RUNNING,24.0,59,33,0,102.19,59,0,0.0,0.0,0.0,0.0,0.0,0.0
2026-07-30T15:15:50.939,225.516,53,close,ACTUATOR_ACTIVE,TRAJECTORY_RUNNING,24.0,59,33,0,98.45,59,0,0.0,0.0,0.0,0.0,0.0,0.0
2026-07-30T15:15:51.564,226.141,53,open,ACTUATOR_ACTIVE,TRAJECTORY_RUNNING,24.0,59,33,-1,53.57,59,0,0.0,0.0,0.0,0.0,0.0,0.0
2026-07-30T15:15:52.063,226.641,53,open,ACTUATOR_ACTIVE,TRAJECTORY_RUNNING,24.0,59,21,-46,0.34,59,0,0.0,0.0,0.0,0.0,0.0,0.0
2026-07-30T15:15:52.562,227.141,53,open,ACTUATOR_ACTIVE,TRAJECTORY_RUNNING,24.0,59,3,0,-1.44,59,0,0.0,0.0,0.0,0.0,0.0,0.0
2026-07-30T15:15:53.058,227.641,53,open,ACTUATOR_ACTIVE,TRAJECTORY_COMPLETE,24.0,59,4,0,0.04,59,0,0.0,0.0,0.0,0.0,0.0,0.0
2026-07-30T15:15:53.661,228.235,54,close,ACTUATOR_ACTIVE,TRAJECTORY_RUNNING,24.0,59,5,16,3.6,59,0,0.0,0.0,0.0,0.0,0.0,0.0
2026-07-30T15:15:54.176,228.75,54,close,ACTUATOR_ACTIVE,TRAJECTORY_RUNNING,24.0,59,27,47,4.43,59,0,0.0,0.0,0.0,0.0,0.0,0.0
2026-07-30T15:15:54.673,229.25,54,close,ACTUATOR_ACTIVE,TRAJECTORY_RUNNING,24.0,59,33,0,95.63,59,0,0.0,0.0,0.0,0.0,0.0,0.0
2026-07-30T15:15:55.170,229.75,54,close,ACTUATOR_ACTIVE,TRAJECTORY_RUNNING,24.0,59,33,0,95.7,59,0,0.0,0.0,0.0,0.0,0.0,0.0
2026-07-30T15:15:55.783,230.36,54,open,ACTUATOR_ACTIVE,TRAJECTORY_RUNNING,24.0,59,33,0,54.45,59,0,0.0,0.0,0.0,0.0,0.0,0.0
2026-07-30T15:15:56.282,230.86,54,open,ACTUATOR_ACTIVE,TRAJECTORY_RUNNING,24.0,58,21,-46,-0.11,58,0,0.0,0.0,0.0,0.0,0.0,0.0
2026-07-30T15:15:56.777,231.36,54,open,ACTUATOR_ACTIVE,TRAJECTORY_RUNNING,24.0,58,3,0,-1.17,58,0,0.0,0.0,0.0,0.0,0.0,0.0
2026-07-30T15:15:57.272,231.844,54,open,ACTUATOR_ACTIVE,TRAJECTORY_COMPLETE,24.0,58,4,-1,1.28,58,0,0.0,0.0,0.0,0.0,0.0,0.0
2026-07-30T15:15:57.896,232.469,55,close,ACTUATOR_ACTIVE,TRAJECTORY_RUNNING,24.0,58,5,17,3.65,58,0,0.0,0.0,0.0,0.0,0.0,0.0
2026-07-30T15:15:58.408,232.985,55,close,ACTUATOR_ACTIVE,TRAJECTORY_RUNNING,24.0,58,27,47,3.84,58,0,0.0,0.0,0.0,0.0,0.0,0.0
2026-07-30T15:15:58.907,233.485,55,close,ACTUATOR_ACTIVE,TRAJECTORY_RUNNING,24.0,58,33,0,101.47,58,0,0.0,0.0,0.0,0.0,0.0,0.0
2026-07-30T15:15:59.398,233.969,55,close,ACTUATOR_ACTIVE,TRAJECTORY_RUNNING,24.0,58,33,0,105.38,58,0,0.0,0.0,0.0,0.0,0.0,0.0
2026-07-30T15:16:00.025,234.61,55,open,ACTUATOR_ACTIVE,TRAJECTORY_RUNNING,24.0,62,33,0,57.64,62,0,0.0,0.0,0.0,0.0,0.0,0.0
2026-07-30T15:16:00.517,235.094,55,open,ACTUATOR_ACTIVE,TRAJECTORY_RUNNING,24.0,62,21,-47,-4.36,62,0,0.0,0.0,0.0,0.0,0.0,0.0
2026-07-30T15:16:01.027,235.61,55,open,ACTUATOR_ACTIVE,TRAJECTORY_RUNNING,24.0,62,3,0,-1.19,62,0,0.0,0.0,0.0,0.0,0.0,0.0
2026-07-30T15:16:01.521,236.094,55,open,ACTUATOR_ACTIVE,TRAJECTORY_COMPLETE,24.0,62,4,0,0.52,62,0,0.0,0.0,0.0,0.0,0.0,0.0
2026-07-30T15:16:02.147,236.719,56,close,ACTUATOR_ACTIVE,TRAJECTORY_RUNNING,24.0,62,5,14,4.19,62,0,0.0,0.0,0.0,0.0,0.0,0.0
2026-07-30T15:16:02.660,237.235,56,close,ACTUATOR_ACTIVE,TRAJECTORY_RUNNING,24.0,62,27,48,6.16,62,0,0.0,0.0,0.0,0.0,0.0,0.0
2026-07-30T15:16:03.159,237.735,56,close,ACTUATOR_ACTIVE,TRAJECTORY_RUNNING,24.0,62,33,0,103.83,62,0,0.0,0.0,0.0,0.0,0.0,0.0
2026-07-30T15:16:03.654,238.235,56,close,ACTUATOR_ACTIVE,TRAJECTORY_RUNNING,24.0,62,33,0,95.64,62,0,0.0,0.0,0.0,0.0,0.0,0.0
2026-07-30T15:16:04.258,238.828,56,open,ACTUATOR_ACTIVE,TRAJECTORY_RUNNING,24.0,57,33,0,54.88,57,0,0.0,0.0,0.0,0.0,0.0,0.0
2026-07-30T15:16:04.773,239.344,56,open,ACTUATOR_ACTIVE,TRAJECTORY_RUNNING,24.0,57,18,-49,-2.51,57,0,0.0,0.0,0.0,0.0,0.0,0.0
2026-07-30T15:16:05.272,239.844,56,open,ACTUATOR_ACTIVE,TRAJECTORY_COMPLETE,24.0,57,5,1,1.66,57,0,0.0,0.0,0.0,0.0,0.0,0.0
2026-07-30T15:16:05.769,240.344,56,open,ACTUATOR_ACTIVE,TRAJECTORY_COMPLETE,24.0,57,5,0,0.13,57,0,0.0,0.0,0.0,0.0,0.0,0.0
2026-07-30T15:16:06.374,240.953,57,close,ACTUATOR_ACTIVE,TRAJECTORY_RUNNING,24.0,57,5,14,4.46,57,0,0.0,0.0,0.0,0.0,0.0,0.0
2026-07-30T15:16:06.870,241.453,57,close,ACTUATOR_ACTIVE,TRAJECTORY_RUNNING,24.0,57,26,49,2.67,57,0,0.0,0.0,0.0,0.0,0.0,0.0
2026-07-30T15:16:07.366,241.938,57,close,ACTUATOR_ACTIVE,TRAJECTORY_RUNNING,24.0,57,33,0,99.9,57,0,0.0,0.0,0.0,0.0,0.0,0.0
2026-07-30T15:16:07.876,242.453,57,close,ACTUATOR_ACTIVE,TRAJECTORY_RUNNING,24.0,57,33,0,104.17,57,0,0.0,0.0,0.0,0.0,0.0,0.0
2026-07-30T15:16:08.483,243.063,57,open,ACTUATOR_ACTIVE,TRAJECTORY_RUNNING,24.0,61,33,0,55.4,61,0,0.0,0.0,0.0,0.0,0.0,0.0
2026-07-30T15:16:08.979,243.563,57,open,ACTUATOR_ACTIVE,TRAJECTORY_RUNNING,24.0,61,21,-44,-3.09,61,0,0.0,0.0,0.0,0.0,0.0,0.0
2026-07-30T15:16:09.479,244.063,57,open,ACTUATOR_ACTIVE,TRAJECTORY_RUNNING,24.0,61,3,0,-1.72,61,0,0.0,0.0,0.0,0.0,0.0,0.0
2026-07-30T15:16:09.975,244.547,57,open,ACTUATOR_ACTIVE,TRAJECTORY_COMPLETE,24.0,61,4,0,0.28,61,0,0.0,0.0,0.0,0.0,0.0,0.0
2026-07-30T15:16:10.600,245.172,58,close,ACTUATOR_ACTIVE,TRAJECTORY_RUNNING,24.0,61,5,18,5.44,61,0,0.0,0.0,0.0,0.0,0.0,0.0
2026-07-30T15:16:11.095,245.672,58,close,ACTUATOR_ACTIVE,TRAJECTORY_RUNNING,24.0,61,26,48,1.63,61,0,0.0,0.0,0.0,0.0,0.0,0.0
2026-07-30T15:16:11.592,246.172,58,close,ACTUATOR_ACTIVE,TRAJECTORY_RUNNING,24.0,61,33,0,100.21,61,0,0.0,0.0,0.0,0.0,0.0,0.0
2026-07-30T15:16:12.090,246.672,58,close,ACTUATOR_ACTIVE,TRAJECTORY_RUNNING,24.0,55,33,0,95.63,55,0,0.0,0.0,0.0,0.0,0.0,0.0
2026-07-30T15:16:12.695,247.266,58,open,ACTUATOR_ACTIVE,TRAJECTORY_RUNNING,24.0,55,33,0,54.27,55,0,0.0,0.0,0.0,0.0,0.0,0.0
2026-07-30T15:16:13.209,247.782,58,open,ACTUATOR_ACTIVE,TRAJECTORY_RUNNING,24.0,55,20,-46,-0.45,55,0,0.0,0.0,0.0,0.0,0.0,0.0
2026-07-30T15:16:13.709,248.282,58,open,ACTUATOR_ACTIVE,TRAJECTORY_RUNNING,24.0,55,3,0,-0.52,55,0,0.0,0.0,0.0,0.0,0.0,0.0
2026-07-30T15:16:14.207,248.782,58,open,ACTUATOR_ACTIVE,TRAJECTORY_COMPLETE,24.0,55,4,0,0.74,55,0,0.0,0.0,0.0,0.0,0.0,0.0
2026-07-30T15:16:14.807,249.391,59,close,ACTUATOR_ACTIVE,TRAJECTORY_RUNNING,24.0,55,5,15,3.62,55,0,0.0,0.0,0.0,0.0,0.0,0.0
2026-07-30T15:16:15.308,249.891,59,close,ACTUATOR_ACTIVE,TRAJECTORY_RUNNING,24.0,55,26,51,3.76,55,0,0.0,0.0,0.0,0.0,0.0,0.0
2026-07-30T15:16:15.804,250.375,59,close,ACTUATOR_ACTIVE,TRAJECTORY_RUNNING,24.0,55,33,0,108.78,55,0,0.0,0.0,0.0,0.0,0.0,0.0
2026-07-30T15:16:16.317,250.891,59,close,ACTUATOR_ACTIVE,TRAJECTORY_RUNNING,24.0,62,33,0,94.5,62,0,0.0,0.0,0.0,0.0,0.0,0.0
2026-07-30T15:16:16.927,251.5,59,open,ACTUATOR_ACTIVE,TRAJECTORY_RUNNING,24.0,62,33,-1,49.24,62,0,0.0,0.0,0.0,0.0,0.0,0.0
2026-07-30T15:16:17.443,252.016,59,open,ACTUATOR_ACTIVE,TRAJECTORY_RUNNING,24.0,62,20,-47,-1.08,62,0,0.0,0.0,0.0,0.0,0.0,0.0
2026-07-30T15:16:17.937,252.516,59,open,ACTUATOR_ACTIVE,TRAJECTORY_RUNNING,24.0,62,3,0,-0.46,62,0,0.0,0.0,0.0,0.0,0.0,0.0
2026-07-30T15:16:18.432,253.016,59,open,ACTUATOR_ACTIVE,TRAJECTORY_COMPLETE,24.0,62,5,0,-0.13,62,0,0.0,0.0,0.0,0.0,0.0,0.0
2026-07-30T15:16:19.039,253.61,60,close,ACTUATOR_ACTIVE,TRAJECTORY_RUNNING,24.0,62,5,17,3.71,62,0,0.0,0.0,0.0,0.0,0.0,0.0
2026-07-30T15:16:19.552,254.125,60,close,ACTUATOR_ACTIVE,TRAJECTORY_RUNNING,24.0,62,25,49,2.29,62,0,0.0,0.0,0.0,0.0,0.0,0.0
2026-07-30T15:16:20.049,254.625,60,close,ACTUATOR_ACTIVE,TRAJECTORY_RUNNING,24.0,58,32,0,33.52,58,0,0.0,0.0,0.0,0.0,0.0,0.0
2026-07-30T15:16:20.545,255.125,60,close,ACTUATOR_ACTIVE,TRAJECTORY_RUNNING,24.0,58,32,0,28.08,58,0,0.0,0.0,0.0,0.0,0.0,0.0
2026-07-30T15:16:21.153,255.735,60,open,ACTUATOR_ACTIVE,TRAJECTORY_RUNNING,24.0,58,32,-15,7.09,58,0,0.0,0.0,0.0,0.0,0.0,0.0
2026-07-30T15:16:21.650,256.235,60,open,ACTUATOR_ACTIVE,TRAJECTORY_RUNNING,24.0,58,15,-49,-2.85,58,0,0.0,0.0,0.0,0.0,0.0,0.0
2026-07-30T15:16:22.147,256.719,60,open,ACTUATOR_ACTIVE,TRAJECTORY_RUNNING,24.0,58,3,8,2.49,58,0,0.0,0.0,0.0,0.0,0.0,0.0
2026-07-30T15:16:22.660,257.235,60,open,ACTUATOR_ACTIVE,TRAJECTORY_COMPLETE,24.0,58,5,0,0.04,58,0,0.0,0.0,0.0,0.0,0.0,0.0
2026-07-30T15:16:23.273,257.844,61,close,ACTUATOR_ACTIVE,TRAJECTORY_RUNNING,24.0,58,5,19,5.25,58,0,0.0,0.0,0.0,0.0,0.0,0.0
2026-07-30T15:16:23.766,258.344,61,close,ACTUATOR_ACTIVE,TRAJECTORY_RUNNING,24.0,58,26,49,2.19,58,0,0.0,0.0,0.0,0.0,0.0,0.0
2026-07-30T15:16:24.261,258.844,61,close,ACTUATOR_ACTIVE,TRAJECTORY_RUNNING,24.0,59,33,-1,96.24,59,0,0.0,0.0,0.0,0.0,0.0,0.0
2026-07-30T15:16:24.761,259.344,61,close,ACTUATOR_ACTIVE,TRAJECTORY_RUNNING,24.0,59,33,0,98.99,59,0,0.0,0.0,0.0,0.0,0.0,0.0
2026-07-30T15:16:25.370,259.953,61,open,ACTUATOR_ACTIVE,TRAJECTORY_RUNNING,24.0,59,33,0,58.17,59,0,0.0,0.0,0.0,0.0,0.0,0.0
2026-07-30T15:16:25.870,260.453,61,open,ACTUATOR_ACTIVE,TRAJECTORY_RUNNING,24.0,59,21,-46,-2.0,59,0,0.0,0.0,0.0,0.0,0.0,0.0
2026-07-30T15:16:26.367,260.938,61,open,ACTUATOR_ACTIVE,TRAJECTORY_RUNNING,24.0,59,3,0,-1.35,59,0,0.0,0.0,0.0,0.0,0.0,0.0
2026-07-30T15:16:26.880,261.453,61,open,ACTUATOR_ACTIVE,TRAJECTORY_COMPLETE,24.0,59,5,0,0.19,59,0,0.0,0.0,0.0,0.0,0.0,0.0
2026-07-30T15:16:27.492,262.063,62,close,ACTUATOR_ACTIVE,TRAJECTORY_RUNNING,24.0,59,5,17,4.08,59,0,0.0,0.0,0.0,0.0,0.0,0.0
2026-07-30T15:16:27.989,262.563,62,close,ACTUATOR_ACTIVE,TRAJECTORY_RUNNING,24.0,59,26,49,4.22,59,0,0.0,0.0,0.0,0.0,0.0,0.0
2026-07-30T15:16:28.487,263.063,62,close,ACTUATOR_ACTIVE,TRAJECTORY_RUNNING,24.0,58,33,0,105.14,58,0,0.0,0.0,0.0,0.0,0.0,0.0
2026-07-30T15:16:28.987,263.563,62,close,ACTUATOR_ACTIVE,TRAJECTORY_RUNNING,24.0,58,33,0,98.77,58,0,0.0,0.0,0.0,0.0,0.0,0.0
2026-07-30T15:16:29.596,264.172,62,open,ACTUATOR_ACTIVE,TRAJECTORY_RUNNING,24.0,58,33,-1,50.87,58,0,0.0,0.0,0.0,0.0,0.0,0.0
2026-07-30T15:16:30.094,264.672,62,open,ACTUATOR_ACTIVE,TRAJECTORY_RUNNING,24.0,58,21,-47,-2.1,58,0,0.0,0.0,0.0,0.0,0.0,0.0
2026-07-30T15:16:30.591,265.172,62,open,ACTUATOR_ACTIVE,TRAJECTORY_RUNNING,24.0,58,3,0,-1.16,58,0,0.0,0.0,0.0,0.0,0.0,0.0
2026-07-30T15:16:31.083,265.657,62,open,ACTUATOR_ACTIVE,TRAJECTORY_COMPLETE,24.0,58,4,0,0.47,58,0,0.0,0.0,0.0,0.0,0.0,0.0
2026-07-30T15:16:31.707,266.282,63,close,ACTUATOR_ACTIVE,TRAJECTORY_RUNNING,24.0,58,5,15,4.07,58,0,0.0,0.0,0.0,0.0,0.0,0.0
2026-07-30T15:16:32.200,266.782,63,close,ACTUATOR_ACTIVE,TRAJECTORY_RUNNING,24.0,59,26,45,3.77,59,0,0.0,0.0,0.0,0.0,0.0,0.0
2026-07-30T15:16:32.698,267.282,63,close,ACTUATOR_ACTIVE,TRAJECTORY_RUNNING,24.0,59,33,0,105.64,59,0,0.0,0.0,0.0,0.0,0.0,0.0
2026-07-30T15:16:33.191,267.766,63,close,ACTUATOR_ACTIVE,TRAJECTORY_RUNNING,24.0,59,33,0,96.16,59,0,0.0,0.0,0.0,0.0,0.0,0.0
2026-07-30T15:16:33.820,268.391,63,open,ACTUATOR_ACTIVE,TRAJECTORY_RUNNING,24.0,59,33,0,53.85,59,0,0.0,0.0,0.0,0.0,0.0,0.0
2026-07-30T15:16:34.316,268.891,63,open,ACTUATOR_ACTIVE,TRAJECTORY_RUNNING,24.0,59,21,-48,-1.21,59,0,0.0,0.0,0.0,0.0,0.0,0.0
2026-07-30T15:16:34.813,269.391,63,open,ACTUATOR_ACTIVE,TRAJECTORY_RUNNING,24.0,59,3,0,-0.79,59,0,0.0,0.0,0.0,0.0,0.0,0.0
2026-07-30T15:16:35.311,269.891,63,open,ACTUATOR_ACTIVE,TRAJECTORY_COMPLETE,24.0,59,4,0,0.47,59,0,0.0,0.0,0.0,0.0,0.0,0.0
2026-07-30T15:16:35.921,270.5,64,close,ACTUATOR_ACTIVE,TRAJECTORY_RUNNING,24.0,59,5,15,5.5,59,0,0.0,0.0,0.0,0.0,0.0,0.0
2026-07-30T15:16:36.417,271.0,64,close,ACTUATOR_ACTIVE,TRAJECTORY_RUNNING,24.0,61,26,49,1.48,61,0,0.0,0.0,0.0,0.0,0.0,0.0
2026-07-30T15:16:36.916,271.5,64,close,ACTUATOR_ACTIVE,TRAJECTORY_RUNNING,24.0,61,33,1,110.62,61,0,0.0,0.0,0.0,0.0,0.0,0.0
2026-07-30T15:16:37.413,271.985,64,close,ACTUATOR_ACTIVE,TRAJECTORY_RUNNING,24.0,61,33,0,102.71,61,0,0.0,0.0,0.0,0.0,0.0,0.0
2026-07-30T15:16:38.034,272.61,64,open,ACTUATOR_ACTIVE,TRAJECTORY_RUNNING,24.0,61,33,0,57.69,61,0,0.0,0.0,0.0,0.0,0.0,0.0
2026-07-30T15:16:38.531,273.11,64,open,ACTUATOR_ACTIVE,TRAJECTORY_RUNNING,24.0,61,21,-47,-3.7,61,0,0.0,0.0,0.0,0.0,0.0,0.0
2026-07-30T15:16:39.027,273.61,64,open,ACTUATOR_ACTIVE,TRAJECTORY_RUNNING,24.0,61,3,0,-1.66,61,0,0.0,0.0,0.0,0.0,0.0,0.0
2026-07-30T15:16:39.525,274.11,64,open,ACTUATOR_ACTIVE,TRAJECTORY_COMPLETE,24.0,61,4,-1,1.36,61,0,0.0,0.0,0.0,0.0,0.0,0.0
2026-07-30T15:16:40.131,274.703,65,close,ACTUATOR_ACTIVE,TRAJECTORY_RUNNING,24.0,62,5,14,3.67,62,0,0.0,0.0,0.0,0.0,0.0,0.0
2026-07-30T15:16:40.622,275.203,65,close,ACTUATOR_ACTIVE,TRAJECTORY_RUNNING,24.0,62,24,49,1.85,62,0,0.0,0.0,0.0,0.0,0.0,0.0
2026-07-30T15:16:41.118,275.688,65,close,ACTUATOR_ACTIVE,TRAJECTORY_RUNNING,24.0,62,32,0,35.14,62,0,0.0,0.0,0.0,0.0,0.0,0.0
2026-07-30T15:16:41.630,276.203,65,close,ACTUATOR_ACTIVE,TRAJECTORY_RUNNING,24.0,62,32,0,30.7,62,0,0.0,0.0,0.0,0.0,0.0,0.0
2026-07-30T15:16:42.240,276.813,65,open,ACTUATOR_ACTIVE,TRAJECTORY_RUNNING,24.0,62,32,-15,7.87,62,0,0.0,0.0,0.0,0.0,0.0,0.0
2026-07-30T15:16:42.742,277.313,65,open,ACTUATOR_ACTIVE,TRAJECTORY_RUNNING,24.0,62,14,-47,-3.27,62,0,0.0,0.0,0.0,0.0,0.0,0.0
2026-07-30T15:16:43.239,277.813,65,open,ACTUATOR_ACTIVE,TRAJECTORY_RUNNING,24.0,62,4,7,3.15,62,0,0.0,0.0,0.0,0.0,0.0,0.0
2026-07-30T15:16:43.733,278.313,65,open,ACTUATOR_ACTIVE,TRAJECTORY_COMPLETE,24.0,62,4,0,0.74,62,0,0.0,0.0,0.0,0.0,0.0,0.0
2026-07-30T15:16:44.345,278.922,66,close,ACTUATOR_ACTIVE,TRAJECTORY_RUNNING,24.0,62,5,16,5.06,62,0,0.0,0.0,0.0,0.0,0.0,0.0
2026-07-30T15:16:44.840,279.422,66,close,ACTUATOR_ACTIVE,TRAJECTORY_RUNNING,24.0,62,26,46,2.56,62,0,0.0,0.0,0.0,0.0,0.0,0.0
2026-07-30T15:16:45.335,279.907,66,close,ACTUATOR_ACTIVE,TRAJECTORY_RUNNING,24.0,62,33,3,93.58,62,0,0.0,0.0,0.0,0.0,0.0,0.0
2026-07-30T15:16:45.844,280.422,66,close,ACTUATOR_ACTIVE,TRAJECTORY_RUNNING,24.0,62,33,0,97.69,62,0,0.0,0.0,0.0,0.0,0.0,0.0
2026-07-30T15:16:46.452,281.032,66,open,ACTUATOR_ACTIVE,TRAJECTORY_RUNNING,24.0,62,33,-1,54.16,62,0,0.0,0.0,0.0,0.0,0.0,0.0
2026-07-30T15:16:46.949,281.532,66,open,ACTUATOR_ACTIVE,TRAJECTORY_RUNNING,24.0,62,21,-44,-2.36,62,0,0.0,0.0,0.0,0.0,0.0,0.0
2026-07-30T15:16:47.445,282.016,66,open,ACTUATOR_ACTIVE,TRAJECTORY_RUNNING,24.0,62,3,0,-1.66,62,0,0.0,0.0,0.0,0.0,0.0,0.0
2026-07-30T15:16:47.958,282.532,66,open,ACTUATOR_ACTIVE,TRAJECTORY_COMPLETE,24.0,62,4,0,1.48,62,0,0.0,0.0,0.0,0.0,0.0,0.0
2026-07-30T15:16:48.569,283.141,67,close,ACTUATOR_ACTIVE,TRAJECTORY_RUNNING,24.0,61,5,19,2.5,61,0,0.0,0.0,0.0,0.0,0.0,0.0
2026-07-30T15:16:49.059,283.641,67,close,ACTUATOR_ACTIVE,TRAJECTORY_RUNNING,24.0,61,26,46,1.54,61,0,0.0,0.0,0.0,0.0,0.0,0.0
2026-07-30T15:16:49.560,284.141,67,close,ACTUATOR_ACTIVE,TRAJECTORY_RUNNING,24.0,61,33,0,103.31,61,0,0.0,0.0,0.0,0.0,0.0,0.0
2026-07-30T15:16:50.050,284.625,67,close,ACTUATOR_ACTIVE,TRAJECTORY_RUNNING,24.0,61,33,0,96.17,61,0,0.0,0.0,0.0,0.0,0.0,0.0
2026-07-30T15:16:50.674,285.25,67,open,ACTUATOR_ACTIVE,TRAJECTORY_RUNNING,24.0,61,33,0,51.96,61,0,0.0,0.0,0.0,0.0,0.0,0.0
2026-07-30T15:16:51.166,285.75,67,open,ACTUATOR_ACTIVE,TRAJECTORY_RUNNING,24.0,61,21,-45,-0.92,61,0,0.0,0.0,0.0,0.0,0.0,0.0
2026-07-30T15:16:51.665,286.235,67,open,ACTUATOR_ACTIVE,TRAJECTORY_RUNNING,24.0,61,3,0,-1.9,61,0,0.0,0.0,0.0,0.0,0.0,0.0
2026-07-30T15:16:52.175,286.75,67,open,ACTUATOR_ACTIVE,TRAJECTORY_COMPLETE,24.0,63,4,0,0.11,63,0,0.0,0.0,0.0,0.0,0.0,0.0
2026-07-30T15:16:52.787,287.36,68,close,ACTUATOR_ACTIVE,TRAJECTORY_RUNNING,24.0,63,5,15,5.12,63,0,0.0,0.0,0.0,0.0,0.0,0.0
2026-07-30T15:16:53.285,287.86,68,close,ACTUATOR_ACTIVE,TRAJECTORY_RUNNING,24.0,63,26,46,3.47,63,0,0.0,0.0,0.0,0.0,0.0,0.0
2026-07-30T15:16:53.782,288.36,68,close,ACTUATOR_ACTIVE,TRAJECTORY_RUNNING,24.0,63,33,0,102.07,63,0,0.0,0.0,0.0,0.0,0.0,0.0
2026-07-30T15:16:54.275,288.844,68,close,ACTUATOR_ACTIVE,TRAJECTORY_RUNNING,24.0,63,33,0,96.63,63,0,0.0,0.0,0.0,0.0,0.0,0.0
2026-07-30T15:16:54.899,289.469,68,open,ACTUATOR_ACTIVE,TRAJECTORY_RUNNING,24.0,63,33,-1,51.46,63,0,0.0,0.0,0.0,0.0,0.0,0.0
2026-07-30T15:16:55.410,289.985,68,open,ACTUATOR_ACTIVE,TRAJECTORY_RUNNING,24.0,63,17,-47,-0.81,63,0,0.0,0.0,0.0,0.0,0.0,0.0
2026-07-30T15:16:55.906,290.485,68,open,ACTUATOR_ACTIVE,TRAJECTORY_COMPLETE,24.0,63,5,2,1.83,63,0,0.0,0.0,0.0,0.0,0.0,0.0
2026-07-30T15:16:56.400,290.985,68,open,ACTUATOR_ACTIVE,TRAJECTORY_COMPLETE,24.0,62,4,0,-0.4,62,0,0.0,0.0,0.0,0.0,0.0,0.0
2026-07-30T15:16:57.011,291.594,69,close,ACTUATOR_ACTIVE,TRAJECTORY_RUNNING,24.0,62,5,15,4.42,62,0,0.0,0.0,0.0,0.0,0.0,0.0
2026-07-30T15:16:57.509,292.078,69,close,ACTUATOR_ACTIVE,TRAJECTORY_RUNNING,24.0,62,26,49,1.91,62,0,0.0,0.0,0.0,0.0,0.0,0.0
2026-07-30T15:16:58.021,292.594,69,close,ACTUATOR_ACTIVE,TRAJECTORY_RUNNING,24.0,62,33,0,108.55,62,0,0.0,0.0,0.0,0.0,0.0,0.0
2026-07-30T15:16:58.520,293.094,69,close,ACTUATOR_ACTIVE,TRAJECTORY_RUNNING,24.0,62,33,0,97.52,62,0,0.0,0.0,0.0,0.0,0.0,0.0
2026-07-30T15:16:59.127,293.703,69,open,ACTUATOR_ACTIVE,TRAJECTORY_RUNNING,24.0,62,33,0,58.37,62,0,0.0,0.0,0.0,0.0,0.0,0.0
2026-07-30T15:16:59.622,294.203,69,open,ACTUATOR_ACTIVE,TRAJECTORY_RUNNING,24.0,62,18,-46,-1.31,62,0,0.0,0.0,0.0,0.0,0.0,0.0
2026-07-30T15:17:00.114,294.688,69,open,ACTUATOR_ACTIVE,TRAJECTORY_COMPLETE,24.0,63,5,5,1.61,63,0,0.0,0.0,0.0,0.0,0.0,0.0
2026-07-30T15:17:00.623,295.203,69,open,ACTUATOR_ACTIVE,TRAJECTORY_COMPLETE,24.0,63,4,0,0.05,63,0,0.0,0.0,0.0,0.0,0.0,0.0
2026-07-30T15:17:01.232,295.813,70,close,ACTUATOR_ACTIVE,TRAJECTORY_RUNNING,24.0,63,5,17,5.26,63,0,0.0,0.0,0.0,0.0,0.0,0.0
2026-07-30T15:17:01.731,296.313,70,close,ACTUATOR_ACTIVE,TRAJECTORY_RUNNING,24.0,63,26,47,3.29,63,0,0.0,0.0,0.0,0.0,0.0,0.0
2026-07-30T15:17:02.229,296.813,70,close,ACTUATOR_ACTIVE,TRAJECTORY_RUNNING,24.0,63,33,0,104.43,63,0,0.0,0.0,0.0,0.0,0.0,0.0
2026-07-30T15:17:02.728,297.297,70,close,ACTUATOR_ACTIVE,TRAJECTORY_RUNNING,24.0,63,33,0,100.67,63,0,0.0,0.0,0.0,0.0,0.0,0.0
2026-07-30T15:17:03.352,297.922,70,open,ACTUATOR_ACTIVE,TRAJECTORY_RUNNING,24.0,63,33,-1,55.05,63,0,0.0,0.0,0.0,0.0,0.0,0.0
2026-07-30T15:17:03.866,298.438,70,open,ACTUATOR_ACTIVE,TRAJECTORY_RUNNING,24.0,63,17,-47,-2.86,63,0,0.0,0.0,0.0,0.0,0.0,0.0
2026-07-30T15:17:04.363,298.938,70,open,ACTUATOR_ACTIVE,TRAJECTORY_COMPLETE,24.0,55,5,0,1.64,55,0,0.0,0.0,0.0,0.0,0.0,0.0
2026-07-30T15:17:04.858,299.438,70,open,ACTUATOR_ACTIVE,TRAJECTORY_COMPLETE,24.0,55,4,1,-0.15,55,0,0.0,0.0,0.0,0.0,0.0,0.0
2026-07-30T15:17:05.470,300.047,71,close,ACTUATOR_ACTIVE,TRAJECTORY_RUNNING,24.0,55,5,15,6.13,55,0,0.0,0.0,0.0,0.0,0.0,0.0
2026-07-30T15:17:05.965,300.547,71,close,ACTUATOR_ACTIVE,TRAJECTORY_RUNNING,24.0,55,26,48,3.47,55,0,0.0,0.0,0.0,0.0,0.0,0.0
2026-07-30T15:17:06.462,301.032,71,close,ACTUATOR_ACTIVE,TRAJECTORY_RUNNING,24.0,55,33,0,100.0,55,0,0.0,0.0,0.0,0.0,0.0,0.0
2026-07-30T15:17:06.974,301.547,71,close,ACTUATOR_ACTIVE,TRAJECTORY_RUNNING,24.0,55,33,0,100.67,55,0,0.0,0.0,0.0,0.0,0.0,0.0
2026-07-30T15:17:07.584,302.157,71,open,ACTUATOR_ACTIVE,TRAJECTORY_RUNNING,24.0,55,33,0,55.44,55,0,0.0,0.0,0.0,0.0,0.0,0.0
2026-07-30T15:17:08.082,302.657,71,open,ACTUATOR_ACTIVE,TRAJECTORY_RUNNING,24.0,56,21,-46,-1.89,56,0,0.0,0.0,0.0,0.0,0.0,0.0
2026-07-30T15:17:08.577,303.157,71,open,ACTUATOR_ACTIVE,TRAJECTORY_RUNNING,24.0,56,3,-2,-1.66,56,0,0.0,0.0,0.0,0.0,0.0,0.0
2026-07-30T15:17:09.073,303.657,71,open,ACTUATOR_ACTIVE,TRAJECTORY_COMPLETE,24.0,56,4,0,0.21,56,0,0.0,0.0,0.0,0.0,0.0,0.0
2026-07-30T15:17:09.676,304.25,72,close,ACTUATOR_ACTIVE,TRAJECTORY_RUNNING,24.0,56,5,16,4.32,56,0,0.0,0.0,0.0,0.0,0.0,0.0
2026-07-30T15:17:10.183,304.766,72,close,ACTUATOR_ACTIVE,TRAJECTORY_RUNNING,24.0,56,27,47,5.14,56,0,0.0,0.0,0.0,0.0,0.0,0.0
2026-07-30T15:17:10.673,305.25,72,close,ACTUATOR_ACTIVE,TRAJECTORY_RUNNING,24.0,56,33,0,103.97,56,0,0.0,0.0,0.0,0.0,0.0,0.0
2026-07-30T15:17:11.187,305.766,72,close,ACTUATOR_ACTIVE,TRAJECTORY_RUNNING,24.0,56,33,0,99.15,56,0,0.0,0.0,0.0,0.0,0.0,0.0
2026-07-30T15:17:11.790,306.375,72,open,ACTUATOR_ACTIVE,TRAJECTORY_RUNNING,24.0,56,33,0,52.55,56,0,0.0,0.0,0.0,0.0,0.0,0.0
2026-07-30T15:17:12.289,306.86,72,open,ACTUATOR_ACTIVE,TRAJECTORY_RUNNING,24.0,55,21,-47,-1.23,55,0,0.0,0.0,0.0,0.0,0.0,0.0
2026-07-30T15:17:12.802,307.375,72,open,ACTUATOR_ACTIVE,TRAJECTORY_RUNNING,24.0,55,3,0,-0.76,55,0,0.0,0.0,0.0,0.0,0.0,0.0
2026-07-30T15:17:13.300,307.875,72,open,ACTUATOR_ACTIVE,TRAJECTORY_COMPLETE,24.0,55,4,-1,0.57,55,0,0.0,0.0,0.0,0.0,0.0,0.0
2026-07-30T15:17:13.909,308.485,73,close,ACTUATOR_ACTIVE,TRAJECTORY_RUNNING,24.0,55,5,16,3.75,55,0,0.0,0.0,0.0,0.0,0.0,0.0
2026-07-30T15:17:14.403,308.985,73,close,ACTUATOR_ACTIVE,TRAJECTORY_RUNNING,24.0,55,25,47,1.59,55,0,0.0,0.0,0.0,0.0,0.0,0.0
2026-07-30T15:17:14.898,309.469,73,close,ACTUATOR_ACTIVE,TRAJECTORY_RUNNING,24.0,55,32,0,34.37,55,0,0.0,0.0,0.0,0.0,0.0,0.0
2026-07-30T15:17:15.413,309.985,73,close,ACTUATOR_ACTIVE,TRAJECTORY_RUNNING,24.0,55,32,0,29.31,55,0,0.0,0.0,0.0,0.0,0.0,0.0
2026-07-30T15:17:16.018,310.594,73,open,ACTUATOR_ACTIVE,TRAJECTORY_RUNNING,24.0,58,32,-14,8.41,58,0,0.0,0.0,0.0,0.0,0.0,0.0
2026-07-30T15:17:16.516,311.094,73,open,ACTUATOR_ACTIVE,TRAJECTORY_RUNNING,24.0,58,15,-49,-1.62,58,0,0.0,0.0,0.0,0.0,0.0,0.0
2026-07-30T15:17:17.014,311.594,73,open,ACTUATOR_ACTIVE,TRAJECTORY_RUNNING,24.0,58,3,7,2.1,58,0,0.0,0.0,0.0,0.0,0.0,0.0
2026-07-30T15:17:17.511,312.094,73,open,ACTUATOR_ACTIVE,TRAJECTORY_COMPLETE,24.0,58,4,0,0.79,58,0,0.0,0.0,0.0,0.0,0.0,0.0
2026-07-30T15:17:18.122,312.703,74,close,ACTUATOR_ACTIVE,TRAJECTORY_RUNNING,24.0,58,5,16,4.6,58,0,0.0,0.0,0.0,0.0,0.0,0.0
2026-07-30T15:17:18.622,313.203,74,close,ACTUATOR_ACTIVE,TRAJECTORY_RUNNING,24.0,58,26,47,2.39,58,0,0.0,0.0,0.0,0.0,0.0,0.0
2026-07-30T15:17:19.120,313.703,74,close,ACTUATOR_ACTIVE,TRAJECTORY_RUNNING,24.0,58,33,1,102.14,58,0,0.0,0.0,0.0,0.0,0.0,0.0
2026-07-30T15:17:19.618,314.188,74,close,ACTUATOR_ACTIVE,TRAJECTORY_RUNNING,24.0,58,33,0,93.33,58,0,0.0,0.0,0.0,0.0,0.0,0.0
2026-07-30T15:17:20.241,314.813,74,open,ACTUATOR_ACTIVE,TRAJECTORY_RUNNING,24.0,60,33,-1,55.83,60,0,0.0,0.0,0.0,0.0,0.0,0.0
2026-07-30T15:17:20.753,315.328,74,open,ACTUATOR_ACTIVE,TRAJECTORY_RUNNING,24.0,60,20,-45,-2.13,60,0,0.0,0.0,0.0,0.0,0.0,0.0
2026-07-30T15:17:21.251,315.828,74,open,ACTUATOR_ACTIVE,TRAJECTORY_RUNNING,24.0,60,3,1,-0.94,60,0,0.0,0.0,0.0,0.0,0.0,0.0
2026-07-30T15:17:21.744,316.328,74,open,ACTUATOR_ACTIVE,TRAJECTORY_COMPLETE,24.0,60,5,1,0.08,60,0,0.0,0.0,0.0,0.0,0.0,0.0
2026-07-30T15:17:22.352,316.922,75,close,ACTUATOR_ACTIVE,TRAJECTORY_RUNNING,24.0,60,5,14,4.0,60,0,0.0,0.0,0.0,0.0,0.0,0.0
2026-07-30T15:17:22.867,317.438,75,close,ACTUATOR_ACTIVE,TRAJECTORY_RUNNING,24.0,60,26,46,3.51,60,0,0.0,0.0,0.0,0.0,0.0,0.0
2026-07-30T15:17:23.362,317.938,75,close,ACTUATOR_ACTIVE,TRAJECTORY_RUNNING,24.0,60,33,2,93.47,60,0,0.0,0.0,0.0,0.0,0.0,0.0
2026-07-30T15:17:23.859,318.438,75,close,ACTUATOR_ACTIVE,TRAJECTORY_RUNNING,24.0,60,33,0,102.36,60,0,0.0,0.0,0.0,0.0,0.0,0.0
2026-07-30T15:17:24.470,319.047,75,open,ACTUATOR_ACTIVE,TRAJECTORY_RUNNING,24.0,60,33,-1,53.91,60,0,0.0,0.0,0.0,0.0,0.0,0.0
2026-07-30T15:17:24.969,319.547,75,open,ACTUATOR_ACTIVE,TRAJECTORY_RUNNING,24.0,60,18,-49,-2.66,60,0,0.0,0.0,0.0,0.0,0.0,0.0
2026-07-30T15:17:25.468,320.047,75,open,ACTUATOR_ACTIVE,TRAJECTORY_COMPLETE,24.0,60,5,2,1.81,60,0,0.0,0.0,0.0,0.0,0.0,0.0
2026-07-30T15:17:25.966,320.547,75,open,ACTUATOR_ACTIVE,TRAJECTORY_COMPLETE,24.0,60,5,0,-0.26,60,0,0.0,0.0,0.0,0.0,0.0,0.0
2026-07-30T15:17:26.576,321.157,76,close,ACTUATOR_ACTIVE,TRAJECTORY_RUNNING,24.0,60,5,14,3.0,60,0,0.0,0.0,0.0,0.0,0.0,0.0
2026-07-30T15:17:27.073,321.657,76,close,ACTUATOR_ACTIVE,TRAJECTORY_RUNNING,24.0,60,26,46,3.03,60,0,0.0,0.0,0.0,0.0,0.0,0.0
2026-07-30T15:17:27.570,322.141,76,close,ACTUATOR_ACTIVE,TRAJECTORY_RUNNING,24.0,60,33,0,107.29,60,0,0.0,0.0,0.0,0.0,0.0,0.0
2026-07-30T15:17:28.082,322.657,76,close,ACTUATOR_ACTIVE,TRAJECTORY_RUNNING,24.0,64,33,0,104.04,64,0,0.0,0.0,0.0,0.0,0.0,0.0
2026-07-30T15:17:28.684,323.266,76,open,ACTUATOR_ACTIVE,TRAJECTORY_RUNNING,24.0,64,33,0,58.4,64,0,0.0,0.0,0.0,0.0,0.0,0.0
2026-07-30T15:17:29.178,323.75,76,open,ACTUATOR_ACTIVE,TRAJECTORY_RUNNING,24.0,64,21,-44,-1.37,64,0,0.0,0.0,0.0,0.0,0.0,0.0
2026-07-30T15:17:29.691,324.266,76,open,ACTUATOR_ACTIVE,TRAJECTORY_RUNNING,24.0,64,3,0,-1.04,64,0,0.0,0.0,0.0,0.0,0.0,0.0
2026-07-30T15:17:30.186,324.766,76,open,ACTUATOR_ACTIVE,TRAJECTORY_COMPLETE,24.0,64,4,0,0.3,64,0,0.0,0.0,0.0,0.0,0.0,0.0
2026-07-30T15:17:30.796,325.375,77,close,ACTUATOR_ACTIVE,TRAJECTORY_RUNNING,24.0,64,5,17,5.35,64,0,0.0,0.0,0.0,0.0,0.0,0.0
2026-07-30T15:17:31.297,325.875,77,close,ACTUATOR_ACTIVE,TRAJECTORY_RUNNING,24.0,64,26,48,4.39,64,0,0.0,0.0,0.0,0.0,0.0,0.0
2026-07-30T15:17:31.791,326.375,77,close,ACTUATOR_ACTIVE,TRAJECTORY_RUNNING,24.0,64,33,0,104.12,64,0,0.0,0.0,0.0,0.0,0.0,0.0
2026-07-30T15:17:32.287,326.86,77,close,ACTUATOR_ACTIVE,TRAJECTORY_RUNNING,24.0,61,33,0,97.0,61,0,0.0,0.0,0.0,0.0,0.0,0.0
2026-07-30T15:17:32.909,327.485,77,open,ACTUATOR_ACTIVE,TRAJECTORY_RUNNING,24.0,61,33,0,55.91,61,0,0.0,0.0,0.0,0.0,0.0,0.0
2026-07-30T15:17:33.403,327.985,77,open,ACTUATOR_ACTIVE,TRAJECTORY_RUNNING,24.0,61,21,-46,-0.37,61,0,0.0,0.0,0.0,0.0,0.0,0.0
2026-07-30T15:17:33.899,328.469,77,open,ACTUATOR_ACTIVE,TRAJECTORY_RUNNING,24.0,61,3,0,-2.15,61,0,0.0,0.0,0.0,0.0,0.0,0.0
2026-07-30T15:17:34.407,328.985,77,open,ACTUATOR_ACTIVE,TRAJECTORY_COMPLETE,24.0,61,4,1,1.19,61,0,0.0,0.0,0.0,0.0,0.0,0.0
2026-07-30T15:17:35.017,329.594,78,close,ACTUATOR_ACTIVE,TRAJECTORY_RUNNING,24.0,61,5,14,4.56,61,0,0.0,0.0,0.0,0.0,0.0,0.0
2026-07-30T15:17:35.512,330.094,78,close,ACTUATOR_ACTIVE,TRAJECTORY_RUNNING,24.0,61,26,49,3.1,61,0,0.0,0.0,0.0,0.0,0.0,0.0
2026-07-30T15:17:36.010,330.594,78,close,ACTUATOR_ACTIVE,TRAJECTORY_RUNNING,24.0,63,33,0,104.54,63,0,0.0,0.0,0.0,0.0,0.0,0.0
2026-07-30T15:17:36.507,331.078,78,close,ACTUATOR_ACTIVE,TRAJECTORY_RUNNING,24.0,63,33,0,97.68,63,0,0.0,0.0,0.0,0.0,0.0,0.0
2026-07-30T15:17:37.133,331.703,78,open,ACTUATOR_ACTIVE,TRAJECTORY_RUNNING,24.0,63,33,0,55.01,63,0,0.0,0.0,0.0,0.0,0.0,0.0
2026-07-30T15:17:37.644,332.219,78,open,ACTUATOR_ACTIVE,TRAJECTORY_RUNNING,24.0,63,20,-50,-0.86,63,0,0.0,0.0,0.0,0.0,0.0,0.0
2026-07-30T15:17:38.141,332.719,78,open,ACTUATOR_ACTIVE,TRAJECTORY_RUNNING,24.0,63,3,0,-0.85,63,0,0.0,0.0,0.0,0.0,0.0,0.0
2026-07-30T15:17:38.638,333.219,78,open,ACTUATOR_ACTIVE,TRAJECTORY_COMPLETE,24.0,63,4,0,0.18,63,0,0.0,0.0,0.0,0.0,0.0,0.0
2026-07-30T15:17:39.243,333.813,79,close,ACTUATOR_ACTIVE,TRAJECTORY_RUNNING,24.0,63,5,17,4.26,63,0,0.0,0.0,0.0,0.0,0.0,0.0
2026-07-30T15:17:39.758,334.328,79,close,ACTUATOR_ACTIVE,TRAJECTORY_RUNNING,24.0,63,27,46,2.71,63,0,0.0,0.0,0.0,0.0,0.0,0.0
2026-07-30T15:17:40.254,334.828,79,close,ACTUATOR_ACTIVE,TRAJECTORY_RUNNING,24.0,59,33,0,109.53,59,0,0.0,0.0,0.0,0.0,0.0,0.0
2026-07-30T15:17:40.745,335.328,79,close,ACTUATOR_ACTIVE,TRAJECTORY_RUNNING,24.0,59,33,0,100.18,59,0,0.0,0.0,0.0,0.0,0.0,0.0
2026-07-30T15:17:41.354,335.938,79,open,ACTUATOR_ACTIVE,TRAJECTORY_RUNNING,24.0,59,33,-1,55.11,59,0,0.0,0.0,0.0,0.0,0.0,0.0
2026-07-30T15:17:41.850,336.422,79,open,ACTUATOR_ACTIVE,TRAJECTORY_RUNNING,24.0,59,21,-48,-1.93,59,0,0.0,0.0,0.0,0.0,0.0,0.0
2026-07-30T15:17:42.364,336.938,79,open,ACTUATOR_ACTIVE,TRAJECTORY_RUNNING,24.0,59,3,0,-0.83,59,0,0.0,0.0,0.0,0.0,0.0,0.0
2026-07-30T15:17:42.859,337.438,79,open,ACTUATOR_ACTIVE,TRAJECTORY_COMPLETE,24.0,59,4,0,1.47,59,0,0.0,0.0,0.0,0.0,0.0,0.0
2026-07-30T15:17:43.466,338.047,80,close,ACTUATOR_ACTIVE,TRAJECTORY_RUNNING,24.0,59,5,15,4.66,59,0,0.0,0.0,0.0,0.0,0.0,0.0
2026-07-30T15:17:43.960,338.532,80,close,ACTUATOR_ACTIVE,TRAJECTORY_RUNNING,24.0,59,26,47,3.04,59,0,0.0,0.0,0.0,0.0,0.0,0.0
2026-07-30T15:17:44.469,339.047,80,close,ACTUATOR_ACTIVE,TRAJECTORY_RUNNING,24.0,64,33,0,106.66,64,0,0.0,0.0,0.0,0.0,0.0,0.0
2026-07-30T15:17:44.967,339.547,80,close,ACTUATOR_ACTIVE,TRAJECTORY_RUNNING,24.0,64,33,0,96.43,64,0,0.0,0.0,0.0,0.0,0.0,0.0
2026-07-30T15:17:45.580,340.157,80,open,ACTUATOR_ACTIVE,TRAJECTORY_RUNNING,24.0,64,33,0,53.82,64,0,0.0,0.0,0.0,0.0,0.0,0.0
2026-07-30T15:17:46.075,340.657,80,open,ACTUATOR_ACTIVE,TRAJECTORY_RUNNING,24.0,64,21,-46,-0.52,64,0,0.0,0.0,0.0,0.0,0.0,0.0
2026-07-30T15:17:46.568,341.141,80,open,ACTUATOR_ACTIVE,TRAJECTORY_RUNNING,24.0,64,3,0,-1.25,64,0,0.0,0.0,0.0,0.0,0.0,0.0
2026-07-30T15:17:47.078,341.657,80,open,ACTUATOR_ACTIVE,TRAJECTORY_COMPLETE,24.0,64,4,0,-0.05,64,0,0.0,0.0,0.0,0.0,0.0,0.0
2026-07-30T15:17:47.689,342.266,81,close,ACTUATOR_ACTIVE,TRAJECTORY_RUNNING,24.0,64,5,16,4.56,64,0,0.0,0.0,0.0,0.0,0.0,0.0
2026-07-30T15:17:48.188,342.766,81,close,ACTUATOR_ACTIVE,TRAJECTORY_RUNNING,24.0,64,26,48,2.07,64,0,0.0,0.0,0.0,0.0,0.0,0.0
2026-07-30T15:17:48.688,343.266,81,close,ACTUATOR_ACTIVE,TRAJECTORY_RUNNING,24.0,64,33,0,107.76,64,0,0.0,0.0,0.0,0.0,0.0,0.0
2026-07-30T15:17:49.188,343.766,81,close,ACTUATOR_ACTIVE,TRAJECTORY_STOPPED,24.0,64,33,0,99.99,64,0,0.0,0.0,0.0,0.0,0.0,0.0
2026-07-30T15:17:49.797,344.375,81,open,ACTUATOR_ACTIVE,TRAJECTORY_RUNNING,24.0,64,33,0,52.45,64,0,0.0,0.0,0.0,0.0,0.0,0.0
2026-07-30T15:17:50.297,344.875,81,open,ACTUATOR_ACTIVE,TRAJECTORY_RUNNING,24.0,64,21,-45,-0.73,64,0,0.0,0.0,0.0,0.0,0.0,0.0
2026-07-30T15:17:50.796,345.375,81,open,ACTUATOR_ACTIVE,TRAJECTORY_RUNNING,24.0,64,3,0,-1.1,64,0,0.0,0.0,0.0,0.0,0.0,0.0
2026-07-30T15:17:51.288,345.86,81,open,ACTUATOR_ACTIVE,TRAJECTORY_COMPLETE,24.0,64,4,0,0.94,64,0,0.0,0.0,0.0,0.0,0.0,0.0
2026-07-30T15:17:51.915,346.485,82,close,ACTUATOR_ACTIVE,TRAJECTORY_RUNNING,24.0,64,5,15,3.97,64,0,0.0,0.0,0.0,0.0,0.0,0.0
2026-07-30T15:17:52.427,347.0,82,close,ACTUATOR_ACTIVE,TRAJECTORY_RUNNING,24.0,58,27,49,2.75,58,0,0.0,0.0,0.0,0.0,0.0,0.0
2026-07-30T15:17:52.927,347.5,82,close,ACTUATOR_ACTIVE,TRAJECTORY_RUNNING,24.0,58,33,0,100.77,58,0,0.0,0.0,0.0,0.0,0.0,0.0
2026-07-30T15:17:53.423,348.0,82,close,ACTUATOR_ACTIVE,TRAJECTORY_RUNNING,24.0,58,33,0,97.55,58,0,0.0,0.0,0.0,0.0,0.0,0.0
2026-07-30T15:17:54.028,348.61,82,open,ACTUATOR_ACTIVE,TRAJECTORY_RUNNING,24.0,58,33,0,56.17,58,0,0.0,0.0,0.0,0.0,0.0,0.0
2026-07-30T15:17:54.523,349.094,82,open,ACTUATOR_ACTIVE,TRAJECTORY_RUNNING,24.0,58,18,-46,-1.9,58,0,0.0,0.0,0.0,0.0,0.0,0.0
2026-07-30T15:17:55.037,349.61,82,open,ACTUATOR_ACTIVE,TRAJECTORY_COMPLETE,24.0,58,5,2,1.76,58,0,0.0,0.0,0.0,0.0,0.0,0.0
2026-07-30T15:17:55.535,350.11,82,open,ACTUATOR_ACTIVE,TRAJECTORY_COMPLETE,24.0,58,5,1,-0.25,58,0,0.0,0.0,0.0,0.0,0.0,0.0
2026-07-30T15:17:56.147,350.719,83,close,ACTUATOR_ACTIVE,TRAJECTORY_RUNNING,24.0,56,5,18,4.79,56,0,0.0,0.0,0.0,0.0,0.0,0.0
2026-07-30T15:17:56.662,351.235,83,close,ACTUATOR_ACTIVE,TRAJECTORY_RUNNING,24.0,56,27,47,2.47,56,0,0.0,0.0,0.0,0.0,0.0,0.0
2026-07-30T15:17:57.158,351.735,83,close,ACTUATOR_ACTIVE,TRAJECTORY_RUNNING,24.0,56,33,0,104.3,56,0,0.0,0.0,0.0,0.0,0.0,0.0
2026-07-30T15:17:57.652,352.235,83,close,ACTUATOR_ACTIVE,TRAJECTORY_STOPPED,24.0,56,33,0,96.42,56,0,0.0,0.0,0.0,0.0,0.0,0.0
2026-07-30T15:17:58.257,352.828,83,open,ACTUATOR_ACTIVE,TRAJECTORY_RUNNING,24.0,56,33,-1,57.05,56,0,0.0,0.0,0.0,0.0,0.0,0.0
2026-07-30T15:17:58.772,353.344,83,open,ACTUATOR_ACTIVE,TRAJECTORY_RUNNING,24.0,56,20,-45,-1.15,56,0,0.0,0.0,0.0,0.0,0.0,0.0
2026-07-30T15:17:59.266,353.844,83,open,ACTUATOR_ACTIVE,TRAJECTORY_RUNNING,24.0,56,3,-1,-0.94,56,0,0.0,0.0,0.0,0.0,0.0,0.0
2026-07-30T15:17:59.766,354.344,83,open,ACTUATOR_ACTIVE,TRAJECTORY_COMPLETE,24.0,56,4,0,0.42,56,0,0.0,0.0,0.0,0.0,0.0,0.0
2026-07-30T15:18:00.370,354.953,84,close,ACTUATOR_ACTIVE,TRAJECTORY_RUNNING,24.0,64,5,15,3.29,64,0,0.0,0.0,0.0,0.0,0.0,0.0
2026-07-30T15:18:00.870,355.453,84,close,ACTUATOR_ACTIVE,TRAJECTORY_RUNNING,24.0,64,25,49,2.77,64,0,0.0,0.0,0.0,0.0,0.0,0.0
2026-07-30T15:18:01.368,355.938,84,close,ACTUATOR_ACTIVE,TRAJECTORY_RUNNING,24.0,64,32,0,32.59,64,0,0.0,0.0,0.0,0.0,0.0,0.0
2026-07-30T15:18:01.882,356.453,84,close,ACTUATOR_ACTIVE,TRAJECTORY_RUNNING,24.0,64,32,0,28.42,64,0,0.0,0.0,0.0,0.0,0.0,0.0
2026-07-30T15:18:02.488,357.063,84,open,ACTUATOR_ACTIVE,TRAJECTORY_RUNNING,24.0,64,32,-15,7.47,64,0,0.0,0.0,0.0,0.0,0.0,0.0
2026-07-30T15:18:02.985,357.563,84,open,ACTUATOR_ACTIVE,TRAJECTORY_RUNNING,24.0,64,15,-45,-1.39,64,0,0.0,0.0,0.0,0.0,0.0,0.0
2026-07-30T15:18:03.480,358.063,84,open,ACTUATOR_ACTIVE,TRAJECTORY_RUNNING,24.0,64,3,8,2.29,64,0,0.0,0.0,0.0,0.0,0.0,0.0
2026-07-30T15:18:03.978,358.547,84,open,ACTUATOR_ACTIVE,TRAJECTORY_COMPLETE,24.0,64,4,0,0.41,64,0,0.0,0.0,0.0,0.0,0.0,0.0
2026-07-30T15:18:04.609,359.188,85,close,ACTUATOR_ACTIVE,TRAJECTORY_RUNNING,24.0,60,5,18,3.99,60,0,0.0,0.0,0.0,0.0,0.0,0.0
2026-07-30T15:18:05.105,359.688,85,close,ACTUATOR_ACTIVE,TRAJECTORY_RUNNING,24.0,60,27,46,2.52,60,0,0.0,0.0,0.0,0.0,0.0,0.0
2026-07-30T15:18:05.600,360.172,85,close,ACTUATOR_ACTIVE,TRAJECTORY_RUNNING,24.0,60,33,0,107.28,60,0,0.0,0.0,0.0,0.0,0.0,0.0
2026-07-30T15:18:06.113,360.688,85,close,ACTUATOR_ACTIVE,TRAJECTORY_RUNNING,24.0,60,33,0,95.97,60,0,0.0,0.0,0.0,0.0,0.0,0.0
2026-07-30T15:18:06.728,361.313,85,open,ACTUATOR_ACTIVE,TRAJECTORY_RUNNING,24.0,60,33,0,53.64,60,0,0.0,0.0,0.0,0.0,0.0,0.0
2026-07-30T15:18:07.221,361.797,85,open,ACTUATOR_ACTIVE,TRAJECTORY_RUNNING,24.0,60,20,-47,-2.48,60,0,0.0,0.0,0.0,0.0,0.0,0.0
2026-07-30T15:18:07.735,362.313,85,open,ACTUATOR_ACTIVE,TRAJECTORY_RUNNING,24.0,60,3,1,-0.8,60,0,0.0,0.0,0.0,0.0,0.0,0.0
2026-07-30T15:18:08.236,362.813,85,open,ACTUATOR_ACTIVE,TRAJECTORY_COMPLETE,24.0,65,4,0,0.6,65,0,0.0,0.0,0.0,0.0,0.0,0.0
2026-07-30T15:18:08.843,363.422,86,close,ACTUATOR_ACTIVE,TRAJECTORY_RUNNING,24.0,65,5,16,5.13,65,0,0.0,0.0,0.0,0.0,0.0,0.0
2026-07-30T15:18:09.343,363.922,86,close,ACTUATOR_ACTIVE,TRAJECTORY_RUNNING,24.0,65,26,50,2.42,65,0,0.0,0.0,0.0,0.0,0.0,0.0
2026-07-30T15:18:09.839,364.422,86,close,ACTUATOR_ACTIVE,TRAJECTORY_RUNNING,24.0,65,33,0,103.81,65,0,0.0,0.0,0.0,0.0,0.0,0.0
2026-07-30T15:18:10.329,364.907,86,close,ACTUATOR_ACTIVE,TRAJECTORY_RUNNING,24.0,65,33,0,93.69,65,0,0.0,0.0,0.0,0.0,0.0,0.0
2026-07-30T15:18:10.956,365.532,86,open,ACTUATOR_ACTIVE,TRAJECTORY_RUNNING,24.0,65,33,-1,54.59,65,0,0.0,0.0,0.0,0.0,0.0,0.0
2026-07-30T15:18:11.453,366.032,86,open,ACTUATOR_ACTIVE,TRAJECTORY_RUNNING,24.0,65,21,-46,-1.11,65,0,0.0,0.0,0.0,0.0,0.0,0.0
2026-07-30T15:18:11.949,366.532,86,open,ACTUATOR_ACTIVE,TRAJECTORY_RUNNING,24.0,65,3,0,-1.26,65,0,0.0,0.0,0.0,0.0,0.0,0.0
2026-07-30T15:18:12.450,367.032,86,open,ACTUATOR_ACTIVE,TRAJECTORY_COMPLETE,24.0,60,4,0,0.42,60,0,0.0,0.0,0.0,0.0,0.0,0.0
2026-07-30T15:18:13.058,367.641,87,close,ACTUATOR_ACTIVE,TRAJECTORY_RUNNING,24.0,60,5,16,6.1,60,0,0.0,0.0,0.0,0.0,0.0,0.0
2026-07-30T15:18:13.557,368.141,87,close,ACTUATOR_ACTIVE,TRAJECTORY_RUNNING,24.0,60,26,49,3.07,60,0,0.0,0.0,0.0,0.0,0.0,0.0
2026-07-30T15:18:14.055,368.625,87,close,ACTUATOR_ACTIVE,TRAJECTORY_RUNNING,24.0,60,33,1,104.01,60,0,0.0,0.0,0.0,0.0,0.0,0.0
2026-07-30T15:18:14.568,369.141,87,close,ACTUATOR_ACTIVE,TRAJECTORY_RUNNING,24.0,60,33,0,93.53,60,0,0.0,0.0,0.0,0.0,0.0,0.0
2026-07-30T15:18:15.176,369.75,87,open,ACTUATOR_ACTIVE,TRAJECTORY_RUNNING,24.0,60,33,0,53.16,60,0,0.0,0.0,0.0,0.0,0.0,0.0
2026-07-30T15:18:15.667,370.25,87,open,ACTUATOR_ACTIVE,TRAJECTORY_RUNNING,24.0,60,18,-46,-3.17,60,0,0.0,0.0,0.0,0.0,0.0,0.0
2026-07-30T15:18:16.165,370.75,87,open,ACTUATOR_ACTIVE,TRAJECTORY_COMPLETE,24.0,61,5,5,1.98,61,0,0.0,0.0,0.0,0.0,0.0,0.0
2026-07-30T15:18:16.660,371.235,87,open,ACTUATOR_ACTIVE,TRAJECTORY_COMPLETE,24.0,61,4,0,-0.21,61,0,0.0,0.0,0.0,0.0,0.0,0.0
2026-07-30T15:18:17.286,371.86,88,close,ACTUATOR_ACTIVE,TRAJECTORY_RUNNING,24.0,61,5,14,3.45,61,0,0.0,0.0,0.0,0.0,0.0,0.0
2026-07-30T15:18:17.795,372.375,88,close,ACTUATOR_ACTIVE,TRAJECTORY_RUNNING,24.0,61,25,48,2.37,61,0,0.0,0.0,0.0,0.0,0.0,0.0
2026-07-30T15:18:18.291,372.875,88,close,ACTUATOR_ACTIVE,TRAJECTORY_RUNNING,24.0,61,32,0,34.81,61,0,0.0,0.0,0.0,0.0,0.0,0.0
2026-07-30T15:18:18.788,373.36,88,close,ACTUATOR_ACTIVE,TRAJECTORY_RUNNING,24.0,61,32,0,29.86,61,0,0.0,0.0,0.0,0.0,0.0,0.0
2026-07-30T15:18:19.410,373.985,88,open,ACTUATOR_ACTIVE,TRAJECTORY_RUNNING,24.0,61,32,-15,8.18,61,0,0.0,0.0,0.0,0.0,0.0,0.0
2026-07-30T15:18:19.904,374.485,88,open,ACTUATOR_ACTIVE,TRAJECTORY_RUNNING,24.0,61,14,-49,-0.38,61,0,0.0,0.0,0.0,0.0,0.0,0.0
2026-07-30T15:18:20.403,374.985,88,open,ACTUATOR_ACTIVE,TRAJECTORY_RUNNING,24.0,59,3,8,2.2,59,0,0.0,0.0,0.0,0.0,0.0,0.0
2026-07-30T15:18:20.899,375.469,88,open,ACTUATOR_ACTIVE,TRAJECTORY_COMPLETE,24.0,59,5,-1,0.05,59,0,0.0,0.0,0.0,0.0,0.0,0.0
2026-07-30T15:18:21.524,376.094,89,close,ACTUATOR_ACTIVE,TRAJECTORY_RUNNING,24.0,59,5,17,5.11,59,0,0.0,0.0,0.0,0.0,0.0,0.0
2026-07-30T15:18:22.036,376.61,89,close,ACTUATOR_ACTIVE,TRAJECTORY_RUNNING,24.0,59,27,49,3.36,59,0,0.0,0.0,0.0,0.0,0.0,0.0
2026-07-30T15:18:22.527,377.11,89,close,ACTUATOR_ACTIVE,TRAJECTORY_RUNNING,24.0,59,33,0,104.39,59,0,0.0,0.0,0.0,0.0,0.0,0.0
2026-07-30T15:18:23.014,377.594,89,close,ACTUATOR_ACTIVE,TRAJECTORY_RUNNING,24.0,59,33,0,93.5,59,0,0.0,0.0,0.0,0.0,0.0,0.0
2026-07-30T15:18:23.631,378.203,89,open,ACTUATOR_ACTIVE,TRAJECTORY_RUNNING,24.0,59,33,0,57.72,59,0,0.0,0.0,0.0,0.0,0.0,0.0
2026-07-30T15:18:24.139,378.719,89,open,ACTUATOR_ACTIVE,TRAJECTORY_RUNNING,24.0,60,21,-46,-3.53,60,0,0.0,0.0,0.0,0.0,0.0,0.0
2026-07-30T15:18:24.635,379.219,89,open,ACTUATOR_ACTIVE,TRAJECTORY_RUNNING,24.0,60,3,-1,-1.83,60,0,0.0,0.0,0.0,0.0,0.0,0.0
2026-07-30T15:18:25.130,379.703,89,open,ACTUATOR_ACTIVE,TRAJECTORY_COMPLETE,24.0,60,5,1,0.24,60,0,0.0,0.0,0.0,0.0,0.0,0.0
2026-07-30T15:18:25.754,380.328,90,close,ACTUATOR_ACTIVE,TRAJECTORY_RUNNING,24.0,60,5,14,5.73,60,0,0.0,0.0,0.0,0.0,0.0,0.0
2026-07-30T15:18:26.246,380.828,90,close,ACTUATOR_ACTIVE,TRAJECTORY_RUNNING,24.0,60,26,48,2.75,60,0,0.0,0.0,0.0,0.0,0.0,0.0
2026-07-30T15:18:26.745,381.328,90,close,ACTUATOR_ACTIVE,TRAJECTORY_RUNNING,24.0,60,33,0,102.68,60,0,0.0,0.0,0.0,0.0,0.0,0.0
2026-07-30T15:18:27.243,381.813,90,close,ACTUATOR_ACTIVE,TRAJECTORY_RUNNING,24.0,60,33,0,99.29,60,0,0.0,0.0,0.0,0.0,0.0,0.0
2026-07-30T15:18:27.868,382.438,90,open,ACTUATOR_ACTIVE,TRAJECTORY_RUNNING,24.0,60,33,0,55.7,60,0,0.0,0.0,0.0,0.0,0.0,0.0
2026-07-30T15:18:28.378,382.953,90,open,ACTUATOR_ACTIVE,TRAJECTORY_RUNNING,24.0,57,20,-47,-2.03,57,0,0.0,0.0,0.0,0.0,0.0,0.0
2026-07-30T15:18:28.877,383.453,90,open,ACTUATOR_ACTIVE,TRAJECTORY_RUNNING,24.0,57,3,0,-1.1,57,0,0.0,0.0,0.0,0.0,0.0,0.0
2026-07-30T15:18:29.375,383.953,90,open,ACTUATOR_ACTIVE,TRAJECTORY_COMPLETE,24.0,57,4,0,0.44,57,0,0.0,0.0,0.0,0.0,0.0,0.0
2026-07-30T15:18:29.985,384.563,91,close,ACTUATOR_ACTIVE,TRAJECTORY_RUNNING,24.0,57,5,15,5.0,57,0,0.0,0.0,0.0,0.0,0.0,0.0
2026-07-30T15:18:30.483,385.063,91,close,ACTUATOR_ACTIVE,TRAJECTORY_RUNNING,24.0,57,26,46,2.16,57,0,0.0,0.0,0.0,0.0,0.0,0.0
2026-07-30T15:18:30.980,385.563,91,close,ACTUATOR_ACTIVE,TRAJECTORY_RUNNING,24.0,57,33,1,100.95,57,0,0.0,0.0,0.0,0.0,0.0,0.0
2026-07-30T15:18:31.477,386.047,91,close,ACTUATOR_ACTIVE,TRAJECTORY_RUNNING,24.0,57,33,0,105.98,57,0,0.0,0.0,0.0,0.0,0.0,0.0
2026-07-30T15:18:32.109,386.688,91,open,ACTUATOR_ACTIVE,TRAJECTORY_RUNNING,24.0,60,33,0,50.32,60,0,0.0,0.0,0.0,0.0,0.0,0.0
2026-07-30T15:18:32.608,387.188,91,open,ACTUATOR_ACTIVE,TRAJECTORY_RUNNING,24.0,60,20,-47,-2.25,60,0,0.0,0.0,0.0,0.0,0.0,0.0
2026-07-30T15:18:33.109,387.688,91,open,ACTUATOR_ACTIVE,TRAJECTORY_RUNNING,24.0,60,3,0,-0.66,60,0,0.0,0.0,0.0,0.0,0.0,0.0
2026-07-30T15:18:33.608,388.188,91,open,ACTUATOR_ACTIVE,TRAJECTORY_COMPLETE,24.0,60,5,0,0.44,60,0,0.0,0.0,0.0,0.0,0.0,0.0
2026-07-30T15:18:34.221,388.797,92,close,ACTUATOR_ACTIVE,TRAJECTORY_RUNNING,24.0,60,5,20,4.65,60,0,0.0,0.0,0.0,0.0,0.0,0.0
2026-07-30T15:18:34.716,389.297,92,close,ACTUATOR_ACTIVE,TRAJECTORY_RUNNING,24.0,60,26,46,3.53,60,0,0.0,0.0,0.0,0.0,0.0,0.0
2026-07-30T15:18:35.215,389.797,92,close,ACTUATOR_ACTIVE,TRAJECTORY_RUNNING,24.0,60,33,0,108.13,60,0,0.0,0.0,0.0,0.0,0.0,0.0
2026-07-30T15:18:35.713,390.297,92,close,ACTUATOR_ACTIVE,TRAJECTORY_RUNNING,24.0,60,33,0,103.99,60,0,0.0,0.0,0.0,0.0,0.0,0.0
2026-07-30T15:18:36.322,390.891,92,open,ACTUATOR_ACTIVE,TRAJECTORY_RUNNING,24.0,63,33,-1,51.87,63,0,0.0,0.0,0.0,0.0,0.0,0.0
2026-07-30T15:18:36.830,391.407,92,open,ACTUATOR_ACTIVE,TRAJECTORY_RUNNING,24.0,63,20,-46,-2.81,63,0,0.0,0.0,0.0,0.0,0.0,0.0
2026-07-30T15:18:37.324,391.907,92,open,ACTUATOR_ACTIVE,TRAJECTORY_RUNNING,24.0,63,3,0,-1.51,63,0,0.0,0.0,0.0,0.0,0.0,0.0
2026-07-30T15:18:37.821,392.391,92,open,ACTUATOR_ACTIVE,TRAJECTORY_COMPLETE,24.0,63,4,0,0.25,63,0,0.0,0.0,0.0,0.0,0.0,0.0
2026-07-30T15:18:38.443,393.016,93,close,ACTUATOR_ACTIVE,TRAJECTORY_RUNNING,24.0,63,5,14,3.47,63,0,0.0,0.0,0.0,0.0,0.0,0.0
2026-07-30T15:18:38.958,393.532,93,close,ACTUATOR_ACTIVE,TRAJECTORY_RUNNING,24.0,63,27,47,3.56,63,0,0.0,0.0,0.0,0.0,0.0,0.0
2026-07-30T15:18:39.452,394.032,93,close,ACTUATOR_ACTIVE,TRAJECTORY_RUNNING,24.0,63,33,0,97.73,63,0,0.0,0.0,0.0,0.0,0.0,0.0
2026-07-30T15:18:39.947,394.516,93,close,ACTUATOR_ACTIVE,TRAJECTORY_RUNNING,24.0,63,33,0,94.08,63,0,0.0,0.0,0.0,0.0,0.0,0.0
2026-07-30T15:18:40.570,395.141,93,open,ACTUATOR_ACTIVE,TRAJECTORY_RUNNING,24.0,59,33,-1,55.5,59,0,0.0,0.0,0.0,0.0,0.0,0.0
2026-07-30T15:18:41.083,395.657,93,open,ACTUATOR_ACTIVE,TRAJECTORY_RUNNING,24.0,59,20,-48,-1.62,59,0,0.0,0.0,0.0,0.0,0.0,0.0
2026-07-30T15:18:41.574,396.157,93,open,ACTUATOR_ACTIVE,TRAJECTORY_RUNNING,24.0,59,3,0,-0.45,59,0,0.0,0.0,0.0,0.0,0.0,0.0
2026-07-30T15:18:42.070,396.641,93,open,ACTUATOR_ACTIVE,TRAJECTORY_COMPLETE,24.0,59,4,0,0.23,59,0,0.0,0.0,0.0,0.0,0.0,0.0
2026-07-30T15:18:42.694,397.266,94,close,ACTUATOR_ACTIVE,TRAJECTORY_RUNNING,24.0,59,5,14,4.37,59,0,0.0,0.0,0.0,0.0,0.0,0.0
2026-07-30T15:18:43.206,397.782,94,close,ACTUATOR_ACTIVE,TRAJECTORY_RUNNING,24.0,59,25,48,2.63,59,0,0.0,0.0,0.0,0.0,0.0,0.0
2026-07-30T15:18:43.699,398.282,94,close,ACTUATOR_ACTIVE,TRAJECTORY_RUNNING,24.0,59,32,-1,35.39,59,0,0.0,0.0,0.0,0.0,0.0,0.0
2026-07-30T15:18:44.195,398.766,94,close,ACTUATOR_ACTIVE,TRAJECTORY_RUNNING,24.0,57,32,0,31.28,57,0,0.0,0.0,0.0,0.0,0.0,0.0
2026-07-30T15:18:44.815,399.391,94,open,ACTUATOR_ACTIVE,TRAJECTORY_RUNNING,24.0,57,32,-15,7.3,57,0,0.0,0.0,0.0,0.0,0.0,0.0
2026-07-30T15:18:45.328,399.907,94,open,ACTUATOR_ACTIVE,TRAJECTORY_RUNNING,24.0,57,14,-48,-2.97,57,0,0.0,0.0,0.0,0.0,0.0,0.0
2026-07-30T15:18:45.821,400.391,94,open,ACTUATOR_ACTIVE,TRAJECTORY_RUNNING,24.0,57,3,10,2.96,57,0,0.0,0.0,0.0,0.0,0.0,0.0
2026-07-30T15:18:46.336,400.907,94,open,ACTUATOR_ACTIVE,TRAJECTORY_COMPLETE,24.0,57,5,0,-1.52,57,0,0.0,0.0,0.0,0.0,0.0,0.0
2026-07-30T15:18:46.944,401.516,95,close,ACTUATOR_ACTIVE,TRAJECTORY_RUNNING,24.0,57,5,15,3.55,57,0,0.0,0.0,0.0,0.0,0.0,0.0
2026-07-30T15:18:47.443,402.016,95,close,ACTUATOR_ACTIVE,TRAJECTORY_RUNNING,24.0,57,25,46,4.95,57,0,0.0,0.0,0.0,0.0,0.0,0.0
2026-07-30T15:18:47.940,402.516,95,close,ACTUATOR_ACTIVE,TRAJECTORY_RUNNING,24.0,57,32,0,34.68,57,0,0.0,0.0,0.0,0.0,0.0,0.0
2026-07-30T15:18:48.434,403.016,95,close,ACTUATOR_ACTIVE,TRAJECTORY_RUNNING,24.0,65,32,0,27.51,65,0,0.0,0.0,0.0,0.0,0.0,0.0
2026-07-30T15:18:49.041,403.625,95,open,ACTUATOR_ACTIVE,TRAJECTORY_RUNNING,24.0,65,32,-15,8.23,65,0,0.0,0.0,0.0,0.0,0.0,0.0
2026-07-30T15:18:49.540,404.11,95,open,ACTUATOR_ACTIVE,TRAJECTORY_RUNNING,24.0,65,12,-48,-1.18,65,0,0.0,0.0,0.0,0.0,0.0,0.0
2026-07-30T15:18:50.055,404.625,95,open,ACTUATOR_ACTIVE,TRAJECTORY_COMPLETE,24.0,65,4,1,-0.05,65,0,0.0,0.0,0.0,0.0,0.0,0.0
2026-07-30T15:18:50.550,405.125,95,open,ACTUATOR_ACTIVE,TRAJECTORY_COMPLETE,24.0,65,4,0,0.35,65,0,0.0,0.0,0.0,0.0,0.0,0.0
2026-07-30T15:18:51.160,405.735,96,close,ACTUATOR_ACTIVE,TRAJECTORY_RUNNING,24.0,65,5,16,3.9,65,0,0.0,0.0,0.0,0.0,0.0,0.0
2026-07-30T15:18:51.658,406.235,96,close,ACTUATOR_ACTIVE,TRAJECTORY_RUNNING,24.0,65,25,50,2.02,65,0,0.0,0.0,0.0,0.0,0.0,0.0
2026-07-30T15:18:52.150,406.735,96,close,ACTUATOR_ACTIVE,TRAJECTORY_RUNNING,24.0,56,32,0,35.35,56,0,0.0,0.0,0.0,0.0,0.0,0.0
2026-07-30T15:18:52.643,407.219,96,close,ACTUATOR_ACTIVE,TRAJECTORY_RUNNING,24.0,56,32,0,31.32,56,0,0.0,0.0,0.0,0.0,0.0,0.0
2026-07-30T15:18:53.265,407.844,96,open,ACTUATOR_ACTIVE,TRAJECTORY_RUNNING,24.0,56,32,-15,5.49,56,0,0.0,0.0,0.0,0.0,0.0,0.0
2026-07-30T15:18:53.765,408.344,96,open,ACTUATOR_ACTIVE,TRAJECTORY_RUNNING,24.0,56,14,-47,-1.24,56,0,0.0,0.0,0.0,0.0,0.0,0.0
2026-07-30T15:18:54.263,408.844,96,open,ACTUATOR_ACTIVE,TRAJECTORY_RUNNING,24.0,56,3,8,2.29,56,0,0.0,0.0,0.0,0.0,0.0,0.0
2026-07-30T15:18:54.760,409.344,96,open,ACTUATOR_ACTIVE,TRAJECTORY_COMPLETE,24.0,56,5,0,0.51,56,0,0.0,0.0,0.0,0.0,0.0,0.0
2026-07-30T15:18:55.369,409.953,97,close,ACTUATOR_ACTIVE,TRAJECTORY_RUNNING,24.0,56,5,16,4.61,56,0,0.0,0.0,0.0,0.0,0.0,0.0
2026-07-30T15:18:55.867,410.438,97,close,ACTUATOR_ACTIVE,TRAJECTORY_RUNNING,24.0,56,26,47,2.58,56,0,0.0,0.0,0.0,0.0,0.0,0.0
2026-07-30T15:18:56.378,410.953,97,close,ACTUATOR_ACTIVE,TRAJECTORY_RUNNING,24.0,59,33,0,100.6,59,0,0.0,0.0,0.0,0.0,0.0,0.0
2026-07-30T15:18:56.874,411.453,97,close,ACTUATOR_ACTIVE,TRAJECTORY_RUNNING,24.0,59,33,0,105.82,59,0,0.0,0.0,0.0,0.0,0.0,0.0
2026-07-30T15:18:57.476,412.047,97,open,ACTUATOR_ACTIVE,TRAJECTORY_RUNNING,24.0,59,33,-1,54.47,59,0,0.0,0.0,0.0,0.0,0.0,0.0
2026-07-30T15:18:57.986,412.563,97,open,ACTUATOR_ACTIVE,TRAJECTORY_RUNNING,24.0,59,18,-47,0.28,59,0,0.0,0.0,0.0,0.0,0.0,0.0
2026-07-30T15:18:58.482,413.063,97,open,ACTUATOR_ACTIVE,TRAJECTORY_COMPLETE,24.0,59,5,3,1.32,59,0,0.0,0.0,0.0,0.0,0.0,0.0
2026-07-30T15:18:58.980,413.563,97,open,ACTUATOR_ACTIVE,TRAJECTORY_COMPLETE,24.0,59,4,0,-0.29,59,0,0.0,0.0,0.0,0.0,0.0,0.0
2026-07-30T15:18:59.591,414.172,98,close,ACTUATOR_ACTIVE,TRAJECTORY_RUNNING,24.0,59,5,14,4.39,59,0,0.0,0.0,0.0,0.0,0.0,0.0
2026-07-30T15:19:00.088,414.672,98,close,ACTUATOR_ACTIVE,TRAJECTORY_RUNNING,24.0,57,26,47,5.16,57,0,0.0,0.0,0.0,0.0,0.0,0.0
2026-07-30T15:19:00.586,415.157,98,close,ACTUATOR_ACTIVE,TRAJECTORY_RUNNING,24.0,57,33,1,98.95,57,0,0.0,0.0,0.0,0.0,0.0,0.0
2026-07-30T15:19:01.101,415.672,98,close,ACTUATOR_ACTIVE,TRAJECTORY_RUNNING,24.0,57,33,0,111.34,57,0,0.0,0.0,0.0,0.0,0.0,0.0
2026-07-30T15:19:01.708,416.282,98,open,ACTUATOR_ACTIVE,TRAJECTORY_RUNNING,24.0,57,33,0,53.8,57,0,0.0,0.0,0.0,0.0,0.0,0.0
2026-07-30T15:19:02.204,416.782,98,open,ACTUATOR_ACTIVE,TRAJECTORY_RUNNING,24.0,57,21,-48,-1.87,57,0,0.0,0.0,0.0,0.0,0.0,0.0
2026-07-30T15:19:02.701,417.282,98,open,ACTUATOR_ACTIVE,TRAJECTORY_RUNNING,24.0,57,3,0,-1.8,57,0,0.0,0.0,0.0,0.0,0.0,0.0
2026-07-30T15:19:03.198,417.782,98,open,ACTUATOR_ACTIVE,TRAJECTORY_COMPLETE,24.0,57,4,0,0.44,57,0,0.0,0.0,0.0,0.0,0.0,0.0
2026-07-30T15:19:03.809,418.391,99,close,ACTUATOR_ACTIVE,TRAJECTORY_RUNNING,24.0,57,5,18,4.99,57,0,0.0,0.0,0.0,0.0,0.0,0.0
2026-07-30T15:19:04.306,418.875,99,close,ACTUATOR_ACTIVE,TRAJECTORY_RUNNING,24.0,63,27,47,2.37,63,0,0.0,0.0,0.0,0.0,0.0,0.0
2026-07-30T15:19:04.820,419.391,99,close,ACTUATOR_ACTIVE,TRAJECTORY_RUNNING,24.0,63,33,0,100.04,63,0,0.0,0.0,0.0,0.0,0.0,0.0
2026-07-30T15:19:05.315,419.891,99,close,ACTUATOR_ACTIVE,TRAJECTORY_RUNNING,24.0,63,33,0,98.48,63,0,0.0,0.0,0.0,0.0,0.0,0.0
2026-07-30T15:19:05.928,420.5,99,open,ACTUATOR_ACTIVE,TRAJECTORY_RUNNING,24.0,63,33,0,54.46,63,0,0.0,0.0,0.0,0.0,0.0,0.0
2026-07-30T15:19:06.425,421.0,99,open,ACTUATOR_ACTIVE,TRAJECTORY_RUNNING,24.0,63,21,-47,-1.09,63,0,0.0,0.0,0.0,0.0,0.0,0.0
2026-07-30T15:19:06.924,421.5,99,open,ACTUATOR_ACTIVE,TRAJECTORY_RUNNING,24.0,63,3,0,-1.1,63,0,0.0,0.0,0.0,0.0,0.0,0.0
2026-07-30T15:19:07.421,422.0,99,open,ACTUATOR_ACTIVE,TRAJECTORY_COMPLETE,24.0,63,4,1,0.72,63,0,0.0,0.0,0.0,0.0,0.0,0.0
2026-07-30T15:19:08.027,422.61,100,close,ACTUATOR_ACTIVE,TRAJECTORY_RUNNING,24.0,59,5,17,4.5,59,0,0.0,0.0,0.0,0.0,0.0,0.0
2026-07-30T15:19:08.522,423.094,100,close,ACTUATOR_ACTIVE,TRAJECTORY_RUNNING,24.0,59,26,49,4.08,59,0,0.0,0.0,0.0,0.0,0.0,0.0
2026-07-30T15:19:09.032,423.61,100,close,ACTUATOR_ACTIVE,TRAJECTORY_RUNNING,24.0,59,33,0,108.34,59,0,0.0,0.0,0.0,0.0,0.0,0.0
2026-07-30T15:19:09.526,424.11,100,close,ACTUATOR_ACTIVE,TRAJECTORY_RUNNING,24.0,59,33,0,98.65,59,0,0.0,0.0,0.0,0.0,0.0,0.0
2026-07-30T15:19:10.134,424.719,100,open,ACTUATOR_ACTIVE,TRAJECTORY_RUNNING,24.0,59,33,-1,54.98,59,0,0.0,0.0,0.0,0.0,0.0,0.0
2026-07-30T15:19:10.631,425.203,100,open,ACTUATOR_ACTIVE,TRAJECTORY_RUNNING,24.0,59,18,-45,-1.58,59,0,0.0,0.0,0.0,0.0,0.0,0.0
2026-07-30T15:19:11.144,425.719,100,open,ACTUATOR_ACTIVE,TRAJECTORY_COMPLETE,24.0,59,5,1,1.52,59,0,0.0,0.0,0.0,0.0,0.0,0.0
2026-07-30T15:19:11.641,426.219,100,open,ACTUATOR_ACTIVE,TRAJECTORY_COMPLETE,24.0,59,5,0,0.01,59,0,0.0,0.0,0.0,0.0,0.0,0.0
2026-07-30T15:19:12.247,426.828,101,close,ACTUATOR_ACTIVE,TRAJECTORY_RUNNING,24.0,59,5,15,3.21,59,0,0.0,0.0,0.0,0.0,0.0,0.0
2026-07-30T15:19:12.744,427.328,101,close,ACTUATOR_ACTIVE,TRAJECTORY_RUNNING,24.0,59,25,50,2.03,59,0,0.0,0.0,0.0,0.0,0.0,0.0
2026-07-30T15:19:13.240,427.813,101,close,ACTUATOR_ACTIVE,TRAJECTORY_RUNNING,24.0,59,32,0,34.78,59,0,0.0,0.0,0.0,0.0,0.0,0.0
2026-07-30T15:19:13.754,428.328,101,close,ACTUATOR_ACTIVE,TRAJECTORY_RUNNING,24.0,59,32,0,27.22,59,0,0.0,0.0,0.0,0.0,0.0,0.0
2026-07-30T15:19:14.364,428.938,101,open,ACTUATOR_ACTIVE,TRAJECTORY_RUNNING,24.0,59,32,-16,7.39,59,0,0.0,0.0,0.0,0.0,0.0,0.0
2026-07-30T15:19:14.861,429.438,101,open,ACTUATOR_ACTIVE,TRAJECTORY_RUNNING,24.0,59,11,-48,-3.93,59,0,0.0,0.0,0.0,0.0,0.0,0.0
2026-07-30T15:19:15.358,429.938,101,open,ACTUATOR_ACTIVE,TRAJECTORY_COMPLETE,24.0,59,4,0,-0.2,59,0,0.0,0.0,0.0,0.0,0.0,0.0
2026-07-30T15:19:15.857,430.438,101,open,ACTUATOR_ACTIVE,TRAJECTORY_COMPLETE,24.0,59,5,0,0.14,59,0,0.0,0.0,0.0,0.0,0.0,0.0
2026-07-30T15:19:16.470,431.047,102,close,ACTUATOR_ACTIVE,TRAJECTORY_RUNNING,24.0,62,5,15,2.58,62,0,0.0,0.0,0.0,0.0,0.0,0.0
2026-07-30T15:19:16.968,431.547,102,close,ACTUATOR_ACTIVE,TRAJECTORY_RUNNING,24.0,62,25,47,2.47,62,0,0.0,0.0,0.0,0.0,0.0,0.0
2026-07-30T15:19:17.467,432.047,102,close,ACTUATOR_ACTIVE,TRAJECTORY_RUNNING,24.0,62,32,0,32.28,62,0,0.0,0.0,0.0,0.0,0.0,0.0
2026-07-30T15:19:17.961,432.532,102,close,ACTUATOR_ACTIVE,TRAJECTORY_RUNNING,24.0,62,32,0,32.09,62,0,0.0,0.0,0.0,0.0,0.0,0.0
2026-07-30T15:19:18.584,433.157,102,open,ACTUATOR_ACTIVE,TRAJECTORY_RUNNING,24.0,62,32,-15,7.2,62,0,0.0,0.0,0.0,0.0,0.0,0.0
2026-07-30T15:19:19.095,433.672,102,open,ACTUATOR_ACTIVE,TRAJECTORY_RUNNING,24.0,62,11,-47,-0.98,62,0,0.0,0.0,0.0,0.0,0.0,0.0
2026-07-30T15:19:19.589,434.172,102,open,ACTUATOR_ACTIVE,TRAJECTORY_COMPLETE,24.0,62,4,0,0.38,62,0,0.0,0.0,0.0,0.0,0.0,0.0
2026-07-30T15:19:20.088,434.672,102,open,ACTUATOR_ACTIVE,TRAJECTORY_COMPLETE,24.0,61,5,0,-0.01,61,0,0.0,0.0,0.0,0.0,0.0,0.0
2026-07-30T15:19:20.698,435.282,103,close,ACTUATOR_ACTIVE,TRAJECTORY_RUNNING,24.0,61,5,17,5.25,61,0,0.0,0.0,0.0,0.0,0.0,0.0
2026-07-30T15:19:21.192,435.766,103,close,ACTUATOR_ACTIVE,TRAJECTORY_RUNNING,24.0,61,26,48,1.28,61,0,0.0,0.0,0.0,0.0,0.0,0.0
2026-07-30T15:19:21.707,436.282,103,close,ACTUATOR_ACTIVE,TRAJECTORY_RUNNING,24.0,61,33,0,105.2,61,0,0.0,0.0,0.0,0.0,0.0,0.0
2026-07-30T15:19:22.206,436.782,103,close,ACTUATOR_ACTIVE,TRAJECTORY_RUNNING,24.0,61,33,0,105.19,61,0,0.0,0.0,0.0,0.0,0.0,0.0
2026-07-30T15:19:22.810,437.391,103,open,ACTUATOR_ACTIVE,TRAJECTORY_RUNNING,24.0,61,33,0,56.06,61,0,0.0,0.0,0.0,0.0,0.0,0.0
2026-07-30T15:19:23.308,437.891,103,open,ACTUATOR_ACTIVE,TRAJECTORY_RUNNING,24.0,61,21,-46,-0.56,61,0,0.0,0.0,0.0,0.0,0.0,0.0
2026-07-30T15:19:23.804,438.375,103,open,ACTUATOR_ACTIVE,TRAJECTORY_RUNNING,24.0,61,3,-1,-1.31,61,0,0.0,0.0,0.0,0.0,0.0,0.0
2026-07-30T15:19:24.317,438.891,103,open,ACTUATOR_ACTIVE,TRAJECTORY_COMPLETE,24.0,62,5,0,0.57,62,0,0.0,0.0,0.0,0.0,0.0,0.0
2026-07-30T15:19:24.928,439.5,104,close,ACTUATOR_ACTIVE,TRAJECTORY_RUNNING,24.0,62,5,17,4.0,62,0,0.0,0.0,0.0,0.0,0.0,0.0
2026-07-30T15:19:25.425,440.0,104,close,ACTUATOR_ACTIVE,TRAJECTORY_RUNNING,24.0,62,26,49,5.59,62,0,0.0,0.0,0.0,0.0,0.0,0.0
2026-07-30T15:19:25.924,440.5,104,close,ACTUATOR_ACTIVE,TRAJECTORY_RUNNING,24.0,62,33,0,102.79,62,0,0.0,0.0,0.0,0.0,0.0,0.0
2026-07-30T15:19:26.422,441.0,104,close,ACTUATOR_ACTIVE,TRAJECTORY_STOPPED,24.0,62,33,0,99.85,62,0,0.0,0.0,0.0,0.0,0.0,0.0
2026-07-30T15:19:27.025,441.594,104,open,ACTUATOR_ACTIVE,TRAJECTORY_RUNNING,24.0,62,33,0,57.92,62,0,0.0,0.0,0.0,0.0,0.0,0.0
2026-07-30T15:19:27.536,442.11,104,open,ACTUATOR_ACTIVE,TRAJECTORY_RUNNING,24.0,62,20,-45,-3.29,62,0,0.0,0.0,0.0,0.0,0.0,0.0
2026-07-30T15:19:28.031,442.61,104,open,ACTUATOR_ACTIVE,TRAJECTORY_RUNNING,24.0,61,3,0,-1.22,61,0,0.0,0.0,0.0,0.0,0.0,0.0
2026-07-30T15:19:28.529,443.11,104,open,ACTUATOR_ACTIVE,TRAJECTORY_COMPLETE,24.0,61,4,0,0.78,61,0,0.0,0.0,0.0,0.0,0.0,0.0
2026-07-30T15:19:29.144,443.719,105,close,ACTUATOR_ACTIVE,TRAJECTORY_RUNNING,24.0,61,5,19,4.22,61,0,0.0,0.0,0.0,0.0,0.0,0.0
2026-07-30T15:19:29.641,444.219,105,close,ACTUATOR_ACTIVE,TRAJECTORY_RUNNING,24.0,61,27,47,5.3,61,0,0.0,0.0,0.0,0.0,0.0,0.0
2026-07-30T15:19:30.139,444.719,105,close,ACTUATOR_ACTIVE,TRAJECTORY_RUNNING,24.0,61,33,0,101.87,61,0,0.0,0.0,0.0,0.0,0.0,0.0
2026-07-30T15:19:30.637,445.219,105,close,ACTUATOR_ACTIVE,TRAJECTORY_RUNNING,24.0,61,33,0,94.16,61,0,0.0,0.0,0.0,0.0,0.0,0.0
2026-07-30T15:19:31.245,445.828,105,open,ACTUATOR_ACTIVE,TRAJECTORY_RUNNING,24.0,61,33,0,55.76,61,0,0.0,0.0,0.0,0.0,0.0,0.0
2026-07-30T15:19:31.743,446.313,105,open,ACTUATOR_ACTIVE,TRAJECTORY_RUNNING,24.0,61,18,-47,-1.85,61,0,0.0,0.0,0.0,0.0,0.0,0.0
2026-07-30T15:19:32.258,446.828,105,open,ACTUATOR_ACTIVE,TRAJECTORY_COMPLETE,24.0,58,5,1,1.91,58,0,0.0,0.0,0.0,0.0,0.0,0.0
2026-07-30T15:19:32.759,447.328,105,open,ACTUATOR_ACTIVE,TRAJECTORY_COMPLETE,24.0,58,4,0,-0.51,58,0,0.0,0.0,0.0,0.0,0.0,0.0
2026-07-30T15:19:33.366,447.938,106,close,ACTUATOR_ACTIVE,TRAJECTORY_RUNNING,24.0,58,5,17,3.93,58,0,0.0,0.0,0.0,0.0,0.0,0.0
2026-07-30T15:19:33.862,448.438,106,close,ACTUATOR_ACTIVE,TRAJECTORY_RUNNING,24.0,58,26,49,2.51,58,0,0.0,0.0,0.0,0.0,0.0,0.0
2026-07-30T15:19:34.358,448.938,106,close,ACTUATOR_ACTIVE,TRAJECTORY_RUNNING,24.0,58,33,1,100.65,58,0,0.0,0.0,0.0,0.0,0.0,0.0
2026-07-30T15:19:34.855,449.438,106,close,ACTUATOR_ACTIVE,TRAJECTORY_RUNNING,24.0,58,33,0,98.13,58,0,0.0,0.0,0.0,0.0,0.0,0.0
2026-07-30T15:19:35.467,450.047,106,open,ACTUATOR_ACTIVE,TRAJECTORY_RUNNING,24.0,58,33,0,54.1,58,0,0.0,0.0,0.0,0.0,0.0,0.0
2026-07-30T15:19:35.966,450.547,106,open,ACTUATOR_ACTIVE,TRAJECTORY_RUNNING,24.0,58,21,-47,-1.72,58,0,0.0,0.0,0.0,0.0,0.0,0.0
2026-07-30T15:19:36.465,451.047,106,open,ACTUATOR_ACTIVE,TRAJECTORY_RUNNING,24.0,57,3,0,-1.1,57,0,0.0,0.0,0.0,0.0,0.0,0.0
2026-07-30T15:19:36.962,451.547,106,open,ACTUATOR_ACTIVE,TRAJECTORY_COMPLETE,24.0,57,4,0,2.21,57,0,0.0,0.0,0.0,0.0,0.0,0.0
2026-07-30T15:19:37.567,452.141,107,close,ACTUATOR_ACTIVE,TRAJECTORY_RUNNING,24.0,57,5,15,3.63,57,0,0.0,0.0,0.0,0.0,0.0,0.0
2026-07-30T15:19:38.077,452.657,107,close,ACTUATOR_ACTIVE,TRAJECTORY_RUNNING,24.0,57,27,49,3.42,57,0,0.0,0.0,0.0,0.0,0.0,0.0
2026-07-30T15:19:38.570,453.141,107,close,ACTUATOR_ACTIVE,TRAJECTORY_RUNNING,24.0,57,33,0,103.12,57,0,0.0,0.0,0.0,0.0,0.0,0.0
2026-07-30T15:19:39.084,453.657,107,close,ACTUATOR_ACTIVE,TRAJECTORY_RUNNING,24.0,57,33,0,98.99,57,0,0.0,0.0,0.0,0.0,0.0,0.0
2026-07-30T15:19:39.688,454.266,107,open,ACTUATOR_ACTIVE,TRAJECTORY_RUNNING,24.0,57,33,-1,53.17,57,0,0.0,0.0,0.0,0.0,0.0,0.0
2026-07-30T15:19:40.182,454.766,107,open,ACTUATOR_ACTIVE,TRAJECTORY_RUNNING,24.0,63,18,-47,-2.62,63,0,0.0,0.0,0.0,0.0,0.0,0.0
2026-07-30T15:19:40.684,455.266,107,open,ACTUATOR_ACTIVE,TRAJECTORY_COMPLETE,24.0,63,4,5,1.96,63,0,0.0,0.0,0.0,0.0,0.0,0.0
2026-07-30T15:19:41.178,455.75,107,open,ACTUATOR_ACTIVE,TRAJECTORY_COMPLETE,24.0,63,4,0,-0.2,63,0,0.0,0.0,0.0,0.0,0.0,0.0
2026-07-30T15:19:41.802,456.375,108,close,ACTUATOR_ACTIVE,TRAJECTORY_RUNNING,24.0,63,5,16,5.33,63,0,0.0,0.0,0.0,0.0,0.0,0.0
2026-07-30T15:19:42.297,456.875,108,close,ACTUATOR_ACTIVE,TRAJECTORY_RUNNING,24.0,63,26,48,2.08,63,0,0.0,0.0,0.0,0.0,0.0,0.0
2026-07-30T15:19:42.796,457.375,108,close,ACTUATOR_ACTIVE,TRAJECTORY_RUNNING,24.0,63,33,0,98.52,63,0,0.0,0.0,0.0,0.0,0.0,0.0
2026-07-30T15:19:43.294,457.875,108,close,ACTUATOR_ACTIVE,TRAJECTORY_RUNNING,24.0,63,33,0,104.74,63,0,0.0,0.0,0.0,0.0,0.0,0.0
2026-07-30T15:19:43.899,458.469,108,open,ACTUATOR_ACTIVE,TRAJECTORY_RUNNING,24.0,63,33,0,59.49,63,0,0.0,0.0,0.0,0.0,0.0,0.0
2026-07-30T15:19:44.413,458.985,108,open,ACTUATOR_ACTIVE,TRAJECTORY_RUNNING,24.0,56,21,-48,-2.89,56,0,0.0,0.0,0.0,0.0,0.0,0.0
2026-07-30T15:19:44.910,459.485,108,open,ACTUATOR_ACTIVE,TRAJECTORY_RUNNING,24.0,56,3,1,-1.09,56,0,0.0,0.0,0.0,0.0,0.0,0.0
2026-07-30T15:19:45.405,459.985,108,open,ACTUATOR_ACTIVE,TRAJECTORY_COMPLETE,24.0,56,4,0,0.5,56,0,0.0,0.0,0.0,0.0,0.0,0.0
2026-07-30T15:19:46.012,460.594,109,close,ACTUATOR_ACTIVE,TRAJECTORY_RUNNING,24.0,56,5,16,2.79,56,0,0.0,0.0,0.0,0.0,0.0,0.0
2026-07-30T15:19:46.511,461.094,109,close,ACTUATOR_ACTIVE,TRAJECTORY_RUNNING,24.0,56,25,48,2.69,56,0,0.0,0.0,0.0,0.0,0.0,0.0
2026-07-30T15:19:47.007,461.578,109,close,ACTUATOR_ACTIVE,TRAJECTORY_RUNNING,24.0,56,32,0,34.09,56,0,0.0,0.0,0.0,0.0,0.0,0.0
2026-07-30T15:19:47.523,462.094,109,close,ACTUATOR_ACTIVE,TRAJECTORY_RUNNING,24.0,56,32,0,28.71,56,0,0.0,0.0,0.0,0.0,0.0,0.0
2026-07-30T15:19:48.132,462.703,109,open,ACTUATOR_ACTIVE,TRAJECTORY_RUNNING,24.0,58,32,-15,8.27,58,0,0.0,0.0,0.0,0.0,0.0,0.0
2026-07-30T15:19:48.645,463.219,109,open,ACTUATOR_ACTIVE,TRAJECTORY_RUNNING,24.0,58,11,-48,-5.71,58,0,0.0,0.0,0.0,0.0,0.0,0.0
2026-07-30T15:19:49.140,463.719,109,open,ACTUATOR_ACTIVE,TRAJECTORY_COMPLETE,24.0,58,4,0,-0.54,58,0,0.0,0.0,0.0,0.0,0.0,0.0
2026-07-30T15:19:49.638,464.219,109,open,ACTUATOR_ACTIVE,TRAJECTORY_COMPLETE,24.0,58,5,0,-0.14,58,0,0.0,0.0,0.0,0.0,0.0,0.0
2026-07-30T15:19:50.240,464.813,110,close,ACTUATOR_ACTIVE,TRAJECTORY_RUNNING,24.0,58,5,18,2.81,58,0,0.0,0.0,0.0,0.0,0.0,0.0
2026-07-30T15:19:50.756,465.328,110,close,ACTUATOR_ACTIVE,TRAJECTORY_RUNNING,24.0,58,27,48,4.27,58,0,0.0,0.0,0.0,0.0,0.0,0.0
2026-07-30T15:19:51.252,465.828,110,close,ACTUATOR_ACTIVE,TRAJECTORY_RUNNING,24.0,58,33,4,90.69,58,0,0.0,0.0,0.0,0.0,0.0,0.0
2026-07-30T15:19:51.749,466.328,110,close,ACTUATOR_ACTIVE,TRAJECTORY_RUNNING,24.0,58,33,0,97.59,58,0,0.0,0.0,0.0,0.0,0.0,0.0
2026-07-30T15:19:52.364,466.938,110,open,ACTUATOR_ACTIVE,TRAJECTORY_RUNNING,24.0,60,33,0,54.47,60,0,0.0,0.0,0.0,0.0,0.0,0.0
2026-07-30T15:19:52.861,467.438,110,open,ACTUATOR_ACTIVE,TRAJECTORY_RUNNING,24.0,60,20,-45,-1.84,60,0,0.0,0.0,0.0,0.0,0.0,0.0
2026-07-30T15:19:53.356,467.938,110,open,ACTUATOR_ACTIVE,TRAJECTORY_RUNNING,24.0,60,3,0,-1.11,60,0,0.0,0.0,0.0,0.0,0.0,0.0
2026-07-30T15:19:53.854,468.438,110,open,ACTUATOR_ACTIVE,TRAJECTORY_COMPLETE,24.0,60,4,1,0.15,60,0,0.0,0.0,0.0,0.0,0.0,0.0
2026-07-30T15:19:54.464,469.047,111,close,ACTUATOR_ACTIVE,TRAJECTORY_RUNNING,24.0,60,5,15,5.17,60,0,0.0,0.0,0.0,0.0,0.0,0.0
2026-07-30T15:19:54.959,469.532,111,close,ACTUATOR_ACTIVE,TRAJECTORY_RUNNING,24.0,60,26,48,3.76,60,0,0.0,0.0,0.0,0.0,0.0,0.0
2026-07-30T15:19:55.473,470.047,111,close,ACTUATOR_ACTIVE,TRAJECTORY_RUNNING,24.0,60,33,0,101.46,60,0,0.0,0.0,0.0,0.0,0.0,0.0
2026-07-30T15:19:55.969,470.547,111,close,ACTUATOR_ACTIVE,TRAJECTORY_RUNNING,24.0,60,33,0,99.92,60,0,0.0,0.0,0.0,0.0,0.0,0.0
2026-07-30T15:19:56.579,471.157,111,open,ACTUATOR_ACTIVE,TRAJECTORY_RUNNING,24.0,60,33,0,53.29,60,0,0.0,0.0,0.0,0.0,0.0,0.0
2026-07-30T15:19:57.077,471.657,111,open,ACTUATOR_ACTIVE,TRAJECTORY_RUNNING,24.0,60,21,-45,-1.36,60,0,0.0,0.0,0.0,0.0,0.0,0.0
2026-07-30T15:19:57.571,472.141,111,open,ACTUATOR_ACTIVE,TRAJECTORY_RUNNING,24.0,60,3,0,-1.14,60,0,0.0,0.0,0.0,0.0,0.0,0.0
2026-07-30T15:19:58.085,472.657,111,open,ACTUATOR_ACTIVE,TRAJECTORY_COMPLETE,24.0,60,4,1,0.26,60,0,0.0,0.0,0.0,0.0,0.0,0.0
2026-07-30T15:19:58.698,473.282,112,close,ACTUATOR_ACTIVE,TRAJECTORY_RUNNING,24.0,60,5,16,4.27,60,0,0.0,0.0,0.0,0.0,0.0,0.0
2026-07-30T15:19:59.194,473.766,112,close,ACTUATOR_ACTIVE,TRAJECTORY_RUNNING,24.0,60,25,48,4.69,60,0,0.0,0.0,0.0,0.0,0.0,0.0
2026-07-30T15:19:59.708,474.282,112,close,ACTUATOR_ACTIVE,TRAJECTORY_RUNNING,24.0,60,32,0,32.77,60,0,0.0,0.0,0.0,0.0,0.0,0.0
2026-07-30T15:20:00.205,474.782,112,close,ACTUATOR_ACTIVE,TRAJECTORY_RUNNING,24.0,58,32,0,29.97,58,0,0.0,0.0,0.0,0.0,0.0,0.0
2026-07-30T15:20:00.814,475.391,112,open,ACTUATOR_ACTIVE,TRAJECTORY_RUNNING,24.0,58,32,-17,7.26,58,0,0.0,0.0,0.0,0.0,0.0,0.0
2026-07-30T15:20:01.310,475.891,112,open,ACTUATOR_ACTIVE,TRAJECTORY_RUNNING,24.0,58,14,-48,-1.18,58,0,0.0,0.0,0.0,0.0,0.0,0.0
2026-07-30T15:20:01.807,476.391,112,open,ACTUATOR_ACTIVE,TRAJECTORY_RUNNING,24.0,58,3,8,2.26,58,0,0.0,0.0,0.0,0.0,0.0,0.0
2026-07-30T15:20:02.304,476.875,112,open,ACTUATOR_ACTIVE,TRAJECTORY_COMPLETE,24.0,58,5,0,0.27,58,0,0.0,0.0,0.0,0.0,0.0,0.0
2026-07-30T15:20:02.928,477.5,113,close,ACTUATOR_ACTIVE,TRAJECTORY_RUNNING,24.0,58,5,14,3.66,58,0,0.0,0.0,0.0,0.0,0.0,0.0
2026-07-30T15:20:03.438,478.016,113,close,ACTUATOR_ACTIVE,TRAJECTORY_RUNNING,24.0,58,27,46,4.4,58,0,0.0,0.0,0.0,0.0,0.0,0.0
2026-07-30T15:20:03.936,478.516,113,close,ACTUATOR_ACTIVE,TRAJECTORY_RUNNING,24.0,58,33,3,106.44,58,0,0.0,0.0,0.0,0.0,0.0,0.0
2026-07-30T15:20:04.433,479.016,113,close,ACTUATOR_ACTIVE,TRAJECTORY_RUNNING,24.0,62,33,0,99.77,62,0,0.0,0.0,0.0,0.0,0.0,0.0
2026-07-30T15:20:05.044,479.625,113,open,ACTUATOR_ACTIVE,TRAJECTORY_RUNNING,24.0,62,33,0,59.05,62,0,0.0,0.0,0.0,0.0,0.0,0.0
2026-07-30T15:20:05.541,480.125,113,open,ACTUATOR_ACTIVE,TRAJECTORY_RUNNING,24.0,62,21,-47,-0.79,62,0,0.0,0.0,0.0,0.0,0.0,0.0
2026-07-30T15:20:06.037,480.61,113,open,ACTUATOR_ACTIVE,TRAJECTORY_RUNNING,24.0,62,3,0,-1.15,62,0,0.0,0.0,0.0,0.0,0.0,0.0
2026-07-30T15:20:06.548,481.125,113,open,ACTUATOR_ACTIVE,TRAJECTORY_COMPLETE,24.0,62,4,1,0.15,62,0,0.0,0.0,0.0,0.0,0.0,0.0
2026-07-30T15:20:07.153,481.735,114,close,ACTUATOR_ACTIVE,TRAJECTORY_RUNNING,24.0,62,5,14,4.04,62,0,0.0,0.0,0.0,0.0,0.0,0.0
2026-07-30T15:20:07.649,482.219,114,close,ACTUATOR_ACTIVE,TRAJECTORY_RUNNING,24.0,62,25,49,1.76,62,0,0.0,0.0,0.0,0.0,0.0,0.0
2026-07-30T15:20:08.159,482.735,114,close,ACTUATOR_ACTIVE,TRAJECTORY_RUNNING,24.0,55,33,0,103.8,55,0,0.0,0.0,0.0,0.0,0.0,0.0
2026-07-30T15:20:08.657,483.235,114,close,ACTUATOR_ACTIVE,TRAJECTORY_RUNNING,24.0,55,33,0,102.17,55,0,0.0,0.0,0.0,0.0,0.0,0.0
2026-07-30T15:20:09.267,483.844,114,open,ACTUATOR_ACTIVE,TRAJECTORY_RUNNING,24.0,55,33,-1,51.72,55,0,0.0,0.0,0.0,0.0,0.0,0.0
2026-07-30T15:20:09.765,484.344,114,open,ACTUATOR_ACTIVE,TRAJECTORY_RUNNING,24.0,55,21,-46,-1.84,55,0,0.0,0.0,0.0,0.0,0.0,0.0
2026-07-30T15:20:10.260,484.844,114,open,ACTUATOR_ACTIVE,TRAJECTORY_RUNNING,24.0,55,3,0,-0.79,55,0,0.0,0.0,0.0,0.0,0.0,0.0
2026-07-30T15:20:10.757,485.328,114,open,ACTUATOR_ACTIVE,TRAJECTORY_COMPLETE,24.0,55,4,0,0.56,55,0,0.0,0.0,0.0,0.0,0.0,0.0
2026-07-30T15:20:11.383,485.953,115,close,ACTUATOR_ACTIVE,TRAJECTORY_RUNNING,24.0,55,5,18,2.97,55,0,0.0,0.0,0.0,0.0,0.0,0.0
2026-07-30T15:20:11.880,486.453,115,close,ACTUATOR_ACTIVE,TRAJECTORY_RUNNING,24.0,55,26,46,2.64,55,0,0.0,0.0,0.0,0.0,0.0,0.0
2026-07-30T15:20:12.379,486.953,115,close,ACTUATOR_ACTIVE,TRAJECTORY_RUNNING,24.0,59,33,0,101.35,59,0,0.0,0.0,0.0,0.0,0.0,0.0
2026-07-30T15:20:12.877,487.453,115,close,ACTUATOR_ACTIVE,TRAJECTORY_STOPPED,24.0,59,33,0,101.82,59,0,0.0,0.0,0.0,0.0,0.0,0.0
2026-07-30T15:20:13.484,488.063,115,open,ACTUATOR_ACTIVE,TRAJECTORY_RUNNING,24.0,59,33,0,55.35,59,0,0.0,0.0,0.0,0.0,0.0,0.0
2026-07-30T15:20:13.979,488.563,115,open,ACTUATOR_ACTIVE,TRAJECTORY_RUNNING,24.0,59,21,-47,-2.65,59,0,0.0,0.0,0.0,0.0,0.0,0.0
2026-07-30T15:20:14.477,489.047,115,open,ACTUATOR_ACTIVE,TRAJECTORY_RUNNING,24.0,59,3,1,-1.26,59,0,0.0,0.0,0.0,0.0,0.0,0.0
2026-07-30T15:20:14.992,489.563,115,open,ACTUATOR_ACTIVE,TRAJECTORY_COMPLETE,24.0,59,4,1,0.52,59,0,0.0,0.0,0.0,0.0,0.0,0.0
2026-07-30T15:20:15.600,490.172,116,close,ACTUATOR_ACTIVE,TRAJECTORY_RUNNING,24.0,59,5,16,4.19,59,0,0.0,0.0,0.0,0.0,0.0,0.0
2026-07-30T15:20:16.112,490.688,116,close,ACTUATOR_ACTIVE,TRAJECTORY_RUNNING,24.0,61,27,46,2.96,61,0,0.0,0.0,0.0,0.0,0.0,0.0
2026-07-30T15:20:16.611,491.188,116,close,ACTUATOR_ACTIVE,TRAJECTORY_RUNNING,24.0,61,33,0,104.15,61,0,0.0,0.0,0.0,0.0,0.0,0.0
2026-07-30T15:20:17.107,491.688,116,close,ACTUATOR_ACTIVE,TRAJECTORY_RUNNING,24.0,61,33,0,101.32,61,0,0.0,0.0,0.0,0.0,0.0,0.0
2026-07-30T15:20:17.712,492.282,116,open,ACTUATOR_ACTIVE,TRAJECTORY_RUNNING,24.0,61,33,-1,53.09,61,0,0.0,0.0,0.0,0.0,0.0,0.0
2026-07-30T15:20:18.228,492.797,116,open,ACTUATOR_ACTIVE,TRAJECTORY_RUNNING,24.0,61,17,-48,-4.2,61,0,0.0,0.0,0.0,0.0,0.0,0.0
2026-07-30T15:20:18.721,493.297,116,open,ACTUATOR_ACTIVE,TRAJECTORY_COMPLETE,24.0,61,5,2,2.27,61,0,0.0,0.0,0.0,0.0,0.0,0.0
2026-07-30T15:20:19.216,493.797,116,open,ACTUATOR_ACTIVE,TRAJECTORY_COMPLETE,24.0,61,5,0,2.24,61,0,0.0,0.0,0.0,0.0,0.0,0.0
2026-07-30T15:20:19.828,494.407,117,close,ACTUATOR_ACTIVE,TRAJECTORY_RUNNING,24.0,61,5,16,4.78,61,0,0.0,0.0,0.0,0.0,0.0,0.0
2026-07-30T15:20:20.326,494.907,117,close,ACTUATOR_ACTIVE,TRAJECTORY_RUNNING,24.0,57,26,48,3.08,57,0,0.0,0.0,0.0,0.0,0.0,0.0
2026-07-30T15:20:20.822,495.407,117,close,ACTUATOR_ACTIVE,TRAJECTORY_RUNNING,24.0,57,33,0,98.41,57,0,0.0,0.0,0.0,0.0,0.0,0.0
2026-07-30T15:20:21.319,495.891,117,close,ACTUATOR_ACTIVE,TRAJECTORY_RUNNING,24.0,57,33,0,103.48,57,0,0.0,0.0,0.0,0.0,0.0,0.0
2026-07-30T15:20:21.945,496.516,117,open,ACTUATOR_ACTIVE,TRAJECTORY_RUNNING,24.0,57,33,0,53.1,57,0,0.0,0.0,0.0,0.0,0.0,0.0
2026-07-30T15:20:22.456,497.032,117,open,ACTUATOR_ACTIVE,TRAJECTORY_RUNNING,24.0,57,20,-47,-2.42,57,0,0.0,0.0,0.0,0.0,0.0,0.0
2026-07-30T15:20:22.953,497.532,117,open,ACTUATOR_ACTIVE,TRAJECTORY_RUNNING,24.0,57,3,-1,-0.7,57,0,0.0,0.0,0.0,0.0,0.0,0.0
2026-07-30T15:20:23.449,498.032,117,open,ACTUATOR_ACTIVE,TRAJECTORY_COMPLETE,24.0,57,4,0,1.34,57,0,0.0,0.0,0.0,0.0,0.0,0.0
2026-07-30T15:20:24.052,498.625,118,close,ACTUATOR_ACTIVE,TRAJECTORY_RUNNING,24.0,59,5,15,3.51,59,0,0.0,0.0,0.0,0.0,0.0,0.0
2026-07-30T15:20:24.568,499.141,118,close,ACTUATOR_ACTIVE,TRAJECTORY_RUNNING,24.0,59,27,47,5.11,59,0,0.0,0.0,0.0,0.0,0.0,0.0
2026-07-30T15:20:25.066,499.641,118,close,ACTUATOR_ACTIVE,TRAJECTORY_RUNNING,24.0,59,33,0,106.99,59,0,0.0,0.0,0.0,0.0,0.0,0.0
2026-07-30T15:20:25.561,500.141,118,close,ACTUATOR_ACTIVE,TRAJECTORY_RUNNING,24.0,59,33,0,94.74,59,0,0.0,0.0,0.0,0.0,0.0,0.0
2026-07-30T15:20:26.170,500.75,118,open,ACTUATOR_ACTIVE,TRAJECTORY_RUNNING,24.0,59,33,0,53.08,59,0,0.0,0.0,0.0,0.0,0.0,0.0
2026-07-30T15:20:26.665,501.25,118,open,ACTUATOR_ACTIVE,TRAJECTORY_RUNNING,24.0,59,18,-48,-2.75,59,0,0.0,0.0,0.0,0.0,0.0,0.0
2026-07-30T15:20:27.166,501.75,118,open,ACTUATOR_ACTIVE,TRAJECTORY_COMPLETE,24.0,59,5,4,1.4,59,0,0.0,0.0,0.0,0.0,0.0,0.0
2026-07-30T15:20:27.662,502.235,118,open,ACTUATOR_ACTIVE,TRAJECTORY_COMPLETE,24.0,59,5,0,-0.09,59,0,0.0,0.0,0.0,0.0,0.0,0.0
2026-07-30T15:20:28.285,502.86,119,close,ACTUATOR_ACTIVE,TRAJECTORY_RUNNING,24.0,64,5,15,5.09,64,0,0.0,0.0,0.0,0.0,0.0,0.0
2026-07-30T15:20:28.781,503.36,119,close,ACTUATOR_ACTIVE,TRAJECTORY_RUNNING,24.0,64,25,50,2.75,64,0,0.0,0.0,0.0,0.0,0.0,0.0
2026-07-30T15:20:29.274,503.844,119,close,ACTUATOR_ACTIVE,TRAJECTORY_RUNNING,24.0,64,32,0,33.57,64,0,0.0,0.0,0.0,0.0,0.0,0.0
2026-07-30T15:20:29.785,504.36,119,close,ACTUATOR_ACTIVE,TRAJECTORY_RUNNING,24.0,64,32,0,28.81,64,0,0.0,0.0,0.0,0.0,0.0,0.0
2026-07-30T15:20:30.397,504.969,119,open,ACTUATOR_ACTIVE,TRAJECTORY_RUNNING,24.0,64,32,-16,7.3,64,0,0.0,0.0,0.0,0.0,0.0,0.0
2026-07-30T15:20:30.899,505.469,119,open,ACTUATOR_ACTIVE,TRAJECTORY_RUNNING,24.0,64,14,-47,-1.57,64,0,0.0,0.0,0.0,0.0,0.0,0.0
2026-07-30T15:20:31.391,505.969,119,open,ACTUATOR_ACTIVE,TRAJECTORY_RUNNING,24.0,64,3,9,2.93,64,0,0.0,0.0,0.0,0.0,0.0,0.0
2026-07-30T15:20:31.886,506.469,119,open,ACTUATOR_ACTIVE,TRAJECTORY_COMPLETE,24.0,64,4,0,0.41,64,0,0.0,0.0,0.0,0.0,0.0,0.0
2026-07-30T15:20:32.499,507.078,120,close,ACTUATOR_ACTIVE,TRAJECTORY_RUNNING,24.0,58,5,17,5.38,58,0,0.0,0.0,0.0,0.0,0.0,0.0
2026-07-30T15:20:32.992,507.563,120,close,ACTUATOR_ACTIVE,TRAJECTORY_RUNNING,24.0,58,26,46,3.3,58,0,0.0,0.0,0.0,0.0,0.0,0.0
2026-07-30T15:20:33.502,508.078,120,close,ACTUATOR_ACTIVE,TRAJECTORY_RUNNING,24.0,58,33,0,101.27,58,0,0.0,0.0,0.0,0.0,0.0,0.0
2026-07-30T15:20:34.001,508.578,120,close,ACTUATOR_ACTIVE,TRAJECTORY_RUNNING,24.0,58,33,0,98.51,58,0,0.0,0.0,0.0,0.0,0.0,0.0
2026-07-30T15:20:34.610,509.188,120,open,ACTUATOR_ACTIVE,TRAJECTORY_RUNNING,24.0,58,33,0,53.99,58,0,0.0,0.0,0.0,0.0,0.0,0.0
2026-07-30T15:20:35.104,509.688,120,open,ACTUATOR_ACTIVE,TRAJECTORY_RUNNING,24.0,58,21,-48,-2.26,58,0,0.0,0.0,0.0,0.0,0.0,0.0
2026-07-30T15:20:35.597,510.172,120,open,ACTUATOR_ACTIVE,TRAJECTORY_RUNNING,24.0,58,3,0,-1.91,58,0,0.0,0.0,0.0,0.0,0.0,0.0
2026-07-30T15:20:36.112,510.688,120,open,ACTUATOR_ACTIVE,TRAJECTORY_COMPLETE,24.0,61,4,0,0.51,61,0,0.0,0.0,0.0,0.0,0.0,0.0
2026-07-30T15:20:36.716,511.297,121,close,ACTUATOR_ACTIVE,TRAJECTORY_RUNNING,24.0,61,5,15,4.38,61,0,0.0,0.0,0.0,0.0,0.0,0.0
2026-07-30T15:20:37.206,511.782,121,close,ACTUATOR_ACTIVE,TRAJECTORY_RUNNING,24.0,61,24,48,2.85,61,0,0.0,0.0,0.0,0.0,0.0,0.0
2026-07-30T15:20:37.713,512.297,121,close,ACTUATOR_ACTIVE,TRAJECTORY_RUNNING,24.0,61,32,0,35.21,61,0,0.0,0.0,0.0,0.0,0.0,0.0
2026-07-30T15:20:38.212,512.782,121,close,ACTUATOR_ACTIVE,TRAJECTORY_RUNNING,24.0,61,32,0,30.44,61,0,0.0,0.0,0.0,0.0,0.0,0.0
2026-07-30T15:20:38.835,513.407,121,open,ACTUATOR_ACTIVE,TRAJECTORY_RUNNING,24.0,61,32,-16,7.25,61,0,0.0,0.0,0.0,0.0,0.0,0.0
2026-07-30T15:20:39.351,513.922,121,open,ACTUATOR_ACTIVE,TRAJECTORY_RUNNING,24.0,61,11,-47,-1.74,61,0,0.0,0.0,0.0,0.0,0.0,0.0
2026-07-30T15:20:39.846,514.422,121,open,ACTUATOR_ACTIVE,TRAJECTORY_COMPLETE,24.0,61,4,0,0.26,61,0,0.0,0.0,0.0,0.0,0.0,0.0
2026-07-30T15:20:40.341,514.922,121,open,ACTUATOR_ACTIVE,TRAJECTORY_COMPLETE,24.0,63,4,0,-0.46,63,0,0.0,0.0,0.0,0.0,0.0,0.0
2026-07-30T15:20:40.953,515.532,122,close,ACTUATOR_ACTIVE,TRAJECTORY_RUNNING,24.0,63,5,15,3.98,63,0,0.0,0.0,0.0,0.0,0.0,0.0
2026-07-30T15:20:41.447,516.032,122,close,ACTUATOR_ACTIVE,TRAJECTORY_RUNNING,24.0,63,26,50,2.85,63,0,0.0,0.0,0.0,0.0,0.0,0.0
2026-07-30T15:20:41.943,516.516,122,close,ACTUATOR_ACTIVE,TRAJECTORY_RUNNING,24.0,63,33,4,96.67,63,0,0.0,0.0,0.0,0.0,0.0,0.0
2026-07-30T15:20:42.448,517.032,122,close,ACTUATOR_ACTIVE,TRAJECTORY_RUNNING,24.0,63,33,0,99.96,63,0,0.0,0.0,0.0,0.0,0.0,0.0
2026-07-30T15:20:43.059,517.641,122,open,ACTUATOR_ACTIVE,TRAJECTORY_RUNNING,24.0,63,33,0,56.09,63,0,0.0,0.0,0.0,0.0,0.0,0.0
2026-07-30T15:20:43.557,518.141,122,open,ACTUATOR_ACTIVE,TRAJECTORY_RUNNING,24.0,63,20,-46,-3.03,63,0,0.0,0.0,0.0,0.0,0.0,0.0
2026-07-30T15:20:44.055,518.625,122,open,ACTUATOR_ACTIVE,TRAJECTORY_RUNNING,24.0,59,3,0,-1.2,59,0,0.0,0.0,0.0,0.0,0.0,0.0
2026-07-30T15:20:44.568,519.141,122,open,ACTUATOR_ACTIVE,TRAJECTORY_COMPLETE,24.0,59,5,0,0.32,59,0,0.0,0.0,0.0,0.0,0.0,0.0
2026-07-30T15:20:45.176,519.75,123,close,ACTUATOR_ACTIVE,TRAJECTORY_RUNNING,24.0,59,5,15,5.1,59,0,0.0,0.0,0.0,0.0,0.0,0.0
2026-07-30T15:20:45.675,520.25,123,close,ACTUATOR_ACTIVE,TRAJECTORY_RUNNING,24.0,59,26,48,4.56,59,0,0.0,0.0,0.0,0.0,0.0,0.0
2026-07-30T15:20:46.174,520.75,123,close,ACTUATOR_ACTIVE,TRAJECTORY_RUNNING,24.0,59,33,0,108.11,59,0,0.0,0.0,0.0,0.0,0.0,0.0
2026-07-30T15:20:46.675,521.25,123,close,ACTUATOR_ACTIVE,TRAJECTORY_RUNNING,24.0,59,33,0,98.83,59,0,0.0,0.0,0.0,0.0,0.0,0.0
2026-07-30T15:20:47.274,521.844,123,open,ACTUATOR_ACTIVE,TRAJECTORY_RUNNING,24.0,59,33,0,57.51,59,0,0.0,0.0,0.0,0.0,0.0,0.0
2026-07-30T15:20:47.785,522.36,123,open,ACTUATOR_ACTIVE,TRAJECTORY_RUNNING,24.0,59,18,-47,-1.95,59,0,0.0,0.0,0.0,0.0,0.0,0.0
2026-07-30T15:20:48.281,522.86,123,open,ACTUATOR_ACTIVE,TRAJECTORY_COMPLETE,24.0,57,5,3,1.61,57,0,0.0,0.0,0.0,0.0,0.0,0.0
2026-07-30T15:20:48.776,523.36,123,open,ACTUATOR_ACTIVE,TRAJECTORY_COMPLETE,24.0,57,4,0,1.93,57,0,0.0,0.0,0.0,0.0,0.0,0.0
2026-07-30T15:20:49.384,523.953,124,close,ACTUATOR_ACTIVE,TRAJECTORY_RUNNING,24.0,57,5,16,4.83,57,0,0.0,0.0,0.0,0.0,0.0,0.0
2026-07-30T15:20:49.898,524.469,124,close,ACTUATOR_ACTIVE,TRAJECTORY_RUNNING,24.0,57,25,46,4.34,57,0,0.0,0.0,0.0,0.0,0.0,0.0
2026-07-30T15:20:50.391,524.969,124,close,ACTUATOR_ACTIVE,TRAJECTORY_RUNNING,24.0,57,32,0,29.58,57,0,0.0,0.0,0.0,0.0,0.0,0.0
2026-07-30T15:20:50.886,525.469,124,close,ACTUATOR_ACTIVE,TRAJECTORY_RUNNING,24.0,57,32,0,29.63,57,0,0.0,0.0,0.0,0.0,0.0,0.0
2026-07-30T15:20:51.493,526.063,124,open,ACTUATOR_ACTIVE,TRAJECTORY_RUNNING,24.0,57,32,-16,7.65,57,0,0.0,0.0,0.0,0.0,0.0,0.0
2026-07-30T15:20:52.011,526.594,124,open,ACTUATOR_ACTIVE,TRAJECTORY_RUNNING,24.0,62,11,-49,-4.37,62,0,0.0,0.0,0.0,0.0,0.0,0.0
2026-07-30T15:20:52.493,527.063,124,open,ACTUATOR_ACTIVE,TRAJECTORY_COMPLETE,24.0,62,4,0,-0.11,62,0,0.0,0.0,0.0,0.0,0.0,0.0
2026-07-30T15:20:53.005,527.578,124,open,ACTUATOR_ACTIVE,TRAJECTORY_COMPLETE,24.0,62,4,0,0.03,62,0,0.0,0.0,0.0,0.0,0.0,0.0
2026-07-30T15:20:53.611,528.188,125,close,ACTUATOR_ACTIVE,TRAJECTORY_RUNNING,24.0,62,5,16,3.58,62,0,0.0,0.0,0.0,0.0,0.0,0.0
2026-07-30T15:20:54.107,528.688,125,close,ACTUATOR_ACTIVE,TRAJECTORY_RUNNING,24.0,62,26,46,4.23,62,0,0.0,0.0,0.0,0.0,0.0,0.0
2026-07-30T15:20:54.608,529.188,125,close,ACTUATOR_ACTIVE,TRAJECTORY_RUNNING,24.0,62,33,0,103.75,62,0,0.0,0.0,0.0,0.0,0.0,0.0
2026-07-30T15:20:55.106,529.688,125,close,ACTUATOR_ACTIVE,TRAJECTORY_RUNNING,24.0,62,33,0,96.66,62,0,0.0,0.0,0.0,0.0,0.0,0.0
2026-07-30T15:20:55.712,530.297,125,open,ACTUATOR_ACTIVE,TRAJECTORY_RUNNING,24.0,62,33,0,54.65,62,0,0.0,0.0,0.0,0.0,0.0,0.0
2026-07-30T15:20:56.209,530.782,125,open,ACTUATOR_ACTIVE,TRAJECTORY_RUNNING,24.0,64,21,-47,-1.5,64,0,0.0,0.0,0.0,0.0,0.0,0.0
2026-07-30T15:20:56.720,531.297,125,open,ACTUATOR_ACTIVE,TRAJECTORY_RUNNING,24.0,64,3,0,-1.08,64,0,0.0,0.0,0.0,0.0,0.0,0.0
2026-07-30T15:20:57.212,531.797,125,open,ACTUATOR_ACTIVE,TRAJECTORY_COMPLETE,24.0,64,5,0,0.36,64,0,0.0,0.0,0.0,0.0,0.0,0.0
2026-07-30T15:20:57.822,532.407,126,close,ACTUATOR_ACTIVE,TRAJECTORY_RUNNING,24.0,64,5,18,4.99,64,0,0.0,0.0,0.0,0.0,0.0,0.0
2026-07-30T15:20:58.314,532.891,126,close,ACTUATOR_ACTIVE,TRAJECTORY_RUNNING,24.0,64,26,47,4.02,64,0,0.0,0.0,0.0,0.0,0.0,0.0
2026-07-30T15:20:58.826,533.407,126,close,ACTUATOR_ACTIVE,TRAJECTORY_RUNNING,24.0,64,33,0,102.57,64,0,0.0,0.0,0.0,0.0,0.0,0.0
2026-07-30T15:20:59.325,533.907,126,close,ACTUATOR_ACTIVE,TRAJECTORY_RUNNING,24.0,64,33,0,105.47,64,0,0.0,0.0,0.0,0.0,0.0,0.0
2026-07-30T15:20:59.935,534.516,126,open,ACTUATOR_ACTIVE,TRAJECTORY_RUNNING,24.0,64,33,0,56.18,64,0,0.0,0.0,0.0,0.0,0.0,0.0
2026-07-30T15:21:00.432,535.016,126,open,ACTUATOR_ACTIVE,TRAJECTORY_RUNNING,24.0,60,21,-45,-2.65,60,0,0.0,0.0,0.0,0.0,0.0,0.0
2026-07-30T15:21:00.931,535.5,126,open,ACTUATOR_ACTIVE,TRAJECTORY_RUNNING,24.0,60,3,-1,-0.85,60,0,0.0,0.0,0.0,0.0,0.0,0.0
2026-07-30T15:21:01.441,536.016,126,open,ACTUATOR_ACTIVE,TRAJECTORY_COMPLETE,24.0,60,5,0,0.73,60,0,0.0,0.0,0.0,0.0,0.0,0.0
2026-07-30T15:21:02.051,536.625,127,close,ACTUATOR_ACTIVE,TRAJECTORY_RUNNING,24.0,60,5,19,5.27,60,0,0.0,0.0,0.0,0.0,0.0,0.0
2026-07-30T15:21:02.551,537.125,127,close,ACTUATOR_ACTIVE,TRAJECTORY_RUNNING,24.0,60,26,49,3.45,60,0,0.0,0.0,0.0,0.0,0.0,0.0
2026-07-30T15:21:03.051,537.625,127,close,ACTUATOR_ACTIVE,TRAJECTORY_RUNNING,24.0,60,33,0,103.94,60,0,0.0,0.0,0.0,0.0,0.0,0.0
2026-07-30T15:21:03.552,538.125,127,close,ACTUATOR_ACTIVE,TRAJECTORY_RUNNING,24.0,60,33,0,104.2,60,0,0.0,0.0,0.0,0.0,0.0,0.0
2026-07-30T15:21:04.165,538.735,127,open,ACTUATOR_ACTIVE,TRAJECTORY_RUNNING,24.0,62,33,0,55.16,62,0,0.0,0.0,0.0,0.0,0.0,0.0
2026-07-30T15:21:04.682,539.266,127,open,ACTUATOR_ACTIVE,TRAJECTORY_RUNNING,24.0,62,20,-46,-3.69,62,0,0.0,0.0,0.0,0.0,0.0,0.0
2026-07-30T15:21:05.163,539.735,127,open,ACTUATOR_ACTIVE,TRAJECTORY_RUNNING,24.0,62,3,0,-1.38,62,0,0.0,0.0,0.0,0.0,0.0,0.0
2026-07-30T15:21:05.675,540.25,127,open,ACTUATOR_ACTIVE,TRAJECTORY_COMPLETE,24.0,62,5,0,-0.14,62,0,0.0,0.0,0.0,0.0,0.0,0.0
2026-07-30T15:21:06.287,540.86,128,close,ACTUATOR_ACTIVE,TRAJECTORY_RUNNING,24.0,62,5,14,5.48,62,0,0.0,0.0,0.0,0.0,0.0,0.0
2026-07-30T15:21:06.784,541.36,128,close,ACTUATOR_ACTIVE,TRAJECTORY_RUNNING,24.0,62,26,47,2.83,62,0,0.0,0.0,0.0,0.0,0.0,0.0
2026-07-30T15:21:07.282,541.86,128,close,ACTUATOR_ACTIVE,TRAJECTORY_RUNNING,24.0,62,33,0,110.97,62,0,0.0,0.0,0.0,0.0,0.0,0.0
2026-07-30T15:21:07.780,542.36,128,close,ACTUATOR_ACTIVE,TRAJECTORY_RUNNING,24.0,62,33,0,96.97,62,0,0.0,0.0,0.0,0.0,0.0,0.0
2026-07-30T15:21:08.387,542.969,128,open,ACTUATOR_ACTIVE,TRAJECTORY_RUNNING,24.0,59,33,-1,57.72,59,0,0.0,0.0,0.0,0.0,0.0,0.0
2026-07-30T15:21:08.882,543.453,128,open,ACTUATOR_ACTIVE,TRAJECTORY_RUNNING,24.0,59,21,-46,-0.59,59,0,0.0,0.0,0.0,0.0,0.0,0.0
2026-07-30T15:21:09.396,543.969,128,open,ACTUATOR_ACTIVE,TRAJECTORY_RUNNING,24.0,59,3,0,-0.76,59,0,0.0,0.0,0.0,0.0,0.0,0.0
2026-07-30T15:21:09.894,544.469,128,open,ACTUATOR_ACTIVE,TRAJECTORY_COMPLETE,24.0,59,4,0,0.9,59,0,0.0,0.0,0.0,0.0,0.0,0.0
2026-07-30T15:21:10.506,545.078,129,close,ACTUATOR_ACTIVE,TRAJECTORY_RUNNING,24.0,59,5,16,4.51,59,0,0.0,0.0,0.0,0.0,0.0,0.0
2026-07-30T15:21:11.020,545.594,129,close,ACTUATOR_ACTIVE,TRAJECTORY_RUNNING,24.0,59,27,48,2.89,59,0,0.0,0.0,0.0,0.0,0.0,0.0
2026-07-30T15:21:11.517,546.094,129,close,ACTUATOR_ACTIVE,TRAJECTORY_RUNNING,24.0,59,33,0,101.75,59,0,0.0,0.0,0.0,0.0,0.0,0.0
2026-07-30T15:21:12.013,546.594,129,close,ACTUATOR_ACTIVE,TRAJECTORY_RUNNING,24.0,59,33,0,95.96,59,0,0.0,0.0,0.0,0.0,0.0,0.0
2026-07-30T15:21:12.620,547.203,129,open,ACTUATOR_ACTIVE,TRAJECTORY_RUNNING,24.0,59,33,-2,57.08,59,0,0.0,0.0,0.0,0.0,0.0,0.0
2026-07-30T15:21:13.112,547.688,129,open,ACTUATOR_ACTIVE,TRAJECTORY_RUNNING,24.0,59,21,-47,-1.79,59,0,0.0,0.0,0.0,0.0,0.0,0.0
2026-07-30T15:21:13.621,548.203,129,open,ACTUATOR_ACTIVE,TRAJECTORY_RUNNING,24.0,59,3,0,-2.03,59,0,0.0,0.0,0.0,0.0,0.0,0.0
2026-07-30T15:21:14.119,548.703,129,open,ACTUATOR_ACTIVE,TRAJECTORY_COMPLETE,24.0,59,4,0,0.4,59,0,0.0,0.0,0.0,0.0,0.0,0.0
2026-07-30T15:21:14.731,549.313,130,close,ACTUATOR_ACTIVE,TRAJECTORY_RUNNING,24.0,59,5,17,4.21,59,0,0.0,0.0,0.0,0.0,0.0,0.0
2026-07-30T15:21:15.224,549.797,130,close,ACTUATOR_ACTIVE,TRAJECTORY_RUNNING,24.0,59,25,47,4.5,59,0,0.0,0.0,0.0,0.0,0.0,0.0
2026-07-30T15:21:15.736,550.313,130,close,ACTUATOR_ACTIVE,TRAJECTORY_RUNNING,24.0,59,32,0,33.93,59,0,0.0,0.0,0.0,0.0,0.0,0.0
2026-07-30T15:21:16.233,550.813,130,close,ACTUATOR_ACTIVE,TRAJECTORY_RUNNING,24.0,58,32,0,30.42,58,0,0.0,0.0,0.0,0.0,0.0,0.0
2026-07-30T15:21:16.837,551.422,130,open,ACTUATOR_ACTIVE,TRAJECTORY_RUNNING,24.0,58,32,-15,7.33,58,0,0.0,0.0,0.0,0.0,0.0,0.0
2026-07-30T15:21:17.336,551.907,130,open,ACTUATOR_ACTIVE,TRAJECTORY_RUNNING,24.0,58,12,-49,-0.74,58,0,0.0,0.0,0.0,0.0,0.0,0.0
2026-07-30T15:21:17.849,552.422,130,open,ACTUATOR_ACTIVE,TRAJECTORY_COMPLETE,24.0,58,4,-6,-1.16,58,0,0.0,0.0,0.0,0.0,0.0,0.0
2026-07-30T15:21:18.348,552.922,130,open,ACTUATOR_ACTIVE,TRAJECTORY_COMPLETE,24.0,58,5,0,1.02,58,0,0.0,0.0,0.0,0.0,0.0,0.0
2026-07-30T15:21:18.961,553.532,131,close,ACTUATOR_ACTIVE,TRAJECTORY_RUNNING,24.0,58,5,16,4.87,58,0,0.0,0.0,0.0,0.0,0.0,0.0
2026-07-30T15:21:19.473,554.047,131,close,ACTUATOR_ACTIVE,TRAJECTORY_RUNNING,24.0,58,27,50,2.35,58,0,0.0,0.0,0.0,0.0,0.0,0.0
2026-07-30T15:21:19.966,554.547,131,close,ACTUATOR_ACTIVE,TRAJECTORY_RUNNING,24.0,58,33,0,101.48,58,0,0.0,0.0,0.0,0.0,0.0,0.0
2026-07-30T15:21:20.464,555.047,131,close,ACTUATOR_ACTIVE,TRAJECTORY_RUNNING,24.0,59,33,0,98.1,59,0,0.0,0.0,0.0,0.0,0.0,0.0
2026-07-30T15:21:21.070,555.641,131,open,ACTUATOR_ACTIVE,TRAJECTORY_RUNNING,24.0,59,33,-1,54.89,59,0,0.0,0.0,0.0,0.0,0.0,0.0
2026-07-30T15:21:21.584,556.157,131,open,ACTUATOR_ACTIVE,TRAJECTORY_RUNNING,24.0,59,20,-47,-1.22,59,0,0.0,0.0,0.0,0.0,0.0,0.0
2026-07-30T15:21:22.076,556.657,131,open,ACTUATOR_ACTIVE,TRAJECTORY_RUNNING,24.0,59,3,0,-0.41,59,0,0.0,0.0,0.0,0.0,0.0,0.0
2026-07-30T15:21:22.570,557.141,131,open,ACTUATOR_ACTIVE,TRAJECTORY_COMPLETE,24.0,59,4,0,0.25,59,0,0.0,0.0,0.0,0.0,0.0,0.0
2026-07-30T15:21:23.196,557.766,132,close,ACTUATOR_ACTIVE,TRAJECTORY_RUNNING,24.0,59,5,14,3.75,59,0,0.0,0.0,0.0,0.0,0.0,0.0
2026-07-30T15:21:23.712,558.297,132,close,ACTUATOR_ACTIVE,TRAJECTORY_RUNNING,24.0,59,25,50,3.53,59,0,0.0,0.0,0.0,0.0,0.0,0.0
2026-07-30T15:21:24.198,558.782,132,close,ACTUATOR_ACTIVE,TRAJECTORY_RUNNING,24.0,58,32,0,32.89,58,0,0.0,0.0,0.0,0.0,0.0,0.0
2026-07-30T15:21:24.697,559.266,132,close,ACTUATOR_ACTIVE,TRAJECTORY_RUNNING,24.0,58,32,-1,31.59,58,0,0.0,0.0,0.0,0.0,0.0,0.0
2026-07-30T15:21:25.325,559.907,132,open,ACTUATOR_ACTIVE,TRAJECTORY_RUNNING,24.0,58,32,-15,7.65,58,0,0.0,0.0,0.0,0.0,0.0,0.0
2026-07-30T15:21:25.820,560.391,132,open,ACTUATOR_ACTIVE,TRAJECTORY_RUNNING,24.0,58,14,-48,-2.91,58,0,0.0,0.0,0.0,0.0,0.0,0.0
2026-07-30T15:21:26.333,560.907,132,open,ACTUATOR_ACTIVE,TRAJECTORY_RUNNING,24.0,58,3,9,2.45,58,0,0.0,0.0,0.0,0.0,0.0,0.0
2026-07-30T15:21:26.829,561.407,132,open,ACTUATOR_ACTIVE,TRAJECTORY_COMPLETE,24.0,58,5,0,0.18,58,0,0.0,0.0,0.0,0.0,0.0,0.0
2026-07-30T15:21:27.439,562.016,133,close,ACTUATOR_ACTIVE,TRAJECTORY_RUNNING,24.0,58,5,17,5.79,58,0,0.0,0.0,0.0,0.0,0.0,0.0
2026-07-30T15:21:27.937,562.516,133,close,ACTUATOR_ACTIVE,TRAJECTORY_RUNNING,24.0,58,26,47,5.83,58,0,0.0,0.0,0.0,0.0,0.0,0.0
2026-07-30T15:21:28.432,563.016,133,close,ACTUATOR_ACTIVE,TRAJECTORY_RUNNING,24.0,62,33,0,102.92,62,0,0.0,0.0,0.0,0.0,0.0,0.0
2026-07-30T15:21:28.926,563.5,133,close,ACTUATOR_ACTIVE,TRAJECTORY_RUNNING,24.0,62,33,0,93.2,62,0,0.0,0.0,0.0,0.0,0.0,0.0
2026-07-30T15:21:29.550,564.125,133,open,ACTUATOR_ACTIVE,TRAJECTORY_RUNNING,24.0,62,33,0,53.9,62,0,0.0,0.0,0.0,0.0,0.0,0.0
2026-07-30T15:21:30.066,564.641,133,open,ACTUATOR_ACTIVE,TRAJECTORY_RUNNING,24.0,62,18,-49,-2.69,62,0,0.0,0.0,0.0,0.0,0.0,0.0
2026-07-30T15:21:30.564,565.141,133,open,ACTUATOR_ACTIVE,TRAJECTORY_COMPLETE,24.0,62,5,3,0.57,62,0,0.0,0.0,0.0,0.0,0.0,0.0
2026-07-30T15:21:31.061,565.641,133,open,ACTUATOR_ACTIVE,TRAJECTORY_COMPLETE,24.0,62,4,0,-0.57,62,0,0.0,0.0,0.0,0.0,0.0,0.0
2026-07-30T15:21:31.667,566.25,134,close,ACTUATOR_ACTIVE,TRAJECTORY_RUNNING,24.0,62,5,14,3.59,62,0,0.0,0.0,0.0,0.0,0.0,0.0
2026-07-30T15:21:32.162,566.735,134,close,ACTUATOR_ACTIVE,TRAJECTORY_RUNNING,24.0,63,24,48,4.03,63,0,0.0,0.0,0.0,0.0,0.0,0.0
2026-07-30T15:21:32.677,567.25,134,close,ACTUATOR_ACTIVE,TRAJECTORY_RUNNING,24.0,63,32,0,31.83,63,0,0.0,0.0,0.0,0.0,0.0,0.0
2026-07-30T15:21:33.174,567.75,134,close,ACTUATOR_ACTIVE,TRAJECTORY_RUNNING,24.0,63,32,0,29.69,63,0,0.0,0.0,0.0,0.0,0.0,0.0
2026-07-30T15:21:33.775,568.344,134,open,ACTUATOR_ACTIVE,TRAJECTORY_RUNNING,24.0,63,32,-15,7.27,63,0,0.0,0.0,0.0,0.0,0.0,0.0
2026-07-30T15:21:34.288,568.86,134,open,ACTUATOR_ACTIVE,TRAJECTORY_RUNNING,24.0,63,14,-46,-2.61,63,0,0.0,0.0,0.0,0.0,0.0,0.0
2026-07-30T15:21:34.785,569.36,134,open,ACTUATOR_ACTIVE,TRAJECTORY_RUNNING,24.0,63,4,7,2.32,63,0,0.0,0.0,0.0,0.0,0.0,0.0
2026-07-30T15:21:35.284,569.86,134,open,ACTUATOR_ACTIVE,TRAJECTORY_COMPLETE,24.0,63,5,1,-0.43,63,0,0.0,0.0,0.0,0.0,0.0,0.0
2026-07-30T15:21:35.895,570.469,135,close,ACTUATOR_ACTIVE,TRAJECTORY_RUNNING,24.0,63,5,17,4.64,63,0,0.0,0.0,0.0,0.0,0.0,0.0
2026-07-30T15:21:36.393,570.969,135,close,ACTUATOR_ACTIVE,TRAJECTORY_RUNNING,24.0,60,26,50,3.08,60,0,0.0,0.0,0.0,0.0,0.0,0.0
2026-07-30T15:21:36.889,571.469,135,close,ACTUATOR_ACTIVE,TRAJECTORY_RUNNING,24.0,60,33,0,100.28,60,0,0.0,0.0,0.0,0.0,0.0,0.0
2026-07-30T15:21:37.389,571.969,135,close,ACTUATOR_ACTIVE,TRAJECTORY_RUNNING,24.0,60,33,0,101.99,60,0,0.0,0.0,0.0,0.0,0.0,0.0
2026-07-30T15:21:38.002,572.578,135,open,ACTUATOR_ACTIVE,TRAJECTORY_RUNNING,24.0,60,33,-1,52.23,60,0,0.0,0.0,0.0,0.0,0.0,0.0
2026-07-30T15:21:38.499,573.078,135,open,ACTUATOR_ACTIVE,TRAJECTORY_RUNNING,24.0,60,21,-45,0.3,60,0,0.0,0.0,0.0,0.0,0.0,0.0
2026-07-30T15:21:38.996,573.578,135,open,ACTUATOR_ACTIVE,TRAJECTORY_RUNNING,24.0,60,3,0,-1.24,60,0,0.0,0.0,0.0,0.0,0.0,0.0
2026-07-30T15:21:39.494,574.078,135,open,ACTUATOR_ACTIVE,TRAJECTORY_COMPLETE,24.0,60,4,0,0.17,60,0,0.0,0.0,0.0,0.0,0.0,0.0
2026-07-30T15:21:40.104,574.688,136,close,ACTUATOR_ACTIVE,TRAJECTORY_RUNNING,24.0,55,5,18,4.05,55,0,0.0,0.0,0.0,0.0,0.0,0.0
2026-07-30T15:21:40.598,575.172,136,close,ACTUATOR_ACTIVE,TRAJECTORY_RUNNING,24.0,55,26,50,4.47,55,0,0.0,0.0,0.0,0.0,0.0,0.0
2026-07-30T15:21:41.110,575.688,136,close,ACTUATOR_ACTIVE,TRAJECTORY_RUNNING,24.0,55,33,0,103.54,55,0,0.0,0.0,0.0,0.0,0.0,0.0
2026-07-30T15:21:41.606,576.188,136,close,ACTUATOR_ACTIVE,TRAJECTORY_RUNNING,24.0,55,33,0,104.27,55,0,0.0,0.0,0.0,0.0,0.0,0.0
2026-07-30T15:21:42.213,576.797,136,open,ACTUATOR_ACTIVE,TRAJECTORY_RUNNING,24.0,55,33,-1,52.68,55,0,0.0,0.0,0.0,0.0,0.0,0.0
2026-07-30T15:21:42.705,577.282,136,open,ACTUATOR_ACTIVE,TRAJECTORY_RUNNING,24.0,55,18,-48,-2.42,55,0,0.0,0.0,0.0,0.0,0.0,0.0
2026-07-30T15:21:43.217,577.797,136,open,ACTUATOR_ACTIVE,TRAJECTORY_COMPLETE,24.0,55,5,4,0.94,55,0,0.0,0.0,0.0,0.0,0.0,0.0
2026-07-30T15:21:43.713,578.297,136,open,ACTUATOR_ACTIVE,TRAJECTORY_COMPLETE,24.0,55,4,0,0.09,55,0,0.0,0.0,0.0,0.0,0.0,0.0
2026-07-30T15:21:44.324,578.907,137,close,ACTUATOR_ACTIVE,TRAJECTORY_RUNNING,24.0,61,5,16,3.83,61,0,0.0,0.0,0.0,0.0,0.0,0.0
2026-07-30T15:21:44.819,579.391,137,close,ACTUATOR_ACTIVE,TRAJECTORY_RUNNING,24.0,61,26,49,2.72,61,0,0.0,0.0,0.0,0.0,0.0,0.0
2026-07-30T15:21:45.333,579.907,137,close,ACTUATOR_ACTIVE,TRAJECTORY_RUNNING,24.0,61,33,0,101.89,61,0,0.0,0.0,0.0,0.0,0.0,0.0
2026-07-30T15:21:45.830,580.407,137,close,ACTUATOR_ACTIVE,TRAJECTORY_RUNNING,24.0,61,33,0,102.64,61,0,0.0,0.0,0.0,0.0,0.0,0.0
2026-07-30T15:21:46.440,581.016,137,open,ACTUATOR_ACTIVE,TRAJECTORY_RUNNING,24.0,61,33,0,53.45,61,0,0.0,0.0,0.0,0.0,0.0,0.0
2026-07-30T15:21:46.939,581.516,137,open,ACTUATOR_ACTIVE,TRAJECTORY_RUNNING,24.0,61,18,-48,-1.82,61,0,0.0,0.0,0.0,0.0,0.0,0.0
2026-07-30T15:21:47.436,582.016,137,open,ACTUATOR_ACTIVE,TRAJECTORY_COMPLETE,24.0,61,4,4,1.48,61,0,0.0,0.0,0.0,0.0,0.0,0.0
2026-07-30T15:21:47.932,582.516,137,open,ACTUATOR_ACTIVE,TRAJECTORY_COMPLETE,24.0,61,5,-1,0.14,61,0,0.0,0.0,0.0,0.0,0.0,0.0
2026-07-30T15:21:48.541,583.125,138,close,ACTUATOR_ACTIVE,TRAJECTORY_RUNNING,24.0,61,5,14,4.66,61,0,0.0,0.0,0.0,0.0,0.0,0.0
2026-07-30T15:21:49.036,583.61,138,close,ACTUATOR_ACTIVE,TRAJECTORY_RUNNING,24.0,61,26,46,4.38,61,0,0.0,0.0,0.0,0.0,0.0,0.0
2026-07-30T15:21:49.549,584.125,138,close,ACTUATOR_ACTIVE,TRAJECTORY_RUNNING,24.0,61,33,0,99.09,61,0,0.0,0.0,0.0,0.0,0.0,0.0
2026-07-30T15:21:50.043,584.625,138,close,ACTUATOR_ACTIVE,TRAJECTORY_RUNNING,24.0,61,33,0,98.28,61,0,0.0,0.0,0.0,0.0,0.0,0.0
2026-07-30T15:21:50.654,585.235,138,open,ACTUATOR_ACTIVE,TRAJECTORY_RUNNING,24.0,61,33,0,55.41,61,0,0.0,0.0,0.0,0.0,0.0,0.0
2026-07-30T15:21:51.151,585.735,138,open,ACTUATOR_ACTIVE,TRAJECTORY_RUNNING,24.0,61,21,-46,-3.12,61,0,0.0,0.0,0.0,0.0,0.0,0.0
2026-07-30T15:21:51.644,586.219,138,open,ACTUATOR_ACTIVE,TRAJECTORY_RUNNING,24.0,61,3,-1,-2.5,61,0,0.0,0.0,0.0,0.0,0.0,0.0
2026-07-30T15:21:52.157,586.735,138,open,ACTUATOR_ACTIVE,TRAJECTORY_COMPLETE,24.0,60,4,0,0.37,60,0,0.0,0.0,0.0,0.0,0.0,0.0
2026-07-30T15:21:52.769,587.344,139,close,ACTUATOR_ACTIVE,TRAJECTORY_RUNNING,24.0,60,5,19,4.44,60,0,0.0,0.0,0.0,0.0,0.0,0.0
2026-07-30T15:21:53.264,587.844,139,close,ACTUATOR_ACTIVE,TRAJECTORY_RUNNING,24.0,60,26,49,3.33,60,0,0.0,0.0,0.0,0.0,0.0,0.0
2026-07-30T15:21:53.762,588.344,139,close,ACTUATOR_ACTIVE,TRAJECTORY_RUNNING,24.0,60,33,0,105.03,60,0,0.0,0.0,0.0,0.0,0.0,0.0
2026-07-30T15:21:54.256,588.828,139,close,ACTUATOR_ACTIVE,TRAJECTORY_RUNNING,24.0,60,33,0,104.35,60,0,0.0,0.0,0.0,0.0,0.0,0.0
2026-07-30T15:21:54.880,589.453,139,open,ACTUATOR_ACTIVE,TRAJECTORY_RUNNING,24.0,60,33,0,58.08,60,0,0.0,0.0,0.0,0.0,0.0,0.0
2026-07-30T15:21:55.395,589.969,139,open,ACTUATOR_ACTIVE,TRAJECTORY_RUNNING,24.0,60,20,-46,-2.79,60,0,0.0,0.0,0.0,0.0,0.0,0.0
2026-07-30T15:21:55.892,590.469,139,open,ACTUATOR_ACTIVE,TRAJECTORY_RUNNING,24.0,60,3,2,-0.67,60,0,0.0,0.0,0.0,0.0,0.0,0.0
2026-07-30T15:21:56.384,590.953,139,open,ACTUATOR_ACTIVE,TRAJECTORY_COMPLETE,24.0,63,4,0,0.1,63,0,0.0,0.0,0.0,0.0,0.0,0.0
2026-07-30T15:21:56.997,591.578,140,close,ACTUATOR_ACTIVE,TRAJECTORY_RUNNING,24.0,63,5,18,5.76,63,0,0.0,0.0,0.0,0.0,0.0,0.0
2026-07-30T15:21:57.495,592.078,140,close,ACTUATOR_ACTIVE,TRAJECTORY_RUNNING,24.0,63,26,46,3.9,63,0,0.0,0.0,0.0,0.0,0.0,0.0
2026-07-30T15:21:57.993,592.563,140,close,ACTUATOR_ACTIVE,TRAJECTORY_RUNNING,24.0,63,33,0,108.56,63,0,0.0,0.0,0.0,0.0,0.0,0.0
2026-07-30T15:21:58.501,593.078,140,close,ACTUATOR_ACTIVE,TRAJECTORY_RUNNING,24.0,63,33,0,108.6,63,0,0.0,0.0,0.0,0.0,0.0,0.0
2026-07-30T15:21:59.112,593.688,140,open,ACTUATOR_ACTIVE,TRAJECTORY_RUNNING,24.0,63,33,0,52.04,63,0,0.0,0.0,0.0,0.0,0.0,0.0
2026-07-30T15:21:59.607,594.188,140,open,ACTUATOR_ACTIVE,TRAJECTORY_RUNNING,24.0,63,21,-48,-2.87,63,0,0.0,0.0,0.0,0.0,0.0,0.0
2026-07-30T15:22:00.105,594.688,140,open,ACTUATOR_ACTIVE,TRAJECTORY_RUNNING,24.0,65,3,0,-1.6,65,0,0.0,0.0,0.0,0.0,0.0,0.0
2026-07-30T15:22:00.601,595.172,140,open,ACTUATOR_ACTIVE,TRAJECTORY_COMPLETE,24.0,65,4,-1,-0.16,65,0,0.0,0.0,0.0,0.0,0.0,0.0
2026-07-30T15:22:01.228,595.797,141,close,ACTUATOR_ACTIVE,TRAJECTORY_RUNNING,24.0,65,5,15,3.13,65,0,0.0,0.0,0.0,0.0,0.0,0.0
2026-07-30T15:22:01.740,596.313,141,close,ACTUATOR_ACTIVE,TRAJECTORY_RUNNING,24.0,65,27,47,4.61,65,0,0.0,0.0,0.0,0.0,0.0,0.0
2026-07-30T15:22:02.237,596.813,141,close,ACTUATOR_ACTIVE,TRAJECTORY_RUNNING,24.0,65,33,0,104.85,65,0,0.0,0.0,0.0,0.0,0.0,0.0
2026-07-30T15:22:02.733,597.313,141,close,ACTUATOR_ACTIVE,TRAJECTORY_RUNNING,24.0,65,33,0,106.91,65,0,0.0,0.0,0.0,0.0,0.0,0.0
2026-07-30T15:22:03.344,597.922,141,open,ACTUATOR_ACTIVE,TRAJECTORY_RUNNING,24.0,65,33,-1,61.06,65,0,0.0,0.0,0.0,0.0,0.0,0.0
2026-07-30T15:22:03.842,598.422,141,open,ACTUATOR_ACTIVE,TRAJECTORY_RUNNING,24.0,65,21,-49,-2.78,65,0,0.0,0.0,0.0,0.0,0.0,0.0
2026-07-30T15:22:04.339,598.922,141,open,ACTUATOR_ACTIVE,TRAJECTORY_RUNNING,24.0,58,3,-1,-1.14,58,0,0.0,0.0,0.0,0.0,0.0,0.0
2026-07-30T15:22:04.837,599.407,141,open,ACTUATOR_ACTIVE,TRAJECTORY_COMPLETE,24.0,58,4,-1,0.41,58,0,0.0,0.0,0.0,0.0,0.0,0.0
2026-07-30T15:22:05.457,600.032,142,close,ACTUATOR_ACTIVE,TRAJECTORY_RUNNING,24.0,58,5,15,3.1,58,0,0.0,0.0,0.0,0.0,0.0,0.0
2026-07-30T15:22:05.953,600.532,142,close,ACTUATOR_ACTIVE,TRAJECTORY_RUNNING,24.0,58,25,48,1.87,58,0,0.0,0.0,0.0,0.0,0.0,0.0
2026-07-30T15:22:06.449,601.032,142,close,ACTUATOR_ACTIVE,TRAJECTORY_RUNNING,24.0,58,32,0,35.4,58,0,0.0,0.0,0.0,0.0,0.0,0.0
2026-07-30T15:22:06.944,601.516,142,close,ACTUATOR_ACTIVE,TRAJECTORY_RUNNING,24.0,58,32,0,32.02,58,0,0.0,0.0,0.0,0.0,0.0,0.0
2026-07-30T15:22:07.576,602.157,142,open,ACTUATOR_ACTIVE,TRAJECTORY_RUNNING,24.0,58,32,-16,6.89,58,0,0.0,0.0,0.0,0.0,0.0,0.0
2026-07-30T15:22:08.074,602.657,142,open,ACTUATOR_ACTIVE,TRAJECTORY_RUNNING,24.0,59,14,-50,-3.03,59,0,0.0,0.0,0.0,0.0,0.0,0.0
2026-07-30T15:22:08.569,603.141,142,open,ACTUATOR_ACTIVE,TRAJECTORY_RUNNING,24.0,59,3,8,3.9,59,0,0.0,0.0,0.0,0.0,0.0,0.0
2026-07-30T15:22:09.078,603.657,142,open,ACTUATOR_ACTIVE,TRAJECTORY_COMPLETE,24.0,59,4,0,0.05,59,0,0.0,0.0,0.0,0.0,0.0,0.0
2026-07-30T15:22:09.689,604.266,143,close,ACTUATOR_ACTIVE,TRAJECTORY_RUNNING,24.0,59,5,15,5.94,59,0,0.0,0.0,0.0,0.0,0.0,0.0
2026-07-30T15:22:10.190,604.766,143,close,ACTUATOR_ACTIVE,TRAJECTORY_RUNNING,24.0,59,26,46,3.94,59,0,0.0,0.0,0.0,0.0,0.0,0.0
2026-07-30T15:22:10.684,605.266,143,close,ACTUATOR_ACTIVE,TRAJECTORY_STOPPED,24.0,59,33,1,114.19,59,0,0.0,0.0,0.0,0.0,0.0,0.0
2026-07-30T15:22:11.181,605.766,143,close,ACTUATOR_ACTIVE,TRAJECTORY_RUNNING,24.0,59,33,0,99.62,59,0,0.0,0.0,0.0,0.0,0.0,0.0
2026-07-30T15:22:11.794,606.375,143,open,ACTUATOR_ACTIVE,TRAJECTORY_RUNNING,24.0,59,33,-1,56.79,59,0,0.0,0.0,0.0,0.0,0.0,0.0
2026-07-30T15:22:12.293,606.875,143,open,ACTUATOR_ACTIVE,TRAJECTORY_RUNNING,24.0,57,21,-47,-1.94,57,0,0.0,0.0,0.0,0.0,0.0,0.0
2026-07-30T15:22:12.793,607.375,143,open,ACTUATOR_ACTIVE,TRAJECTORY_RUNNING,24.0,57,3,0,-1.13,57,0,0.0,0.0,0.0,0.0,0.0,0.0
2026-07-30T15:22:13.291,607.875,143,open,ACTUATOR_ACTIVE,TRAJECTORY_COMPLETE,24.0,57,4,0,0.92,57,0,0.0,0.0,0.0,0.0,0.0,0.0
2026-07-30T15:22:13.902,608.485,144,close,ACTUATOR_ACTIVE,TRAJECTORY_RUNNING,24.0,57,5,17,3.21,57,0,0.0,0.0,0.0,0.0,0.0,0.0
2026-07-30T15:22:14.394,608.969,144,close,ACTUATOR_ACTIVE,TRAJECTORY_RUNNING,24.0,57,25,47,3.49,57,0,0.0,0.0,0.0,0.0,0.0,0.0
2026-07-30T15:22:14.906,609.485,144,close,ACTUATOR_ACTIVE,TRAJECTORY_RUNNING,24.0,57,32,0,32.29,57,0,0.0,0.0,0.0,0.0,0.0,0.0
2026-07-30T15:22:15.404,609.985,144,close,ACTUATOR_ACTIVE,TRAJECTORY_RUNNING,24.0,57,32,1,29.13,57,0,0.0,0.0,0.0,0.0,0.0,0.0
2026-07-30T15:22:16.016,610.594,144,open,ACTUATOR_ACTIVE,TRAJECTORY_RUNNING,24.0,63,32,-16,7.95,63,0,0.0,0.0,0.0,0.0,0.0,0.0
2026-07-30T15:22:16.509,611.094,144,open,ACTUATOR_ACTIVE,TRAJECTORY_RUNNING,24.0,63,14,-46,-1.78,63,0,0.0,0.0,0.0,0.0,0.0,0.0
2026-07-30T15:22:17.006,611.578,144,open,ACTUATOR_ACTIVE,TRAJECTORY_RUNNING,24.0,63,3,8,2.06,63,0,0.0,0.0,0.0,0.0,0.0,0.0
2026-07-30T15:22:17.515,612.094,144,open,ACTUATOR_ACTIVE,TRAJECTORY_COMPLETE,24.0,63,4,0,-0.06,63,0,0.0,0.0,0.0,0.0,0.0,0.0
2026-07-30T15:22:18.123,612.703,145,close,ACTUATOR_ACTIVE,TRAJECTORY_RUNNING,24.0,63,5,14,3.68,63,0,0.0,0.0,0.0,0.0,0.0,0.0
2026-07-30T15:22:18.616,613.188,145,close,ACTUATOR_ACTIVE,TRAJECTORY_RUNNING,24.0,63,26,49,5.41,63,0,0.0,0.0,0.0,0.0,0.0,0.0
2026-07-30T15:22:19.126,613.703,145,close,ACTUATOR_ACTIVE,TRAJECTORY_RUNNING,24.0,63,33,0,96.19,63,0,0.0,0.0,0.0,0.0,0.0,0.0
2026-07-30T15:22:19.623,614.203,145,close,ACTUATOR_ACTIVE,TRAJECTORY_RUNNING,24.0,63,33,0,102.59,63,0,0.0,0.0,0.0,0.0,0.0,0.0
2026-07-30T15:22:20.227,614.797,145,open,ACTUATOR_ACTIVE,TRAJECTORY_RUNNING,24.0,61,33,0,56.34,61,0,0.0,0.0,0.0,0.0,0.0,0.0
2026-07-30T15:22:20.741,615.313,145,open,ACTUATOR_ACTIVE,TRAJECTORY_RUNNING,24.0,61,20,-48,-0.85,61,0,0.0,0.0,0.0,0.0,0.0,0.0
2026-07-30T15:22:21.236,615.813,145,open,ACTUATOR_ACTIVE,TRAJECTORY_RUNNING,24.0,61,3,1,-0.93,61,0,0.0,0.0,0.0,0.0,0.0,0.0
2026-07-30T15:22:21.733,616.313,145,open,ACTUATOR_ACTIVE,TRAJECTORY_COMPLETE,24.0,61,4,-1,-0.0,61,0,0.0,0.0,0.0,0.0,0.0,0.0
2026-07-30T15:22:22.337,616.922,146,close,ACTUATOR_ACTIVE,TRAJECTORY_RUNNING,24.0,61,5,14,3.39,61,0,0.0,0.0,0.0,0.0,0.0,0.0
2026-07-30T15:22:22.826,617.407,146,close,ACTUATOR_ACTIVE,TRAJECTORY_RUNNING,24.0,61,24,47,2.13,61,0,0.0,0.0,0.0,0.0,0.0,0.0
2026-07-30T15:22:23.337,617.922,146,close,ACTUATOR_ACTIVE,TRAJECTORY_RUNNING,24.0,61,32,0,34.0,61,0,0.0,0.0,0.0,0.0,0.0,0.0
2026-07-30T15:22:23.839,618.422,146,close,ACTUATOR_ACTIVE,TRAJECTORY_RUNNING,24.0,61,32,0,28.53,61,0,0.0,0.0,0.0,0.0,0.0,0.0
2026-07-30T15:22:24.454,619.032,146,open,ACTUATOR_ACTIVE,TRAJECTORY_RUNNING,24.0,61,32,-15,6.97,61,0,0.0,0.0,0.0,0.0,0.0,0.0
2026-07-30T15:22:24.951,619.532,146,open,ACTUATOR_ACTIVE,TRAJECTORY_RUNNING,24.0,61,14,-48,-2.48,61,0,0.0,0.0,0.0,0.0,0.0,0.0
2026-07-30T15:22:25.443,620.016,146,open,ACTUATOR_ACTIVE,TRAJECTORY_RUNNING,24.0,61,4,6,2.33,61,0,0.0,0.0,0.0,0.0,0.0,0.0
2026-07-30T15:22:25.955,620.532,146,open,ACTUATOR_ACTIVE,TRAJECTORY_COMPLETE,24.0,61,4,0,0.75,61,0,0.0,0.0,0.0,0.0,0.0,0.0
2026-07-30T15:22:26.565,621.141,147,close,ACTUATOR_ACTIVE,TRAJECTORY_RUNNING,24.0,61,5,19,5.87,61,0,0.0,0.0,0.0,0.0,0.0,0.0
2026-07-30T15:22:27.063,621.641,147,close,ACTUATOR_ACTIVE,TRAJECTORY_RUNNING,24.0,61,26,49,2.92,61,0,0.0,0.0,0.0,0.0,0.0,0.0
2026-07-30T15:22:27.560,622.141,147,close,ACTUATOR_ACTIVE,TRAJECTORY_RUNNING,24.0,61,33,2,105.86,61,0,0.0,0.0,0.0,0.0,0.0,0.0
2026-07-30T15:22:28.052,622.625,147,close,ACTUATOR_ACTIVE,TRAJECTORY_RUNNING,24.0,61,33,0,103.74,61,0,0.0,0.0,0.0,0.0,0.0,0.0
2026-07-30T15:22:28.675,623.25,147,open,ACTUATOR_ACTIVE,TRAJECTORY_RUNNING,24.0,61,33,-1,56.61,61,0,0.0,0.0,0.0,0.0,0.0,0.0
2026-07-30T15:22:29.172,623.75,147,open,ACTUATOR_ACTIVE,TRAJECTORY_RUNNING,24.0,61,21,-46,-3.23,61,0,0.0,0.0,0.0,0.0,0.0,0.0
2026-07-30T15:22:29.669,624.25,147,open,ACTUATOR_ACTIVE,TRAJECTORY_RUNNING,24.0,61,3,0,-1.49,61,0,0.0,0.0,0.0,0.0,0.0,0.0
2026-07-30T15:22:30.166,624.75,147,open,ACTUATOR_ACTIVE,TRAJECTORY_COMPLETE,24.0,61,4,0,0.31,61,0,0.0,0.0,0.0,0.0,0.0,0.0
2026-07-30T15:22:30.775,625.344,148,close,ACTUATOR_ACTIVE,TRAJECTORY_RUNNING,24.0,61,5,15,3.22,61,0,0.0,0.0,0.0,0.0,0.0,0.0
2026-07-30T15:22:31.290,625.86,148,close,ACTUATOR_ACTIVE,TRAJECTORY_RUNNING,24.0,61,26,48,1.87,61,0,0.0,0.0,0.0,0.0,0.0,0.0
2026-07-30T15:22:31.787,626.36,148,close,ACTUATOR_ACTIVE,TRAJECTORY_RUNNING,24.0,61,32,-1,34.45,61,0,0.0,0.0,0.0,0.0,0.0,0.0
2026-07-30T15:22:32.284,626.86,148,close,ACTUATOR_ACTIVE,TRAJECTORY_RUNNING,24.0,59,32,0,30.31,59,0,0.0,0.0,0.0,0.0,0.0,0.0
2026-07-30T15:22:32.889,627.469,148,open,ACTUATOR_ACTIVE,TRAJECTORY_RUNNING,24.0,59,32,-14,8.36,59,0,0.0,0.0,0.0,0.0,0.0,0.0
2026-07-30T15:22:33.379,627.953,148,open,ACTUATOR_ACTIVE,TRAJECTORY_RUNNING,24.0,59,14,-48,-2.02,59,0,0.0,0.0,0.0,0.0,0.0,0.0
2026-07-30T15:22:33.894,628.469,148,open,ACTUATOR_ACTIVE,TRAJECTORY_RUNNING,24.0,59,4,9,2.6,59,0,0.0,0.0,0.0,0.0,0.0,0.0
2026-07-30T15:22:34.388,628.969,148,open,ACTUATOR_ACTIVE,TRAJECTORY_COMPLETE,24.0,59,4,0,0.24,59,0,0.0,0.0,0.0,0.0,0.0,0.0
2026-07-30T15:22:34.999,629.578,149,close,ACTUATOR_ACTIVE,TRAJECTORY_RUNNING,24.0,59,5,16,4.49,59,0,0.0,0.0,0.0,0.0,0.0,0.0
2026-07-30T15:22:35.497,630.078,149,close,ACTUATOR_ACTIVE,TRAJECTORY_RUNNING,24.0,59,26,49,5.05,59,0,0.0,0.0,0.0,0.0,0.0,0.0
2026-07-30T15:22:35.991,630.563,149,close,ACTUATOR_ACTIVE,TRAJECTORY_RUNNING,24.0,57,33,0,105.96,57,0,0.0,0.0,0.0,0.0,0.0,0.0
2026-07-30T15:22:36.501,631.078,149,close,ACTUATOR_ACTIVE,TRAJECTORY_RUNNING,24.0,57,33,0,100.54,57,0,0.0,0.0,0.0,0.0,0.0,0.0
2026-07-30T15:22:37.113,631.688,149,open,ACTUATOR_ACTIVE,TRAJECTORY_RUNNING,24.0,57,33,0,57.0,57,0,0.0,0.0,0.0,0.0,0.0,0.0
2026-07-30T15:22:37.608,632.188,149,open,ACTUATOR_ACTIVE,TRAJECTORY_RUNNING,24.0,57,21,-46,-2.63,57,0,0.0,0.0,0.0,0.0,0.0,0.0
2026-07-30T15:22:38.105,632.688,149,open,ACTUATOR_ACTIVE,TRAJECTORY_RUNNING,24.0,57,3,-1,-1.04,57,0,0.0,0.0,0.0,0.0,0.0,0.0
2026-07-30T15:22:38.603,633.172,149,open,ACTUATOR_ACTIVE,TRAJECTORY_COMPLETE,24.0,57,4,1,0.28,57,0,0.0,0.0,0.0,0.0,0.0,0.0
2026-07-30T15:22:39.224,633.797,150,close,ACTUATOR_ACTIVE,TRAJECTORY_RUNNING,24.0,57,5,15,4.06,57,0,0.0,0.0,0.0,0.0,0.0,0.0
2026-07-30T15:22:39.739,634.313,150,close,ACTUATOR_ACTIVE,TRAJECTORY_RUNNING,24.0,57,25,47,2.45,57,0,0.0,0.0,0.0,0.0,0.0,0.0
2026-07-30T15:22:40.239,634.813,150,close,ACTUATOR_ACTIVE,TRAJECTORY_RUNNING,24.0,60,32,0,31.91,60,0,0.0,0.0,0.0,0.0,0.0,0.0
2026-07-30T15:22:40.735,635.313,150,close,ACTUATOR_ACTIVE,TRAJECTORY_RUNNING,24.0,60,32,0,28.35,60,0,0.0,0.0,0.0,0.0,0.0,0.0
2026-07-30T15:22:41.344,635.922,150,open,ACTUATOR_ACTIVE,TRAJECTORY_RUNNING,24.0,60,32,-16,7.36,60,0,0.0,0.0,0.0,0.0,0.0,0.0
2026-07-30T15:22:41.831,636.407,150,open,ACTUATOR_ACTIVE,TRAJECTORY_RUNNING,24.0,60,14,-48,-3.28,60,0,0.0,0.0,0.0,0.0,0.0,0.0
2026-07-30T15:22:42.337,636.922,150,open,ACTUATOR_ACTIVE,TRAJECTORY_RUNNING,24.0,60,3,9,2.1,60,0,0.0,0.0,0.0,0.0,0.0,0.0
2026-07-30T15:22:42.826,637.407,150,open,ACTUATOR_ACTIVE,TRAJECTORY_COMPLETE,24.0,60,5,1,-0.93,60,0,0.0,0.0,0.0,0.0,0.0,0.0
2026-07-30T15:22:43.448,638.032,151,close,ACTUATOR_ACTIVE,TRAJECTORY_RUNNING,24.0,60,5,15,3.24,60,0,0.0,0.0,0.0,0.0,0.0,0.0
2026-07-30T15:22:43.946,638.516,151,close,ACTUATOR_ACTIVE,TRAJECTORY_RUNNING,24.0,60,26,50,2.94,60,0,0.0,0.0,0.0,0.0,0.0,0.0
2026-07-30T15:22:44.459,639.032,151,close,ACTUATOR_ACTIVE,TRAJECTORY_RUNNING,24.0,59,33,0,104.37,59,0,0.0,0.0,0.0,0.0,0.0,0.0
2026-07-30T15:22:44.955,639.532,151,close,ACTUATOR_ACTIVE,TRAJECTORY_RUNNING,24.0,59,33,0,100.26,59,0,0.0,0.0,0.0,0.0,0.0,0.0
2026-07-30T15:22:45.567,640.141,151,open,ACTUATOR_ACTIVE,TRAJECTORY_RUNNING,24.0,59,33,0,51.74,59,0,0.0,0.0,0.0,0.0,0.0,0.0
2026-07-30T15:22:46.062,640.641,151,open,ACTUATOR_ACTIVE,TRAJECTORY_RUNNING,24.0,59,21,-46,-2.38,59,0,0.0,0.0,0.0,0.0,0.0,0.0
2026-07-30T15:22:46.560,641.141,151,open,ACTUATOR_ACTIVE,TRAJECTORY_RUNNING,24.0,59,3,0,-1.36,59,0,0.0,0.0,0.0,0.0,0.0,0.0
2026-07-30T15:22:47.056,641.625,151,open,ACTUATOR_ACTIVE,TRAJECTORY_COMPLETE,24.0,59,4,0,0.43,59,0,0.0,0.0,0.0,0.0,0.0,0.0
2026-07-30T15:22:47.682,642.266,152,close,ACTUATOR_ACTIVE,TRAJECTORY_RUNNING,24.0,59,5,18,4.2,59,0,0.0,0.0,0.0,0.0,0.0,0.0
2026-07-30T15:22:48.180,642.75,152,close,ACTUATOR_ACTIVE,TRAJECTORY_RUNNING,24.0,62,25,46,1.78,62,0,0.0,0.0,0.0,0.0,0.0,0.0
2026-07-30T15:22:48.694,643.266,152,close,ACTUATOR_ACTIVE,TRAJECTORY_RUNNING,24.0,62,32,0,35.84,62,0,0.0,0.0,0.0,0.0,0.0,0.0
2026-07-30T15:22:49.191,643.766,152,close,ACTUATOR_ACTIVE,TRAJECTORY_RUNNING,24.0,62,32,0,31.29,62,0,0.0,0.0,0.0,0.0,0.0,0.0
2026-07-30T15:22:49.804,644.375,152,open,ACTUATOR_ACTIVE,TRAJECTORY_RUNNING,24.0,62,32,-17,6.94,62,0,0.0,0.0,0.0,0.0,0.0,0.0
2026-07-30T15:22:50.311,644.891,152,open,ACTUATOR_ACTIVE,TRAJECTORY_RUNNING,24.0,62,14,-48,-2.83,62,0,0.0,0.0,0.0,0.0,0.0,0.0
2026-07-30T15:22:50.807,645.391,152,open,ACTUATOR_ACTIVE,TRAJECTORY_RUNNING,24.0,62,3,9,4.18,62,0,0.0,0.0,0.0,0.0,0.0,0.0
2026-07-30T15:22:51.307,645.891,152,open,ACTUATOR_ACTIVE,TRAJECTORY_COMPLETE,24.0,62,5,0,0.21,62,0,0.0,0.0,0.0,0.0,0.0,0.0
2026-07-30T15:22:51.912,646.485,153,close,ACTUATOR_ACTIVE,TRAJECTORY_RUNNING,24.0,62,5,14,3.14,62,0,0.0,0.0,0.0,0.0,0.0,0.0
2026-07-30T15:22:52.422,647.0,153,close,ACTUATOR_ACTIVE,TRAJECTORY_RUNNING,24.0,59,25,49,1.82,59,0,0.0,0.0,0.0,0.0,0.0,0.0
2026-07-30T15:22:52.918,647.5,153,close,ACTUATOR_ACTIVE,TRAJECTORY_RUNNING,24.0,59,32,0,35.42,59,0,0.0,0.0,0.0,0.0,0.0,0.0
2026-07-30T15:22:53.420,648.0,153,close,ACTUATOR_ACTIVE,TRAJECTORY_RUNNING,24.0,59,32,-1,29.09,59,0,0.0,0.0,0.0,0.0,0.0,0.0
2026-07-30T15:22:54.029,648.61,153,open,ACTUATOR_ACTIVE,TRAJECTORY_RUNNING,24.0,59,32,-14,7.54,59,0,0.0,0.0,0.0,0.0,0.0,0.0
2026-07-30T15:22:54.527,649.11,153,open,ACTUATOR_ACTIVE,TRAJECTORY_RUNNING,24.0,59,14,-46,-2.33,59,0,0.0,0.0,0.0,0.0,0.0,0.0
2026-07-30T15:22:55.019,649.594,153,open,ACTUATOR_ACTIVE,TRAJECTORY_RUNNING,24.0,59,3,6,1.55,59,0,0.0,0.0,0.0,0.0,0.0,0.0
2026-07-30T15:22:55.530,650.11,153,open,ACTUATOR_ACTIVE,TRAJECTORY_COMPLETE,24.0,59,5,0,-0.23,59,0,0.0,0.0,0.0,0.0,0.0,0.0
2026-07-30T15:22:56.132,650.703,154,close,ACTUATOR_ACTIVE,TRAJECTORY_RUNNING,24.0,61,5,14,5.85,61,0,0.0,0.0,0.0,0.0,0.0,0.0
2026-07-30T15:22:56.648,651.219,154,close,ACTUATOR_ACTIVE,TRAJECTORY_RUNNING,24.0,61,27,50,5.4,61,0,0.0,0.0,0.0,0.0,0.0,0.0
2026-07-30T15:22:57.143,651.719,154,close,ACTUATOR_ACTIVE,TRAJECTORY_RUNNING,24.0,61,33,4,94.36,61,0,0.0,0.0,0.0,0.0,0.0,0.0
2026-07-30T15:22:57.638,652.219,154,close,ACTUATOR_ACTIVE,TRAJECTORY_RUNNING,24.0,61,33,0,99.8,61,0,0.0,0.0,0.0,0.0,0.0,0.0
2026-07-30T15:22:58.250,652.828,154,open,ACTUATOR_ACTIVE,TRAJECTORY_RUNNING,24.0,61,33,0,53.29,61,0,0.0,0.0,0.0,0.0,0.0,0.0
2026-07-30T15:22:58.748,653.328,154,open,ACTUATOR_ACTIVE,TRAJECTORY_RUNNING,24.0,61,21,-45,-2.1,61,0,0.0,0.0,0.0,0.0,0.0,0.0
2026-07-30T15:22:59.243,653.813,154,open,ACTUATOR_ACTIVE,TRAJECTORY_RUNNING,24.0,61,3,-1,-0.93,61,0,0.0,0.0,0.0,0.0,0.0,0.0
2026-07-30T15:22:59.755,654.328,154,open,ACTUATOR_ACTIVE,TRAJECTORY_COMPLETE,24.0,61,5,0,0.02,61,0,0.0,0.0,0.0,0.0,0.0,0.0
2026-07-30T15:23:00.357,654.938,155,close,ACTUATOR_ACTIVE,TRAJECTORY_RUNNING,24.0,56,5,14,3.27,56,0,0.0,0.0,0.0,0.0,0.0,0.0
2026-07-30T15:23:00.854,655.438,155,close,ACTUATOR_ACTIVE,TRAJECTORY_RUNNING,24.0,56,26,48,3.99,56,0,0.0,0.0,0.0,0.0,0.0,0.0
2026-07-30T15:23:01.351,655.922,155,close,ACTUATOR_ACTIVE,TRAJECTORY_RUNNING,24.0,56,33,0,104.34,56,0,0.0,0.0,0.0,0.0,0.0,0.0
2026-07-30T15:23:01.859,656.438,155,close,ACTUATOR_ACTIVE,TRAJECTORY_RUNNING,24.0,56,33,0,93.95,56,0,0.0,0.0,0.0,0.0,0.0,0.0
2026-07-30T15:23:02.464,657.047,155,open,ACTUATOR_ACTIVE,TRAJECTORY_RUNNING,24.0,56,33,-1,53.86,56,0,0.0,0.0,0.0,0.0,0.0,0.0
2026-07-30T15:23:02.964,657.547,155,open,ACTUATOR_ACTIVE,TRAJECTORY_RUNNING,24.0,56,18,-46,-3.46,56,0,0.0,0.0,0.0,0.0,0.0,0.0
2026-07-30T15:23:03.458,658.032,155,open,ACTUATOR_ACTIVE,TRAJECTORY_COMPLETE,24.0,56,5,5,1.93,56,0,0.0,0.0,0.0,0.0,0.0,0.0
2026-07-30T15:23:03.973,658.547,155,open,ACTUATOR_ACTIVE,TRAJECTORY_COMPLETE,24.0,56,4,0,0.98,56,0,0.0,0.0,0.0,0.0,0.0,0.0
2026-07-30T15:23:04.583,659.157,156,close,ACTUATOR_ACTIVE,TRAJECTORY_RUNNING,24.0,54,5,14,3.49,54,0,0.0,0.0,0.0,0.0,0.0,0.0
2026-07-30T15:23:05.079,659.657,156,close,ACTUATOR_ACTIVE,TRAJECTORY_RUNNING,24.0,54,26,49,2.25,54,0,0.0,0.0,0.0,0.0,0.0,0.0
2026-07-30T15:23:05.573,660.157,156,close,ACTUATOR_ACTIVE,TRAJECTORY_RUNNING,24.0,54,33,0,103.72,54,0,0.0,0.0,0.0,0.0,0.0,0.0
2026-07-30T15:23:06.069,660.641,156,close,ACTUATOR_ACTIVE,TRAJECTORY_RUNNING,24.0,54,33,0,103.09,54,0,0.0,0.0,0.0,0.0,0.0,0.0
2026-07-30T15:23:06.694,661.266,156,open,ACTUATOR_ACTIVE,TRAJECTORY_RUNNING,24.0,54,33,0,55.2,54,0,0.0,0.0,0.0,0.0,0.0,0.0
2026-07-30T15:23:07.206,661.782,156,open,ACTUATOR_ACTIVE,TRAJECTORY_RUNNING,24.0,54,20,-49,-2.37,54,0,0.0,0.0,0.0,0.0,0.0,0.0
2026-07-30T15:23:07.703,662.282,156,open,ACTUATOR_ACTIVE,TRAJECTORY_RUNNING,24.0,54,3,0,-0.91,54,0,0.0,0.0,0.0,0.0,0.0,0.0
2026-07-30T15:23:08.200,662.782,156,open,ACTUATOR_ACTIVE,TRAJECTORY_COMPLETE,24.0,59,4,-1,0.4,59,0,0.0,0.0,0.0,0.0,0.0,0.0
2026-07-30T15:23:08.807,663.391,157,close,ACTUATOR_ACTIVE,TRAJECTORY_RUNNING,24.0,59,5,14,4.89,59,0,0.0,0.0,0.0,0.0,0.0,0.0
2026-07-30T15:23:09.305,663.875,157,close,ACTUATOR_ACTIVE,TRAJECTORY_RUNNING,24.0,59,26,49,5.0,59,0,0.0,0.0,0.0,0.0,0.0,0.0
2026-07-30T15:23:09.818,664.391,157,close,ACTUATOR_ACTIVE,TRAJECTORY_RUNNING,24.0,59,33,0,103.19,59,0,0.0,0.0,0.0,0.0,0.0,0.0
2026-07-30T15:23:10.314,664.891,157,close,ACTUATOR_ACTIVE,TRAJECTORY_RUNNING,24.0,59,33,0,100.82,59,0,0.0,0.0,0.0,0.0,0.0,0.0
2026-07-30T15:23:10.922,665.5,157,open,ACTUATOR_ACTIVE,TRAJECTORY_RUNNING,24.0,59,33,0,55.53,59,0,0.0,0.0,0.0,0.0,0.0,0.0
2026-07-30T15:23:11.421,666.0,157,open,ACTUATOR_ACTIVE,TRAJECTORY_RUNNING,24.0,59,21,-45,-4.66,59,0,0.0,0.0,0.0,0.0,0.0,0.0
2026-07-30T15:23:11.920,666.5,157,open,ACTUATOR_ACTIVE,TRAJECTORY_RUNNING,24.0,59,3,0,-0.97,59,0,0.0,0.0,0.0,0.0,0.0,0.0
2026-07-30T15:23:12.420,667.0,157,open,ACTUATOR_ACTIVE,TRAJECTORY_COMPLETE,24.0,52,4,0,0.24,52,0,0.0,0.0,0.0,0.0,0.0,0.0
2026-07-30T15:23:13.027,667.61,158,close,ACTUATOR_ACTIVE,TRAJECTORY_RUNNING,24.0,52,5,17,4.41,52,0,0.0,0.0,0.0,0.0,0.0,0.0
2026-07-30T15:23:13.524,668.094,158,close,ACTUATOR_ACTIVE,TRAJECTORY_RUNNING,24.0,52,26,47,4.23,52,0,0.0,0.0,0.0,0.0,0.0,0.0
2026-07-30T15:23:14.035,668.61,158,close,ACTUATOR_ACTIVE,TRAJECTORY_RUNNING,24.0,52,33,0,102.42,52,0,0.0,0.0,0.0,0.0,0.0,0.0
2026-07-30T15:23:14.534,669.11,158,close,ACTUATOR_ACTIVE,TRAJECTORY_RUNNING,24.0,52,33,0,109.73,52,0,0.0,0.0,0.0,0.0,0.0,0.0
2026-07-30T15:23:15.142,669.719,158,open,ACTUATOR_ACTIVE,TRAJECTORY_RUNNING,24.0,52,33,-1,58.55,52,0,0.0,0.0,0.0,0.0,0.0,0.0
2026-07-30T15:23:15.634,670.219,158,open,ACTUATOR_ACTIVE,TRAJECTORY_RUNNING,24.0,52,21,-45,-2.82,52,0,0.0,0.0,0.0,0.0,0.0,0.0
2026-07-30T15:23:16.130,670.703,158,open,ACTUATOR_ACTIVE,TRAJECTORY_RUNNING,24.0,60,3,0,-1.7,60,0,0.0,0.0,0.0,0.0,0.0,0.0
2026-07-30T15:23:16.643,671.219,158,open,ACTUATOR_ACTIVE,TRAJECTORY_COMPLETE,24.0,60,4,0,0.24,60,0,0.0,0.0,0.0,0.0,0.0,0.0
2026-07-30T15:23:17.255,671.828,159,close,ACTUATOR_ACTIVE,TRAJECTORY_RUNNING,24.0,60,5,19,5.28,60,0,0.0,0.0,0.0,0.0,0.0,0.0
2026-07-30T15:23:17.751,672.328,159,close,ACTUATOR_ACTIVE,TRAJECTORY_RUNNING,24.0,60,27,48,3.62,60,0,0.0,0.0,0.0,0.0,0.0,0.0
2026-07-30T15:23:18.248,672.828,159,close,ACTUATOR_ACTIVE,TRAJECTORY_RUNNING,24.0,60,33,0,101.48,60,0,0.0,0.0,0.0,0.0,0.0,0.0
2026-07-30T15:23:18.748,673.328,159,close,ACTUATOR_ACTIVE,TRAJECTORY_RUNNING,24.0,60,33,0,104.51,60,0,0.0,0.0,0.0,0.0,0.0,0.0
2026-07-30T15:23:19.356,673.938,159,open,ACTUATOR_ACTIVE,TRAJECTORY_RUNNING,24.0,60,33,-1,55.26,60,0,0.0,0.0,0.0,0.0,0.0,0.0
2026-07-30T15:23:19.856,674.438,159,open,ACTUATOR_ACTIVE,TRAJECTORY_RUNNING,24.0,60,21,-47,-1.73,60,0,0.0,0.0,0.0,0.0,0.0,0.0
2026-07-30T15:23:20.354,674.938,159,open,ACTUATOR_ACTIVE,TRAJECTORY_RUNNING,24.0,57,3,0,-1.46,57,0,0.0,0.0,0.0,0.0,0.0,0.0
2026-07-30T15:23:20.845,675.422,159,open,ACTUATOR_ACTIVE,TRAJECTORY_COMPLETE,24.0,57,4,0,0.47,57,0,0.0,0.0,0.0,0.0,0.0,0.0
2026-07-30T15:23:21.474,676.047,160,close,ACTUATOR_ACTIVE,TRAJECTORY_RUNNING,24.0,57,5,18,5.92,57,0,0.0,0.0,0.0,0.0,0.0,0.0
2026-07-30T15:23:21.968,676.547,160,close,ACTUATOR_ACTIVE,TRAJECTORY_RUNNING,24.0,57,26,47,1.96,57,0,0.0,0.0,0.0,0.0,0.0,0.0
2026-07-30T15:23:22.465,677.047,160,close,ACTUATOR_ACTIVE,TRAJECTORY_RUNNING,24.0,57,33,0,99.48,57,0,0.0,0.0,0.0,0.0,0.0,0.0
2026-07-30T15:23:22.962,677.532,160,close,ACTUATOR_ACTIVE,TRAJECTORY_RUNNING,24.0,57,33,0,98.64,57,0,0.0,0.0,0.0,0.0,0.0,0.0
2026-07-30T15:23:23.586,678.157,160,open,ACTUATOR_ACTIVE,TRAJECTORY_RUNNING,24.0,57,33,0,56.15,57,0,0.0,0.0,0.0,0.0,0.0,0.0
2026-07-30T15:23:24.076,678.657,160,open,ACTUATOR_ACTIVE,TRAJECTORY_RUNNING,24.0,61,18,-46,-4.12,61,0,0.0,0.0,0.0,0.0,0.0,0.0
2026-07-30T15:23:24.573,679.157,160,open,ACTUATOR_ACTIVE,TRAJECTORY_COMPLETE,24.0,61,4,6,1.13,61,0,0.0,0.0,0.0,0.0,0.0,0.0
2026-07-30T15:23:25.071,679.641,160,open,ACTUATOR_ACTIVE,TRAJECTORY_COMPLETE,24.0,61,4,-1,-0.28,61,0,0.0,0.0,0.0,0.0,0.0,0.0
2026-07-30T15:23:25.694,680.266,161,close,ACTUATOR_ACTIVE,TRAJECTORY_RUNNING,24.0,61,5,16,3.34,61,0,0.0,0.0,0.0,0.0,0.0,0.0
2026-07-30T15:23:26.205,680.782,161,close,ACTUATOR_ACTIVE,TRAJECTORY_RUNNING,24.0,61,27,45,3.82,61,0,0.0,0.0,0.0,0.0,0.0,0.0
2026-07-30T15:23:26.703,681.282,161,close,ACTUATOR_ACTIVE,TRAJECTORY_RUNNING,24.0,61,33,0,103.26,61,0,0.0,0.0,0.0,0.0,0.0,0.0
2026-07-30T15:23:27.200,681.782,161,close,ACTUATOR_ACTIVE,TRAJECTORY_RUNNING,24.0,61,33,0,101.81,61,0,0.0,0.0,0.0,0.0,0.0,0.0
2026-07-30T15:23:27.807,682.391,161,open,ACTUATOR_ACTIVE,TRAJECTORY_RUNNING,24.0,61,33,0,56.79,61,0,0.0,0.0,0.0,0.0,0.0,0.0
2026-07-30T15:23:28.304,682.875,161,open,ACTUATOR_ACTIVE,TRAJECTORY_RUNNING,24.0,59,18,-47,-1.56,59,0,0.0,0.0,0.0,0.0,0.0,0.0
2026-07-30T15:23:28.818,683.391,161,open,ACTUATOR_ACTIVE,TRAJECTORY_COMPLETE,24.0,59,5,1,1.91,59,0,0.0,0.0,0.0,0.0,0.0,0.0
2026-07-30T15:23:29.317,683.891,161,open,ACTUATOR_ACTIVE,TRAJECTORY_COMPLETE,24.0,59,4,0,-0.22,59,0,0.0,0.0,0.0,0.0,0.0,0.0
2026-07-30T15:23:29.930,684.5,162,close,ACTUATOR_ACTIVE,TRAJECTORY_RUNNING,24.0,59,5,14,4.09,59,0,0.0,0.0,0.0,0.0,0.0,0.0
2026-07-30T15:23:30.442,685.016,162,close,ACTUATOR_ACTIVE,TRAJECTORY_RUNNING,24.0,59,27,50,2.1,59,0,0.0,0.0,0.0,0.0,0.0,0.0
2026-07-30T15:23:30.937,685.516,162,close,ACTUATOR_ACTIVE,TRAJECTORY_RUNNING,24.0,59,33,0,106.69,59,0,0.0,0.0,0.0,0.0,0.0,0.0
2026-07-30T15:23:31.435,686.016,162,close,ACTUATOR_ACTIVE,TRAJECTORY_RUNNING,24.0,59,33,0,105.58,59,0,0.0,0.0,0.0,0.0,0.0,0.0
2026-07-30T15:23:32.041,686.625,162,open,ACTUATOR_ACTIVE,TRAJECTORY_RUNNING,24.0,61,33,0,56.61,61,0,0.0,0.0,0.0,0.0,0.0,0.0
2026-07-30T15:23:32.537,687.11,162,open,ACTUATOR_ACTIVE,TRAJECTORY_RUNNING,24.0,61,21,-47,-0.74,61,0,0.0,0.0,0.0,0.0,0.0,0.0
2026-07-30T15:23:33.047,687.625,162,open,ACTUATOR_ACTIVE,TRAJECTORY_RUNNING,24.0,61,3,0,-0.73,61,0,0.0,0.0,0.0,0.0,0.0,0.0
2026-07-30T15:23:33.543,688.125,162,open,ACTUATOR_ACTIVE,TRAJECTORY_COMPLETE,24.0,61,4,-1,0.26,61,0,0.0,0.0,0.0,0.0,0.0,0.0
2026-07-30T15:23:34.159,688.735,163,close,ACTUATOR_ACTIVE,TRAJECTORY_RUNNING,24.0,61,5,15,5.29,61,0,0.0,0.0,0.0,0.0,0.0,0.0
2026-07-30T15:23:34.656,689.235,163,close,ACTUATOR_ACTIVE,TRAJECTORY_RUNNING,24.0,61,25,49,4.12,61,0,0.0,0.0,0.0,0.0,0.0,0.0
2026-07-30T15:23:35.153,689.735,163,close,ACTUATOR_ACTIVE,TRAJECTORY_RUNNING,24.0,61,32,0,31.93,61,0,0.0,0.0,0.0,0.0,0.0,0.0
2026-07-30T15:23:35.648,690.219,163,close,ACTUATOR_ACTIVE,TRAJECTORY_RUNNING,24.0,61,32,0,29.21,61,0,0.0,0.0,0.0,0.0,0.0,0.0
2026-07-30T15:23:36.274,690.844,163,open,ACTUATOR_ACTIVE,TRAJECTORY_RUNNING,24.0,58,32,-16,6.37,58,0,0.0,0.0,0.0,0.0,0.0,0.0
2026-07-30T15:23:36.787,691.36,163,open,ACTUATOR_ACTIVE,TRAJECTORY_RUNNING,24.0,58,13,-48,-1.96,58,0,0.0,0.0,0.0,0.0,0.0,0.0
2026-07-30T15:23:37.285,691.86,163,open,ACTUATOR_ACTIVE,TRAJECTORY_RUNNING,24.0,58,4,10,3.53,58,0,0.0,0.0,0.0,0.0,0.0,0.0
2026-07-30T15:23:37.782,692.36,163,open,ACTUATOR_ACTIVE,TRAJECTORY_COMPLETE,24.0,58,4,0,0.37,58,0,0.0,0.0,0.0,0.0,0.0,0.0
2026-07-30T15:23:38.393,692.969,164,close,ACTUATOR_ACTIVE,TRAJECTORY_RUNNING,24.0,58,5,17,4.07,58,0,0.0,0.0,0.0,0.0,0.0,0.0
2026-07-30T15:23:38.892,693.469,164,close,ACTUATOR_ACTIVE,TRAJECTORY_RUNNING,24.0,58,27,50,3.46,58,0,0.0,0.0,0.0,0.0,0.0,0.0
2026-07-30T15:23:39.385,693.969,164,close,ACTUATOR_ACTIVE,TRAJECTORY_RUNNING,24.0,58,33,0,105.0,58,0,0.0,0.0,0.0,0.0,0.0,0.0
2026-07-30T15:23:39.885,694.469,164,close,ACTUATOR_ACTIVE,TRAJECTORY_RUNNING,24.0,58,33,0,100.87,58,0,0.0,0.0,0.0,0.0,0.0,0.0
2026-07-30T15:23:40.497,695.078,164,open,ACTUATOR_ACTIVE,TRAJECTORY_RUNNING,24.0,61,33,-1,53.44,61,0,0.0,0.0,0.0,0.0,0.0,0.0
2026-07-30T15:23:40.994,695.578,164,open,ACTUATOR_ACTIVE,TRAJECTORY_RUNNING,24.0,61,21,-44,-3.27,61,0,0.0,0.0,0.0,0.0,0.0,0.0
2026-07-30T15:23:41.495,696.078,164,open,ACTUATOR_ACTIVE,TRAJECTORY_RUNNING,24.0,61,3,0,-1.38,61,0,0.0,0.0,0.0,0.0,0.0,0.0
2026-07-30T15:23:41.988,696.563,164,open,ACTUATOR_ACTIVE,TRAJECTORY_COMPLETE,24.0,61,4,0,0.29,61,0,0.0,0.0,0.0,0.0,0.0,0.0
2026-07-30T15:23:42.606,697.188,165,close,ACTUATOR_ACTIVE,TRAJECTORY_RUNNING,24.0,61,5,17,4.1,61,0,0.0,0.0,0.0,0.0,0.0,0.0
2026-07-30T15:23:43.104,697.688,165,close,ACTUATOR_ACTIVE,TRAJECTORY_RUNNING,24.0,61,25,49,3.56,61,0,0.0,0.0,0.0,0.0,0.0,0.0
2026-07-30T15:23:43.595,698.172,165,close,ACTUATOR_ACTIVE,TRAJECTORY_RUNNING,24.0,61,32,0,35.87,61,0,0.0,0.0,0.0,0.0,0.0,0.0
2026-07-30T15:23:44.109,698.688,165,close,ACTUATOR_ACTIVE,TRAJECTORY_RUNNING,24.0,61,32,0,31.12,61,0,0.0,0.0,0.0,0.0,0.0,0.0
2026-07-30T15:23:44.717,699.297,165,open,ACTUATOR_ACTIVE,TRAJECTORY_RUNNING,24.0,61,32,-16,6.6,61,0,0.0,0.0,0.0,0.0,0.0,0.0
2026-07-30T15:23:45.214,699.797,165,open,ACTUATOR_ACTIVE,TRAJECTORY_RUNNING,24.0,61,15,-50,-2.18,61,0,0.0,0.0,0.0,0.0,0.0,0.0
2026-07-30T15:23:45.713,700.297,165,open,ACTUATOR_ACTIVE,TRAJECTORY_RUNNING,24.0,61,3,5,2.06,61,0,0.0,0.0,0.0,0.0,0.0,0.0
2026-07-30T15:23:46.209,700.782,165,open,ACTUATOR_ACTIVE,TRAJECTORY_COMPLETE,24.0,61,4,2,0.09,61,0,0.0,0.0,0.0,0.0,0.0,0.0
2026-07-30T15:23:46.833,701.407,166,close,ACTUATOR_ACTIVE,TRAJECTORY_RUNNING,24.0,61,5,15,4.04,61,0,0.0,0.0,0.0,0.0,0.0,0.0
2026-07-30T15:23:47.342,701.922,166,close,ACTUATOR_ACTIVE,TRAJECTORY_RUNNING,24.0,61,27,46,5.73,61,0,0.0,0.0,0.0,0.0,0.0,0.0
2026-07-30T15:23:47.839,702.422,166,close,ACTUATOR_ACTIVE,TRAJECTORY_RUNNING,24.0,61,33,0,102.39,61,0,0.0,0.0,0.0,0.0,0.0,0.0
2026-07-30T15:23:48.333,702.907,166,close,ACTUATOR_ACTIVE,TRAJECTORY_RUNNING,24.0,60,33,0,110.3,60,0,0.0,0.0,0.0,0.0,0.0,0.0
2026-07-30T15:23:48.957,703.532,166,open,ACTUATOR_ACTIVE,TRAJECTORY_RUNNING,24.0,60,33,-1,56.55,60,0,0.0,0.0,0.0,0.0,0.0,0.0
2026-07-30T15:23:49.453,704.032,166,open,ACTUATOR_ACTIVE,TRAJECTORY_RUNNING,24.0,60,21,-47,-1.3,60,0,0.0,0.0,0.0,0.0,0.0,0.0
2026-07-30T15:23:49.950,704.532,166,open,ACTUATOR_ACTIVE,TRAJECTORY_RUNNING,24.0,60,3,0,-1.25,60,0,0.0,0.0,0.0,0.0,0.0,0.0
2026-07-30T15:23:50.443,705.016,166,open,ACTUATOR_ACTIVE,TRAJECTORY_COMPLETE,24.0,60,4,1,0.59,60,0,0.0,0.0,0.0,0.0,0.0,0.0
2026-07-30T15:23:51.071,705.641,167,close,ACTUATOR_ACTIVE,TRAJECTORY_RUNNING,24.0,60,5,15,3.37,60,0,0.0,0.0,0.0,0.0,0.0,0.0
2026-07-30T15:23:51.587,706.172,167,close,ACTUATOR_ACTIVE,TRAJECTORY_RUNNING,24.0,60,27,48,1.86,60,0,0.0,0.0,0.0,0.0,0.0,0.0
2026-07-30T15:23:52.073,706.657,167,close,ACTUATOR_ACTIVE,TRAJECTORY_RUNNING,24.0,61,33,0,108.62,61,0,0.0,0.0,0.0,0.0,0.0,0.0
2026-07-30T15:23:52.571,707.141,167,close,ACTUATOR_ACTIVE,TRAJECTORY_RUNNING,24.0,61,33,0,96.15,61,0,0.0,0.0,0.0,0.0,0.0,0.0
2026-07-30T15:23:53.198,707.782,167,open,ACTUATOR_ACTIVE,TRAJECTORY_RUNNING,24.0,61,33,-1,55.15,61,0,0.0,0.0,0.0,0.0,0.0,0.0
2026-07-30T15:23:53.690,708.266,167,open,ACTUATOR_ACTIVE,TRAJECTORY_RUNNING,24.0,61,21,-45,-0.76,61,0,0.0,0.0,0.0,0.0,0.0,0.0
2026-07-30T15:23:54.198,708.782,167,open,ACTUATOR_ACTIVE,TRAJECTORY_RUNNING,24.0,61,3,0,-0.83,61,0,0.0,0.0,0.0,0.0,0.0,0.0
2026-07-30T15:23:54.697,709.282,167,open,ACTUATOR_ACTIVE,TRAJECTORY_COMPLETE,24.0,61,4,1,0.24,61,0,0.0,0.0,0.0,0.0,0.0,0.0
2026-07-30T15:23:55.297,709.875,168,close,ACTUATOR_ACTIVE,TRAJECTORY_RUNNING,24.0,61,5,14,3.87,61,0,0.0,0.0,0.0,0.0,0.0,0.0
2026-07-30T15:23:55.793,710.375,168,close,ACTUATOR_ACTIVE,TRAJECTORY_RUNNING,24.0,61,25,48,2.08,61,0,0.0,0.0,0.0,0.0,0.0,0.0
2026-07-30T15:23:56.290,710.86,168,close,ACTUATOR_ACTIVE,TRAJECTORY_RUNNING,24.0,58,33,0,109.31,58,0,0.0,0.0,0.0,0.0,0.0,0.0
2026-07-30T15:23:56.804,711.375,168,close,ACTUATOR_ACTIVE,TRAJECTORY_RUNNING,24.0,58,33,0,98.14,58,0,0.0,0.0,0.0,0.0,0.0,0.0
2026-07-30T15:23:57.413,711.985,168,open,ACTUATOR_ACTIVE,TRAJECTORY_RUNNING,24.0,58,33,0,57.55,58,0,0.0,0.0,0.0,0.0,0.0,0.0
2026-07-30T15:23:57.925,712.5,168,open,ACTUATOR_ACTIVE,TRAJECTORY_RUNNING,24.0,58,20,-45,-1.43,58,0,0.0,0.0,0.0,0.0,0.0,0.0
2026-07-30T15:23:58.423,713.0,168,open,ACTUATOR_ACTIVE,TRAJECTORY_RUNNING,24.0,58,3,0,-0.56,58,0,0.0,0.0,0.0,0.0,0.0,0.0
2026-07-30T15:23:58.921,713.5,168,open,ACTUATOR_ACTIVE,TRAJECTORY_COMPLETE,24.0,58,4,0,1.23,58,0,0.0,0.0,0.0,0.0,0.0,0.0
2026-07-30T15:23:59.527,714.11,169,close,ACTUATOR_ACTIVE,TRAJECTORY_RUNNING,24.0,58,5,19,4.32,58,0,0.0,0.0,0.0,0.0,0.0,0.0
2026-07-30T15:24:00.025,714.61,169,close,ACTUATOR_ACTIVE,TRAJECTORY_RUNNING,24.0,61,26,48,4.48,61,0,0.0,0.0,0.0,0.0,0.0,0.0
2026-07-30T15:24:00.519,715.094,169,close,ACTUATOR_ACTIVE,TRAJECTORY_RUNNING,24.0,61,33,0,107.58,61,0,0.0,0.0,0.0,0.0,0.0,0.0
2026-07-30T15:24:01.033,715.61,169,close,ACTUATOR_ACTIVE,TRAJECTORY_RUNNING,24.0,61,33,0,104.78,61,0,0.0,0.0,0.0,0.0,0.0,0.0
2026-07-30T15:24:01.639,716.219,169,open,ACTUATOR_ACTIVE,TRAJECTORY_RUNNING,24.0,61,33,0,53.73,61,0,0.0,0.0,0.0,0.0,0.0,0.0
2026-07-30T15:24:02.135,716.719,169,open,ACTUATOR_ACTIVE,TRAJECTORY_RUNNING,24.0,61,18,-48,-2.71,61,0,0.0,0.0,0.0,0.0,0.0,0.0
2026-07-30T15:24:02.625,717.203,169,open,ACTUATOR_ACTIVE,TRAJECTORY_COMPLETE,24.0,61,5,5,1.72,61,0,0.0,0.0,0.0,0.0,0.0,0.0
2026-07-30T15:24:03.140,717.719,169,open,ACTUATOR_ACTIVE,TRAJECTORY_COMPLETE,24.0,61,5,0,0.6,61,0,0.0,0.0,0.0,0.0,0.0,0.0
2026-07-30T15:24:03.753,718.328,170,close,ACTUATOR_ACTIVE,TRAJECTORY_RUNNING,24.0,61,5,14,4.16,61,0,0.0,0.0,0.0,0.0,0.0,0.0
2026-07-30T15:24:04.249,718.828,170,close,ACTUATOR_ACTIVE,TRAJECTORY_RUNNING,24.0,62,26,48,5.33,62,0,0.0,0.0,0.0,0.0,0.0,0.0
2026-07-30T15:24:04.744,719.328,170,close,ACTUATOR_ACTIVE,TRAJECTORY_RUNNING,24.0,62,33,0,102.61,62,0,0.0,0.0,0.0,0.0,0.0,0.0
2026-07-30T15:24:05.243,719.813,170,close,ACTUATOR_ACTIVE,TRAJECTORY_RUNNING,24.0,62,33,0,92.1,62,0,0.0,0.0,0.0,0.0,0.0,0.0
2026-07-30T15:24:05.870,720.453,170,open,ACTUATOR_ACTIVE,TRAJECTORY_RUNNING,24.0,62,33,-1,55.12,62,0,0.0,0.0,0.0,0.0,0.0,0.0
2026-07-30T15:24:06.369,720.953,170,open,ACTUATOR_ACTIVE,TRAJECTORY_RUNNING,24.0,62,18,-48,-3.7,62,0,0.0,0.0,0.0,0.0,0.0,0.0
2026-07-30T15:24:06.864,721.438,170,open,ACTUATOR_ACTIVE,TRAJECTORY_COMPLETE,24.0,62,5,5,1.52,62,0,0.0,0.0,0.0,0.0,0.0,0.0
2026-07-30T15:24:07.374,721.953,170,open,ACTUATOR_ACTIVE,TRAJECTORY_COMPLETE,24.0,62,4,0,-1.1,62,0,0.0,0.0,0.0,0.0,0.0,0.0
2026-07-30T15:24:07.987,722.563,171,close,ACTUATOR_ACTIVE,TRAJECTORY_RUNNING,24.0,62,5,16,4.15,56,0,0.0,0.0,0.0,0.0,0.0,0.0
2026-07-30T15:24:08.487,723.063,171,close,ACTUATOR_ACTIVE,TRAJECTORY_RUNNING,24.0,56,26,50,1.31,56,0,0.0,0.0,0.0,0.0,0.0,0.0
2026-07-30T15:24:08.986,723.563,171,close,ACTUATOR_ACTIVE,TRAJECTORY_RUNNING,24.0,56,33,0,107.65,56,0,0.0,0.0,0.0,0.0,0.0,0.0
2026-07-30T15:24:09.487,724.063,171,close,ACTUATOR_ACTIVE,TRAJECTORY_RUNNING,24.0,56,33,0,104.84,56,0,0.0,0.0,0.0,0.0,0.0,0.0
2026-07-30T15:24:10.097,724.672,171,open,ACTUATOR_ACTIVE,TRAJECTORY_RUNNING,24.0,56,33,-1,51.98,56,0,0.0,0.0,0.0,0.0,0.0,0.0
2026-07-30T15:24:10.596,725.172,171,open,ACTUATOR_ACTIVE,TRAJECTORY_RUNNING,24.0,56,21,-47,-2.24,56,0,0.0,0.0,0.0,0.0,0.0,0.0
2026-07-30T15:24:11.090,725.672,171,open,ACTUATOR_ACTIVE,TRAJECTORY_RUNNING,24.0,56,3,0,-1.63,56,0,0.0,0.0,0.0,0.0,0.0,0.0
2026-07-30T15:24:11.587,726.157,171,open,ACTUATOR_ACTIVE,TRAJECTORY_COMPLETE,24.0,56,4,0,0.52,56,0,0.0,0.0,0.0,0.0,0.0,0.0
2026-07-30T15:24:12.213,726.797,172,close,ACTUATOR_ACTIVE,TRAJECTORY_RUNNING,24.0,58,5,15,2.95,58,0,0.0,0.0,0.0,0.0,0.0,0.0
2026-07-30T15:24:12.709,727.282,172,close,ACTUATOR_ACTIVE,TRAJECTORY_RUNNING,24.0,58,25,50,3.37,58,0,0.0,0.0,0.0,0.0,0.0,0.0
2026-07-30T15:24:13.222,727.797,172,close,ACTUATOR_ACTIVE,TRAJECTORY_RUNNING,24.0,58,32,0,30.83,58,0,0.0,0.0,0.0,0.0,0.0,0.0
2026-07-30T15:24:13.719,728.297,172,close,ACTUATOR_ACTIVE,TRAJECTORY_RUNNING,24.0,58,32,0,31.06,58,0,0.0,0.0,0.0,0.0,0.0,0.0
2026-07-30T15:24:14.325,728.907,172,open,ACTUATOR_ACTIVE,TRAJECTORY_RUNNING,24.0,58,32,-16,6.99,58,0,0.0,0.0,0.0,0.0,0.0,0.0
2026-07-30T15:24:14.823,729.407,172,open,ACTUATOR_ACTIVE,TRAJECTORY_RUNNING,24.0,58,15,-48,-1.35,58,0,0.0,0.0,0.0,0.0,0.0,0.0
2026-07-30T15:24:15.321,729.891,172,open,ACTUATOR_ACTIVE,TRAJECTORY_RUNNING,24.0,58,3,5,1.84,58,0,0.0,0.0,0.0,0.0,0.0,0.0
2026-07-30T15:24:15.833,730.407,172,open,ACTUATOR_ACTIVE,TRAJECTORY_COMPLETE,24.0,58,5,-1,-0.24,58,0,0.0,0.0,0.0,0.0,0.0,0.0
2026-07-30T15:24:16.440,731.016,173,close,ACTUATOR_ACTIVE,TRAJECTORY_RUNNING,24.0,59,5,15,4.22,59,0,0.0,0.0,0.0,0.0,0.0,0.0
2026-07-30T15:24:16.935,731.516,173,close,ACTUATOR_ACTIVE,TRAJECTORY_RUNNING,24.0,59,26,48,1.89,59,0,0.0,0.0,0.0,0.0,0.0,0.0
2026-07-30T15:24:17.432,732.016,173,close,ACTUATOR_ACTIVE,TRAJECTORY_RUNNING,24.0,59,33,0,99.56,59,0,0.0,0.0,0.0,0.0,0.0,0.0
2026-07-30T15:24:17.930,732.5,173,close,ACTUATOR_ACTIVE,TRAJECTORY_RUNNING,24.0,59,33,0,101.33,59,0,0.0,0.0,0.0,0.0,0.0,0.0
2026-07-30T15:24:18.555,733.125,173,open,ACTUATOR_ACTIVE,TRAJECTORY_RUNNING,24.0,59,33,-1,57.51,59,0,0.0,0.0,0.0,0.0,0.0,0.0
2026-07-30T15:24:19.070,733.641,173,open,ACTUATOR_ACTIVE,TRAJECTORY_RUNNING,24.0,59,17,-48,-2.91,59,0,0.0,0.0,0.0,0.0,0.0,0.0
2026-07-30T15:24:19.567,734.141,173,open,ACTUATOR_ACTIVE,TRAJECTORY_COMPLETE,24.0,59,5,3,1.42,59,0,0.0,0.0,0.0,0.0,0.0,0.0
2026-07-30T15:24:20.066,734.641,173,open,ACTUATOR_ACTIVE,TRAJECTORY_COMPLETE,24.0,60,4,0,-0.38,60,0,0.0,0.0,0.0,0.0,0.0,0.0
2026-07-30T15:24:20.679,735.25,174,close,ACTUATOR_ACTIVE,TRAJECTORY_RUNNING,24.0,60,5,15,5.33,60,0,0.0,0.0,0.0,0.0,0.0,0.0
2026-07-30T15:24:21.177,735.75,174,close,ACTUATOR_ACTIVE,TRAJECTORY_RUNNING,24.0,60,26,48,4.3,60,0,0.0,0.0,0.0,0.0,0.0,0.0
2026-07-30T15:24:21.678,736.25,174,close,ACTUATOR_ACTIVE,TRAJECTORY_RUNNING,24.0,60,33,0,102.78,60,0,0.0,0.0,0.0,0.0,0.0,0.0
2026-07-30T15:24:22.179,736.75,174,close,ACTUATOR_ACTIVE,TRAJECTORY_RUNNING,24.0,60,33,0,103.06,60,0,0.0,0.0,0.0,0.0,0.0,0.0
2026-07-30T15:24:22.790,737.36,174,open,ACTUATOR_ACTIVE,TRAJECTORY_RUNNING,24.0,60,33,0,55.21,60,0,0.0,0.0,0.0,0.0,0.0,0.0
2026-07-30T15:24:23.300,737.875,174,open,ACTUATOR_ACTIVE,TRAJECTORY_RUNNING,24.0,60,20,-48,-0.9,60,0,0.0,0.0,0.0,0.0,0.0,0.0
2026-07-30T15:24:23.800,738.375,174,open,ACTUATOR_ACTIVE,TRAJECTORY_RUNNING,24.0,60,3,0,-0.77,60,0,0.0,0.0,0.0,0.0,0.0,0.0
2026-07-30T15:24:24.298,738.875,174,open,ACTUATOR_ACTIVE,TRAJECTORY_COMPLETE,24.0,61,4,1,0.48,61,0,0.0,0.0,0.0,0.0,0.0,0.0
2026-07-30T15:24:24.902,739.485,175,close,ACTUATOR_ACTIVE,TRAJECTORY_RUNNING,24.0,61,5,17,4.16,61,0,0.0,0.0,0.0,0.0,0.0,0.0
2026-07-30T15:24:25.399,739.969,175,close,ACTUATOR_ACTIVE,TRAJECTORY_RUNNING,24.0,61,25,46,3.27,61,0,0.0,0.0,0.0,0.0,0.0,0.0
2026-07-30T15:24:25.913,740.485,175,close,ACTUATOR_ACTIVE,TRAJECTORY_RUNNING,24.0,61,32,0,33.59,61,0,0.0,0.0,0.0,0.0,0.0,0.0
2026-07-30T15:24:26.413,740.985,175,close,ACTUATOR_ACTIVE,TRAJECTORY_RUNNING,24.0,61,32,0,27.56,61,0,0.0,0.0,0.0,0.0,0.0,0.0
2026-07-30T15:24:27.018,741.594,175,open,ACTUATOR_ACTIVE,TRAJECTORY_RUNNING,24.0,61,32,-16,8.19,61,0,0.0,0.0,0.0,0.0,0.0,0.0
2026-07-30T15:24:27.529,742.11,175,open,ACTUATOR_ACTIVE,TRAJECTORY_RUNNING,24.0,61,14,-47,-1.1,61,0,0.0,0.0,0.0,0.0,0.0,0.0
2026-07-30T15:24:28.028,742.61,175,open,ACTUATOR_ACTIVE,TRAJECTORY_RUNNING,24.0,58,4,10,2.22,58,0,0.0,0.0,0.0,0.0,0.0,0.0
2026-07-30T15:24:28.525,743.11,175,open,ACTUATOR_ACTIVE,TRAJECTORY_COMPLETE,24.0,58,5,0,-0.06,58,0,0.0,0.0,0.0,0.0,0.0,0.0
2026-07-30T15:24:29.133,743.703,176,close,ACTUATOR_ACTIVE,TRAJECTORY_RUNNING,24.0,58,5,15,3.97,58,0,0.0,0.0,0.0,0.0,0.0,0.0
2026-07-30T15:24:29.639,744.219,176,close,ACTUATOR_ACTIVE,TRAJECTORY_RUNNING,24.0,58,27,51,3.43,58,0,0.0,0.0,0.0,0.0,0.0,0.0
2026-07-30T15:24:30.134,744.719,176,close,ACTUATOR_ACTIVE,TRAJECTORY_RUNNING,24.0,58,33,0,101.91,58,0,0.0,0.0,0.0,0.0,0.0,0.0
2026-07-30T15:24:30.631,745.203,176,close,ACTUATOR_ACTIVE,TRAJECTORY_RUNNING,24.0,58,33,0,103.09,58,0,0.0,0.0,0.0,0.0,0.0,0.0
2026-07-30T15:24:31.251,745.828,176,open,ACTUATOR_ACTIVE,TRAJECTORY_RUNNING,24.0,58,33,0,56.82,58,0,0.0,0.0,0.0,0.0,0.0,0.0
2026-07-30T15:24:31.745,746.328,176,open,ACTUATOR_ACTIVE,TRAJECTORY_RUNNING,24.0,58,21,-47,-0.39,58,0,0.0,0.0,0.0,0.0,0.0,0.0
2026-07-30T15:24:32.245,746.828,176,open,ACTUATOR_ACTIVE,TRAJECTORY_RUNNING,24.0,60,3,0,-1.78,60,0,0.0,0.0,0.0,0.0,0.0,0.0
2026-07-30T15:24:32.740,747.313,176,open,ACTUATOR_ACTIVE,TRAJECTORY_COMPLETE,24.0,60,4,-1,0.12,60,0,0.0,0.0,0.0,0.0,0.0,0.0
2026-07-30T15:24:33.357,747.938,177,close,ACTUATOR_ACTIVE,TRAJECTORY_RUNNING,24.0,60,5,17,4.92,60,0,0.0,0.0,0.0,0.0,0.0,0.0
2026-07-30T15:24:33.857,748.438,177,close,ACTUATOR_ACTIVE,TRAJECTORY_RUNNING,24.0,60,26,49,3.11,60,0,0.0,0.0,0.0,0.0,0.0,0.0
2026-07-30T15:24:34.354,748.938,177,close,ACTUATOR_ACTIVE,TRAJECTORY_RUNNING,24.0,60,33,0,111.84,60,0,0.0,0.0,0.0,0.0,0.0,0.0
2026-07-30T15:24:34.851,749.422,177,close,ACTUATOR_ACTIVE,TRAJECTORY_RUNNING,24.0,60,33,0,96.74,60,0,0.0,0.0,0.0,0.0,0.0,0.0
2026-07-30T15:24:35.473,750.047,177,open,ACTUATOR_ACTIVE,TRAJECTORY_RUNNING,24.0,60,33,-1,55.11,60,0,0.0,0.0,0.0,0.0,0.0,0.0
2026-07-30T15:24:35.969,750.547,177,open,ACTUATOR_ACTIVE,TRAJECTORY_RUNNING,24.0,60,18,-46,-1.59,60,0,0.0,0.0,0.0,0.0,0.0,0.0
2026-07-30T15:24:36.467,751.047,177,open,ACTUATOR_ACTIVE,TRAJECTORY_COMPLETE,24.0,60,5,5,1.94,60,0,0.0,0.0,0.0,0.0,0.0,0.0
2026-07-30T15:24:36.964,751.547,177,open,ACTUATOR_ACTIVE,TRAJECTORY_COMPLETE,24.0,60,4,1,-0.24,60,0,0.0,0.0,0.0,0.0,0.0,0.0
2026-07-30T15:24:37.570,752.141,178,close,ACTUATOR_ACTIVE,TRAJECTORY_RUNNING,24.0,60,5,14,3.66,60,0,0.0,0.0,0.0,0.0,0.0,0.0
2026-07-30T15:24:38.079,752.657,178,close,ACTUATOR_ACTIVE,TRAJECTORY_RUNNING,24.0,60,27,47,5.04,60,0,0.0,0.0,0.0,0.0,0.0,0.0
2026-07-30T15:24:38.572,753.157,178,close,ACTUATOR_ACTIVE,TRAJECTORY_RUNNING,24.0,60,33,0,111.34,60,0,0.0,0.0,0.0,0.0,0.0,0.0
2026-07-30T15:24:39.068,753.641,178,close,ACTUATOR_ACTIVE,TRAJECTORY_RUNNING,24.0,60,33,0,98.57,60,0,0.0,0.0,0.0,0.0,0.0,0.0
2026-07-30T15:24:39.695,754.266,178,open,ACTUATOR_ACTIVE,TRAJECTORY_RUNNING,24.0,60,33,0,53.73,60,0,0.0,0.0,0.0,0.0,0.0,0.0
2026-07-30T15:24:40.205,754.782,178,open,ACTUATOR_ACTIVE,TRAJECTORY_RUNNING,24.0,59,20,-46,-1.88,59,0,0.0,0.0,0.0,0.0,0.0,0.0
2026-07-30T15:24:40.700,755.282,178,open,ACTUATOR_ACTIVE,TRAJECTORY_RUNNING,24.0,59,3,0,-0.75,59,0,0.0,0.0,0.0,0.0,0.0,0.0
2026-07-30T15:24:41.198,755.782,178,open,ACTUATOR_ACTIVE,TRAJECTORY_COMPLETE,24.0,59,4,0,0.21,59,0,0.0,0.0,0.0,0.0,0.0,0.0
2026-07-30T15:24:41.809,756.391,179,close,ACTUATOR_ACTIVE,TRAJECTORY_RUNNING,24.0,59,5,16,4.58,59,0,0.0,0.0,0.0,0.0,0.0,0.0
2026-07-30T15:24:42.302,756.875,179,close,ACTUATOR_ACTIVE,TRAJECTORY_RUNNING,24.0,59,26,49,3.35,59,0,0.0,0.0,0.0,0.0,0.0,0.0
2026-07-30T15:24:42.814,757.391,179,close,ACTUATOR_ACTIVE,TRAJECTORY_RUNNING,24.0,59,33,0,104.11,59,0,0.0,0.0,0.0,0.0,0.0,0.0
2026-07-30T15:24:43.312,757.891,179,close,ACTUATOR_ACTIVE,TRAJECTORY_RUNNING,24.0,59,33,0,109.29,59,0,0.0,0.0,0.0,0.0,0.0,0.0
2026-07-30T15:24:43.922,758.5,179,open,ACTUATOR_ACTIVE,TRAJECTORY_RUNNING,24.0,59,33,0,51.19,59,0,0.0,0.0,0.0,0.0,0.0,0.0
2026-07-30T15:24:44.418,759.0,179,open,ACTUATOR_ACTIVE,TRAJECTORY_RUNNING,24.0,59,21,-46,-3.37,59,0,0.0,0.0,0.0,0.0,0.0,0.0
2026-07-30T15:24:44.917,759.5,179,open,ACTUATOR_ACTIVE,TRAJECTORY_RUNNING,24.0,59,3,2,-1.15,59,0,0.0,0.0,0.0,0.0,0.0,0.0
2026-07-30T15:24:45.407,759.985,179,open,ACTUATOR_ACTIVE,TRAJECTORY_COMPLETE,24.0,59,4,0,0.16,59,0,0.0,0.0,0.0,0.0,0.0,0.0
2026-07-30T15:24:46.033,760.61,180,close,ACTUATOR_ACTIVE,TRAJECTORY_RUNNING,24.0,59,5,17,4.62,59,0,0.0,0.0,0.0,0.0,0.0,0.0
2026-07-30T15:24:46.528,761.11,180,close,ACTUATOR_ACTIVE,TRAJECTORY_RUNNING,24.0,59,25,48,4.36,59,0,0.0,0.0,0.0,0.0,0.0,0.0
2026-07-30T15:24:47.022,761.594,180,close,ACTUATOR_ACTIVE,TRAJECTORY_RUNNING,24.0,59,32,0,35.07,59,0,0.0,0.0,0.0,0.0,0.0,0.0
2026-07-30T15:24:47.531,762.11,180,close,ACTUATOR_ACTIVE,TRAJECTORY_RUNNING,24.0,59,32,1,30.14,59,0,0.0,0.0,0.0,0.0,0.0,0.0
2026-07-30T15:24:48.141,762.719,180,open,ACTUATOR_ACTIVE,TRAJECTORY_RUNNING,24.0,61,32,-16,7.68,61,0,0.0,0.0,0.0,0.0,0.0,0.0
2026-07-30T15:24:48.640,763.219,180,open,ACTUATOR_ACTIVE,TRAJECTORY_RUNNING,24.0,61,14,-48,-1.95,61,0,0.0,0.0,0.0,0.0,0.0,0.0
2026-07-30T15:24:49.131,763.703,180,open,ACTUATOR_ACTIVE,TRAJECTORY_RUNNING,24.0,61,4,6,4.21,61,0,0.0,0.0,0.0,0.0,0.0,0.0
2026-07-30T15:24:49.639,764.219,180,open,ACTUATOR_ACTIVE,TRAJECTORY_COMPLETE,24.0,61,5,0,-0.57,61,0,0.0,0.0,0.0,0.0,0.0,0.0
2026-07-30T15:24:50.239,764.813,181,close,ACTUATOR_ACTIVE,TRAJECTORY_RUNNING,24.0,61,5,16,4.31,61,0,0.0,0.0,0.0,0.0,0.0,0.0
2026-07-30T15:24:50.749,765.328,181,close,ACTUATOR_ACTIVE,TRAJECTORY_RUNNING,24.0,61,25,48,4.66,61,0,0.0,0.0,0.0,0.0,0.0,0.0
2026-07-30T15:24:51.247,765.828,181,close,ACTUATOR_ACTIVE,TRAJECTORY_RUNNING,24.0,61,32,0,32.85,61,0,0.0,0.0,0.0,0.0,0.0,0.0
2026-07-30T15:24:51.743,766.313,181,close,ACTUATOR_ACTIVE,TRAJECTORY_RUNNING,24.0,61,32,0,28.2,61,0,0.0,0.0,0.0,0.0,0.0,0.0
2026-07-30T15:24:52.365,766.938,181,open,ACTUATOR_ACTIVE,TRAJECTORY_RUNNING,24.0,60,32,-14,7.08,60,0,0.0,0.0,0.0,0.0,0.0,0.0
2026-07-30T15:24:52.866,767.438,181,open,ACTUATOR_ACTIVE,TRAJECTORY_RUNNING,24.0,60,14,-47,-1.21,60,0,0.0,0.0,0.0,0.0,0.0,0.0
2026-07-30T15:24:53.367,767.938,181,open,ACTUATOR_ACTIVE,TRAJECTORY_RUNNING,24.0,60,3,7,2.38,60,0,0.0,0.0,0.0,0.0,0.0,0.0
2026-07-30T15:24:53.863,768.438,181,open,ACTUATOR_ACTIVE,TRAJECTORY_COMPLETE,24.0,60,4,0,0.48,60,0,0.0,0.0,0.0,0.0,0.0,0.0
2026-07-30T15:24:54.475,769.047,182,close,ACTUATOR_ACTIVE,TRAJECTORY_RUNNING,24.0,60,5,14,4.35,60,0,0.0,0.0,0.0,0.0,0.0,0.0
2026-07-30T15:24:54.976,769.547,182,close,ACTUATOR_ACTIVE,TRAJECTORY_RUNNING,24.0,60,25,49,3.01,60,0,0.0,0.0,0.0,0.0,0.0,0.0
2026-07-30T15:24:55.473,770.047,182,close,ACTUATOR_ACTIVE,TRAJECTORY_RUNNING,24.0,60,32,0,33.88,60,0,0.0,0.0,0.0,0.0,0.0,0.0
2026-07-30T15:24:55.967,770.547,182,close,ACTUATOR_ACTIVE,TRAJECTORY_RUNNING,24.0,60,32,0,31.39,60,0,0.0,0.0,0.0,0.0,0.0,0.0
2026-07-30T15:24:56.570,771.141,182,open,ACTUATOR_ACTIVE,TRAJECTORY_RUNNING,24.0,63,32,-15,5.18,63,0,0.0,0.0,0.0,0.0,0.0,0.0
2026-07-30T15:24:57.081,771.657,182,open,ACTUATOR_ACTIVE,TRAJECTORY_RUNNING,24.0,63,11,-48,-2.96,63,0,0.0,0.0,0.0,0.0,0.0,0.0
2026-07-30T15:24:57.575,772.157,182,open,ACTUATOR_ACTIVE,TRAJECTORY_COMPLETE,24.0,63,4,0,-0.09,63,0,0.0,0.0,0.0,0.0,0.0,0.0
2026-07-30T15:24:58.069,772.641,182,open,ACTUATOR_ACTIVE,TRAJECTORY_COMPLETE,24.0,63,5,0,-0.65,63,0,0.0,0.0,0.0,0.0,0.0,0.0
2026-07-30T15:24:58.694,773.266,183,close,ACTUATOR_ACTIVE,TRAJECTORY_RUNNING,24.0,63,5,17,4.3,63,0,0.0,0.0,0.0,0.0,0.0,0.0
2026-07-30T15:24:59.192,773.766,183,close,ACTUATOR_ACTIVE,TRAJECTORY_RUNNING,24.0,63,25,46,2.92,63,0,0.0,0.0,0.0,0.0,0.0,0.0
2026-07-30T15:24:59.692,774.266,183,close,ACTUATOR_ACTIVE,TRAJECTORY_RUNNING,24.0,63,32,0,36.79,63,0,0.0,0.0,0.0,0.0,0.0,0.0
2026-07-30T15:25:00.189,774.766,183,close,ACTUATOR_ACTIVE,TRAJECTORY_RUNNING,24.0,58,32,1,31.06,58,0,0.0,0.0,0.0,0.0,0.0,0.0
2026-07-30T15:25:00.799,775.375,183,open,ACTUATOR_ACTIVE,TRAJECTORY_RUNNING,24.0,58,32,-16,6.87,58,0,0.0,0.0,0.0,0.0,0.0,0.0
2026-07-30T15:25:01.294,775.875,183,open,ACTUATOR_ACTIVE,TRAJECTORY_RUNNING,24.0,58,12,-50,-3.08,58,0,0.0,0.0,0.0,0.0,0.0,0.0
2026-07-30T15:25:01.790,776.36,183,open,ACTUATOR_ACTIVE,TRAJECTORY_COMPLETE,24.0,58,4,0,-0.97,58,0,0.0,0.0,0.0,0.0,0.0,0.0
2026-07-30T15:25:02.300,776.875,183,open,ACTUATOR_ACTIVE,TRAJECTORY_COMPLETE,24.0,58,4,0,-0.68,58,0,0.0,0.0,0.0,0.0,0.0,0.0
2026-07-30T15:25:02.916,777.5,184,close,ACTUATOR_ACTIVE,TRAJECTORY_RUNNING,24.0,58,5,15,3.31,58,0,0.0,0.0,0.0,0.0,0.0,0.0
2026-07-30T15:25:03.414,777.985,184,close,ACTUATOR_ACTIVE,TRAJECTORY_RUNNING,24.0,58,26,48,3.14,58,0,0.0,0.0,0.0,0.0,0.0,0.0
2026-07-30T15:25:03.921,778.5,184,close,ACTUATOR_ACTIVE,TRAJECTORY_RUNNING,24.0,58,33,0,98.88,58,0,0.0,0.0,0.0,0.0,0.0,0.0
2026-07-30T15:25:04.416,779.0,184,close,ACTUATOR_ACTIVE,TRAJECTORY_RUNNING,24.0,60,33,0,102.42,60,0,0.0,0.0,0.0,0.0,0.0,0.0
2026-07-30T15:25:05.030,779.61,184,open,ACTUATOR_ACTIVE,TRAJECTORY_RUNNING,24.0,60,33,-1,48.99,60,0,0.0,0.0,0.0,0.0,0.0,0.0
2026-07-30T15:25:05.528,780.11,184,open,ACTUATOR_ACTIVE,TRAJECTORY_RUNNING,24.0,60,18,-48,-1.37,60,0,0.0,0.0,0.0,0.0,0.0,0.0
2026-07-30T15:25:06.019,780.594,184,open,ACTUATOR_ACTIVE,TRAJECTORY_COMPLETE,24.0,60,5,3,1.23,60,0,0.0,0.0,0.0,0.0,0.0,0.0
2026-07-30T15:25:06.533,781.11,184,open,ACTUATOR_ACTIVE,TRAJECTORY_COMPLETE,24.0,60,5,0,-0.18,60,0,0.0,0.0,0.0,0.0,0.0,0.0
2026-07-30T15:25:07.137,781.719,185,close,ACTUATOR_ACTIVE,TRAJECTORY_RUNNING,24.0,60,5,15,4.65,60,0,0.0,0.0,0.0,0.0,0.0,0.0
2026-07-30T15:25:07.633,782.203,185,close,ACTUATOR_ACTIVE,TRAJECTORY_RUNNING,24.0,60,24,49,3.43,60,0,0.0,0.0,0.0,0.0,0.0,0.0
2026-07-30T15:25:08.147,782.719,185,close,ACTUATOR_ACTIVE,TRAJECTORY_RUNNING,24.0,57,32,0,33.89,57,0,0.0,0.0,0.0,0.0,0.0,0.0
2026-07-30T15:25:08.644,783.219,185,close,ACTUATOR_ACTIVE,TRAJECTORY_RUNNING,24.0,57,32,0,28.31,57,0,0.0,0.0,0.0,0.0,0.0,0.0
2026-07-30T15:25:09.252,783.828,185,open,ACTUATOR_ACTIVE,TRAJECTORY_RUNNING,24.0,57,32,-16,7.34,57,0,0.0,0.0,0.0,0.0,0.0,0.0
2026-07-30T15:25:09.750,784.328,185,open,ACTUATOR_ACTIVE,TRAJECTORY_RUNNING,24.0,57,14,-44,-1.16,57,0,0.0,0.0,0.0,0.0,0.0,0.0
2026-07-30T15:25:10.248,784.828,185,open,ACTUATOR_ACTIVE,TRAJECTORY_RUNNING,24.0,57,4,7,3.65,57,0,0.0,0.0,0.0,0.0,0.0,0.0
2026-07-30T15:25:10.740,785.313,185,open,ACTUATOR_ACTIVE,TRAJECTORY_COMPLETE,24.0,57,5,0,-0.43,57,0,0.0,0.0,0.0,0.0,0.0,0.0
2026-07-30T15:25:11.368,785.938,186,close,ACTUATOR_ACTIVE,TRAJECTORY_RUNNING,24.0,57,5,14,3.79,57,0,0.0,0.0,0.0,0.0,0.0,0.0
2026-07-30T15:25:11.882,786.453,186,close,ACTUATOR_ACTIVE,TRAJECTORY_RUNNING,24.0,57,27,47,4.67,57,0,0.0,0.0,0.0,0.0,0.0,0.0
2026-07-30T15:25:12.378,786.953,186,close,ACTUATOR_ACTIVE,TRAJECTORY_RUNNING,24.0,58,33,0,98.35,58,0,0.0,0.0,0.0,0.0,0.0,0.0
2026-07-30T15:25:12.875,787.453,186,close,ACTUATOR_ACTIVE,TRAJECTORY_RUNNING,24.0,58,33,0,105.17,58,0,0.0,0.0,0.0,0.0,0.0,0.0
2026-07-30T15:25:13.483,788.063,186,open,ACTUATOR_ACTIVE,TRAJECTORY_RUNNING,24.0,58,33,0,54.71,58,0,0.0,0.0,0.0,0.0,0.0,0.0
2026-07-30T15:25:13.984,788.563,186,open,ACTUATOR_ACTIVE,TRAJECTORY_RUNNING,24.0,58,21,-46,-2.73,58,0,0.0,0.0,0.0,0.0,0.0,0.0
2026-07-30T15:25:14.482,789.063,186,open,ACTUATOR_ACTIVE,TRAJECTORY_RUNNING,24.0,58,3,-1,-1.03,58,0,0.0,0.0,0.0,0.0,0.0,0.0
2026-07-30T15:25:14.977,789.547,186,open,ACTUATOR_ACTIVE,TRAJECTORY_COMPLETE,24.0,58,4,0,0.11,58,0,0.0,0.0,0.0,0.0,0.0,0.0
2026-07-30T15:25:15.597,790.172,187,close,ACTUATOR_ACTIVE,TRAJECTORY_RUNNING,24.0,58,5,14,3.5,58,0,0.0,0.0,0.0,0.0,0.0,0.0
2026-07-30T15:25:16.113,790.688,187,close,ACTUATOR_ACTIVE,TRAJECTORY_RUNNING,24.0,60,27,48,3.71,60,0,0.0,0.0,0.0,0.0,0.0,0.0
2026-07-30T15:25:16.614,791.188,187,close,ACTUATOR_ACTIVE,TRAJECTORY_RUNNING,24.0,60,33,0,104.62,60,0,0.0,0.0,0.0,0.0,0.0,0.0
2026-07-30T15:25:17.113,791.688,187,close,ACTUATOR_ACTIVE,TRAJECTORY_RUNNING,24.0,60,33,0,105.15,60,0,0.0,0.0,0.0,0.0,0.0,0.0
2026-07-30T15:25:17.718,792.297,187,open,ACTUATOR_ACTIVE,TRAJECTORY_RUNNING,24.0,60,33,0,56.79,60,0,0.0,0.0,0.0,0.0,0.0,0.0
2026-07-30T15:25:18.212,792.782,187,open,ACTUATOR_ACTIVE,TRAJECTORY_RUNNING,24.0,60,18,-49,-3.45,60,0,0.0,0.0,0.0,0.0,0.0,0.0
2026-07-30T15:25:18.725,793.297,187,open,ACTUATOR_ACTIVE,TRAJECTORY_COMPLETE,24.0,60,5,4,2.17,60,0,0.0,0.0,0.0,0.0,0.0,0.0
2026-07-30T15:25:19.222,793.797,187,open,ACTUATOR_ACTIVE,TRAJECTORY_COMPLETE,24.0,60,5,0,-0.78,60,0,0.0,0.0,0.0,0.0,0.0,0.0
2026-07-30T15:25:19.830,794.407,188,close,ACTUATOR_ACTIVE,TRAJECTORY_RUNNING,24.0,60,5,14,3.52,60,0,0.0,0.0,0.0,0.0,0.0,0.0
2026-07-30T15:25:20.325,794.907,188,close,ACTUATOR_ACTIVE,TRAJECTORY_RUNNING,24.0,54,26,46,3.75,54,0,0.0,0.0,0.0,0.0,0.0,0.0
2026-07-30T15:25:20.824,795.407,188,close,ACTUATOR_ACTIVE,TRAJECTORY_RUNNING,24.0,54,33,0,104.52,54,0,0.0,0.0,0.0,0.0,0.0,0.0
2026-07-30T15:25:21.318,795.891,188,close,ACTUATOR_ACTIVE,TRAJECTORY_RUNNING,24.0,54,33,0,92.92,54,0,0.0,0.0,0.0,0.0,0.0,0.0
2026-07-30T15:25:21.943,796.516,188,open,ACTUATOR_ACTIVE,TRAJECTORY_RUNNING,24.0,54,33,0,55.95,54,0,0.0,0.0,0.0,0.0,0.0,0.0
2026-07-30T15:25:22.441,797.016,188,open,ACTUATOR_ACTIVE,TRAJECTORY_RUNNING,24.0,54,21,-45,-2.55,54,0,0.0,0.0,0.0,0.0,0.0,0.0
2026-07-30T15:25:22.942,797.516,188,open,ACTUATOR_ACTIVE,TRAJECTORY_RUNNING,24.0,54,3,1,-1.66,54,0,0.0,0.0,0.0,0.0,0.0,0.0
2026-07-30T15:25:23.439,798.016,188,open,ACTUATOR_ACTIVE,TRAJECTORY_COMPLETE,24.0,54,4,1,0.61,54,0,0.0,0.0,0.0,0.0,0.0,0.0
2026-07-30T15:25:24.050,798.625,189,close,ACTUATOR_ACTIVE,TRAJECTORY_RUNNING,24.0,58,5,16,5.28,58,0,0.0,0.0,0.0,0.0,0.0,0.0
2026-07-30T15:25:24.548,799.125,189,close,ACTUATOR_ACTIVE,TRAJECTORY_RUNNING,24.0,58,25,48,2.84,58,0,0.0,0.0,0.0,0.0,0.0,0.0
2026-07-30T15:25:25.043,799.625,189,close,ACTUATOR_ACTIVE,TRAJECTORY_RUNNING,24.0,58,32,0,34.08,58,0,0.0,0.0,0.0,0.0,0.0,0.0
2026-07-30T15:25:25.540,800.125,189,close,ACTUATOR_ACTIVE,TRAJECTORY_RUNNING,24.0,58,32,0,30.4,58,0,0.0,0.0,0.0,0.0,0.0,0.0
2026-07-30T15:25:26.149,800.719,189,open,ACTUATOR_ACTIVE,TRAJECTORY_RUNNING,24.0,58,32,-14,7.39,58,0,0.0,0.0,0.0,0.0,0.0,0.0
2026-07-30T15:25:26.665,801.235,189,open,ACTUATOR_ACTIVE,TRAJECTORY_RUNNING,24.0,58,11,-48,-2.07,58,0,0.0,0.0,0.0,0.0,0.0,0.0
2026-07-30T15:25:27.161,801.735,189,open,ACTUATOR_ACTIVE,TRAJECTORY_COMPLETE,24.0,58,4,0,-0.23,58,0,0.0,0.0,0.0,0.0,0.0,0.0
2026-07-30T15:25:27.655,802.235,189,open,ACTUATOR_ACTIVE,TRAJECTORY_COMPLETE,24.0,58,5,0,0.09,58,0,0.0,0.0,0.0,0.0,0.0,0.0
2026-07-30T15:25:28.268,802.844,190,close,ACTUATOR_ACTIVE,TRAJECTORY_RUNNING,24.0,57,5,14,2.38,57,0,0.0,0.0,0.0,0.0,0.0,0.0
2026-07-30T15:25:28.765,803.344,190,close,ACTUATOR_ACTIVE,TRAJECTORY_RUNNING,24.0,57,26,48,1.65,57,0,0.0,0.0,0.0,0.0,0.0,0.0
2026-07-30T15:25:29.263,803.844,190,close,ACTUATOR_ACTIVE,TRAJECTORY_RUNNING,24.0,57,33,0,102.96,57,0,0.0,0.0,0.0,0.0,0.0,0.0
2026-07-30T15:25:29.759,804.328,190,close,ACTUATOR_ACTIVE,TRAJECTORY_RUNNING,24.0,57,33,0,104.92,57,0,0.0,0.0,0.0,0.0,0.0,0.0
2026-07-30T15:25:30.367,804.938,190,open,ACTUATOR_ACTIVE,TRAJECTORY_RUNNING,24.0,57,33,0,56.58,57,0,0.0,0.0,0.0,0.0,0.0,0.0
2026-07-30T15:25:30.877,805.453,190,open,ACTUATOR_ACTIVE,TRAJECTORY_RUNNING,24.0,57,17,-46,-4.3,57,0,0.0,0.0,0.0,0.0,0.0,0.0
2026-07-30T15:25:31.370,805.953,190,open,ACTUATOR_ACTIVE,TRAJECTORY_COMPLETE,24.0,57,5,3,2.48,57,0,0.0,0.0,0.0,0.0,0.0,0.0
2026-07-30T15:25:31.864,806.438,190,open,ACTUATOR_ACTIVE,TRAJECTORY_COMPLETE,24.0,57,4,0,-0.76,57,0,0.0,0.0,0.0,0.0,0.0,0.0
2026-07-30T15:25:32.489,807.063,191,close,ACTUATOR_ACTIVE,TRAJECTORY_RUNNING,24.0,59,5,15,2.91,59,0,0.0,0.0,0.0,0.0,0.0,0.0
2026-07-30T15:25:32.987,807.563,191,close,ACTUATOR_ACTIVE,TRAJECTORY_RUNNING,24.0,59,26,47,5.3,59,0,0.0,0.0,0.0,0.0,0.0,0.0
2026-07-30T15:25:33.479,808.063,191,close,ACTUATOR_ACTIVE,TRAJECTORY_RUNNING,24.0,59,33,0,102.58,59,0,0.0,0.0,0.0,0.0,0.0,0.0
2026-07-30T15:25:33.978,808.563,191,close,ACTUATOR_ACTIVE,TRAJECTORY_RUNNING,24.0,59,33,0,104.73,59,0,0.0,0.0,0.0,0.0,0.0,0.0
2026-07-30T15:25:34.578,809.157,191,open,ACTUATOR_ACTIVE,TRAJECTORY_RUNNING,24.0,59,33,-1,56.12,59,0,0.0,0.0,0.0,0.0,0.0,0.0
2026-07-30T15:25:35.091,809.672,191,open,ACTUATOR_ACTIVE,TRAJECTORY_RUNNING,24.0,59,18,-47,-2.09,59,0,0.0,0.0,0.0,0.0,0.0,0.0
2026-07-30T15:25:35.587,810.157,191,open,ACTUATOR_ACTIVE,TRAJECTORY_COMPLETE,24.0,59,5,3,2.43,59,0,0.0,0.0,0.0,0.0,0.0,0.0
2026-07-30T15:25:36.101,810.672,191,open,ACTUATOR_ACTIVE,TRAJECTORY_COMPLETE,24.0,57,4,0,-0.34,57,0,0.0,0.0,0.0,0.0,0.0,0.0
2026-07-30T15:25:36.709,811.282,192,close,ACTUATOR_ACTIVE,TRAJECTORY_RUNNING,24.0,57,5,14,3.72,57,0,0.0,0.0,0.0,0.0,0.0,0.0
2026-07-30T15:25:37.223,811.797,192,close,ACTUATOR_ACTIVE,TRAJECTORY_RUNNING,24.0,57,27,46,3.83,57,0,0.0,0.0,0.0,0.0,0.0,0.0
2026-07-30T15:25:37.719,812.297,192,close,ACTUATOR_ACTIVE,TRAJECTORY_RUNNING,24.0,57,33,0,97.29,57,0,0.0,0.0,0.0,0.0,0.0,0.0
2026-07-30T15:25:38.212,812.782,192,close,ACTUATOR_ACTIVE,TRAJECTORY_RUNNING,24.0,57,33,0,100.3,57,0,0.0,0.0,0.0,0.0,0.0,0.0
2026-07-30T15:25:38.832,813.407,192,open,ACTUATOR_ACTIVE,TRAJECTORY_RUNNING,24.0,57,33,-2,54.71,57,0,0.0,0.0,0.0,0.0,0.0,0.0
2026-07-30T15:25:39.327,813.907,192,open,ACTUATOR_ACTIVE,TRAJECTORY_RUNNING,24.0,57,21,-46,0.34,57,0,0.0,0.0,0.0,0.0,0.0,0.0
2026-07-30T15:25:39.819,814.391,192,open,ACTUATOR_ACTIVE,TRAJECTORY_RUNNING,24.0,57,3,2,-2.22,57,0,0.0,0.0,0.0,0.0,0.0,0.0
2026-07-30T15:25:40.331,814.907,192,open,ACTUATOR_ACTIVE,TRAJECTORY_COMPLETE,24.0,57,4,0,0.43,57,0,0.0,0.0,0.0,0.0,0.0,0.0
2026-07-30T15:25:40.935,815.516,193,close,ACTUATOR_ACTIVE,TRAJECTORY_RUNNING,24.0,57,5,15,3.03,57,0,0.0,0.0,0.0,0.0,0.0,0.0
2026-07-30T15:25:41.426,816.0,193,close,ACTUATOR_ACTIVE,TRAJECTORY_RUNNING,24.0,57,26,48,2.4,57,0,0.0,0.0,0.0,0.0,0.0,0.0
2026-07-30T15:25:41.938,816.516,193,close,ACTUATOR_ACTIVE,TRAJECTORY_RUNNING,24.0,57,33,0,103.75,57,0,0.0,0.0,0.0,0.0,0.0,0.0
2026-07-30T15:25:42.429,817.0,193,close,ACTUATOR_ACTIVE,TRAJECTORY_RUNNING,24.0,57,33,0,101.07,57,0,0.0,0.0,0.0,0.0,0.0,0.0
2026-07-30T15:25:43.054,817.625,193,open,ACTUATOR_ACTIVE,TRAJECTORY_RUNNING,24.0,57,33,-2,53.93,57,0,0.0,0.0,0.0,0.0,0.0,0.0
2026-07-30T15:25:43.563,818.141,193,open,ACTUATOR_ACTIVE,TRAJECTORY_RUNNING,24.0,57,20,-47,0.5,57,0,0.0,0.0,0.0,0.0,0.0,0.0
2026-07-30T15:25:44.054,818.625,193,open,ACTUATOR_ACTIVE,TRAJECTORY_RUNNING,24.0,63,3,0,-1.08,63,0,0.0,0.0,0.0,0.0,0.0,0.0
2026-07-30T15:25:44.568,819.141,193,open,ACTUATOR_ACTIVE,TRAJECTORY_COMPLETE,24.0,63,4,0,0.37,63,0,0.0,0.0,0.0,0.0,0.0,0.0
2026-07-30T15:25:45.177,819.75,194,close,ACTUATOR_ACTIVE,TRAJECTORY_RUNNING,24.0,63,5,17,5.73,63,0,0.0,0.0,0.0,0.0,0.0,0.0
2026-07-30T15:25:45.682,820.266,194,close,ACTUATOR_ACTIVE,TRAJECTORY_RUNNING,24.0,63,27,47,4.8,63,0,0.0,0.0,0.0,0.0,0.0,0.0
2026-07-30T15:25:46.178,820.75,194,close,ACTUATOR_ACTIVE,TRAJECTORY_RUNNING,24.0,63,33,0,101.94,63,0,0.0,0.0,0.0,0.0,0.0,0.0
2026-07-30T15:25:46.684,821.266,194,close,ACTUATOR_ACTIVE,TRAJECTORY_RUNNING,24.0,63,33,0,100.42,63,0,0.0,0.0,0.0,0.0,0.0,0.0
2026-07-30T15:25:47.290,821.875,194,open,ACTUATOR_ACTIVE,TRAJECTORY_RUNNING,24.0,63,33,-1,56.42,63,0,0.0,0.0,0.0,0.0,0.0,0.0
2026-07-30T15:25:47.786,822.36,194,open,ACTUATOR_ACTIVE,TRAJECTORY_RUNNING,24.0,63,18,-49,-3.48,63,0,0.0,0.0,0.0,0.0,0.0,0.0
2026-07-30T15:25:48.292,822.875,194,open,ACTUATOR_ACTIVE,TRAJECTORY_COMPLETE,24.0,61,5,1,1.42,61,0,0.0,0.0,0.0,0.0,0.0,0.0
2026-07-30T15:25:48.791,823.375,194,open,ACTUATOR_ACTIVE,TRAJECTORY_COMPLETE,24.0,61,5,0,0.39,61,0,0.0,0.0,0.0,0.0,0.0,0.0
2026-07-30T15:25:49.393,823.969,195,close,ACTUATOR_ACTIVE,TRAJECTORY_RUNNING,24.0,61,5,14,3.66,61,0,0.0,0.0,0.0,0.0,0.0,0.0
2026-07-30T15:25:49.899,824.469,195,close,ACTUATOR_ACTIVE,TRAJECTORY_RUNNING,24.0,61,25,48,5.56,61,0,0.0,0.0,0.0,0.0,0.0,0.0
2026-07-30T15:25:50.409,824.985,195,close,ACTUATOR_ACTIVE,TRAJECTORY_RUNNING,24.0,61,32,-1,35.32,61,0,0.0,0.0,0.0,0.0,0.0,0.0
2026-07-30T15:25:50.903,825.485,195,close,ACTUATOR_ACTIVE,TRAJECTORY_RUNNING,24.0,61,32,0,30.67,61,0,0.0,0.0,0.0,0.0,0.0,0.0
2026-07-30T15:25:51.509,826.094,195,open,ACTUATOR_ACTIVE,TRAJECTORY_RUNNING,24.0,61,32,-15,6.37,61,0,0.0,0.0,0.0,0.0,0.0,0.0
2026-07-30T15:25:51.999,826.578,195,open,ACTUATOR_ACTIVE,TRAJECTORY_RUNNING,24.0,57,15,-50,-2.98,57,0,0.0,0.0,0.0,0.0,0.0,0.0
2026-07-30T15:25:52.513,827.094,195,open,ACTUATOR_ACTIVE,TRAJECTORY_RUNNING,24.0,57,4,8,3.05,57,0,0.0,0.0,0.0,0.0,0.0,0.0
2026-07-30T15:25:53.005,827.578,195,open,ACTUATOR_ACTIVE,TRAJECTORY_COMPLETE,24.0,57,5,-1,0.32,57,0,0.0,0.0,0.0,0.0,0.0,0.0
2026-07-30T15:25:53.630,828.203,196,close,ACTUATOR_ACTIVE,TRAJECTORY_RUNNING,24.0,57,5,16,3.78,57,0,0.0,0.0,0.0,0.0,0.0,0.0
2026-07-30T15:25:54.125,828.703,196,close,ACTUATOR_ACTIVE,TRAJECTORY_RUNNING,24.0,57,26,49,4.59,57,0,0.0,0.0,0.0,0.0,0.0,0.0
2026-07-30T15:25:54.623,829.203,196,close,ACTUATOR_ACTIVE,TRAJECTORY_RUNNING,24.0,57,33,0,102.17,57,0,0.0,0.0,0.0,0.0,0.0,0.0
2026-07-30T15:25:55.122,829.703,196,close,ACTUATOR_ACTIVE,TRAJECTORY_RUNNING,24.0,57,33,0,95.16,57,0,0.0,0.0,0.0,0.0,0.0,0.0
2026-07-30T15:25:55.737,830.313,196,open,ACTUATOR_ACTIVE,TRAJECTORY_RUNNING,24.0,57,33,-1,55.23,57,0,0.0,0.0,0.0,0.0,0.0,0.0
2026-07-30T15:25:56.236,830.813,196,open,ACTUATOR_ACTIVE,TRAJECTORY_RUNNING,24.0,56,21,-44,-1.18,56,0,0.0,0.0,0.0,0.0,0.0,0.0
2026-07-30T15:25:56.734,831.313,196,open,ACTUATOR_ACTIVE,TRAJECTORY_RUNNING,24.0,56,3,0,-0.75,56,0,0.0,0.0,0.0,0.0,0.0,0.0
2026-07-30T15:25:57.232,831.813,196,open,ACTUATOR_ACTIVE,TRAJECTORY_COMPLETE,24.0,56,4,0,0.72,56,0,0.0,0.0,0.0,0.0,0.0,0.0
2026-07-30T15:25:57.839,832.422,197,close,ACTUATOR_ACTIVE,TRAJECTORY_RUNNING,24.0,56,5,18,4.25,56,0,0.0,0.0,0.0,0.0,0.0,0.0
2026-07-30T15:25:58.332,832.907,197,close,ACTUATOR_ACTIVE,TRAJECTORY_RUNNING,24.0,56,26,49,5.37,56,0,0.0,0.0,0.0,0.0,0.0,0.0
2026-07-30T15:25:58.846,833.422,197,close,ACTUATOR_ACTIVE,TRAJECTORY_RUNNING,24.0,56,33,0,99.65,56,0,0.0,0.0,0.0,0.0,0.0,0.0
2026-07-30T15:25:59.343,833.922,197,close,ACTUATOR_ACTIVE,TRAJECTORY_RUNNING,24.0,56,33,0,105.39,56,0,0.0,0.0,0.0,0.0,0.0,0.0
2026-07-30T15:25:59.953,834.532,197,open,ACTUATOR_ACTIVE,TRAJECTORY_RUNNING,24.0,56,33,-1,55.22,56,0,0.0,0.0,0.0,0.0,0.0,0.0
2026-07-30T15:26:00.451,835.032,197,open,ACTUATOR_ACTIVE,TRAJECTORY_RUNNING,24.0,54,21,-46,-0.7,54,0,0.0,0.0,0.0,0.0,0.0,0.0
2026-07-30T15:26:00.945,835.516,197,open,ACTUATOR_ACTIVE,TRAJECTORY_RUNNING,24.0,54,3,0,-2.15,54,0,0.0,0.0,0.0,0.0,0.0,0.0
2026-07-30T15:26:01.458,836.032,197,open,ACTUATOR_ACTIVE,TRAJECTORY_COMPLETE,24.0,54,4,0,0.45,54,0,0.0,0.0,0.0,0.0,0.0,0.0
2026-07-30T15:26:02.063,836.641,198,close,ACTUATOR_ACTIVE,TRAJECTORY_RUNNING,24.0,54,5,15,3.86,54,0,0.0,0.0,0.0,0.0,0.0,0.0
2026-07-30T15:26:02.562,837.141,198,close,ACTUATOR_ACTIVE,TRAJECTORY_RUNNING,24.0,54,26,46,2.06,54,0,0.0,0.0,0.0,0.0,0.0,0.0
2026-07-30T15:26:03.062,837.641,198,close,ACTUATOR_ACTIVE,TRAJECTORY_RUNNING,24.0,54,33,0,96.61,54,0,0.0,0.0,0.0,0.0,0.0,0.0
2026-07-30T15:26:03.560,838.141,198,close,ACTUATOR_ACTIVE,TRAJECTORY_RUNNING,24.0,54,33,0,106.29,54,0,0.0,0.0,0.0,0.0,0.0,0.0
2026-07-30T15:26:04.173,838.75,198,open,ACTUATOR_ACTIVE,TRAJECTORY_RUNNING,24.0,62,33,0,49.54,62,0,0.0,0.0,0.0,0.0,0.0,0.0
2026-07-30T15:26:04.665,839.235,198,open,ACTUATOR_ACTIVE,TRAJECTORY_RUNNING,24.0,62,21,-45,-2.57,62,0,0.0,0.0,0.0,0.0,0.0,0.0
2026-07-30T15:26:05.177,839.75,198,open,ACTUATOR_ACTIVE,TRAJECTORY_RUNNING,24.0,62,3,0,-0.61,62,0,0.0,0.0,0.0,0.0,0.0,0.0
2026-07-30T15:26:05.674,840.25,198,open,ACTUATOR_ACTIVE,TRAJECTORY_COMPLETE,24.0,62,4,0,0.26,62,0,0.0,0.0,0.0,0.0,0.0,0.0
2026-07-30T15:26:06.283,840.86,199,close,ACTUATOR_ACTIVE,TRAJECTORY_RUNNING,24.0,62,5,17,5.09,62,0,0.0,0.0,0.0,0.0,0.0,0.0
2026-07-30T15:26:06.783,841.36,199,close,ACTUATOR_ACTIVE,TRAJECTORY_RUNNING,24.0,62,26,48,4.52,62,0,0.0,0.0,0.0,0.0,0.0,0.0
2026-07-30T15:26:07.279,841.86,199,close,ACTUATOR_ACTIVE,TRAJECTORY_RUNNING,24.0,62,33,0,96.5,62,0,0.0,0.0,0.0,0.0,0.0,0.0
2026-07-30T15:26:07.773,842.344,199,close,ACTUATOR_ACTIVE,TRAJECTORY_RUNNING,24.0,62,33,0,104.15,62,0,0.0,0.0,0.0,0.0,0.0,0.0
2026-07-30T15:26:08.401,842.985,199,open,ACTUATOR_ACTIVE,TRAJECTORY_RUNNING,24.0,60,33,-1,54.49,60,0,0.0,0.0,0.0,0.0,0.0,0.0
2026-07-30T15:26:08.897,843.469,199,open,ACTUATOR_ACTIVE,TRAJECTORY_RUNNING,24.0,60,21,-45,-1.39,60,0,0.0,0.0,0.0,0.0,0.0,0.0
2026-07-30T15:26:09.410,843.985,199,open,ACTUATOR_ACTIVE,TRAJECTORY_RUNNING,24.0,60,3,0,-0.49,60,0,0.0,0.0,0.0,0.0,0.0,0.0
2026-07-30T15:26:09.907,844.485,199,open,ACTUATOR_ACTIVE,TRAJECTORY_COMPLETE,24.0,60,4,0,0.38,60,0,0.0,0.0,0.0,0.0,0.0,0.0
2026-07-30T15:26:10.516,845.094,200,close,ACTUATOR_ACTIVE,TRAJECTORY_RUNNING,24.0,60,5,15,5.26,60,0,0.0,0.0,0.0,0.0,0.0,0.0
2026-07-30T15:26:11.009,845.578,200,close,ACTUATOR_ACTIVE,TRAJECTORY_RUNNING,24.0,60,26,46,3.75,60,0,0.0,0.0,0.0,0.0,0.0,0.0
2026-07-30T15:26:11.517,846.094,200,close,ACTUATOR_ACTIVE,TRAJECTORY_RUNNING,24.0,60,33,0,108.92,60,0,0.0,0.0,0.0,0.0,0.0,0.0
2026-07-30T15:26:12.008,846.578,200,close,ACTUATOR_ACTIVE,TRAJECTORY_RUNNING,24.0,61,33,0,101.5,61,0,0.0,0.0,0.0,0.0,0.0,0.0
2026-07-30T15:26:12.634,847.219,200,open,ACTUATOR_ACTIVE,TRAJECTORY_RUNNING,24.0,61,33,0,51.76,61,0,0.0,0.0,0.0,0.0,0.0,0.0
2026-07-30T15:26:13.130,847.703,200,open,ACTUATOR_ACTIVE,TRAJECTORY_RUNNING,24.0,61,21,-46,-2.47,61,0,0.0,0.0,0.0,0.0,0.0,0.0
2026-07-30T15:26:13.639,848.219,200,open,ACTUATOR_ACTIVE,TRAJECTORY_RUNNING,24.0,61,3,0,-1.08,61,0,0.0,0.0,0.0,0.0,0.0,0.0
2026-07-30T15:26:14.137,848.719,200,open,ACTUATOR_ACTIVE,TRAJECTORY_COMPLETE,24.0,61,4,0,0.4,61,0,0.0,0.0,0.0,0.0,0.0,0.0
2026-07-30T15:26:14.749,849.328,201,close,ACTUATOR_ACTIVE,TRAJECTORY_RUNNING,24.0,61,5,18,4.68,61,0,0.0,0.0,0.0,0.0,0.0,0.0
2026-07-30T15:26:15.248,849.828,201,close,ACTUATOR_ACTIVE,TRAJECTORY_RUNNING,24.0,61,26,48,3.95,61,0,0.0,0.0,0.0,0.0,0.0,0.0
2026-07-30T15:26:15.739,850.313,201,close,ACTUATOR_ACTIVE,TRAJECTORY_RUNNING,24.0,61,33,0,96.22,61,0,0.0,0.0,0.0,0.0,0.0,0.0
2026-07-30T15:26:16.250,850.828,201,close,ACTUATOR_ACTIVE,TRAJECTORY_RUNNING,24.0,65,33,0,95.52,65,0,0.0,0.0,0.0,0.0,0.0,0.0
2026-07-30T15:26:16.859,851.438,201,open,ACTUATOR_ACTIVE,TRAJECTORY_RUNNING,24.0,65,33,-1,53.09,65,0,0.0,0.0,0.0,0.0,0.0,0.0
2026-07-30T15:26:17.356,851.938,201,open,ACTUATOR_ACTIVE,TRAJECTORY_RUNNING,24.0,65,21,-46,-0.92,65,0,0.0,0.0,0.0,0.0,0.0,0.0
2026-07-30T15:26:17.855,852.438,201,open,ACTUATOR_ACTIVE,TRAJECTORY_RUNNING,24.0,65,3,0,-1.58,65,0,0.0,0.0,0.0,0.0,0.0,0.0
2026-07-30T15:26:18.355,852.938,201,open,ACTUATOR_ACTIVE,TRAJECTORY_COMPLETE,24.0,65,5,0,0.28,65,0,0.0,0.0,0.0,0.0,0.0,0.0
2026-07-30T15:26:18.967,853.547,202,close,ACTUATOR_ACTIVE,TRAJECTORY_RUNNING,24.0,65,5,14,2.8,65,0,0.0,0.0,0.0,0.0,0.0,0.0
2026-07-30T15:26:19.464,854.047,202,close,ACTUATOR_ACTIVE,TRAJECTORY_RUNNING,24.0,65,26,47,4.29,65,0,0.0,0.0,0.0,0.0,0.0,0.0
2026-07-30T15:26:19.960,854.532,202,close,ACTUATOR_ACTIVE,TRAJECTORY_RUNNING,24.0,65,33,0,101.99,65,0,0.0,0.0,0.0,0.0,0.0,0.0
2026-07-30T15:26:20.475,855.047,202,close,ACTUATOR_ACTIVE,TRAJECTORY_RUNNING,24.0,62,33,0,103.51,62,0,0.0,0.0,0.0,0.0,0.0,0.0
2026-07-30T15:26:21.082,855.657,202,open,ACTUATOR_ACTIVE,TRAJECTORY_RUNNING,24.0,62,33,-2,60.52,62,0,0.0,0.0,0.0,0.0,0.0,0.0
2026-07-30T15:26:21.580,856.157,202,open,ACTUATOR_ACTIVE,TRAJECTORY_RUNNING,24.0,62,18,-49,-1.75,62,0,0.0,0.0,0.0,0.0,0.0,0.0
2026-07-30T15:26:22.073,856.657,202,open,ACTUATOR_ACTIVE,TRAJECTORY_COMPLETE,24.0,62,5,4,1.78,62,0,0.0,0.0,0.0,0.0,0.0,0.0
2026-07-30T15:26:22.567,857.141,202,open,ACTUATOR_ACTIVE,TRAJECTORY_COMPLETE,24.0,62,4,0,-0.37,62,0,0.0,0.0,0.0,0.0,0.0,0.0
2026-07-30T15:26:23.194,857.766,203,close,ACTUATOR_ACTIVE,TRAJECTORY_RUNNING,24.0,62,5,14,4.06,62,0,0.0,0.0,0.0,0.0,0.0,0.0
2026-07-30T15:26:23.704,858.282,203,close,ACTUATOR_ACTIVE,TRAJECTORY_RUNNING,24.0,62,27,48,3.57,62,0,0.0,0.0,0.0,0.0,0.0,0.0
2026-07-30T15:26:24.201,858.782,203,close,ACTUATOR_ACTIVE,TRAJECTORY_RUNNING,24.0,63,33,0,108.57,63,0,0.0,0.0,0.0,0.0,0.0,0.0
2026-07-30T15:26:24.697,859.266,203,close,ACTUATOR_ACTIVE,TRAJECTORY_RUNNING,24.0,63,33,0,101.98,63,0,0.0,0.0,0.0,0.0,0.0,0.0
2026-07-30T15:26:25.314,859.891,203,open,ACTUATOR_ACTIVE,TRAJECTORY_RUNNING,24.0,63,33,-1,58.18,63,0,0.0,0.0,0.0,0.0,0.0,0.0
2026-07-30T15:26:25.826,860.407,203,open,ACTUATOR_ACTIVE,TRAJECTORY_RUNNING,24.0,63,18,-49,-2.66,63,0,0.0,0.0,0.0,0.0,0.0,0.0
2026-07-30T15:26:26.321,860.891,203,open,ACTUATOR_ACTIVE,TRAJECTORY_COMPLETE,24.0,63,4,3,1.33,63,0,0.0,0.0,0.0,0.0,0.0,0.0
2026-07-30T15:26:26.832,861.407,203,open,ACTUATOR_ACTIVE,TRAJECTORY_COMPLETE,24.0,63,5,1,2.23,63,0,0.0,0.0,0.0,0.0,0.0,0.0
2026-07-30T15:26:27.443,862.016,204,close,ACTUATOR_ACTIVE,TRAJECTORY_RUNNING,24.0,63,5,14,3.81,63,0,0.0,0.0,0.0,0.0,0.0,0.0
2026-07-30T15:26:27.942,862.516,204,close,ACTUATOR_ACTIVE,TRAJECTORY_RUNNING,24.0,63,25,49,2.8,63,0,0.0,0.0,0.0,0.0,0.0,0.0
2026-07-30T15:26:28.441,863.016,204,close,ACTUATOR_ACTIVE,TRAJECTORY_RUNNING,24.0,59,32,0,34.32,59,0,0.0,0.0,0.0,0.0,0.0,0.0
2026-07-30T15:26:28.940,863.516,204,close,ACTUATOR_ACTIVE,TRAJECTORY_RUNNING,24.0,59,32,0,28.86,59,0,0.0,0.0,0.0,0.0,0.0,0.0
2026-07-30T15:26:29.548,864.125,204,open,ACTUATOR_ACTIVE,TRAJECTORY_RUNNING,24.0,59,32,-16,7.15,59,0,0.0,0.0,0.0,0.0,0.0,0.0
2026-07-30T15:26:30.044,864.625,204,open,ACTUATOR_ACTIVE,TRAJECTORY_RUNNING,24.0,59,15,-48,-2.5,59,0,0.0,0.0,0.0,0.0,0.0,0.0
2026-07-30T15:26:30.541,865.125,204,open,ACTUATOR_ACTIVE,TRAJECTORY_RUNNING,24.0,59,3,8,2.26,59,0,0.0,0.0,0.0,0.0,0.0,0.0
2026-07-30T15:26:31.041,865.625,204,open,ACTUATOR_ACTIVE,TRAJECTORY_COMPLETE,24.0,59,5,0,0.59,59,0,0.0,0.0,0.0,0.0,0.0,0.0
2026-07-30T15:26:31.650,866.235,205,close,ACTUATOR_ACTIVE,TRAJECTORY_RUNNING,24.0,59,5,15,5.61,59,0,0.0,0.0,0.0,0.0,0.0,0.0
2026-07-30T15:26:32.137,866.719,205,close,ACTUATOR_ACTIVE,TRAJECTORY_RUNNING,24.0,59,26,47,2.07,59,0,0.0,0.0,0.0,0.0,0.0,0.0
2026-07-30T15:26:32.647,867.219,205,close,ACTUATOR_ACTIVE,TRAJECTORY_RUNNING,24.0,59,33,0,104.31,59,0,0.0,0.0,0.0,0.0,0.0,0.0
2026-07-30T15:26:33.159,867.735,205,close,ACTUATOR_ACTIVE,TRAJECTORY_RUNNING,24.0,59,33,0,104.72,59,0,0.0,0.0,0.0,0.0,0.0,0.0
2026-07-30T15:26:33.764,868.344,205,open,ACTUATOR_ACTIVE,TRAJECTORY_RUNNING,24.0,59,33,-1,56.73,59,0,0.0,0.0,0.0,0.0,0.0,0.0
2026-07-30T15:26:34.258,868.828,205,open,ACTUATOR_ACTIVE,TRAJECTORY_RUNNING,24.0,59,21,-46,0.22,59,0,0.0,0.0,0.0,0.0,0.0,0.0
2026-07-30T15:26:34.771,869.344,205,open,ACTUATOR_ACTIVE,TRAJECTORY_RUNNING,24.0,59,3,0,-0.78,59,0,0.0,0.0,0.0,0.0,0.0,0.0
2026-07-30T15:26:35.266,869.844,205,open,ACTUATOR_ACTIVE,TRAJECTORY_COMPLETE,24.0,59,4,1,0.55,59,0,0.0,0.0,0.0,0.0,0.0,0.0
2026-07-30T15:26:35.879,870.453,206,close,ACTUATOR_ACTIVE,TRAJECTORY_RUNNING,24.0,59,5,16,4.76,59,0,0.0,0.0,0.0,0.0,0.0,0.0
2026-07-30T15:26:36.377,870.953,206,close,ACTUATOR_ACTIVE,TRAJECTORY_RUNNING,24.0,60,26,45,4.76,60,0,0.0,0.0,0.0,0.0,0.0,0.0
2026-07-30T15:26:36.876,871.453,206,close,ACTUATOR_ACTIVE,TRAJECTORY_RUNNING,24.0,60,33,0,98.28,60,0,0.0,0.0,0.0,0.0,0.0,0.0
2026-07-30T15:26:37.374,871.953,206,close,ACTUATOR_ACTIVE,TRAJECTORY_RUNNING,24.0,60,33,0,106.37,60,0,0.0,0.0,0.0,0.0,0.0,0.0
2026-07-30T15:26:37.985,872.563,206,open,ACTUATOR_ACTIVE,TRAJECTORY_RUNNING,24.0,60,33,0,56.86,60,0,0.0,0.0,0.0,0.0,0.0,0.0
2026-07-30T15:26:38.474,873.047,206,open,ACTUATOR_ACTIVE,TRAJECTORY_RUNNING,24.0,60,21,-47,-2.7,60,0,0.0,0.0,0.0,0.0,0.0,0.0
2026-07-30T15:26:38.989,873.563,206,open,ACTUATOR_ACTIVE,TRAJECTORY_RUNNING,24.0,60,3,0,-1.36,60,0,0.0,0.0,0.0,0.0,0.0,0.0
2026-07-30T15:26:39.489,874.063,206,open,ACTUATOR_ACTIVE,TRAJECTORY_COMPLETE,24.0,60,4,0,0.44,60,0,0.0,0.0,0.0,0.0,0.0,0.0
2026-07-30T15:26:40.098,874.672,207,close,ACTUATOR_ACTIVE,TRAJECTORY_RUNNING,24.0,57,5,19,4.01,57,0,0.0,0.0,0.0,0.0,0.0,0.0
2026-07-30T15:26:40.597,875.172,207,close,ACTUATOR_ACTIVE,TRAJECTORY_RUNNING,24.0,57,26,51,5.63,57,0,0.0,0.0,0.0,0.0,0.0,0.0
2026-07-30T15:26:41.096,875.672,207,close,ACTUATOR_ACTIVE,TRAJECTORY_RUNNING,24.0,57,33,0,102.08,57,0,0.0,0.0,0.0,0.0,0.0,0.0
2026-07-30T15:26:41.588,876.172,207,close,ACTUATOR_ACTIVE,TRAJECTORY_RUNNING,24.0,57,33,0,99.33,57,0,0.0,0.0,0.0,0.0,0.0,0.0
2026-07-30T15:26:42.192,876.766,207,open,ACTUATOR_ACTIVE,TRAJECTORY_RUNNING,24.0,57,33,-1,56.57,57,0,0.0,0.0,0.0,0.0,0.0,0.0
2026-07-30T15:26:42.708,877.282,207,open,ACTUATOR_ACTIVE,TRAJECTORY_RUNNING,24.0,57,20,-46,-2.52,57,0,0.0,0.0,0.0,0.0,0.0,0.0
2026-07-30T15:26:43.202,877.782,207,open,ACTUATOR_ACTIVE,TRAJECTORY_RUNNING,24.0,57,3,0,-0.93,57,0,0.0,0.0,0.0,0.0,0.0,0.0
2026-07-30T15:26:43.703,878.282,207,open,ACTUATOR_ACTIVE,TRAJECTORY_COMPLETE,24.0,57,4,1,0.46,57,0,0.0,0.0,0.0,0.0,0.0,0.0
2026-07-30T15:26:44.308,878.891,208,close,ACTUATOR_ACTIVE,TRAJECTORY_RUNNING,24.0,58,5,15,3.47,58,0,0.0,0.0,0.0,0.0,0.0,0.0
2026-07-30T15:26:44.803,879.375,208,close,ACTUATOR_ACTIVE,TRAJECTORY_RUNNING,24.0,58,26,48,2.28,58,0,0.0,0.0,0.0,0.0,0.0,0.0
2026-07-30T15:26:45.316,879.891,208,close,ACTUATOR_ACTIVE,TRAJECTORY_RUNNING,24.0,58,33,0,107.61,58,0,0.0,0.0,0.0,0.0,0.0,0.0
2026-07-30T15:26:45.814,880.391,208,close,ACTUATOR_ACTIVE,TRAJECTORY_RUNNING,24.0,58,33,0,94.18,58,0,0.0,0.0,0.0,0.0,0.0,0.0
2026-07-30T15:26:46.412,880.985,208,open,ACTUATOR_ACTIVE,TRAJECTORY_RUNNING,24.0,58,33,-1,59.37,58,0,0.0,0.0,0.0,0.0,0.0,0.0
2026-07-30T15:26:46.924,881.5,208,open,ACTUATOR_ACTIVE,TRAJECTORY_RUNNING,24.0,58,21,-47,1.06,58,0,0.0,0.0,0.0,0.0,0.0,0.0
2026-07-30T15:26:47.420,882.0,208,open,ACTUATOR_ACTIVE,TRAJECTORY_RUNNING,24.0,58,3,-1,-1.08,58,0,0.0,0.0,0.0,0.0,0.0,0.0
2026-07-30T15:26:47.920,882.5,208,open,ACTUATOR_ACTIVE,TRAJECTORY_COMPLETE,24.0,58,5,0,-0.03,58,0,0.0,0.0,0.0,0.0,0.0,0.0
2026-07-30T15:26:48.532,883.11,209,close,ACTUATOR_ACTIVE,TRAJECTORY_RUNNING,24.0,65,5,13,6.61,65,0,0.0,0.0,0.0,0.0,0.0,0.0
2026-07-30T15:26:49.025,883.61,209,close,ACTUATOR_ACTIVE,TRAJECTORY_RUNNING,24.0,65,26,49,1.26,65,0,0.0,0.0,0.0,0.0,0.0,0.0
2026-07-30T15:26:49.518,884.094,209,close,ACTUATOR_ACTIVE,TRAJECTORY_RUNNING,24.0,65,33,0,106.98,65,0,0.0,0.0,0.0,0.0,0.0,0.0
2026-07-30T15:26:50.031,884.61,209,close,ACTUATOR_ACTIVE,TRAJECTORY_RUNNING,24.0,65,33,0,97.32,65,0,0.0,0.0,0.0,0.0,0.0,0.0
2026-07-30T15:26:50.637,885.219,209,open,ACTUATOR_ACTIVE,TRAJECTORY_RUNNING,24.0,65,33,-1,55.72,65,0,0.0,0.0,0.0,0.0,0.0,0.0
2026-07-30T15:26:51.133,885.703,209,open,ACTUATOR_ACTIVE,TRAJECTORY_RUNNING,24.0,65,21,-47,-2.24,65,0,0.0,0.0,0.0,0.0,0.0,0.0
2026-07-30T15:26:51.645,886.219,209,open,ACTUATOR_ACTIVE,TRAJECTORY_RUNNING,24.0,65,3,0,-0.61,65,0,0.0,0.0,0.0,0.0,0.0,0.0
2026-07-30T15:26:52.146,886.719,209,open,ACTUATOR_ACTIVE,TRAJECTORY_COMPLETE,24.0,61,4,0,0.13,61,0,0.0,0.0,0.0,0.0,0.0,0.0
2026-07-30T15:26:52.752,887.328,210,close,ACTUATOR_ACTIVE,TRAJECTORY_RUNNING,24.0,61,5,13,3.67,61,0,0.0,0.0,0.0,0.0,0.0,0.0
2026-07-30T15:26:53.245,887.828,210,close,ACTUATOR_ACTIVE,TRAJECTORY_RUNNING,24.0,61,25,47,1.75,61,0,0.0,0.0,0.0,0.0,0.0,0.0
2026-07-30T15:26:53.736,888.313,210,close,ACTUATOR_ACTIVE,TRAJECTORY_RUNNING,24.0,61,32,0,34.52,61,0,0.0,0.0,0.0,0.0,0.0,0.0
2026-07-30T15:26:54.243,888.813,210,close,ACTUATOR_ACTIVE,TRAJECTORY_RUNNING,24.0,61,32,0,32.58,61,0,0.0,0.0,0.0,0.0,0.0,0.0
2026-07-30T15:26:54.862,889.438,210,open,ACTUATOR_ACTIVE,TRAJECTORY_RUNNING,24.0,61,32,-16,7.65,61,0,0.0,0.0,0.0,0.0,0.0,0.0
2026-07-30T15:26:55.377,889.953,210,open,ACTUATOR_ACTIVE,TRAJECTORY_RUNNING,24.0,61,14,-47,-2.7,61,0,0.0,0.0,0.0,0.0,0.0,0.0
2026-07-30T15:26:55.867,890.438,210,open,ACTUATOR_ACTIVE,TRAJECTORY_RUNNING,24.0,61,3,8,1.91,61,0,0.0,0.0,0.0,0.0,0.0,0.0
2026-07-30T15:26:56.376,890.953,210,open,ACTUATOR_ACTIVE,TRAJECTORY_COMPLETE,24.0,61,5,0,-0.23,61,0,0.0,0.0,0.0,0.0,0.0,0.0
2026-07-30T15:26:56.982,891.563,211,close,ACTUATOR_ACTIVE,TRAJECTORY_RUNNING,24.0,61,5,15,4.58,61,0,0.0,0.0,0.0,0.0,0.0,0.0
2026-07-30T15:26:57.478,892.047,211,close,ACTUATOR_ACTIVE,TRAJECTORY_RUNNING,24.0,61,26,48,3.52,61,0,0.0,0.0,0.0,0.0,0.0,0.0
2026-07-30T15:26:57.988,892.563,211,close,ACTUATOR_ACTIVE,TRAJECTORY_RUNNING,24.0,61,33,0,101.27,61,0,0.0,0.0,0.0,0.0,0.0,0.0
2026-07-30T15:26:58.485,893.063,211,close,ACTUATOR_ACTIVE,TRAJECTORY_RUNNING,24.0,61,33,0,93.17,61,0,0.0,0.0,0.0,0.0,0.0,0.0
2026-07-30T15:26:59.093,893.672,211,open,ACTUATOR_ACTIVE,TRAJECTORY_RUNNING,24.0,61,33,-1,55.03,61,0,0.0,0.0,0.0,0.0,0.0,0.0
2026-07-30T15:26:59.591,894.172,211,open,ACTUATOR_ACTIVE,TRAJECTORY_RUNNING,24.0,61,21,-46,0.47,61,0,0.0,0.0,0.0,0.0,0.0,0.0
2026-07-30T15:27:00.084,894.657,211,open,ACTUATOR_ACTIVE,TRAJECTORY_RUNNING,24.0,60,3,0,-1.4,60,0,0.0,0.0,0.0,0.0,0.0,0.0
2026-07-30T15:27:00.597,895.172,211,open,ACTUATOR_ACTIVE,TRAJECTORY_COMPLETE,24.0,60,4,0,0.24,60,0,0.0,0.0,0.0,0.0,0.0,0.0
2026-07-30T15:27:01.210,895.782,212,close,ACTUATOR_ACTIVE,TRAJECTORY_RUNNING,24.0,60,5,19,3.41,60,0,0.0,0.0,0.0,0.0,0.0,0.0
2026-07-30T15:27:01.706,896.282,212,close,ACTUATOR_ACTIVE,TRAJECTORY_RUNNING,24.0,60,27,46,5.02,60,0,0.0,0.0,0.0,0.0,0.0,0.0
2026-07-30T15:27:02.205,896.782,212,close,ACTUATOR_ACTIVE,TRAJECTORY_RUNNING,24.0,60,33,0,108.27,60,0,0.0,0.0,0.0,0.0,0.0,0.0
2026-07-30T15:27:02.698,897.282,212,close,ACTUATOR_ACTIVE,TRAJECTORY_RUNNING,24.0,60,33,0,98.05,60,0,0.0,0.0,0.0,0.0,0.0,0.0
2026-07-30T15:27:03.306,897.891,212,open,ACTUATOR_ACTIVE,TRAJECTORY_RUNNING,24.0,60,33,-1,53.82,60,0,0.0,0.0,0.0,0.0,0.0,0.0
2026-07-30T15:27:03.800,898.375,212,open,ACTUATOR_ACTIVE,TRAJECTORY_RUNNING,24.0,60,18,-49,-3.33,60,0,0.0,0.0,0.0,0.0,0.0,0.0
2026-07-30T15:27:04.312,898.891,212,open,ACTUATOR_ACTIVE,TRAJECTORY_COMPLETE,24.0,60,5,2,1.44,60,0,0.0,0.0,0.0,0.0,0.0,0.0
2026-07-30T15:27:04.807,899.391,212,open,ACTUATOR_ACTIVE,TRAJECTORY_COMPLETE,24.0,60,4,0,-0.32,60,0,0.0,0.0,0.0,0.0,0.0,0.0
2026-07-30T15:27:05.419,900.0,213,close,ACTUATOR_ACTIVE,TRAJECTORY_RUNNING,24.0,60,5,16,4.89,60,0,0.0,0.0,0.0,0.0,0.0,0.0
2026-07-30T15:27:05.915,900.485,213,close,ACTUATOR_ACTIVE,TRAJECTORY_RUNNING,24.0,60,26,49,5.24,60,0,0.0,0.0,0.0,0.0,0.0,0.0
2026-07-30T15:27:06.423,901.0,213,close,ACTUATOR_ACTIVE,TRAJECTORY_RUNNING,24.0,60,33,0,96.72,60,0,0.0,0.0,0.0,0.0,0.0,0.0
2026-07-30T15:27:06.918,901.5,213,close,ACTUATOR_ACTIVE,TRAJECTORY_RUNNING,24.0,60,33,0,93.12,60,0,0.0,0.0,0.0,0.0,0.0,0.0
2026-07-30T15:27:07.520,902.094,213,open,ACTUATOR_ACTIVE,TRAJECTORY_RUNNING,24.0,60,33,-1,58.59,60,0,0.0,0.0,0.0,0.0,0.0,0.0
2026-07-30T15:27:08.030,902.61,213,open,ACTUATOR_ACTIVE,TRAJECTORY_RUNNING,24.0,60,21,-45,-0.68,60,0,0.0,0.0,0.0,0.0,0.0,0.0
2026-07-30T15:27:08.529,903.11,213,open,ACTUATOR_ACTIVE,TRAJECTORY_RUNNING,24.0,60,3,-1,-0.72,60,0,0.0,0.0,0.0,0.0,0.0,0.0
2026-07-30T15:27:09.026,903.61,213,open,ACTUATOR_ACTIVE,TRAJECTORY_COMPLETE,24.0,60,4,0,0.64,60,0,0.0,0.0,0.0,0.0,0.0,0.0
2026-07-30T15:27:09.633,904.203,214,close,ACTUATOR_ACTIVE,TRAJECTORY_RUNNING,24.0,60,5,14,4.35,60,0,0.0,0.0,0.0,0.0,0.0,0.0
2026-07-30T15:27:10.147,904.719,214,close,ACTUATOR_ACTIVE,TRAJECTORY_RUNNING,24.0,60,26,50,2.57,60,0,0.0,0.0,0.0,0.0,0.0,0.0
2026-07-30T15:27:10.640,905.219,214,close,ACTUATOR_ACTIVE,TRAJECTORY_RUNNING,24.0,60,33,0,108.3,60,0,0.0,0.0,0.0,0.0,0.0,0.0
2026-07-30T15:27:11.134,905.703,214,close,ACTUATOR_ACTIVE,TRAJECTORY_RUNNING,24.0,60,33,0,94.35,60,0,0.0,0.0,0.0,0.0,0.0,0.0
2026-07-30T15:27:11.757,906.328,214,open,ACTUATOR_ACTIVE,TRAJECTORY_RUNNING,24.0,60,33,-1,53.31,60,0,0.0,0.0,0.0,0.0,0.0,0.0
2026-07-30T15:27:12.271,906.844,214,open,ACTUATOR_ACTIVE,TRAJECTORY_RUNNING,24.0,63,20,-49,-0.72,63,0,0.0,0.0,0.0,0.0,0.0,0.0
2026-07-30T15:27:12.768,907.344,214,open,ACTUATOR_ACTIVE,TRAJECTORY_RUNNING,24.0,63,3,-1,-0.52,63,0,0.0,0.0,0.0,0.0,0.0,0.0
2026-07-30T15:27:13.263,907.844,214,open,ACTUATOR_ACTIVE,TRAJECTORY_COMPLETE,24.0,63,4,0,1.17,63,0,0.0,0.0,0.0,0.0,0.0,0.0
2026-07-30T15:27:13.868,908.438,215,close,ACTUATOR_ACTIVE,TRAJECTORY_RUNNING,24.0,63,5,17,3.86,63,0,0.0,0.0,0.0,0.0,0.0,0.0
2026-07-30T15:27:14.375,908.953,215,close,ACTUATOR_ACTIVE,TRAJECTORY_RUNNING,24.0,63,27,46,2.76,63,0,0.0,0.0,0.0,0.0,0.0,0.0
2026-07-30T15:27:14.873,909.453,215,close,ACTUATOR_ACTIVE,TRAJECTORY_RUNNING,24.0,63,33,0,102.57,63,0,0.0,0.0,0.0,0.0,0.0,0.0
2026-07-30T15:27:15.369,909.953,215,close,ACTUATOR_ACTIVE,TRAJECTORY_RUNNING,24.0,63,33,0,98.81,63,0,0.0,0.0,0.0,0.0,0.0,0.0
2026-07-30T15:27:15.972,910.547,215,open,ACTUATOR_ACTIVE,TRAJECTORY_RUNNING,24.0,63,33,-1,55.88,63,0,0.0,0.0,0.0,0.0,0.0,0.0
2026-07-30T15:27:16.479,911.063,215,open,ACTUATOR_ACTIVE,TRAJECTORY_RUNNING,24.0,63,18,-48,-2.49,63,0,0.0,0.0,0.0,0.0,0.0,0.0
2026-07-30T15:27:16.976,911.547,215,open,ACTUATOR_ACTIVE,TRAJECTORY_COMPLETE,24.0,63,5,3,1.26,63,0,0.0,0.0,0.0,0.0,0.0,0.0
2026-07-30T15:27:17.489,912.063,215,open,ACTUATOR_ACTIVE,TRAJECTORY_COMPLETE,24.0,63,5,0,-0.1,63,0,0.0,0.0,0.0,0.0,0.0,0.0
2026-07-30T15:27:18.095,912.672,216,close,ACTUATOR_ACTIVE,TRAJECTORY_RUNNING,24.0,63,5,17,3.53,63,0,0.0,0.0,0.0,0.0,0.0,0.0
2026-07-30T15:27:18.593,913.172,216,close,ACTUATOR_ACTIVE,TRAJECTORY_RUNNING,24.0,63,26,47,3.93,63,0,0.0,0.0,0.0,0.0,0.0,0.0
2026-07-30T15:27:19.087,913.657,216,close,ACTUATOR_ACTIVE,TRAJECTORY_RUNNING,24.0,63,33,0,105.71,63,0,0.0,0.0,0.0,0.0,0.0,0.0
2026-07-30T15:27:19.597,914.172,216,close,ACTUATOR_ACTIVE,TRAJECTORY_RUNNING,24.0,63,33,0,101.68,63,0,0.0,0.0,0.0,0.0,0.0,0.0
2026-07-30T15:27:20.203,914.782,216,open,ACTUATOR_ACTIVE,TRAJECTORY_RUNNING,24.0,62,33,-1,58.32,62,0,0.0,0.0,0.0,0.0,0.0,0.0
2026-07-30T15:27:20.695,915.266,216,open,ACTUATOR_ACTIVE,TRAJECTORY_RUNNING,24.0,62,18,-48,-1.64,62,0,0.0,0.0,0.0,0.0,0.0,0.0
2026-07-30T15:27:21.204,915.782,216,open,ACTUATOR_ACTIVE,TRAJECTORY_COMPLETE,24.0,62,5,4,1.09,62,0,0.0,0.0,0.0,0.0,0.0,0.0
2026-07-30T15:27:21.698,916.282,216,open,ACTUATOR_ACTIVE,TRAJECTORY_COMPLETE,24.0,62,4,0,0.36,62,0,0.0,0.0,0.0,0.0,0.0,0.0
2026-07-30T15:27:22.302,916.875,217,close,ACTUATOR_ACTIVE,TRAJECTORY_RUNNING,24.0,62,5,14,3.45,62,0,0.0,0.0,0.0,0.0,0.0,0.0
2026-07-30T15:27:22.808,917.391,217,close,ACTUATOR_ACTIVE,TRAJECTORY_RUNNING,24.0,62,27,48,2.87,62,0,0.0,0.0,0.0,0.0,0.0,0.0
2026-07-30T15:27:23.303,917.875,217,close,ACTUATOR_ACTIVE,TRAJECTORY_RUNNING,24.0,62,33,0,99.74,62,0,0.0,0.0,0.0,0.0,0.0,0.0
2026-07-30T15:27:23.809,918.391,217,close,ACTUATOR_ACTIVE,TRAJECTORY_RUNNING,24.0,62,33,0,94.07,62,0,0.0,0.0,0.0,0.0,0.0,0.0
2026-07-30T15:27:24.419,919.0,217,open,ACTUATOR_ACTIVE,TRAJECTORY_RUNNING,24.0,60,33,-1,54.17,60,0,0.0,0.0,0.0,0.0,0.0,0.0
2026-07-30T15:27:24.913,919.485,217,open,ACTUATOR_ACTIVE,TRAJECTORY_RUNNING,24.0,60,21,-47,-2.29,60,0,0.0,0.0,0.0,0.0,0.0,0.0
2026-07-30T15:27:25.425,920.0,217,open,ACTUATOR_ACTIVE,TRAJECTORY_RUNNING,24.0,60,3,0,-0.86,60,0,0.0,0.0,0.0,0.0,0.0,0.0
2026-07-30T15:27:25.916,920.5,217,open,ACTUATOR_ACTIVE,TRAJECTORY_COMPLETE,24.0,60,4,1,0.13,60,0,0.0,0.0,0.0,0.0,0.0,0.0
2026-07-30T15:27:26.518,921.094,218,close,ACTUATOR_ACTIVE,TRAJECTORY_RUNNING,24.0,60,5,14,3.74,60,0,0.0,0.0,0.0,0.0,0.0,0.0
2026-07-30T15:27:27.028,921.61,218,close,ACTUATOR_ACTIVE,TRAJECTORY_RUNNING,24.0,60,27,49,2.14,60,0,0.0,0.0,0.0,0.0,0.0,0.0
2026-07-30T15:27:27.523,922.094,218,close,ACTUATOR_ACTIVE,TRAJECTORY_RUNNING,24.0,60,33,0,95.58,60,0,0.0,0.0,0.0,0.0,0.0,0.0
2026-07-30T15:27:28.031,922.61,218,close,ACTUATOR_ACTIVE,TRAJECTORY_RUNNING,24.0,61,33,0,100.49,61,0,0.0,0.0,0.0,0.0,0.0,0.0
2026-07-30T15:27:28.635,923.219,218,open,ACTUATOR_ACTIVE,TRAJECTORY_RUNNING,24.0,61,33,-1,57.03,61,0,0.0,0.0,0.0,0.0,0.0,0.0
2026-07-30T15:27:29.130,923.703,218,open,ACTUATOR_ACTIVE,TRAJECTORY_RUNNING,24.0,61,18,-46,-3.27,61,0,0.0,0.0,0.0,0.0,0.0,0.0
2026-07-30T15:27:29.644,924.219,218,open,ACTUATOR_ACTIVE,TRAJECTORY_COMPLETE,24.0,61,5,3,2.02,61,0,0.0,0.0,0.0,0.0,0.0,0.0
2026-07-30T15:27:30.143,924.719,218,open,ACTUATOR_ACTIVE,TRAJECTORY_COMPLETE,24.0,61,4,0,-1.07,61,0,0.0,0.0,0.0,0.0,0.0,0.0
2026-07-30T15:27:30.747,925.328,219,close,ACTUATOR_ACTIVE,TRAJECTORY_RUNNING,24.0,61,5,11,3.85,61,0,0.0,0.0,0.0,0.0,0.0,0.0
2026-07-30T15:27:31.239,925.813,219,close,ACTUATOR_ACTIVE,TRAJECTORY_RUNNING,24.0,61,25,46,4.26,61,0,0.0,0.0,0.0,0.0,0.0,0.0
2026-07-30T15:27:31.747,926.328,219,close,ACTUATOR_ACTIVE,TRAJECTORY_RUNNING,24.0,61,33,0,110.21,61,0,0.0,0.0,0.0,0.0,0.0,0.0
2026-07-30T15:27:32.243,926.813,219,close,ACTUATOR_ACTIVE,TRAJECTORY_RUNNING,24.0,61,33,0,97.04,61,0,0.0,0.0,0.0,0.0,0.0,0.0
2026-07-30T15:27:32.867,927.438,219,open,ACTUATOR_ACTIVE,TRAJECTORY_RUNNING,24.0,61,33,-1,56.39,61,0,0.0,0.0,0.0,0.0,0.0,0.0
2026-07-30T15:27:33.376,927.953,219,open,ACTUATOR_ACTIVE,TRAJECTORY_RUNNING,24.0,61,20,-45,-2.0,61,0,0.0,0.0,0.0,0.0,0.0,0.0
2026-07-30T15:27:33.865,928.438,219,open,ACTUATOR_ACTIVE,TRAJECTORY_RUNNING,24.0,61,3,0,-0.81,61,0,0.0,0.0,0.0,0.0,0.0,0.0
2026-07-30T15:27:34.373,928.953,219,open,ACTUATOR_ACTIVE,TRAJECTORY_COMPLETE,24.0,61,4,0,0.58,61,0,0.0,0.0,0.0,0.0,0.0,0.0
2026-07-30T15:27:34.977,929.547,220,close,ACTUATOR_ACTIVE,TRAJECTORY_RUNNING,24.0,61,5,15,4.05,61,0,0.0,0.0,0.0,0.0,0.0,0.0
2026-07-30T15:27:35.489,930.063,220,close,ACTUATOR_ACTIVE,TRAJECTORY_RUNNING,24.0,61,27,48,3.79,61,0,0.0,0.0,0.0,0.0,0.0,0.0
2026-07-30T15:27:35.982,930.563,220,close,ACTUATOR_ACTIVE,TRAJECTORY_RUNNING,24.0,61,33,0,105.73,62,0,0.0,0.0,0.0,0.0,0.0,0.0
2026-07-30T15:27:36.471,931.047,220,close,ACTUATOR_ACTIVE,TRAJECTORY_RUNNING,24.0,62,33,0,103.19,62,0,0.0,0.0,0.0,0.0,0.0,0.0
2026-07-30T15:27:37.095,931.672,220,open,ACTUATOR_ACTIVE,TRAJECTORY_RUNNING,24.0,62,33,-1,55.84,62,0,0.0,0.0,0.0,0.0,0.0,0.0
2026-07-30T15:27:37.592,932.172,220,open,ACTUATOR_ACTIVE,TRAJECTORY_RUNNING,24.0,62,21,-48,-3.42,62,0,0.0,0.0,0.0,0.0,0.0,0.0
2026-07-30T15:27:38.089,932.672,220,open,ACTUATOR_ACTIVE,TRAJECTORY_RUNNING,24.0,62,3,-1,-1.2,62,0,0.0,0.0,0.0,0.0,0.0,0.0
2026-07-30T15:27:38.581,933.157,220,open,ACTUATOR_ACTIVE,TRAJECTORY_COMPLETE,24.0,62,4,0,1.17,62,0,0.0,0.0,0.0,0.0,0.0,0.0
2026-07-30T15:27:39.207,933.782,221,close,ACTUATOR_ACTIVE,TRAJECTORY_RUNNING,24.0,62,5,14,3.37,62,0,0.0,0.0,0.0,0.0,0.0,0.0
2026-07-30T15:27:39.700,934.282,221,close,ACTUATOR_ACTIVE,TRAJECTORY_RUNNING,24.0,62,26,47,2.95,62,0,0.0,0.0,0.0,0.0,0.0,0.0
2026-07-30T15:27:40.189,934.766,221,close,ACTUATOR_ACTIVE,TRAJECTORY_RUNNING,24.0,63,33,0,94.69,63,0,0.0,0.0,0.0,0.0,0.0,0.0
2026-07-30T15:27:40.699,935.282,221,close,ACTUATOR_ACTIVE,TRAJECTORY_RUNNING,24.0,63,33,0,94.64,63,0,0.0,0.0,0.0,0.0,0.0,0.0
2026-07-30T15:27:41.301,935.875,221,open,ACTUATOR_ACTIVE,TRAJECTORY_RUNNING,24.0,63,33,0,54.19,63,0,0.0,0.0,0.0,0.0,0.0,0.0
2026-07-30T15:27:41.812,936.391,221,open,ACTUATOR_ACTIVE,TRAJECTORY_RUNNING,24.0,63,18,-49,-1.71,63,0,0.0,0.0,0.0,0.0,0.0,0.0
2026-07-30T15:27:42.304,936.875,221,open,ACTUATOR_ACTIVE,TRAJECTORY_COMPLETE,24.0,63,5,3,1.58,63,0,0.0,0.0,0.0,0.0,0.0,0.0
2026-07-30T15:27:42.816,937.391,221,open,ACTUATOR_ACTIVE,TRAJECTORY_COMPLETE,24.0,63,4,0,-0.23,63,0,0.0,0.0,0.0,0.0,0.0,0.0
2026-07-30T15:27:43.425,938.0,222,close,ACTUATOR_ACTIVE,TRAJECTORY_RUNNING,24.0,63,5,14,4.13,63,0,0.0,0.0,0.0,0.0,0.0,0.0
2026-07-30T15:27:43.920,938.5,222,close,ACTUATOR_ACTIVE,TRAJECTORY_RUNNING,24.0,63,26,48,2.63,63,0,0.0,0.0,0.0,0.0,0.0,0.0
2026-07-30T15:27:44.417,939.0,222,close,ACTUATOR_ACTIVE,TRAJECTORY_RUNNING,24.0,60,33,0,100.48,60,0,0.0,0.0,0.0,0.0,0.0,0.0
2026-07-30T15:27:44.914,939.485,222,close,ACTUATOR_ACTIVE,TRAJECTORY_RUNNING,24.0,60,33,0,100.6,60,0,0.0,0.0,0.0,0.0,0.0,0.0
2026-07-30T15:27:45.533,940.11,222,open,ACTUATOR_ACTIVE,TRAJECTORY_RUNNING,24.0,60,33,0,55.47,60,0,0.0,0.0,0.0,0.0,0.0,0.0
2026-07-30T15:27:46.046,940.625,222,open,ACTUATOR_ACTIVE,TRAJECTORY_RUNNING,24.0,60,18,-49,-2.83,60,0,0.0,0.0,0.0,0.0,0.0,0.0
2026-07-30T15:27:46.542,941.125,222,open,ACTUATOR_ACTIVE,TRAJECTORY_COMPLETE,24.0,60,5,2,2.28,60,0,0.0,0.0,0.0,0.0,0.0,0.0
2026-07-30T15:27:47.041,941.625,222,open,ACTUATOR_ACTIVE,TRAJECTORY_COMPLETE,24.0,60,4,0,-0.27,60,0,0.0,0.0,0.0,0.0,0.0,0.0
2026-07-30T15:27:47.643,942.219,223,close,ACTUATOR_ACTIVE,TRAJECTORY_RUNNING,24.0,60,5,14,3.32,60,0,0.0,0.0,0.0,0.0,0.0,0.0
2026-07-30T15:27:48.155,942.735,223,close,ACTUATOR_ACTIVE,TRAJECTORY_RUNNING,24.0,55,25,48,6.27,55,0,0.0,0.0,0.0,0.0,0.0,0.0
2026-07-30T15:27:48.645,943.219,223,close,ACTUATOR_ACTIVE,TRAJECTORY_RUNNING,24.0,55,32,0,32.79,55,0,0.0,0.0,0.0,0.0,0.0,0.0
2026-07-30T15:27:49.154,943.735,223,close,ACTUATOR_ACTIVE,TRAJECTORY_RUNNING,24.0,55,32,0,31.2,55,0,0.0,0.0,0.0,0.0,0.0,0.0
2026-07-30T15:27:49.763,944.344,223,open,ACTUATOR_ACTIVE,TRAJECTORY_RUNNING,24.0,55,32,-15,7.32,55,0,0.0,0.0,0.0,0.0,0.0,0.0
2026-07-30T15:27:50.260,944.844,223,open,ACTUATOR_ACTIVE,TRAJECTORY_RUNNING,24.0,55,15,-48,-2.39,55,0,0.0,0.0,0.0,0.0,0.0,0.0
2026-07-30T15:27:50.759,945.344,223,open,ACTUATOR_ACTIVE,TRAJECTORY_RUNNING,24.0,55,4,7,2.81,55,0,0.0,0.0,0.0,0.0,0.0,0.0
2026-07-30T15:27:51.255,945.828,223,open,ACTUATOR_ACTIVE,TRAJECTORY_COMPLETE,24.0,55,4,1,-0.05,55,0,0.0,0.0,0.0,0.0,0.0,0.0
2026-07-30T15:27:51.882,946.453,224,close,ACTUATOR_ACTIVE,TRAJECTORY_RUNNING,24.0,55,5,14,3.55,55,0,0.0,0.0,0.0,0.0,0.0,0.0
2026-07-30T15:27:52.376,946.953,224,close,ACTUATOR_ACTIVE,TRAJECTORY_RUNNING,24.0,61,25,50,3.82,61,0,0.0,0.0,0.0,0.0,0.0,0.0
2026-07-30T15:27:52.871,947.453,224,close,ACTUATOR_ACTIVE,TRAJECTORY_RUNNING,24.0,61,32,0,33.47,61,0,0.0,0.0,0.0,0.0,0.0,0.0
2026-07-30T15:27:53.365,947.938,224,close,ACTUATOR_ACTIVE,TRAJECTORY_RUNNING,24.0,61,32,0,31.96,61,0,0.0,0.0,0.0,0.0,0.0,0.0
2026-07-30T15:27:53.985,948.563,224,open,ACTUATOR_ACTIVE,TRAJECTORY_RUNNING,24.0,61,32,-15,7.85,61,0,0.0,0.0,0.0,0.0,0.0,0.0
2026-07-30T15:27:54.483,949.063,224,open,ACTUATOR_ACTIVE,TRAJECTORY_RUNNING,24.0,61,15,-46,-1.18,61,0,0.0,0.0,0.0,0.0,0.0,0.0
2026-07-30T15:27:54.978,949.563,224,open,ACTUATOR_ACTIVE,TRAJECTORY_RUNNING,24.0,61,3,7,3.45,61,0,0.0,0.0,0.0,0.0,0.0,0.0
2026-07-30T15:27:55.476,950.047,224,open,ACTUATOR_ACTIVE,TRAJECTORY_COMPLETE,24.0,61,4,0,0.26,61,0,0.0,0.0,0.0,0.0,0.0,0.0
2026-07-30T15:27:56.103,950.688,225,close,ACTUATOR_ACTIVE,TRAJECTORY_RUNNING,24.0,62,5,16,5.82,62,0,0.0,0.0,0.0,0.0,0.0,0.0
2026-07-30T15:27:56.594,951.172,225,close,ACTUATOR_ACTIVE,TRAJECTORY_RUNNING,24.0,62,26,46,3.77,62,0,0.0,0.0,0.0,0.0,0.0,0.0
2026-07-30T15:27:57.104,951.688,225,close,ACTUATOR_ACTIVE,TRAJECTORY_RUNNING,24.0,62,33,0,102.27,62,0,0.0,0.0,0.0,0.0,0.0,0.0
2026-07-30T15:27:57.599,952.172,225,close,ACTUATOR_ACTIVE,TRAJECTORY_RUNNING,24.0,62,33,0,102.31,62,0,0.0,0.0,0.0,0.0,0.0,0.0
2026-07-30T15:27:58.223,952.797,225,open,ACTUATOR_ACTIVE,TRAJECTORY_RUNNING,24.0,62,33,-1,58.42,62,0,0.0,0.0,0.0,0.0,0.0,0.0
2026-07-30T15:27:58.716,953.297,225,open,ACTUATOR_ACTIVE,TRAJECTORY_RUNNING,24.0,62,18,-49,-3.77,62,0,0.0,0.0,0.0,0.0,0.0,0.0
2026-07-30T15:27:59.207,953.782,225,open,ACTUATOR_ACTIVE,TRAJECTORY_COMPLETE,24.0,62,4,6,1.4,62,0,0.0,0.0,0.0,0.0,0.0,0.0
2026-07-30T15:27:59.711,954.282,225,open,ACTUATOR_ACTIVE,TRAJECTORY_COMPLETE,24.0,62,4,0,-0.43,62,0,0.0,0.0,0.0,0.0,0.0,0.0
2026-07-30T15:28:00.336,954.907,226,close,ACTUATOR_ACTIVE,TRAJECTORY_RUNNING,24.0,63,5,16,4.99,63,0,0.0,0.0,0.0,0.0,0.0,0.0
2026-07-30T15:28:00.847,955.422,226,close,ACTUATOR_ACTIVE,TRAJECTORY_RUNNING,24.0,63,27,49,3.28,63,0,0.0,0.0,0.0,0.0,0.0,0.0
2026-07-30T15:28:01.345,955.922,226,close,ACTUATOR_ACTIVE,TRAJECTORY_RUNNING,24.0,63,33,0,98.16,63,0,0.0,0.0,0.0,0.0,0.0,0.0
2026-07-30T15:28:01.839,956.422,226,close,ACTUATOR_ACTIVE,TRAJECTORY_RUNNING,24.0,63,33,0,102.52,63,0,0.0,0.0,0.0,0.0,0.0,0.0
2026-07-30T15:28:02.447,957.032,226,open,ACTUATOR_ACTIVE,TRAJECTORY_RUNNING,24.0,63,33,-1,57.59,63,0,0.0,0.0,0.0,0.0,0.0,0.0
2026-07-30T15:28:02.942,957.516,226,open,ACTUATOR_ACTIVE,TRAJECTORY_RUNNING,24.0,63,21,-47,-3.2,63,0,0.0,0.0,0.0,0.0,0.0,0.0
2026-07-30T15:28:03.453,958.032,226,open,ACTUATOR_ACTIVE,TRAJECTORY_RUNNING,24.0,63,3,0,-1.0,63,0,0.0,0.0,0.0,0.0,0.0,0.0
2026-07-30T15:28:03.948,958.532,226,open,ACTUATOR_ACTIVE,TRAJECTORY_COMPLETE,24.0,63,4,1,0.7,63,0,0.0,0.0,0.0,0.0,0.0,0.0
2026-07-30T15:28:04.556,959.125,227,close,ACTUATOR_ACTIVE,TRAJECTORY_RUNNING,24.0,63,5,18,4.79,63,0,0.0,0.0,0.0,0.0,0.0,0.0
2026-07-30T15:28:05.067,959.641,227,close,ACTUATOR_ACTIVE,TRAJECTORY_RUNNING,24.0,63,27,46,4.22,63,0,0.0,0.0,0.0,0.0,0.0,0.0
2026-07-30T15:28:05.564,960.141,227,close,ACTUATOR_ACTIVE,TRAJECTORY_RUNNING,24.0,63,33,0,102.76,63,0,0.0,0.0,0.0,0.0,0.0,0.0
2026-07-30T15:28:06.061,960.641,227,close,ACTUATOR_ACTIVE,TRAJECTORY_RUNNING,24.0,63,33,0,92.63,63,0,0.0,0.0,0.0,0.0,0.0,0.0
2026-07-30T15:28:06.660,961.235,227,open,ACTUATOR_ACTIVE,TRAJECTORY_RUNNING,24.0,63,33,-1,53.85,63,0,0.0,0.0,0.0,0.0,0.0,0.0
2026-07-30T15:28:07.167,961.75,227,open,ACTUATOR_ACTIVE,TRAJECTORY_RUNNING,24.0,63,20,-46,-0.22,63,0,0.0,0.0,0.0,0.0,0.0,0.0
2026-07-30T15:28:07.666,962.25,227,open,ACTUATOR_ACTIVE,TRAJECTORY_RUNNING,24.0,63,3,1,-1.35,63,0,0.0,0.0,0.0,0.0,0.0,0.0
2026-07-30T15:28:08.163,962.735,227,open,ACTUATOR_ACTIVE,TRAJECTORY_COMPLETE,24.0,59,4,0,0.27,59,0,0.0,0.0,0.0,0.0,0.0,0.0
2026-07-30T15:28:08.774,963.344,228,close,ACTUATOR_ACTIVE,TRAJECTORY_RUNNING,24.0,59,5,15,5.39,59,0,0.0,0.0,0.0,0.0,0.0,0.0
2026-07-30T15:28:09.284,963.86,228,close,ACTUATOR_ACTIVE,TRAJECTORY_RUNNING,24.0,59,26,47,4.57,59,0,0.0,0.0,0.0,0.0,0.0,0.0
2026-07-30T15:28:09.779,964.36,228,close,ACTUATOR_ACTIVE,TRAJECTORY_RUNNING,24.0,59,33,0,96.73,59,0,0.0,0.0,0.0,0.0,0.0,0.0
2026-07-30T15:28:10.276,964.86,228,close,ACTUATOR_ACTIVE,TRAJECTORY_RUNNING,24.0,59,33,0,102.77,59,0,0.0,0.0,0.0,0.0,0.0,0.0
2026-07-30T15:28:10.879,965.453,228,open,ACTUATOR_ACTIVE,TRAJECTORY_RUNNING,24.0,59,33,-1,58.11,59,0,0.0,0.0,0.0,0.0,0.0,0.0
2026-07-30T15:28:11.390,965.969,228,open,ACTUATOR_ACTIVE,TRAJECTORY_RUNNING,24.0,59,18,-48,-3.18,59,0,0.0,0.0,0.0,0.0,0.0,0.0
2026-07-30T15:28:11.884,966.469,228,open,ACTUATOR_ACTIVE,TRAJECTORY_COMPLETE,24.0,59,5,2,1.47,59,0,0.0,0.0,0.0,0.0,0.0,0.0
2026-07-30T15:28:12.381,966.953,228,open,ACTUATOR_ACTIVE,TRAJECTORY_COMPLETE,24.0,55,5,0,-0.21,55,0,0.0,0.0,0.0,0.0,0.0,0.0
2026-07-30T15:28:13.000,967.578,229,close,ACTUATOR_ACTIVE,TRAJECTORY_RUNNING,24.0,55,5,17,3.79,55,0,0.0,0.0,0.0,0.0,0.0,0.0
2026-07-30T15:28:13.508,968.078,229,close,ACTUATOR_ACTIVE,TRAJECTORY_RUNNING,24.0,55,27,49,2.45,55,0,0.0,0.0,0.0,0.0,0.0,0.0
2026-07-30T15:28:14.020,968.594,229,close,ACTUATOR_ACTIVE,TRAJECTORY_RUNNING,24.0,55,33,0,106.0,55,0,0.0,0.0,0.0,0.0,0.0,0.0
2026-07-30T15:28:14.513,969.094,229,close,ACTUATOR_ACTIVE,TRAJECTORY_RUNNING,24.0,55,33,0,97.82,55,0,0.0,0.0,0.0,0.0,0.0,0.0
2026-07-30T15:28:15.116,969.688,229,open,ACTUATOR_ACTIVE,TRAJECTORY_RUNNING,24.0,55,33,-1,58.27,55,0,0.0,0.0,0.0,0.0,0.0,0.0
2026-07-30T15:28:15.625,970.203,229,open,ACTUATOR_ACTIVE,TRAJECTORY_RUNNING,24.0,55,20,-47,-2.3,55,0,0.0,0.0,0.0,0.0,0.0,0.0
2026-07-30T15:28:16.123,970.703,229,open,ACTUATOR_ACTIVE,TRAJECTORY_RUNNING,24.0,58,3,0,-0.61,58,0,0.0,0.0,0.0,0.0,0.0,0.0
2026-07-30T15:28:16.612,971.188,229,open,ACTUATOR_ACTIVE,TRAJECTORY_COMPLETE,24.0,58,4,1,0.51,58,0,0.0,0.0,0.0,0.0,0.0,0.0
2026-07-30T15:28:17.231,971.813,230,close,ACTUATOR_ACTIVE,TRAJECTORY_RUNNING,24.0,58,5,14,3.37,58,0,0.0,0.0,0.0,0.0,0.0,0.0
2026-07-30T15:28:17.728,972.297,230,close,ACTUATOR_ACTIVE,TRAJECTORY_RUNNING,24.0,58,26,46,2.12,58,0,0.0,0.0,0.0,0.0,0.0,0.0
2026-07-30T15:28:18.240,972.813,230,close,ACTUATOR_ACTIVE,TRAJECTORY_RUNNING,24.0,58,33,0,103.49,58,0,0.0,0.0,0.0,0.0,0.0,0.0
2026-07-30T15:28:18.738,973.313,230,close,ACTUATOR_ACTIVE,TRAJECTORY_RUNNING,24.0,58,33,0,96.84,58,0,0.0,0.0,0.0,0.0,0.0,0.0
2026-07-30T15:28:19.346,973.922,230,open,ACTUATOR_ACTIVE,TRAJECTORY_RUNNING,24.0,58,33,-1,57.05,58,0,0.0,0.0,0.0,0.0,0.0,0.0
2026-07-30T15:28:19.838,974.422,230,open,ACTUATOR_ACTIVE,TRAJECTORY_RUNNING,24.0,58,21,-46,-2.08,58,0,0.0,0.0,0.0,0.0,0.0,0.0
2026-07-30T15:28:20.335,974.907,230,open,ACTUATOR_ACTIVE,TRAJECTORY_RUNNING,24.0,62,3,0,-1.91,62,0,0.0,0.0,0.0,0.0,0.0,0.0
2026-07-30T15:28:20.845,975.422,230,open,ACTUATOR_ACTIVE,TRAJECTORY_COMPLETE,24.0,62,4,0,0.69,62,0,0.0,0.0,0.0,0.0,0.0,0.0
2026-07-30T15:28:21.450,976.032,231,close,ACTUATOR_ACTIVE,TRAJECTORY_RUNNING,24.0,62,5,17,4.16,62,0,0.0,0.0,0.0,0.0,0.0,0.0
2026-07-30T15:28:21.945,976.516,231,close,ACTUATOR_ACTIVE,TRAJECTORY_RUNNING,24.0,62,26,50,3.98,62,0,0.0,0.0,0.0,0.0,0.0,0.0
2026-07-30T15:28:22.457,977.032,231,close,ACTUATOR_ACTIVE,TRAJECTORY_RUNNING,24.0,62,33,0,106.37,62,0,0.0,0.0,0.0,0.0,0.0,0.0
2026-07-30T15:28:22.951,977.532,231,close,ACTUATOR_ACTIVE,TRAJECTORY_RUNNING,24.0,62,33,0,98.27,62,0,0.0,0.0,0.0,0.0,0.0,0.0
2026-07-30T15:28:23.554,978.125,231,open,ACTUATOR_ACTIVE,TRAJECTORY_RUNNING,24.0,62,33,0,53.53,62,0,0.0,0.0,0.0,0.0,0.0,0.0
2026-07-30T15:28:24.064,978.641,231,open,ACTUATOR_ACTIVE,TRAJECTORY_RUNNING,24.0,61,20,-45,-0.72,61,0,0.0,0.0,0.0,0.0,0.0,0.0
2026-07-30T15:28:24.557,979.141,231,open,ACTUATOR_ACTIVE,TRAJECTORY_RUNNING,24.0,61,3,0,-1.03,61,0,0.0,0.0,0.0,0.0,0.0,0.0
2026-07-30T15:28:25.054,979.625,231,open,ACTUATOR_ACTIVE,TRAJECTORY_COMPLETE,24.0,61,4,0,0.32,61,0,0.0,0.0,0.0,0.0,0.0,0.0
2026-07-30T15:28:25.673,980.25,232,close,ACTUATOR_ACTIVE,TRAJECTORY_RUNNING,24.0,61,5,16,4.12,61,0,0.0,0.0,0.0,0.0,0.0,0.0
2026-07-30T15:28:26.167,980.75,232,close,ACTUATOR_ACTIVE,TRAJECTORY_RUNNING,24.0,61,25,46,3.22,61,0,0.0,0.0,0.0,0.0,0.0,0.0
2026-07-30T15:28:26.659,981.235,232,close,ACTUATOR_ACTIVE,TRAJECTORY_RUNNING,24.0,61,32,0,33.32,61,0,0.0,0.0,0.0,0.0,0.0,0.0
2026-07-30T15:28:27.168,981.75,232,close,ACTUATOR_ACTIVE,TRAJECTORY_RUNNING,24.0,61,32,0,30.68,61,0,0.0,0.0,0.0,0.0,0.0,0.0
2026-07-30T15:28:27.771,982.344,232,open,ACTUATOR_ACTIVE,TRAJECTORY_RUNNING,24.0,61,32,-14,6.93,61,0,0.0,0.0,0.0,0.0,0.0,0.0
2026-07-30T15:28:28.277,982.86,232,open,ACTUATOR_ACTIVE,TRAJECTORY_RUNNING,24.0,58,11,-47,-2.08,58,0,0.0,0.0,0.0,0.0,0.0,0.0
2026-07-30T15:28:28.771,983.344,232,open,ACTUATOR_ACTIVE,TRAJECTORY_COMPLETE,24.0,58,4,-2,-0.04,58,0,0.0,0.0,0.0,0.0,0.0,0.0
2026-07-30T15:28:29.280,983.86,232,open,ACTUATOR_ACTIVE,TRAJECTORY_COMPLETE,24.0,58,4,0,-0.66,58,0,0.0,0.0,0.0,0.0,0.0,0.0
2026-07-30T15:28:29.886,984.469,233,close,ACTUATOR_ACTIVE,TRAJECTORY_RUNNING,24.0,58,5,15,4.58,58,0,0.0,0.0,0.0,0.0,0.0,0.0
2026-07-30T15:28:30.380,984.953,233,close,ACTUATOR_ACTIVE,TRAJECTORY_RUNNING,24.0,58,26,48,1.44,58,0,0.0,0.0,0.0,0.0,0.0,0.0
2026-07-30T15:28:30.891,985.469,233,close,ACTUATOR_ACTIVE,TRAJECTORY_RUNNING,24.0,58,33,0,101.38,58,0,0.0,0.0,0.0,0.0,0.0,0.0
2026-07-30T15:28:31.387,985.969,233,close,ACTUATOR_ACTIVE,TRAJECTORY_RUNNING,24.0,58,33,0,94.43,58,0,0.0,0.0,0.0,0.0,0.0,0.0
2026-07-30T15:28:31.994,986.578,233,open,ACTUATOR_ACTIVE,TRAJECTORY_RUNNING,24.0,63,33,0,57.88,63,0,0.0,0.0,0.0,0.0,0.0,0.0
2026-07-30T15:28:32.486,987.063,233,open,ACTUATOR_ACTIVE,TRAJECTORY_RUNNING,24.0,63,21,-47,-1.88,63,0,0.0,0.0,0.0,0.0,0.0,0.0
2026-07-30T15:28:32.993,987.563,233,open,ACTUATOR_ACTIVE,TRAJECTORY_RUNNING,24.0,63,3,0,-0.65,63,0,0.0,0.0,0.0,0.0,0.0,0.0
2026-07-30T15:28:33.506,988.078,233,open,ACTUATOR_ACTIVE,TRAJECTORY_COMPLETE,24.0,63,4,0,0.5,63,0,0.0,0.0,0.0,0.0,0.0,0.0
2026-07-30T15:28:34.109,988.688,234,close,ACTUATOR_ACTIVE,TRAJECTORY_RUNNING,24.0,63,5,16,4.83,63,0,0.0,0.0,0.0,0.0,0.0,0.0
2026-07-30T15:28:34.605,989.188,234,close,ACTUATOR_ACTIVE,TRAJECTORY_RUNNING,24.0,63,26,49,6.28,63,0,0.0,0.0,0.0,0.0,0.0,0.0
2026-07-30T15:28:35.101,989.672,234,close,ACTUATOR_ACTIVE,TRAJECTORY_RUNNING,24.0,63,33,0,110.81,63,0,0.0,0.0,0.0,0.0,0.0,0.0
2026-07-30T15:28:35.617,990.188,234,close,ACTUATOR_ACTIVE,TRAJECTORY_RUNNING,24.0,63,33,0,103.24,63,0,0.0,0.0,0.0,0.0,0.0,0.0
2026-07-30T15:28:36.223,990.797,234,open,ACTUATOR_ACTIVE,TRAJECTORY_RUNNING,24.0,58,33,0,53.23,58,0,0.0,0.0,0.0,0.0,0.0,0.0
2026-07-30T15:28:36.723,991.297,234,open,ACTUATOR_ACTIVE,TRAJECTORY_RUNNING,24.0,58,21,-49,-1.69,58,0,0.0,0.0,0.0,0.0,0.0,0.0
2026-07-30T15:28:37.221,991.797,234,open,ACTUATOR_ACTIVE,TRAJECTORY_RUNNING,24.0,58,3,-1,-1.6,58,0,0.0,0.0,0.0,0.0,0.0,0.0
2026-07-30T15:28:37.715,992.297,234,open,ACTUATOR_ACTIVE,TRAJECTORY_COMPLETE,24.0,58,4,0,0.12,58,0,0.0,0.0,0.0,0.0,0.0,0.0
2026-07-30T15:28:38.321,992.891,235,close,ACTUATOR_ACTIVE,TRAJECTORY_RUNNING,24.0,58,5,16,4.26,58,0,0.0,0.0,0.0,0.0,0.0,0.0
2026-07-30T15:28:38.826,993.407,235,close,ACTUATOR_ACTIVE,TRAJECTORY_RUNNING,24.0,58,25,47,4.5,58,0,0.0,0.0,0.0,0.0,0.0,0.0
2026-07-30T15:28:39.321,993.891,235,close,ACTUATOR_ACTIVE,TRAJECTORY_RUNNING,24.0,58,32,0,34.72,58,0,0.0,0.0,0.0,0.0,0.0,0.0
2026-07-30T15:28:39.831,994.407,235,close,ACTUATOR_ACTIVE,TRAJECTORY_RUNNING,24.0,58,32,0,31.84,58,0,0.0,0.0,0.0,0.0,0.0,0.0
2026-07-30T15:28:40.431,995.016,235,open,ACTUATOR_ACTIVE,TRAJECTORY_RUNNING,24.0,62,32,-16,6.66,62,0,0.0,0.0,0.0,0.0,0.0,0.0
2026-07-30T15:28:40.927,995.5,235,open,ACTUATOR_ACTIVE,TRAJECTORY_RUNNING,24.0,62,12,-51,-1.12,62,0,0.0,0.0,0.0,0.0,0.0,0.0
2026-07-30T15:28:41.436,996.016,235,open,ACTUATOR_ACTIVE,TRAJECTORY_COMPLETE,24.0,62,4,0,0.32,62,0,0.0,0.0,0.0,0.0,0.0,0.0
2026-07-30T15:28:41.934,996.516,235,open,ACTUATOR_ACTIVE,TRAJECTORY_COMPLETE,24.0,62,5,0,0.01,62,0,0.0,0.0,0.0,0.0,0.0,0.0
2026-07-30T15:28:42.543,997.125,236,close,ACTUATOR_ACTIVE,TRAJECTORY_RUNNING,24.0,62,5,17,4.41,62,0,0.0,0.0,0.0,0.0,0.0,0.0
2026-07-30T15:28:43.036,997.61,236,close,ACTUATOR_ACTIVE,TRAJECTORY_RUNNING,24.0,62,25,49,4.74,62,0,0.0,0.0,0.0,0.0,0.0,0.0
2026-07-30T15:28:43.546,998.125,236,close,ACTUATOR_ACTIVE,TRAJECTORY_RUNNING,24.0,62,32,0,33.74,62,0,0.0,0.0,0.0,0.0,0.0,0.0
2026-07-30T15:28:44.044,998.625,236,close,ACTUATOR_ACTIVE,TRAJECTORY_RUNNING,24.0,63,32,0,29.26,63,0,0.0,0.0,0.0,0.0,0.0,0.0
2026-07-30T15:28:44.650,999.219,236,open,ACTUATOR_ACTIVE,TRAJECTORY_RUNNING,24.0,63,32,-16,7.17,63,0,0.0,0.0,0.0,0.0,0.0,0.0
2026-07-30T15:28:45.158,999.735,236,open,ACTUATOR_ACTIVE,TRAJECTORY_RUNNING,24.0,63,14,-50,-2.63,63,0,0.0,0.0,0.0,0.0,0.0,0.0
2026-07-30T15:28:45.646,1000.219,236,open,ACTUATOR_ACTIVE,TRAJECTORY_RUNNING,24.0,63,3,9,1.98,63,0,0.0,0.0,0.0,0.0,0.0,0.0
2026-07-30T15:28:46.154,1000.735,236,open,ACTUATOR_ACTIVE,TRAJECTORY_COMPLETE,24.0,63,5,0,0.33,63,0,0.0,0.0,0.0,0.0,0.0,0.0
2026-07-30T15:28:46.758,1001.328,237,close,ACTUATOR_ACTIVE,TRAJECTORY_RUNNING,24.0,63,5,16,4.49,63,0,0.0,0.0,0.0,0.0,0.0,0.0
2026-07-30T15:28:47.269,1001.844,237,close,ACTUATOR_ACTIVE,TRAJECTORY_RUNNING,24.0,63,26,46,2.04,63,0,0.0,0.0,0.0,0.0,0.0,0.0
2026-07-30T15:28:47.765,1002.344,237,close,ACTUATOR_ACTIVE,TRAJECTORY_RUNNING,24.0,63,33,0,104.93,63,0,0.0,0.0,0.0,0.0,0.0,0.0
2026-07-30T15:28:48.259,1002.828,237,close,ACTUATOR_ACTIVE,TRAJECTORY_RUNNING,24.0,63,33,0,105.45,63,0,0.0,0.0,0.0,0.0,0.0,0.0
2026-07-30T15:28:48.883,1003.453,237,open,ACTUATOR_ACTIVE,TRAJECTORY_RUNNING,24.0,63,33,-1,56.01,63,0,0.0,0.0,0.0,0.0,0.0,0.0
2026-07-30T15:28:49.393,1003.969,237,open,ACTUATOR_ACTIVE,TRAJECTORY_RUNNING,24.0,63,20,-48,1.62,63,0,0.0,0.0,0.0,0.0,0.0,0.0
2026-07-30T15:28:49.886,1004.469,237,open,ACTUATOR_ACTIVE,TRAJECTORY_RUNNING,24.0,63,3,1,-1.03,63,0,0.0,0.0,0.0,0.0,0.0,0.0
2026-07-30T15:28:50.380,1004.953,237,open,ACTUATOR_ACTIVE,TRAJECTORY_COMPLETE,24.0,63,4,0,0.15,63,0,0.0,0.0,0.0,0.0,0.0,0.0
2026-07-30T15:28:51.005,1005.578,238,close,ACTUATOR_ACTIVE,TRAJECTORY_RUNNING,24.0,63,5,15,5.87,63,0,0.0,0.0,0.0,0.0,0.0,0.0
2026-07-30T15:28:51.519,1006.094,238,close,ACTUATOR_ACTIVE,TRAJECTORY_RUNNING,24.0,63,27,47,2.8,63,0,0.0,0.0,0.0,0.0,0.0,0.0
2026-07-30T15:28:52.008,1006.578,238,close,ACTUATOR_ACTIVE,TRAJECTORY_RUNNING,24.0,58,33,0,97.39,58,0,0.0,0.0,0.0,0.0,0.0,0.0
2026-07-30T15:28:52.523,1007.094,238,close,ACTUATOR_ACTIVE,TRAJECTORY_RUNNING,24.0,58,33,0,108.95,58,0,0.0,0.0,0.0,0.0,0.0,0.0
2026-07-30T15:28:53.125,1007.703,238,open,ACTUATOR_ACTIVE,TRAJECTORY_RUNNING,24.0,58,33,-1,55.62,58,0,0.0,0.0,0.0,0.0,0.0,0.0
2026-07-30T15:28:53.635,1008.219,238,open,ACTUATOR_ACTIVE,TRAJECTORY_RUNNING,24.0,58,20,-47,-1.03,58,0,0.0,0.0,0.0,0.0,0.0,0.0
2026-07-30T15:28:54.132,1008.703,238,open,ACTUATOR_ACTIVE,TRAJECTORY_RUNNING,24.0,58,3,0,-0.86,58,0,0.0,0.0,0.0,0.0,0.0,0.0
2026-07-30T15:28:54.640,1009.219,238,open,ACTUATOR_ACTIVE,TRAJECTORY_COMPLETE,24.0,58,5,0,0.53,58,0,0.0,0.0,0.0,0.0,0.0,0.0
2026-07-30T15:28:55.243,1009.813,239,close,ACTUATOR_ACTIVE,TRAJECTORY_RUNNING,24.0,58,5,14,2.89,58,0,0.0,0.0,0.0,0.0,0.0,0.0
2026-07-30T15:28:55.750,1010.328,239,close,ACTUATOR_ACTIVE,TRAJECTORY_RUNNING,24.0,58,26,51,2.81,58,0,0.0,0.0,0.0,0.0,0.0,0.0
2026-07-30T15:28:56.247,1010.828,239,close,ACTUATOR_ACTIVE,TRAJECTORY_RUNNING,24.0,61,33,0,107.61,61,0,0.0,0.0,0.0,0.0,0.0,0.0
2026-07-30T15:28:56.742,1011.313,239,close,ACTUATOR_ACTIVE,TRAJECTORY_RUNNING,24.0,61,33,0,108.8,61,0,0.0,0.0,0.0,0.0,0.0,0.0
2026-07-30T15:28:57.364,1011.938,239,open,ACTUATOR_ACTIVE,TRAJECTORY_RUNNING,24.0,61,33,0,56.07,61,0,0.0,0.0,0.0,0.0,0.0,0.0
2026-07-30T15:28:57.876,1012.453,239,open,ACTUATOR_ACTIVE,TRAJECTORY_RUNNING,24.0,61,20,-48,-3.87,61,0,0.0,0.0,0.0,0.0,0.0,0.0
2026-07-30T15:28:58.371,1012.953,239,open,ACTUATOR_ACTIVE,TRAJECTORY_RUNNING,24.0,61,3,0,-0.68,61,0,0.0,0.0,0.0,0.0,0.0,0.0
2026-07-30T15:28:58.871,1013.453,239,open,ACTUATOR_ACTIVE,TRAJECTORY_COMPLETE,24.0,61,5,1,0.99,61,0,0.0,0.0,0.0,0.0,0.0,0.0
2026-07-30T15:28:59.479,1014.063,240,close,ACTUATOR_ACTIVE,TRAJECTORY_RUNNING,24.0,61,5,18,5.28,61,0,0.0,0.0,0.0,0.0,0.0,0.0
2026-07-30T15:28:59.976,1014.547,240,close,ACTUATOR_ACTIVE,TRAJECTORY_RUNNING,24.0,61,26,49,1.21,59,0,0.0,0.0,0.0,0.0,0.0,0.0
2026-07-30T15:29:00.487,1015.063,240,close,ACTUATOR_ACTIVE,TRAJECTORY_RUNNING,24.0,59,33,0,96.69,59,0,0.0,0.0,0.0,0.0,0.0,0.0
2026-07-30T15:29:00.981,1015.563,240,close,ACTUATOR_ACTIVE,TRAJECTORY_RUNNING,24.0,59,33,0,98.05,59,0,0.0,0.0,0.0,0.0,0.0,0.0
2026-07-30T15:29:01.588,1016.172,240,open,ACTUATOR_ACTIVE,TRAJECTORY_RUNNING,24.0,59,33,-1,52.59,59,0,0.0,0.0,0.0,0.0,0.0,0.0
2026-07-30T15:29:02.083,1016.657,240,open,ACTUATOR_ACTIVE,TRAJECTORY_RUNNING,24.0,59,21,-46,-2.65,59,0,0.0,0.0,0.0,0.0,0.0,0.0
2026-07-30T15:29:02.591,1017.172,240,open,ACTUATOR_ACTIVE,TRAJECTORY_RUNNING,24.0,59,3,0,-1.17,59,0,0.0,0.0,0.0,0.0,0.0,0.0
2026-07-30T15:29:03.087,1017.672,240,open,ACTUATOR_ACTIVE,TRAJECTORY_COMPLETE,24.0,59,4,0,0.55,59,0,0.0,0.0,0.0,0.0,0.0,0.0
2026-07-30T15:29:03.687,1018.266,241,close,ACTUATOR_ACTIVE,TRAJECTORY_RUNNING,24.0,59,5,15,5.2,59,0,0.0,0.0,0.0,0.0,0.0,0.0
2026-07-30T15:29:04.181,1018.75,241,close,ACTUATOR_ACTIVE,TRAJECTORY_RUNNING,24.0,62,26,48,2.58,62,0,0.0,0.0,0.0,0.0,0.0,0.0
2026-07-30T15:29:04.688,1019.266,241,close,ACTUATOR_ACTIVE,TRAJECTORY_RUNNING,24.0,62,33,0,103.16,62,0,0.0,0.0,0.0,0.0,0.0,0.0
2026-07-30T15:29:05.181,1019.766,241,close,ACTUATOR_ACTIVE,TRAJECTORY_RUNNING,24.0,62,33,0,100.48,62,0,0.0,0.0,0.0,0.0,0.0,0.0
2026-07-30T15:29:05.794,1020.375,241,open,ACTUATOR_ACTIVE,TRAJECTORY_RUNNING,24.0,62,33,0,53.56,62,0,0.0,0.0,0.0,0.0,0.0,0.0
2026-07-30T15:29:06.286,1020.86,241,open,ACTUATOR_ACTIVE,TRAJECTORY_RUNNING,24.0,62,21,-47,-0.08,62,0,0.0,0.0,0.0,0.0,0.0,0.0
2026-07-30T15:29:06.799,1021.375,241,open,ACTUATOR_ACTIVE,TRAJECTORY_RUNNING,24.0,62,3,0,-0.28,62,0,0.0,0.0,0.0,0.0,0.0,0.0
2026-07-30T15:29:07.290,1021.86,241,open,ACTUATOR_ACTIVE,TRAJECTORY_COMPLETE,24.0,62,4,0,0.39,62,0,0.0,0.0,0.0,0.0,0.0,0.0
2026-07-30T15:29:07.913,1022.485,242,close,ACTUATOR_ACTIVE,TRAJECTORY_RUNNING,24.0,62,5,14,4.9,62,0,0.0,0.0,0.0,0.0,0.0,0.0
2026-07-30T15:29:08.421,1023.0,242,close,ACTUATOR_ACTIVE,TRAJECTORY_RUNNING,24.0,59,27,46,3.77,59,0,0.0,0.0,0.0,0.0,0.0,0.0
2026-07-30T15:29:08.918,1023.5,242,close,ACTUATOR_ACTIVE,TRAJECTORY_RUNNING,24.0,59,33,0,99.04,59,0,0.0,0.0,0.0,0.0,0.0,0.0
2026-07-30T15:29:09.410,1023.985,242,close,ACTUATOR_ACTIVE,TRAJECTORY_RUNNING,24.0,59,33,0,100.78,59,0,0.0,0.0,0.0,0.0,0.0,0.0
2026-07-30T15:29:10.034,1024.61,242,open,ACTUATOR_ACTIVE,TRAJECTORY_RUNNING,24.0,59,33,-1,54.29,59,0,0.0,0.0,0.0,0.0,0.0,0.0
2026-07-30T15:29:10.529,1025.11,242,open,ACTUATOR_ACTIVE,TRAJECTORY_RUNNING,24.0,59,21,-48,-2.16,59,0,0.0,0.0,0.0,0.0,0.0,0.0
2026-07-30T15:29:11.025,1025.594,242,open,ACTUATOR_ACTIVE,TRAJECTORY_RUNNING,24.0,59,3,0,-1.84,59,0,0.0,0.0,0.0,0.0,0.0,0.0
2026-07-30T15:29:11.536,1026.11,242,open,ACTUATOR_ACTIVE,TRAJECTORY_COMPLETE,24.0,59,4,0,0.51,59,0,0.0,0.0,0.0,0.0,0.0,0.0
2026-07-30T15:29:12.142,1026.719,243,close,ACTUATOR_ACTIVE,TRAJECTORY_RUNNING,24.0,58,5,15,3.74,58,0,0.0,0.0,0.0,0.0,0.0,0.0
2026-07-30T15:29:12.635,1027.219,243,close,ACTUATOR_ACTIVE,TRAJECTORY_RUNNING,24.0,58,24,47,3.28,58,0,0.0,0.0,0.0,0.0,0.0,0.0
2026-07-30T15:29:13.129,1027.703,243,close,ACTUATOR_ACTIVE,TRAJECTORY_RUNNING,24.0,58,32,0,31.21,58,0,0.0,0.0,0.0,0.0,0.0,0.0
2026-07-30T15:29:13.639,1028.219,243,close,ACTUATOR_ACTIVE,TRAJECTORY_RUNNING,24.0,58,32,0,31.12,58,0,0.0,0.0,0.0,0.0,0.0,0.0
2026-07-30T15:29:14.246,1028.828,243,open,ACTUATOR_ACTIVE,TRAJECTORY_RUNNING,24.0,58,32,-15,7.76,58,0,0.0,0.0,0.0,0.0,0.0,0.0
2026-07-30T15:29:14.740,1029.313,243,open,ACTUATOR_ACTIVE,TRAJECTORY_RUNNING,24.0,58,14,-48,-2.81,58,0,0.0,0.0,0.0,0.0,0.0,0.0
2026-07-30T15:29:15.247,1029.828,243,open,ACTUATOR_ACTIVE,TRAJECTORY_RUNNING,24.0,58,3,10,3.04,58,0,0.0,0.0,0.0,0.0,0.0,0.0
2026-07-30T15:29:15.740,1030.313,243,open,ACTUATOR_ACTIVE,TRAJECTORY_COMPLETE,24.0,58,5,0,0.35,58,0,0.0,0.0,0.0,0.0,0.0,0.0
2026-07-30T15:29:16.357,1030.938,244,close,ACTUATOR_ACTIVE,TRAJECTORY_RUNNING,24.0,61,5,14,3.72,61,0,0.0,0.0,0.0,0.0,0.0,0.0
2026-07-30T15:29:16.856,1031.438,244,close,ACTUATOR_ACTIVE,TRAJECTORY_RUNNING,24.0,61,24,48,3.86,61,0,0.0,0.0,0.0,0.0,0.0,0.0
2026-07-30T15:29:17.349,1031.922,244,close,ACTUATOR_ACTIVE,TRAJECTORY_RUNNING,24.0,61,32,0,33.16,61,0,0.0,0.0,0.0,0.0,0.0,0.0
2026-07-30T15:29:17.860,1032.438,244,close,ACTUATOR_ACTIVE,TRAJECTORY_RUNNING,24.0,61,32,0,31.6,61,0,0.0,0.0,0.0,0.0,0.0,0.0
2026-07-30T15:29:18.465,1033.047,244,open,ACTUATOR_ACTIVE,TRAJECTORY_RUNNING,24.0,61,32,-15,8.34,61,0,0.0,0.0,0.0,0.0,0.0,0.0
2026-07-30T15:29:18.962,1033.532,244,open,ACTUATOR_ACTIVE,TRAJECTORY_RUNNING,24.0,61,12,-50,-2.87,61,0,0.0,0.0,0.0,0.0,0.0,0.0
2026-07-30T15:29:19.472,1034.047,244,open,ACTUATOR_ACTIVE,TRAJECTORY_COMPLETE,24.0,61,5,-6,-1.77,61,0,0.0,0.0,0.0,0.0,0.0,0.0
2026-07-30T15:29:19.972,1034.547,244,open,ACTUATOR_ACTIVE,TRAJECTORY_COMPLETE,24.0,61,5,0,1.09,61,0,0.0,0.0,0.0,0.0,0.0,0.0
2026-07-30T15:29:20.578,1035.157,245,close,ACTUATOR_ACTIVE,TRAJECTORY_RUNNING,24.0,60,5,20,3.65,60,0,0.0,0.0,0.0,0.0,0.0,0.0
2026-07-30T15:29:21.072,1035.657,245,close,ACTUATOR_ACTIVE,TRAJECTORY_RUNNING,24.0,60,26,49,4.24,60,0,0.0,0.0,0.0,0.0,0.0,0.0
2026-07-30T15:29:21.564,1036.141,245,close,ACTUATOR_ACTIVE,TRAJECTORY_RUNNING,24.0,60,33,0,108.41,60,0,0.0,0.0,0.0,0.0,0.0,0.0
2026-07-30T15:29:22.073,1036.657,245,close,ACTUATOR_ACTIVE,TRAJECTORY_RUNNING,24.0,60,33,0,98.22,60,0,0.0,0.0,0.0,0.0,0.0,0.0
2026-07-30T15:29:22.672,1037.25,245,open,ACTUATOR_ACTIVE,TRAJECTORY_RUNNING,24.0,60,33,-1,56.07,60,0,0.0,0.0,0.0,0.0,0.0,0.0
2026-07-30T15:29:23.183,1037.766,245,open,ACTUATOR_ACTIVE,TRAJECTORY_RUNNING,24.0,60,20,-46,-3.2,60,0,0.0,0.0,0.0,0.0,0.0,0.0
2026-07-30T15:29:23.679,1038.25,245,open,ACTUATOR_ACTIVE,TRAJECTORY_RUNNING,24.0,60,3,0,-0.8,60,0,0.0,0.0,0.0,0.0,0.0,0.0
2026-07-30T15:29:24.190,1038.766,245,open,ACTUATOR_ACTIVE,TRAJECTORY_COMPLETE,24.0,59,5,0,0.38,59,0,0.0,0.0,0.0,0.0,0.0,0.0
2026-07-30T15:29:24.792,1039.375,246,close,ACTUATOR_ACTIVE,TRAJECTORY_RUNNING,24.0,59,5,15,3.64,59,0,0.0,0.0,0.0,0.0,0.0,0.0
2026-07-30T15:29:25.288,1039.86,246,close,ACTUATOR_ACTIVE,TRAJECTORY_RUNNING,24.0,59,24,48,2.11,59,0,0.0,0.0,0.0,0.0,0.0,0.0
2026-07-30T15:29:25.798,1040.375,246,close,ACTUATOR_ACTIVE,TRAJECTORY_RUNNING,24.0,59,32,0,31.64,59,0,0.0,0.0,0.0,0.0,0.0,0.0
2026-07-30T15:29:26.293,1040.875,246,close,ACTUATOR_ACTIVE,TRAJECTORY_RUNNING,24.0,59,32,0,27.93,59,0,0.0,0.0,0.0,0.0,0.0,0.0
2026-07-30T15:29:26.897,1041.469,246,open,ACTUATOR_ACTIVE,TRAJECTORY_RUNNING,24.0,59,32,-16,6.95,59,0,0.0,0.0,0.0,0.0,0.0,0.0
2026-07-30T15:29:27.407,1041.985,246,open,ACTUATOR_ACTIVE,TRAJECTORY_RUNNING,24.0,59,11,-49,-0.48,59,0,0.0,0.0,0.0,0.0,0.0,0.0
2026-07-30T15:29:27.902,1042.485,246,open,ACTUATOR_ACTIVE,TRAJECTORY_COMPLETE,24.0,59,4,0,-0.71,59,0,0.0,0.0,0.0,0.0,0.0,0.0
2026-07-30T15:29:28.392,1042.969,246,open,ACTUATOR_ACTIVE,TRAJECTORY_COMPLETE,24.0,54,4,0,-0.11,54,0,0.0,0.0,0.0,0.0,0.0,0.0
2026-07-30T15:29:29.008,1043.578,247,close,ACTUATOR_ACTIVE,TRAJECTORY_RUNNING,24.0,54,5,15,3.48,54,0,0.0,0.0,0.0,0.0,0.0,0.0
2026-07-30T15:29:29.518,1044.094,247,close,ACTUATOR_ACTIVE,TRAJECTORY_RUNNING,24.0,54,27,50,1.73,54,0,0.0,0.0,0.0,0.0,0.0,0.0
2026-07-30T15:29:30.010,1044.594,247,close,ACTUATOR_ACTIVE,TRAJECTORY_RUNNING,24.0,54,33,0,100.28,54,0,0.0,0.0,0.0,0.0,0.0,0.0
2026-07-30T15:29:30.506,1045.078,247,close,ACTUATOR_ACTIVE,TRAJECTORY_RUNNING,24.0,54,33,0,98.17,54,0,0.0,0.0,0.0,0.0,0.0,0.0
2026-07-30T15:29:31.129,1045.703,247,open,ACTUATOR_ACTIVE,TRAJECTORY_RUNNING,24.0,54,33,0,55.57,54,0,0.0,0.0,0.0,0.0,0.0,0.0
2026-07-30T15:29:31.626,1046.203,247,open,ACTUATOR_ACTIVE,TRAJECTORY_RUNNING,24.0,54,21,-49,-0.53,54,0,0.0,0.0,0.0,0.0,0.0,0.0
2026-07-30T15:29:32.118,1046.688,247,open,ACTUATOR_ACTIVE,TRAJECTORY_RUNNING,24.0,58,3,0,-1.52,58,0,0.0,0.0,0.0,0.0,0.0,0.0
2026-07-30T15:29:32.629,1047.203,247,open,ACTUATOR_ACTIVE,TRAJECTORY_COMPLETE,24.0,58,4,0,0.19,58,0,0.0,0.0,0.0,0.0,0.0,0.0
2026-07-30T15:29:33.235,1047.813,248,close,ACTUATOR_ACTIVE,TRAJECTORY_RUNNING,24.0,58,5,16,4.72,58,0,0.0,0.0,0.0,0.0,0.0,0.0
2026-07-30T15:29:33.730,1048.313,248,close,ACTUATOR_ACTIVE,TRAJECTORY_RUNNING,24.0,58,24,47,2.79,58,0,0.0,0.0,0.0,0.0,0.0,0.0
2026-07-30T15:29:34.227,1048.797,248,close,ACTUATOR_ACTIVE,TRAJECTORY_RUNNING,24.0,58,32,0,35.12,58,0,0.0,0.0,0.0,0.0,0.0,0.0
2026-07-30T15:29:34.736,1049.313,248,close,ACTUATOR_ACTIVE,TRAJECTORY_RUNNING,24.0,58,32,0,28.91,58,0,0.0,0.0,0.0,0.0,0.0,0.0
2026-07-30T15:29:35.341,1049.922,248,open,ACTUATOR_ACTIVE,TRAJECTORY_RUNNING,24.0,58,32,-15,6.94,58,0,0.0,0.0,0.0,0.0,0.0,0.0
2026-07-30T15:29:35.842,1050.422,248,open,ACTUATOR_ACTIVE,TRAJECTORY_RUNNING,24.0,58,12,-49,-4.52,58,0,0.0,0.0,0.0,0.0,0.0,0.0
2026-07-30T15:29:36.337,1050.907,248,open,ACTUATOR_ACTIVE,TRAJECTORY_COMPLETE,24.0,58,5,-8,-1.52,58,0,0.0,0.0,0.0,0.0,0.0,0.0
2026-07-30T15:29:36.847,1051.422,248,open,ACTUATOR_ACTIVE,TRAJECTORY_COMPLETE,24.0,58,5,0,-0.35,58,0,0.0,0.0,0.0,0.0,0.0,0.0
2026-07-30T15:29:37.454,1052.032,249,close,ACTUATOR_ACTIVE,TRAJECTORY_RUNNING,24.0,58,5,17,6.09,58,0,0.0,0.0,0.0,0.0,0.0,0.0
2026-07-30T15:29:37.949,1052.532,249,close,ACTUATOR_ACTIVE,TRAJECTORY_RUNNING,24.0,58,26,46,4.17,58,0,0.0,0.0,0.0,0.0,0.0,0.0
2026-07-30T15:29:38.442,1053.016,249,close,ACTUATOR_ACTIVE,TRAJECTORY_RUNNING,24.0,58,33,0,100.81,58,0,0.0,0.0,0.0,0.0,0.0,0.0
2026-07-30T15:29:38.953,1053.532,249,close,ACTUATOR_ACTIVE,TRAJECTORY_RUNNING,24.0,58,33,0,104.19,58,0,0.0,0.0,0.0,0.0,0.0,0.0
2026-07-30T15:29:39.558,1054.141,249,open,ACTUATOR_ACTIVE,TRAJECTORY_RUNNING,24.0,58,33,-1,51.24,58,0,0.0,0.0,0.0,0.0,0.0,0.0
2026-07-30T15:29:40.060,1054.641,249,open,ACTUATOR_ACTIVE,TRAJECTORY_RUNNING,24.0,60,21,-45,1.58,60,0,0.0,0.0,0.0,0.0,0.0,0.0
2026-07-30T15:29:40.557,1055.141,249,open,ACTUATOR_ACTIVE,TRAJECTORY_RUNNING,24.0,60,3,0,-1.38,60,0,0.0,0.0,0.0,0.0,0.0,0.0
2026-07-30T15:29:41.053,1055.625,249,open,ACTUATOR_ACTIVE,TRAJECTORY_COMPLETE,24.0,60,5,0,-0.36,60,0,0.0,0.0,0.0,0.0,0.0,0.0
2026-07-30T15:29:41.676,1056.25,250,close,ACTUATOR_ACTIVE,TRAJECTORY_RUNNING,24.0,60,5,13,4.16,60,0,0.0,0.0,0.0,0.0,0.0,0.0
2026-07-30T15:29:42.173,1056.75,250,close,ACTUATOR_ACTIVE,TRAJECTORY_RUNNING,24.0,60,26,46,5.38,60,0,0.0,0.0,0.0,0.0,0.0,0.0
2026-07-30T15:29:42.669,1057.25,250,close,ACTUATOR_ACTIVE,TRAJECTORY_RUNNING,24.0,60,33,0,105.96,60,0,0.0,0.0,0.0,0.0,0.0,0.0
2026-07-30T15:29:43.160,1057.735,250,close,ACTUATOR_ACTIVE,TRAJECTORY_RUNNING,24.0,60,33,0,101.94,60,0,0.0,0.0,0.0,0.0,0.0,0.0
2026-07-30T15:29:43.778,1058.36,250,open,ACTUATOR_ACTIVE,TRAJECTORY_RUNNING,24.0,60,33,-1,56.39,60,0,0.0,0.0,0.0,0.0,0.0,0.0
2026-07-30T15:29:44.272,1058.844,250,open,ACTUATOR_ACTIVE,TRAJECTORY_RUNNING,24.0,58,21,-46,-2.41,58,0,0.0,0.0,0.0,0.0,0.0,0.0
2026-07-30T15:29:44.788,1059.36,250,open,ACTUATOR_ACTIVE,TRAJECTORY_RUNNING,24.0,58,3,-1,-0.9,58,0,0.0,0.0,0.0,0.0,0.0,0.0
2026-07-30T15:29:45.285,1059.86,250,open,ACTUATOR_ACTIVE,TRAJECTORY_COMPLETE,24.0,58,4,0,0.38,58,0,0.0,0.0,0.0,0.0,0.0,0.0
2026-07-30T15:29:45.889,1060.469,251,close,ACTUATOR_ACTIVE,TRAJECTORY_RUNNING,24.0,58,5,15,3.8,58,0,0.0,0.0,0.0,0.0,0.0,0.0
2026-07-30T15:29:46.381,1060.953,251,close,ACTUATOR_ACTIVE,TRAJECTORY_RUNNING,24.0,58,26,47,3.04,58,0,0.0,0.0,0.0,0.0,0.0,0.0
2026-07-30T15:29:46.890,1061.469,251,close,ACTUATOR_ACTIVE,TRAJECTORY_RUNNING,24.0,58,33,0,98.92,58,0,0.0,0.0,0.0,0.0,0.0,0.0
2026-07-30T15:29:47.385,1061.969,251,close,ACTUATOR_ACTIVE,TRAJECTORY_RUNNING,24.0,58,33,0,104.76,58,0,0.0,0.0,0.0,0.0,0.0,0.0
2026-07-30T15:29:47.987,1062.563,251,open,ACTUATOR_ACTIVE,TRAJECTORY_RUNNING,24.0,61,33,0,59.56,61,0,0.0,0.0,0.0,0.0,0.0,0.0
2026-07-30T15:29:48.495,1063.078,251,open,ACTUATOR_ACTIVE,TRAJECTORY_RUNNING,24.0,61,18,-47,-2.13,61,0,0.0,0.0,0.0,0.0,0.0,0.0
2026-07-30T15:29:48.992,1063.563,251,open,ACTUATOR_ACTIVE,TRAJECTORY_COMPLETE,24.0,61,5,11,2.67,61,0,0.0,0.0,0.0,0.0,0.0,0.0
2026-07-30T15:29:49.506,1064.078,251,open,ACTUATOR_ACTIVE,TRAJECTORY_COMPLETE,24.0,61,5,0,0.2,61,0,0.0,0.0,0.0,0.0,0.0,0.0
2026-07-30T15:29:50.110,1064.688,252,close,ACTUATOR_ACTIVE,TRAJECTORY_RUNNING,24.0,61,5,15,4.54,61,0,0.0,0.0,0.0,0.0,0.0,0.0
2026-07-30T15:29:50.619,1065.203,252,close,ACTUATOR_ACTIVE,TRAJECTORY_RUNNING,24.0,61,26,50,4.13,61,0,0.0,0.0,0.0,0.0,0.0,0.0
2026-07-30T15:29:51.116,1065.688,252,close,ACTUATOR_ACTIVE,TRAJECTORY_RUNNING,24.0,61,33,0,110.06,61,0,0.0,0.0,0.0,0.0,0.0,0.0
2026-07-30T15:29:51.623,1066.203,252,close,ACTUATOR_ACTIVE,TRAJECTORY_RUNNING,24.0,61,33,0,100.24,61,0,0.0,0.0,0.0,0.0,0.0,0.0
2026-07-30T15:29:52.232,1066.813,252,open,ACTUATOR_ACTIVE,TRAJECTORY_RUNNING,24.0,63,33,-1,55.43,63,0,0.0,0.0,0.0,0.0,0.0,0.0
2026-07-30T15:29:52.729,1067.313,252,open,ACTUATOR_ACTIVE,TRAJECTORY_RUNNING,24.0,63,18,-46,-2.43,63,0,0.0,0.0,0.0,0.0,0.0,0.0
2026-07-30T15:29:53.229,1067.813,252,open,ACTUATOR_ACTIVE,TRAJECTORY_COMPLETE,24.0,63,5,3,2.09,63,0,0.0,0.0,0.0,0.0,0.0,0.0
2026-07-30T15:29:53.722,1068.297,252,open,ACTUATOR_ACTIVE,TRAJECTORY_COMPLETE,24.0,63,4,0,0.09,63,0,0.0,0.0,0.0,0.0,0.0,0.0
2026-07-30T15:29:54.343,1068.922,253,close,ACTUATOR_ACTIVE,TRAJECTORY_RUNNING,24.0,63,5,14,3.25,63,0,0.0,0.0,0.0,0.0,0.0,0.0
2026-07-30T15:29:54.836,1069.407,253,close,ACTUATOR_ACTIVE,TRAJECTORY_RUNNING,24.0,63,25,47,2.23,63,0,0.0,0.0,0.0,0.0,0.0,0.0
2026-07-30T15:29:55.349,1069.922,253,close,ACTUATOR_ACTIVE,TRAJECTORY_RUNNING,24.0,63,33,0,98.5,63,0,0.0,0.0,0.0,0.0,0.0,0.0
2026-07-30T15:29:55.841,1070.422,253,close,ACTUATOR_ACTIVE,TRAJECTORY_RUNNING,24.0,63,33,0,107.18,63,0,0.0,0.0,0.0,0.0,0.0,0.0
2026-07-30T15:29:56.448,1071.032,253,open,ACTUATOR_ACTIVE,TRAJECTORY_RUNNING,24.0,59,33,-2,56.49,59,0,0.0,0.0,0.0,0.0,0.0,0.0
2026-07-30T15:29:56.942,1071.516,253,open,ACTUATOR_ACTIVE,TRAJECTORY_RUNNING,24.0,59,21,-47,-2.05,59,0,0.0,0.0,0.0,0.0,0.0,0.0
2026-07-30T15:29:57.455,1072.032,253,open,ACTUATOR_ACTIVE,TRAJECTORY_RUNNING,24.0,59,3,0,-0.87,59,0,0.0,0.0,0.0,0.0,0.0,0.0
2026-07-30T15:29:57.949,1072.532,253,open,ACTUATOR_ACTIVE,TRAJECTORY_COMPLETE,24.0,59,4,1,0.33,59,0,0.0,0.0,0.0,0.0,0.0,0.0
2026-07-30T15:29:58.555,1073.125,254,close,ACTUATOR_ACTIVE,TRAJECTORY_RUNNING,24.0,59,5,17,4.46,59,0,0.0,0.0,0.0,0.0,0.0,0.0
2026-07-30T15:29:59.067,1073.641,254,close,ACTUATOR_ACTIVE,TRAJECTORY_RUNNING,24.0,59,26,47,2.74,59,0,0.0,0.0,0.0,0.0,0.0,0.0
2026-07-30T15:29:59.563,1074.141,254,close,ACTUATOR_ACTIVE,TRAJECTORY_RUNNING,24.0,59,32,0,33.18,59,0,0.0,0.0,0.0,0.0,0.0,0.0
2026-07-30T15:30:00.054,1074.625,254,close,ACTUATOR_ACTIVE,TRAJECTORY_RUNNING,24.0,60,32,0,28.78,60,0,0.0,0.0,0.0,0.0,0.0,0.0
2026-07-30T15:30:00.677,1075.25,254,open,ACTUATOR_ACTIVE,TRAJECTORY_RUNNING,24.0,60,32,-15,6.25,60,0,0.0,0.0,0.0,0.0,0.0,0.0
2026-07-30T15:30:01.174,1075.75,254,open,ACTUATOR_ACTIVE,TRAJECTORY_RUNNING,24.0,60,15,-49,-2.65,60,0,0.0,0.0,0.0,0.0,0.0,0.0
2026-07-30T15:30:01.667,1076.25,254,open,ACTUATOR_ACTIVE,TRAJECTORY_RUNNING,24.0,60,3,6,3.01,60,0,0.0,0.0,0.0,0.0,0.0,0.0
2026-07-30T15:30:02.166,1076.75,254,open,ACTUATOR_ACTIVE,TRAJECTORY_COMPLETE,24.0,60,5,0,0.06,60,0,0.0,0.0,0.0,0.0,0.0,0.0
2026-07-30T15:30:02.769,1077.344,255,close,ACTUATOR_ACTIVE,TRAJECTORY_RUNNING,24.0,60,5,14,2.54,60,0,0.0,0.0,0.0,0.0,0.0,0.0
2026-07-30T15:30:03.278,1077.86,255,close,ACTUATOR_ACTIVE,TRAJECTORY_RUNNING,24.0,60,26,48,1.17,60,0,0.0,0.0,0.0,0.0,0.0,0.0
2026-07-30T15:30:03.774,1078.344,255,close,ACTUATOR_ACTIVE,TRAJECTORY_RUNNING,24.0,60,33,0,97.78,60,0,0.0,0.0,0.0,0.0,0.0,0.0
2026-07-30T15:30:04.282,1078.86,255,close,ACTUATOR_ACTIVE,TRAJECTORY_RUNNING,24.0,59,33,0,92.71,59,0,0.0,0.0,0.0,0.0,0.0,0.0
2026-07-30T15:30:04.881,1079.453,255,open,ACTUATOR_ACTIVE,TRAJECTORY_RUNNING,24.0,59,33,-1,60.22,59,0,0.0,0.0,0.0,0.0,0.0,0.0
2026-07-30T15:30:05.394,1079.969,255,open,ACTUATOR_ACTIVE,TRAJECTORY_RUNNING,24.0,59,18,-49,-2.24,59,0,0.0,0.0,0.0,0.0,0.0,0.0
2026-07-30T15:30:05.891,1080.469,255,open,ACTUATOR_ACTIVE,TRAJECTORY_COMPLETE,24.0,59,5,3,1.28,59,0,0.0,0.0,0.0,0.0,0.0,0.0
2026-07-30T15:30:06.388,1080.969,255,open,ACTUATOR_ACTIVE,TRAJECTORY_COMPLETE,24.0,59,5,-1,-0.23,59,0,0.0,0.0,0.0,0.0,0.0,0.0
2026-07-30T15:30:06.990,1081.563,256,close,ACTUATOR_ACTIVE,TRAJECTORY_RUNNING,24.0,59,5,15,5.23,59,0,0.0,0.0,0.0,0.0,0.0,0.0
2026-07-30T15:30:07.501,1082.078,256,close,ACTUATOR_ACTIVE,TRAJECTORY_RUNNING,24.0,59,25,48,3.95,59,0,0.0,0.0,0.0,0.0,0.0,0.0
2026-07-30T15:30:07.993,1082.563,256,close,ACTUATOR_ACTIVE,TRAJECTORY_RUNNING,24.0,57,32,0,33.4,57,0,0.0,0.0,0.0,0.0,0.0,0.0
2026-07-30T15:30:08.502,1083.078,256,close,ACTUATOR_ACTIVE,TRAJECTORY_RUNNING,24.0,57,32,0,31.49,57,0,0.0,0.0,0.0,0.0,0.0,0.0
2026-07-30T15:30:09.110,1083.688,256,open,ACTUATOR_ACTIVE,TRAJECTORY_RUNNING,24.0,57,32,-16,6.3,57,0,0.0,0.0,0.0,0.0,0.0,0.0
2026-07-30T15:30:09.602,1084.172,256,open,ACTUATOR_ACTIVE,TRAJECTORY_RUNNING,24.0,57,15,-48,-1.77,57,0,0.0,0.0,0.0,0.0,0.0,0.0
2026-07-30T15:30:10.112,1084.688,256,open,ACTUATOR_ACTIVE,TRAJECTORY_RUNNING,24.0,57,4,8,3.16,57,0,0.0,0.0,0.0,0.0,0.0,0.0
2026-07-30T15:30:10.609,1085.188,256,open,ACTUATOR_ACTIVE,TRAJECTORY_COMPLETE,24.0,57,5,0,-1.41,57,0,0.0,0.0,0.0,0.0,0.0,0.0
2026-07-30T15:30:11.213,1085.797,257,close,ACTUATOR_ACTIVE,TRAJECTORY_RUNNING,24.0,57,5,14,3.84,57,0,0.0,0.0,0.0,0.0,0.0,0.0
2026-07-30T15:30:11.709,1086.282,257,close,ACTUATOR_ACTIVE,TRAJECTORY_RUNNING,24.0,57,26,49,3.86,57,0,0.0,0.0,0.0,0.0,0.0,0.0
2026-07-30T15:30:12.218,1086.797,257,close,ACTUATOR_ACTIVE,TRAJECTORY_RUNNING,24.0,57,33,0,108.68,57,0,0.0,0.0,0.0,0.0,0.0,0.0
2026-07-30T15:30:12.715,1087.297,257,close,ACTUATOR_ACTIVE,TRAJECTORY_RUNNING,24.0,57,33,0,98.07,57,0,0.0,0.0,0.0,0.0,0.0,0.0
2026-07-30T15:30:13.322,1087.907,257,open,ACTUATOR_ACTIVE,TRAJECTORY_RUNNING,24.0,57,33,-2,54.44,57,0,0.0,0.0,0.0,0.0,0.0,0.0
2026-07-30T15:30:13.817,1088.391,257,open,ACTUATOR_ACTIVE,TRAJECTORY_RUNNING,24.0,57,18,-47,-1.33,57,0,0.0,0.0,0.0,0.0,0.0,0.0
2026-07-30T15:30:14.327,1088.907,257,open,ACTUATOR_ACTIVE,TRAJECTORY_COMPLETE,24.0,57,5,2,2.16,57,0,0.0,0.0,0.0,0.0,0.0,0.0
2026-07-30T15:30:14.827,1089.407,257,open,ACTUATOR_ACTIVE,TRAJECTORY_COMPLETE,24.0,57,5,0,-0.75,57,0,0.0,0.0,0.0,0.0,0.0,0.0
2026-07-30T15:30:15.428,1090.0,258,close,ACTUATOR_ACTIVE,TRAJECTORY_RUNNING,24.0,57,5,14,4.21,57,0,0.0,0.0,0.0,0.0,0.0,0.0
2026-07-30T15:30:15.940,1090.516,258,close,ACTUATOR_ACTIVE,TRAJECTORY_RUNNING,24.0,57,27,47,5.89,57,0,0.0,0.0,0.0,0.0,0.0,0.0
2026-07-30T15:30:16.435,1091.016,258,close,ACTUATOR_ACTIVE,TRAJECTORY_RUNNING,24.0,56,33,0,109.11,56,0,0.0,0.0,0.0,0.0,0.0,0.0
2026-07-30T15:30:16.932,1091.516,258,close,ACTUATOR_ACTIVE,TRAJECTORY_RUNNING,24.0,56,33,0,91.59,56,0,0.0,0.0,0.0,0.0,0.0,0.0
2026-07-30T15:30:17.537,1092.11,258,open,ACTUATOR_ACTIVE,TRAJECTORY_RUNNING,24.0,56,33,0,56.19,56,0,0.0,0.0,0.0,0.0,0.0,0.0
2026-07-30T15:30:18.045,1092.625,258,open,ACTUATOR_ACTIVE,TRAJECTORY_RUNNING,24.0,56,20,-50,-2.34,56,0,0.0,0.0,0.0,0.0,0.0,0.0
2026-07-30T15:30:18.538,1093.11,258,open,ACTUATOR_ACTIVE,TRAJECTORY_RUNNING,24.0,56,3,0,-1.23,56,0,0.0,0.0,0.0,0.0,0.0,0.0
2026-07-30T15:30:19.041,1093.625,258,open,ACTUATOR_ACTIVE,TRAJECTORY_COMPLETE,24.0,56,4,0,0.52,56,0,0.0,0.0,0.0,0.0,0.0,0.0
2026-07-30T15:30:19.646,1094.219,259,close,ACTUATOR_ACTIVE,TRAJECTORY_RUNNING,24.0,56,5,18,4.65,56,0,0.0,0.0,0.0,0.0,0.0,0.0
2026-07-30T15:30:20.159,1094.735,259,close,ACTUATOR_ACTIVE,TRAJECTORY_RUNNING,24.0,58,27,49,4.9,58,0,0.0,0.0,0.0,0.0,0.0,0.0
2026-07-30T15:30:20.649,1095.219,259,close,ACTUATOR_ACTIVE,TRAJECTORY_RUNNING,24.0,58,33,0,110.4,58,0,0.0,0.0,0.0,0.0,0.0,0.0
2026-07-30T15:30:21.159,1095.735,259,close,ACTUATOR_ACTIVE,TRAJECTORY_RUNNING,24.0,58,33,0,95.46,58,0,0.0,0.0,0.0,0.0,0.0,0.0
2026-07-30T15:30:21.766,1096.344,259,open,ACTUATOR_ACTIVE,TRAJECTORY_RUNNING,24.0,58,33,0,56.09,58,0,0.0,0.0,0.0,0.0,0.0,0.0
2026-07-30T15:30:22.255,1096.828,259,open,ACTUATOR_ACTIVE,TRAJECTORY_RUNNING,24.0,58,21,-48,-1.08,58,0,0.0,0.0,0.0,0.0,0.0,0.0
2026-07-30T15:30:22.764,1097.344,259,open,ACTUATOR_ACTIVE,TRAJECTORY_RUNNING,24.0,58,3,0,-1.38,58,0,0.0,0.0,0.0,0.0,0.0,0.0
2026-07-30T15:30:23.254,1097.828,259,open,ACTUATOR_ACTIVE,TRAJECTORY_COMPLETE,24.0,58,4,0,0.24,58,0,0.0,0.0,0.0,0.0,0.0,0.0
2026-07-30T15:30:23.872,1098.453,260,close,ACTUATOR_ACTIVE,TRAJECTORY_RUNNING,24.0,58,5,14,3.38,58,0,0.0,0.0,0.0,0.0,0.0,0.0
2026-07-30T15:30:24.364,1098.938,260,close,ACTUATOR_ACTIVE,TRAJECTORY_RUNNING,24.0,62,24,48,2.72,62,0,0.0,0.0,0.0,0.0,0.0,0.0
2026-07-30T15:30:24.872,1099.453,260,close,ACTUATOR_ACTIVE,TRAJECTORY_RUNNING,24.0,62,32,0,36.01,62,0,0.0,0.0,0.0,0.0,0.0,0.0
2026-07-30T15:30:25.367,1099.938,260,close,ACTUATOR_ACTIVE,TRAJECTORY_RUNNING,24.0,62,32,1,30.66,62,0,0.0,0.0,0.0,0.0,0.0,0.0
2026-07-30T15:30:25.994,1100.578,260,open,ACTUATOR_ACTIVE,TRAJECTORY_RUNNING,24.0,62,32,-16,8.13,62,0,0.0,0.0,0.0,0.0,0.0,0.0
2026-07-30T15:30:26.490,1101.063,260,open,ACTUATOR_ACTIVE,TRAJECTORY_RUNNING,24.0,62,12,-47,-1.05,62,0,0.0,0.0,0.0,0.0,0.0,0.0
2026-07-30T15:30:27.002,1101.578,260,open,ACTUATOR_ACTIVE,TRAJECTORY_COMPLETE,24.0,62,4,0,-0.69,62,0,0.0,0.0,0.0,0.0,0.0,0.0
2026-07-30T15:30:27.495,1102.078,260,open,ACTUATOR_ACTIVE,TRAJECTORY_COMPLETE,24.0,62,5,0,-0.03,62,0,0.0,0.0,0.0,0.0,0.0,0.0
2026-07-30T15:30:28.094,1102.672,261,close,ACTUATOR_ACTIVE,TRAJECTORY_RUNNING,24.0,58,5,15,4.1,58,0,0.0,0.0,0.0,0.0,0.0,0.0
2026-07-30T15:30:28.602,1103.172,261,close,ACTUATOR_ACTIVE,TRAJECTORY_RUNNING,24.0,58,26,50,3.73,58,0,0.0,0.0,0.0,0.0,0.0,0.0
2026-07-30T15:30:29.113,1103.688,261,close,ACTUATOR_ACTIVE,TRAJECTORY_RUNNING,24.0,58,33,0,107.72,58,0,0.0,0.0,0.0,0.0,0.0,0.0
2026-07-30T15:30:29.604,1104.188,261,close,ACTUATOR_ACTIVE,TRAJECTORY_RUNNING,24.0,58,33,0,96.23,58,0,0.0,0.0,0.0,0.0,0.0,0.0
2026-07-30T15:30:30.213,1104.797,261,open,ACTUATOR_ACTIVE,TRAJECTORY_RUNNING,24.0,58,33,0,55.17,58,0,0.0,0.0,0.0,0.0,0.0,0.0
2026-07-30T15:30:30.705,1105.282,261,open,ACTUATOR_ACTIVE,TRAJECTORY_RUNNING,24.0,58,21,-45,-1.27,58,0,0.0,0.0,0.0,0.0,0.0,0.0
2026-07-30T15:30:31.219,1105.797,261,open,ACTUATOR_ACTIVE,TRAJECTORY_RUNNING,24.0,58,3,0,-0.49,58,0,0.0,0.0,0.0,0.0,0.0,0.0
2026-07-30T15:30:31.710,1106.282,261,open,ACTUATOR_ACTIVE,TRAJECTORY_COMPLETE,24.0,58,4,0,-0.1,58,0,0.0,0.0,0.0,0.0,0.0,0.0
2026-07-30T15:30:32.325,1106.907,262,close,ACTUATOR_ACTIVE,TRAJECTORY_RUNNING,24.0,61,5,13,4.26,61,0,0.0,0.0,0.0,0.0,0.0,0.0
2026-07-30T15:30:32.823,1107.407,262,close,ACTUATOR_ACTIVE,TRAJECTORY_RUNNING,24.0,61,24,50,2.02,61,0,0.0,0.0,0.0,0.0,0.0,0.0
2026-07-30T15:30:33.318,1107.891,262,close,ACTUATOR_ACTIVE,TRAJECTORY_RUNNING,24.0,61,32,0,32.96,61,0,0.0,0.0,0.0,0.0,0.0,0.0
2026-07-30T15:30:33.825,1108.407,262,close,ACTUATOR_ACTIVE,TRAJECTORY_RUNNING,24.0,61,32,0,28.91,61,0,0.0,0.0,0.0,0.0,0.0,0.0
2026-07-30T15:30:34.426,1109.0,262,open,ACTUATOR_ACTIVE,TRAJECTORY_RUNNING,24.0,61,32,-16,6.61,61,0,0.0,0.0,0.0,0.0,0.0,0.0
2026-07-30T15:30:34.940,1109.516,262,open,ACTUATOR_ACTIVE,TRAJECTORY_RUNNING,24.0,61,11,-46,-4.1,61,0,0.0,0.0,0.0,0.0,0.0,0.0
2026-07-30T15:30:35.431,1110.0,262,open,ACTUATOR_ACTIVE,TRAJECTORY_COMPLETE,24.0,61,5,-1,-1.01,61,0,0.0,0.0,0.0,0.0,0.0,0.0
2026-07-30T15:30:35.944,1110.516,262,open,ACTUATOR_ACTIVE,TRAJECTORY_COMPLETE,24.0,61,4,0,-1.1,61,0,0.0,0.0,0.0,0.0,0.0,0.0
2026-07-30T15:30:36.543,1111.125,263,close,ACTUATOR_ACTIVE,TRAJECTORY_RUNNING,24.0,60,5,15,3.28,60,0,0.0,0.0,0.0,0.0,0.0,0.0
2026-07-30T15:30:37.038,1111.61,263,close,ACTUATOR_ACTIVE,TRAJECTORY_RUNNING,24.0,60,24,47,2.32,60,0,0.0,0.0,0.0,0.0,0.0,0.0
2026-07-30T15:30:37.549,1112.125,263,close,ACTUATOR_ACTIVE,TRAJECTORY_RUNNING,24.0,60,32,0,35.28,60,0,0.0,0.0,0.0,0.0,0.0,0.0
2026-07-30T15:30:38.048,1112.625,263,close,ACTUATOR_ACTIVE,TRAJECTORY_RUNNING,24.0,60,32,0,29.82,60,0,0.0,0.0,0.0,0.0,0.0,0.0
2026-07-30T15:30:38.656,1113.235,263,open,ACTUATOR_ACTIVE,TRAJECTORY_RUNNING,24.0,60,32,-15,6.85,60,0,0.0,0.0,0.0,0.0,0.0,0.0
2026-07-30T15:30:39.152,1113.735,263,open,ACTUATOR_ACTIVE,TRAJECTORY_RUNNING,24.0,60,14,-48,-2.88,60,0,0.0,0.0,0.0,0.0,0.0,0.0
2026-07-30T15:30:39.647,1114.219,263,open,ACTUATOR_ACTIVE,TRAJECTORY_RUNNING,24.0,60,3,9,3.17,60,0,0.0,0.0,0.0,0.0,0.0,0.0
2026-07-30T15:30:40.157,1114.735,263,open,ACTUATOR_ACTIVE,TRAJECTORY_COMPLETE,24.0,58,5,0,1.14,58,0,0.0,0.0,0.0,0.0,0.0,0.0
2026-07-30T15:30:40.759,1115.344,264,close,ACTUATOR_ACTIVE,TRAJECTORY_RUNNING,24.0,58,5,17,5.15,58,0,0.0,0.0,0.0,0.0,0.0,0.0
2026-07-30T15:30:41.257,1115.828,264,close,ACTUATOR_ACTIVE,TRAJECTORY_RUNNING,24.0,58,26,48,2.43,58,0,0.0,0.0,0.0,0.0,0.0,0.0
2026-07-30T15:30:41.768,1116.344,264,close,ACTUATOR_ACTIVE,TRAJECTORY_RUNNING,24.0,58,33,0,101.79,58,0,0.0,0.0,0.0,0.0,0.0,0.0
2026-07-30T15:30:42.257,1116.828,264,close,ACTUATOR_ACTIVE,TRAJECTORY_RUNNING,24.0,58,33,0,102.43,58,0,0.0,0.0,0.0,0.0,0.0,0.0
2026-07-30T15:30:42.877,1117.453,264,open,ACTUATOR_ACTIVE,TRAJECTORY_RUNNING,24.0,58,33,0,56.06,58,0,0.0,0.0,0.0,0.0,0.0,0.0
2026-07-30T15:30:43.382,1117.953,264,open,ACTUATOR_ACTIVE,TRAJECTORY_RUNNING,24.0,58,20,-46,-3.48,58,0,0.0,0.0,0.0,0.0,0.0,0.0
2026-07-30T15:30:43.893,1118.469,264,open,ACTUATOR_ACTIVE,TRAJECTORY_RUNNING,24.0,58,3,1,-0.99,58,0,0.0,0.0,0.0,0.0,0.0,0.0
2026-07-30T15:30:44.386,1118.969,264,open,ACTUATOR_ACTIVE,TRAJECTORY_COMPLETE,24.0,56,4,0,0.0,56,0,0.0,0.0,0.0,0.0,0.0,0.0
2026-07-30T15:30:44.991,1119.563,265,close,ACTUATOR_ACTIVE,TRAJECTORY_RUNNING,24.0,56,5,17,4.52,56,0,0.0,0.0,0.0,0.0,0.0,0.0
2026-07-30T15:30:45.503,1120.078,265,close,ACTUATOR_ACTIVE,TRAJECTORY_RUNNING,24.0,56,27,46,2.75,56,0,0.0,0.0,0.0,0.0,0.0,0.0
2026-07-30T15:30:45.998,1120.578,265,close,ACTUATOR_ACTIVE,TRAJECTORY_RUNNING,24.0,56,33,0,99.8,56,0,0.0,0.0,0.0,0.0,0.0,0.0
2026-07-30T15:30:46.497,1121.078,265,close,ACTUATOR_ACTIVE,TRAJECTORY_RUNNING,24.0,56,33,0,105.82,56,0,0.0,0.0,0.0,0.0,0.0,0.0
2026-07-30T15:30:47.104,1121.688,265,open,ACTUATOR_ACTIVE,TRAJECTORY_RUNNING,24.0,56,33,-1,57.26,56,0,0.0,0.0,0.0,0.0,0.0,0.0
2026-07-30T15:30:47.601,1122.172,265,open,ACTUATOR_ACTIVE,TRAJECTORY_RUNNING,24.0,56,21,-47,-1.88,56,0,0.0,0.0,0.0,0.0,0.0,0.0
2026-07-30T15:30:48.116,1122.688,265,open,ACTUATOR_ACTIVE,TRAJECTORY_RUNNING,24.0,57,3,0,-0.66,57,0,0.0,0.0,0.0,0.0,0.0,0.0
2026-07-30T15:30:48.612,1123.188,265,open,ACTUATOR_ACTIVE,TRAJECTORY_COMPLETE,24.0,57,5,0,-0.03,57,0,0.0,0.0,0.0,0.0,0.0,0.0
2026-07-30T15:30:49.220,1123.797,266,close,ACTUATOR_ACTIVE,TRAJECTORY_RUNNING,24.0,57,5,15,2.52,57,0,0.0,0.0,0.0,0.0,0.0,0.0
2026-07-30T15:30:49.711,1124.282,266,close,ACTUATOR_ACTIVE,TRAJECTORY_RUNNING,24.0,57,26,51,2.62,57,0,0.0,0.0,0.0,0.0,0.0,0.0
2026-07-30T15:30:50.218,1124.797,266,close,ACTUATOR_ACTIVE,TRAJECTORY_RUNNING,24.0,57,33,0,107.52,57,0,0.0,0.0,0.0,0.0,0.0,0.0
2026-07-30T15:30:50.714,1125.297,266,close,ACTUATOR_ACTIVE,TRAJECTORY_RUNNING,24.0,57,33,0,100.47,57,0,0.0,0.0,0.0,0.0,0.0,0.0
2026-07-30T15:30:51.318,1125.891,266,open,ACTUATOR_ACTIVE,TRAJECTORY_RUNNING,24.0,57,33,0,58.19,57,0,0.0,0.0,0.0,0.0,0.0,0.0
2026-07-30T15:30:51.833,1126.407,266,open,ACTUATOR_ACTIVE,TRAJECTORY_RUNNING,24.0,57,20,-46,-0.25,57,0,0.0,0.0,0.0,0.0,0.0,0.0
2026-07-30T15:30:52.325,1126.907,266,open,ACTUATOR_ACTIVE,TRAJECTORY_RUNNING,24.0,55,3,1,-1.07,55,0,0.0,0.0,0.0,0.0,0.0,0.0
2026-07-30T15:30:52.820,1127.391,266,open,ACTUATOR_ACTIVE,TRAJECTORY_COMPLETE,24.0,55,4,0,0.33,55,0,0.0,0.0,0.0,0.0,0.0,0.0
2026-07-30T15:30:53.443,1128.016,267,close,ACTUATOR_ACTIVE,TRAJECTORY_RUNNING,24.0,55,5,16,4.71,55,0,0.0,0.0,0.0,0.0,0.0,0.0
2026-07-30T15:30:53.953,1128.532,267,close,ACTUATOR_ACTIVE,TRAJECTORY_RUNNING,24.0,55,25,47,2.89,55,0,0.0,0.0,0.0,0.0,0.0,0.0
2026-07-30T15:30:54.448,1129.032,267,close,ACTUATOR_ACTIVE,TRAJECTORY_RUNNING,24.0,55,32,0,31.72,55,0,0.0,0.0,0.0,0.0,0.0,0.0
2026-07-30T15:30:54.942,1129.516,267,close,ACTUATOR_ACTIVE,TRAJECTORY_RUNNING,24.0,55,32,0,31.0,55,0,0.0,0.0,0.0,0.0,0.0,0.0
2026-07-30T15:30:55.563,1130.141,267,open,ACTUATOR_ACTIVE,TRAJECTORY_RUNNING,24.0,55,32,-15,7.55,55,0,0.0,0.0,0.0,0.0,0.0,0.0
2026-07-30T15:30:56.059,1130.641,267,open,ACTUATOR_ACTIVE,TRAJECTORY_RUNNING,24.0,56,15,-49,-2.16,56,0,0.0,0.0,0.0,0.0,0.0,0.0
2026-07-30T15:30:56.557,1131.141,267,open,ACTUATOR_ACTIVE,TRAJECTORY_RUNNING,24.0,56,3,7,2.72,56,0,0.0,0.0,0.0,0.0,0.0,0.0
2026-07-30T15:30:57.051,1131.625,267,open,ACTUATOR_ACTIVE,TRAJECTORY_COMPLETE,24.0,56,5,0,0.11,56,0,0.0,0.0,0.0,0.0,0.0,0.0
2026-07-30T15:30:57.670,1132.25,268,close,ACTUATOR_ACTIVE,TRAJECTORY_RUNNING,24.0,56,5,15,4.27,56,0,0.0,0.0,0.0,0.0,0.0,0.0
2026-07-30T15:30:58.162,1132.735,268,close,ACTUATOR_ACTIVE,TRAJECTORY_RUNNING,24.0,56,25,46,3.2,56,0,0.0,0.0,0.0,0.0,0.0,0.0
2026-07-30T15:30:58.671,1133.25,268,close,ACTUATOR_ACTIVE,TRAJECTORY_RUNNING,24.0,56,32,0,35.26,56,0,0.0,0.0,0.0,0.0,0.0,0.0
2026-07-30T15:30:59.165,1133.735,268,close,ACTUATOR_ACTIVE,TRAJECTORY_RUNNING,24.0,56,32,0,29.72,56,0,0.0,0.0,0.0,0.0,0.0,0.0
2026-07-30T15:30:59.788,1134.36,268,open,ACTUATOR_ACTIVE,TRAJECTORY_RUNNING,24.0,56,32,-15,6.87,56,0,0.0,0.0,0.0,0.0,0.0,0.0
2026-07-30T15:31:00.296,1134.875,268,open,ACTUATOR_ACTIVE,TRAJECTORY_RUNNING,24.0,57,14,-47,-2.86,57,0,0.0,0.0,0.0,0.0,0.0,0.0
2026-07-30T15:31:00.795,1135.375,268,open,ACTUATOR_ACTIVE,TRAJECTORY_RUNNING,24.0,57,3,9,3.98,57,0,0.0,0.0,0.0,0.0,0.0,0.0
2026-07-30T15:31:01.290,1135.86,268,open,ACTUATOR_ACTIVE,TRAJECTORY_COMPLETE,24.0,57,4,0,-0.08,57,0,0.0,0.0,0.0,0.0,0.0,0.0
2026-07-30T15:31:01.909,1136.485,269,close,ACTUATOR_ACTIVE,TRAJECTORY_RUNNING,24.0,57,5,17,5.08,57,0,0.0,0.0,0.0,0.0,0.0,0.0
2026-07-30T15:31:02.403,1136.985,269,close,ACTUATOR_ACTIVE,TRAJECTORY_RUNNING,24.0,57,26,47,2.66,57,0,0.0,0.0,0.0,0.0,0.0,0.0
2026-07-30T15:31:02.895,1137.469,269,close,ACTUATOR_ACTIVE,TRAJECTORY_RUNNING,24.0,57,33,0,103.68,57,0,0.0,0.0,0.0,0.0,0.0,0.0
2026-07-30T15:31:03.407,1137.985,269,close,ACTUATOR_ACTIVE,TRAJECTORY_RUNNING,24.0,57,33,0,97.81,57,0,0.0,0.0,0.0,0.0,0.0,0.0
2026-07-30T15:31:04.009,1138.578,269,open,ACTUATOR_ACTIVE,TRAJECTORY_RUNNING,24.0,61,33,0,54.9,61,0,0.0,0.0,0.0,0.0,0.0,0.0
2026-07-30T15:31:04.526,1139.11,269,open,ACTUATOR_ACTIVE,TRAJECTORY_RUNNING,24.0,61,20,-46,1.42,61,0,0.0,0.0,0.0,0.0,0.0,0.0
2026-07-30T15:31:05.006,1139.578,269,open,ACTUATOR_ACTIVE,TRAJECTORY_RUNNING,24.0,61,3,0,-1.66,61,0,0.0,0.0,0.0,0.0,0.0,0.0
2026-07-30T15:31:05.521,1140.094,269,open,ACTUATOR_ACTIVE,TRAJECTORY_COMPLETE,24.0,61,4,0,0.57,61,0,0.0,0.0,0.0,0.0,0.0,0.0
2026-07-30T15:31:06.132,1140.703,270,close,ACTUATOR_ACTIVE,TRAJECTORY_RUNNING,24.0,61,5,16,3.84,61,0,0.0,0.0,0.0,0.0,0.0,0.0
2026-07-30T15:31:06.627,1141.203,270,close,ACTUATOR_ACTIVE,TRAJECTORY_RUNNING,24.0,61,25,46,2.9,61,0,0.0,0.0,0.0,0.0,0.0,0.0
2026-07-30T15:31:07.120,1141.703,270,close,ACTUATOR_ACTIVE,TRAJECTORY_RUNNING,24.0,61,32,0,31.91,61,0,0.0,0.0,0.0,0.0,0.0,0.0
2026-07-30T15:31:07.620,1142.203,270,close,ACTUATOR_ACTIVE,TRAJECTORY_RUNNING,24.0,61,32,0,30.1,61,0,0.0,0.0,0.0,0.0,0.0,0.0
2026-07-30T15:31:08.229,1142.813,270,open,ACTUATOR_ACTIVE,TRAJECTORY_RUNNING,24.0,64,32,-15,7.67,64,0,0.0,0.0,0.0,0.0,0.0,0.0
2026-07-30T15:31:08.726,1143.297,270,open,ACTUATOR_ACTIVE,TRAJECTORY_RUNNING,24.0,64,14,-49,-0.75,64,0,0.0,0.0,0.0,0.0,0.0,0.0
2026-07-30T15:31:09.238,1143.813,270,open,ACTUATOR_ACTIVE,TRAJECTORY_RUNNING,24.0,64,4,9,3.94,64,0,0.0,0.0,0.0,0.0,0.0,0.0
2026-07-30T15:31:09.736,1144.313,270,open,ACTUATOR_ACTIVE,TRAJECTORY_COMPLETE,24.0,64,5,0,-0.18,64,0,0.0,0.0,0.0,0.0,0.0,0.0
2026-07-30T15:31:10.340,1144.922,271,close,ACTUATOR_ACTIVE,TRAJECTORY_RUNNING,24.0,64,5,14,3.29,64,0,0.0,0.0,0.0,0.0,0.0,0.0
2026-07-30T15:31:10.833,1145.407,271,close,ACTUATOR_ACTIVE,TRAJECTORY_RUNNING,24.0,64,24,47,3.24,64,0,0.0,0.0,0.0,0.0,0.0,0.0
2026-07-30T15:31:11.343,1145.922,271,close,ACTUATOR_ACTIVE,TRAJECTORY_RUNNING,24.0,64,32,-1,36.07,64,0,0.0,0.0,0.0,0.0,0.0,0.0
2026-07-30T15:31:11.839,1146.422,271,close,ACTUATOR_ACTIVE,TRAJECTORY_RUNNING,24.0,64,32,0,29.96,64,0,0.0,0.0,0.0,0.0,0.0,0.0
2026-07-30T15:31:12.445,1147.016,271,open,ACTUATOR_ACTIVE,TRAJECTORY_RUNNING,24.0,57,32,-15,7.26,57,0,0.0,0.0,0.0,0.0,0.0,0.0
2026-07-30T15:31:12.956,1147.532,271,open,ACTUATOR_ACTIVE,TRAJECTORY_RUNNING,24.0,57,14,-45,-1.46,57,0,0.0,0.0,0.0,0.0,0.0,0.0
2026-07-30T15:31:13.448,1148.032,271,open,ACTUATOR_ACTIVE,TRAJECTORY_RUNNING,24.0,57,4,10,3.59,57,0,0.0,0.0,0.0,0.0,0.0,0.0
2026-07-30T15:31:13.944,1148.516,271,open,ACTUATOR_ACTIVE,TRAJECTORY_COMPLETE,24.0,57,4,-1,1.38,57,0,0.0,0.0,0.0,0.0,0.0,0.0
2026-07-30T15:31:14.562,1149.141,272,close,ACTUATOR_ACTIVE,TRAJECTORY_RUNNING,24.0,57,5,15,3.77,57,0,0.0,0.0,0.0,0.0,0.0,0.0
2026-07-30T15:31:15.057,1149.641,272,close,ACTUATOR_ACTIVE,TRAJECTORY_RUNNING,24.0,57,26,49,4.19,57,0,0.0,0.0,0.0,0.0,0.0,0.0
2026-07-30T15:31:15.548,1150.125,272,close,ACTUATOR_ACTIVE,TRAJECTORY_RUNNING,24.0,57,33,0,98.48,57,0,0.0,0.0,0.0,0.0,0.0,0.0
2026-07-30T15:31:16.055,1150.625,272,close,ACTUATOR_ACTIVE,TRAJECTORY_RUNNING,24.0,57,33,0,98.22,57,0,0.0,0.0,0.0,0.0,0.0,0.0
2026-07-30T15:31:16.674,1151.25,272,open,ACTUATOR_ACTIVE,TRAJECTORY_RUNNING,24.0,57,33,0,54.86,57,0,0.0,0.0,0.0,0.0,0.0,0.0
2026-07-30T15:31:17.185,1151.766,272,open,ACTUATOR_ACTIVE,TRAJECTORY_RUNNING,24.0,57,18,-49,-1.22,57,0,0.0,0.0,0.0,0.0,0.0,0.0
2026-07-30T15:31:17.683,1152.266,272,open,ACTUATOR_ACTIVE,TRAJECTORY_COMPLETE,24.0,57,5,2,2.04,57,0,0.0,0.0,0.0,0.0,0.0,0.0
2026-07-30T15:31:18.177,1152.75,272,open,ACTUATOR_ACTIVE,TRAJECTORY_COMPLETE,24.0,57,4,0,0.42,57,0,0.0,0.0,0.0,0.0,0.0,0.0
2026-07-30T15:31:18.795,1153.375,273,close,ACTUATOR_ACTIVE,TRAJECTORY_RUNNING,24.0,57,5,15,4.56,57,0,0.0,0.0,0.0,0.0,0.0,0.0
2026-07-30T15:31:19.287,1153.86,273,close,ACTUATOR_ACTIVE,TRAJECTORY_RUNNING,24.0,57,26,49,4.06,57,0,0.0,0.0,0.0,0.0,0.0,0.0
2026-07-30T15:31:19.797,1154.375,273,close,ACTUATOR_ACTIVE,TRAJECTORY_RUNNING,24.0,57,33,0,102.4,57,0,0.0,0.0,0.0,0.0,0.0,0.0
2026-07-30T15:31:20.294,1154.875,273,close,ACTUATOR_ACTIVE,TRAJECTORY_RUNNING,24.0,56,33,0,106.76,56,0,0.0,0.0,0.0,0.0,0.0,0.0
2026-07-30T15:31:20.897,1155.469,273,open,ACTUATOR_ACTIVE,TRAJECTORY_RUNNING,24.0,56,33,-2,58.27,56,0,0.0,0.0,0.0,0.0,0.0,0.0
2026-07-30T15:31:21.408,1155.985,273,open,ACTUATOR_ACTIVE,TRAJECTORY_RUNNING,24.0,56,20,-47,0.73,56,0,0.0,0.0,0.0,0.0,0.0,0.0
2026-07-30T15:31:21.899,1156.469,273,open,ACTUATOR_ACTIVE,TRAJECTORY_RUNNING,24.0,56,3,0,-1.05,56,0,0.0,0.0,0.0,0.0,0.0,0.0
2026-07-30T15:31:22.409,1156.985,273,open,ACTUATOR_ACTIVE,TRAJECTORY_COMPLETE,24.0,56,4,0,0.44,56,0,0.0,0.0,0.0,0.0,0.0,0.0
2026-07-30T15:31:23.016,1157.594,274,close,ACTUATOR_ACTIVE,TRAJECTORY_RUNNING,24.0,56,5,15,4.37,56,0,0.0,0.0,0.0,0.0,0.0,0.0
2026-07-30T15:31:23.512,1158.094,274,close,ACTUATOR_ACTIVE,TRAJECTORY_RUNNING,24.0,56,26,50,3.36,56,0,0.0,0.0,0.0,0.0,0.0,0.0
2026-07-30T15:31:24.012,1158.594,274,close,ACTUATOR_ACTIVE,TRAJECTORY_RUNNING,24.0,59,33,0,99.49,59,0,0.0,0.0,0.0,0.0,0.0,0.0
2026-07-30T15:31:24.507,1159.078,274,close,ACTUATOR_ACTIVE,TRAJECTORY_RUNNING,24.0,59,33,0,100.11,59,0,0.0,0.0,0.0,0.0,0.0,0.0
2026-07-30T15:31:25.125,1159.703,274,open,ACTUATOR_ACTIVE,TRAJECTORY_RUNNING,24.0,59,33,-1,57.26,59,0,0.0,0.0,0.0,0.0,0.0,0.0
2026-07-30T15:31:25.636,1160.219,274,open,ACTUATOR_ACTIVE,TRAJECTORY_RUNNING,24.0,59,18,-49,-4.38,59,0,0.0,0.0,0.0,0.0,0.0,0.0
2026-07-30T15:31:26.130,1160.703,274,open,ACTUATOR_ACTIVE,TRAJECTORY_COMPLETE,24.0,59,4,4,1.41,59,0,0.0,0.0,0.0,0.0,0.0,0.0
2026-07-30T15:31:26.642,1161.219,274,open,ACTUATOR_ACTIVE,TRAJECTORY_COMPLETE,24.0,59,5,0,0.28,59,0,0.0,0.0,0.0,0.0,0.0,0.0
2026-07-30T15:31:27.248,1161.828,275,close,ACTUATOR_ACTIVE,TRAJECTORY_RUNNING,24.0,59,5,16,3.49,59,0,0.0,0.0,0.0,0.0,0.0,0.0
2026-07-30T15:31:27.741,1162.313,275,close,ACTUATOR_ACTIVE,TRAJECTORY_RUNNING,24.0,59,25,48,3.39,59,0,0.0,0.0,0.0,0.0,0.0,0.0
2026-07-30T15:31:28.252,1162.828,275,close,ACTUATOR_ACTIVE,TRAJECTORY_RUNNING,24.0,56,32,0,35.55,56,0,0.0,0.0,0.0,0.0,0.0,0.0
2026-07-30T15:31:28.750,1163.328,275,close,ACTUATOR_ACTIVE,TRAJECTORY_RUNNING,24.0,56,32,0,30.99,56,0,0.0,0.0,0.0,0.0,0.0,0.0
2026-07-30T15:31:29.354,1163.938,275,open,ACTUATOR_ACTIVE,TRAJECTORY_RUNNING,24.0,56,32,-15,6.05,56,0,0.0,0.0,0.0,0.0,0.0,0.0
2026-07-30T15:31:29.849,1164.422,275,open,ACTUATOR_ACTIVE,TRAJECTORY_RUNNING,24.0,56,12,-47,-2.94,56,0,0.0,0.0,0.0,0.0,0.0,0.0
2026-07-30T15:31:30.359,1164.938,275,open,ACTUATOR_ACTIVE,TRAJECTORY_COMPLETE,24.0,56,4,0,-1.71,56,0,0.0,0.0,0.0,0.0,0.0,0.0
2026-07-30T15:31:30.856,1165.438,275,open,ACTUATOR_ACTIVE,TRAJECTORY_COMPLETE,24.0,56,4,0,-0.26,56,0,0.0,0.0,0.0,0.0,0.0,0.0
2026-07-30T15:31:31.460,1166.032,276,close,ACTUATOR_ACTIVE,TRAJECTORY_RUNNING,24.0,56,5,15,3.59,56,0,0.0,0.0,0.0,0.0,0.0,0.0
2026-07-30T15:31:31.972,1166.547,276,close,ACTUATOR_ACTIVE,TRAJECTORY_RUNNING,24.0,56,27,50,2.56,55,0,0.0,0.0,0.0,0.0,0.0,0.0
2026-07-30T15:31:32.468,1167.047,276,close,ACTUATOR_ACTIVE,TRAJECTORY_RUNNING,24.0,55,33,0,107.59,55,0,0.0,0.0,0.0,0.0,0.0,0.0
2026-07-30T15:31:32.963,1167.547,276,close,ACTUATOR_ACTIVE,TRAJECTORY_RUNNING,24.0,55,33,0,110.42,55,0,0.0,0.0,0.0,0.0,0.0,0.0
2026-07-30T15:31:33.562,1168.141,276,open,ACTUATOR_ACTIVE,TRAJECTORY_RUNNING,24.0,55,33,0,56.03,55,0,0.0,0.0,0.0,0.0,0.0,0.0
2026-07-30T15:31:34.075,1168.657,276,open,ACTUATOR_ACTIVE,TRAJECTORY_RUNNING,24.0,55,21,-44,-0.57,55,0,0.0,0.0,0.0,0.0,0.0,0.0
2026-07-30T15:31:34.567,1169.141,276,open,ACTUATOR_ACTIVE,TRAJECTORY_RUNNING,24.0,55,3,0,-1.31,55,0,0.0,0.0,0.0,0.0,0.0,0.0
2026-07-30T15:31:35.078,1169.657,276,open,ACTUATOR_ACTIVE,TRAJECTORY_COMPLETE,24.0,55,4,0,0.25,55,0,0.0,0.0,0.0,0.0,0.0,0.0
2026-07-30T15:31:35.679,1170.25,277,close,ACTUATOR_ACTIVE,TRAJECTORY_RUNNING,24.0,55,5,15,4.45,55,0,0.0,0.0,0.0,0.0,0.0,0.0
2026-07-30T15:31:36.190,1170.766,277,close,ACTUATOR_ACTIVE,TRAJECTORY_RUNNING,24.0,60,27,46,3.93,60,0,0.0,0.0,0.0,0.0,0.0,0.0
2026-07-30T15:31:36.685,1171.266,277,close,ACTUATOR_ACTIVE,TRAJECTORY_RUNNING,24.0,60,33,0,106.83,60,0,0.0,0.0,0.0,0.0,0.0,0.0
2026-07-30T15:31:37.177,1171.75,277,close,ACTUATOR_ACTIVE,TRAJECTORY_RUNNING,24.0,60,33,0,108.51,60,0,0.0,0.0,0.0,0.0,0.0,0.0
2026-07-30T15:31:37.800,1172.375,277,open,ACTUATOR_ACTIVE,TRAJECTORY_RUNNING,24.0,60,33,0,57.97,60,0,0.0,0.0,0.0,0.0,0.0,0.0
2026-07-30T15:31:38.294,1172.875,277,open,ACTUATOR_ACTIVE,TRAJECTORY_RUNNING,24.0,60,21,-47,-2.7,60,0,0.0,0.0,0.0,0.0,0.0,0.0
2026-07-30T15:31:38.790,1173.36,277,open,ACTUATOR_ACTIVE,TRAJECTORY_RUNNING,24.0,60,3,0,-1.72,60,0,0.0,0.0,0.0,0.0,0.0,0.0
2026-07-30T15:31:39.304,1173.875,277,open,ACTUATOR_ACTIVE,TRAJECTORY_COMPLETE,24.0,60,4,0,0.26,60,0,0.0,0.0,0.0,0.0,0.0,0.0
2026-07-30T15:31:39.910,1174.485,278,close,ACTUATOR_ACTIVE,TRAJECTORY_RUNNING,24.0,60,5,15,5.43,60,0,0.0,0.0,0.0,0.0,0.0,0.0
2026-07-30T15:31:40.424,1175.0,278,close,ACTUATOR_ACTIVE,TRAJECTORY_RUNNING,24.0,58,25,49,2.21,58,0,0.0,0.0,0.0,0.0,0.0,0.0
2026-07-30T15:31:40.921,1175.5,278,close,ACTUATOR_ACTIVE,TRAJECTORY_RUNNING,24.0,58,32,0,34.71,58,0,0.0,0.0,0.0,0.0,0.0,0.0
2026-07-30T15:31:41.421,1176.0,278,close,ACTUATOR_ACTIVE,TRAJECTORY_RUNNING,24.0,58,32,0,29.31,58,0,0.0,0.0,0.0,0.0,0.0,0.0
2026-07-30T15:31:42.032,1176.61,278,open,ACTUATOR_ACTIVE,TRAJECTORY_RUNNING,24.0,58,32,-17,7.26,58,0,0.0,0.0,0.0,0.0,0.0,0.0
2026-07-30T15:31:42.522,1177.094,278,open,ACTUATOR_ACTIVE,TRAJECTORY_RUNNING,24.0,58,14,-47,-1.84,58,0,0.0,0.0,0.0,0.0,0.0,0.0
2026-07-30T15:31:43.033,1177.61,278,open,ACTUATOR_ACTIVE,TRAJECTORY_RUNNING,24.0,58,4,8,3.96,58,0,0.0,0.0,0.0,0.0,0.0,0.0
2026-07-30T15:31:43.528,1178.11,278,open,ACTUATOR_ACTIVE,TRAJECTORY_COMPLETE,24.0,58,4,0,-0.48,58,0,0.0,0.0,0.0,0.0,0.0,0.0
2026-07-30T15:31:44.134,1178.703,279,close,ACTUATOR_ACTIVE,TRAJECTORY_RUNNING,24.0,59,5,15,4.5,59,0,0.0,0.0,0.0,0.0,0.0,0.0
2026-07-30T15:31:44.647,1179.219,279,close,ACTUATOR_ACTIVE,TRAJECTORY_RUNNING,24.0,59,27,47,3.92,59,0,0.0,0.0,0.0,0.0,0.0,0.0
2026-07-30T15:31:45.145,1179.719,279,close,ACTUATOR_ACTIVE,TRAJECTORY_RUNNING,24.0,59,33,0,115.52,59,0,0.0,0.0,0.0,0.0,0.0,0.0
2026-07-30T15:31:45.642,1180.219,279,close,ACTUATOR_ACTIVE,TRAJECTORY_RUNNING,24.0,59,33,0,102.13,59,0,0.0,0.0,0.0,0.0,0.0,0.0
2026-07-30T15:31:46.252,1180.828,279,open,ACTUATOR_ACTIVE,TRAJECTORY_RUNNING,24.0,59,33,-2,57.15,59,0,0.0,0.0,0.0,0.0,0.0,0.0
2026-07-30T15:31:46.746,1181.328,279,open,ACTUATOR_ACTIVE,TRAJECTORY_RUNNING,24.0,59,21,-45,-0.61,59,0,0.0,0.0,0.0,0.0,0.0,0.0
2026-07-30T15:31:47.242,1181.813,279,open,ACTUATOR_ACTIVE,TRAJECTORY_RUNNING,24.0,59,3,-1,-1.18,59,0,0.0,0.0,0.0,0.0,0.0,0.0
2026-07-30T15:31:47.753,1182.328,279,open,ACTUATOR_ACTIVE,TRAJECTORY_COMPLETE,24.0,59,4,1,0.37,59,0,0.0,0.0,0.0,0.0,0.0,0.0
2026-07-30T15:31:48.363,1182.938,280,close,ACTUATOR_ACTIVE,TRAJECTORY_RUNNING,24.0,58,5,18,5.97,58,0,0.0,0.0,0.0,0.0,0.0,0.0
2026-07-30T15:31:48.861,1183.438,280,close,ACTUATOR_ACTIVE,TRAJECTORY_RUNNING,24.0,58,26,46,3.8,58,0,0.0,0.0,0.0,0.0,0.0,0.0
2026-07-30T15:31:49.356,1183.938,280,close,ACTUATOR_ACTIVE,TRAJECTORY_RUNNING,24.0,58,33,0,102.26,58,0,0.0,0.0,0.0,0.0,0.0,0.0
2026-07-30T15:31:49.852,1184.422,280,close,ACTUATOR_ACTIVE,TRAJECTORY_RUNNING,24.0,58,33,0,95.29,58,0,0.0,0.0,0.0,0.0,0.0,0.0
2026-07-30T15:31:50.480,1185.063,280,open,ACTUATOR_ACTIVE,TRAJECTORY_RUNNING,24.0,58,33,-1,51.68,58,0,0.0,0.0,0.0,0.0,0.0,0.0
2026-07-30T15:31:50.973,1185.547,280,open,ACTUATOR_ACTIVE,TRAJECTORY_RUNNING,24.0,58,21,-45,-0.78,58,0,0.0,0.0,0.0,0.0,0.0,0.0
2026-07-30T15:31:51.486,1186.063,280,open,ACTUATOR_ACTIVE,TRAJECTORY_RUNNING,24.0,58,3,0,-0.46,58,0,0.0,0.0,0.0,0.0,0.0,0.0
2026-07-30T15:31:51.983,1186.563,280,open,ACTUATOR_ACTIVE,TRAJECTORY_COMPLETE,24.0,59,4,1,0.55,59,0,0.0,0.0,0.0,0.0,0.0,0.0
2026-07-30T15:31:52.591,1187.172,281,close,ACTUATOR_ACTIVE,TRAJECTORY_RUNNING,24.0,59,5,18,4.17,59,0,0.0,0.0,0.0,0.0,0.0,0.0
2026-07-30T15:31:53.085,1187.657,281,close,ACTUATOR_ACTIVE,TRAJECTORY_RUNNING,24.0,59,26,48,3.58,59,0,0.0,0.0,0.0,0.0,0.0,0.0
2026-07-30T15:31:53.596,1188.172,281,close,ACTUATOR_ACTIVE,TRAJECTORY_RUNNING,24.0,59,33,0,101.46,59,0,0.0,0.0,0.0,0.0,0.0,0.0
2026-07-30T15:31:54.086,1188.657,281,close,ACTUATOR_ACTIVE,TRAJECTORY_RUNNING,24.0,59,33,0,103.4,59,0,0.0,0.0,0.0,0.0,0.0,0.0
2026-07-30T15:31:54.706,1189.282,281,open,ACTUATOR_ACTIVE,TRAJECTORY_RUNNING,24.0,59,33,-2,55.41,59,0,0.0,0.0,0.0,0.0,0.0,0.0
2026-07-30T15:31:55.216,1189.797,281,open,ACTUATOR_ACTIVE,TRAJECTORY_RUNNING,24.0,59,18,-47,-1.98,59,0,0.0,0.0,0.0,0.0,0.0,0.0
2026-07-30T15:31:55.714,1190.297,281,open,ACTUATOR_ACTIVE,TRAJECTORY_COMPLETE,24.0,59,5,3,2.51,59,0,0.0,0.0,0.0,0.0,0.0,0.0
2026-07-30T15:31:56.209,1190.782,281,open,ACTUATOR_ACTIVE,TRAJECTORY_COMPLETE,24.0,57,4,0,-0.19,57,0,0.0,0.0,0.0,0.0,0.0,0.0
2026-07-30T15:31:56.831,1191.407,282,close,ACTUATOR_ACTIVE,TRAJECTORY_RUNNING,24.0,57,5,12,3.72,57,0,0.0,0.0,0.0,0.0,0.0,0.0
2026-07-30T15:31:57.322,1191.907,282,close,ACTUATOR_ACTIVE,TRAJECTORY_RUNNING,24.0,57,26,50,4.74,57,0,0.0,0.0,0.0,0.0,0.0,0.0
2026-07-30T15:31:57.818,1192.391,282,close,ACTUATOR_ACTIVE,TRAJECTORY_RUNNING,24.0,57,33,1,109.73,57,0,0.0,0.0,0.0,0.0,0.0,0.0
2026-07-30T15:31:58.329,1192.907,282,close,ACTUATOR_ACTIVE,TRAJECTORY_RUNNING,24.0,57,33,0,107.44,57,0,0.0,0.0,0.0,0.0,0.0,0.0
2026-07-30T15:31:58.933,1193.516,282,open,ACTUATOR_ACTIVE,TRAJECTORY_RUNNING,24.0,57,33,-1,58.81,57,0,0.0,0.0,0.0,0.0,0.0,0.0
2026-07-30T15:31:59.431,1194.0,282,open,ACTUATOR_ACTIVE,TRAJECTORY_RUNNING,24.0,57,21,-48,-1.96,57,0,0.0,0.0,0.0,0.0,0.0,0.0
2026-07-30T15:31:59.943,1194.516,282,open,ACTUATOR_ACTIVE,TRAJECTORY_RUNNING,24.0,57,3,0,-0.72,57,0,0.0,0.0,0.0,0.0,0.0,0.0
2026-07-30T15:32:00.438,1195.016,282,open,ACTUATOR_ACTIVE,TRAJECTORY_COMPLETE,24.0,58,4,-1,0.35,58,0,0.0,0.0,0.0,0.0,0.0,0.0
2026-07-30T15:32:01.046,1195.625,283,close,ACTUATOR_ACTIVE,TRAJECTORY_RUNNING,24.0,58,5,17,4.52,58,0,0.0,0.0,0.0,0.0,0.0,0.0
2026-07-30T15:32:01.543,1196.125,283,close,ACTUATOR_ACTIVE,TRAJECTORY_RUNNING,24.0,58,25,49,3.79,58,0,0.0,0.0,0.0,0.0,0.0,0.0
2026-07-30T15:32:02.037,1196.61,283,close,ACTUATOR_ACTIVE,TRAJECTORY_RUNNING,24.0,58,32,0,34.13,58,0,0.0,0.0,0.0,0.0,0.0,0.0
2026-07-30T15:32:02.550,1197.125,283,close,ACTUATOR_ACTIVE,TRAJECTORY_RUNNING,24.0,58,32,0,30.76,58,0,0.0,0.0,0.0,0.0,0.0,0.0
2026-07-30T15:32:03.150,1197.735,283,open,ACTUATOR_ACTIVE,TRAJECTORY_RUNNING,24.0,58,32,-14,8.31,58,0,0.0,0.0,0.0,0.0,0.0,0.0
2026-07-30T15:32:03.641,1198.219,283,open,ACTUATOR_ACTIVE,TRAJECTORY_RUNNING,24.0,58,12,-46,-1.98,58,0,0.0,0.0,0.0,0.0,0.0,0.0
2026-07-30T15:32:04.152,1198.735,283,open,ACTUATOR_ACTIVE,TRAJECTORY_COMPLETE,24.0,59,4,0,-0.9,59,0,0.0,0.0,0.0,0.0,0.0,0.0
2026-07-30T15:32:04.651,1199.235,283,open,ACTUATOR_ACTIVE,TRAJECTORY_COMPLETE,24.0,59,5,0,-0.29,59,0,0.0,0.0,0.0,0.0,0.0,0.0
2026-07-30T15:32:05.256,1199.828,284,close,ACTUATOR_ACTIVE,TRAJECTORY_RUNNING,24.0,59,5,15,3.61,59,0,0.0,0.0,0.0,0.0,0.0,0.0
2026-07-30T15:32:05.771,1200.344,284,close,ACTUATOR_ACTIVE,TRAJECTORY_RUNNING,24.0,59,25,46,2.41,59,0,0.0,0.0,0.0,0.0,0.0,0.0
2026-07-30T15:32:06.268,1200.844,284,close,ACTUATOR_ACTIVE,TRAJECTORY_RUNNING,24.0,59,32,0,31.3,59,0,0.0,0.0,0.0,0.0,0.0,0.0
2026-07-30T15:32:06.759,1201.328,284,close,ACTUATOR_ACTIVE,TRAJECTORY_RUNNING,24.0,59,32,1,27.67,59,0,0.0,0.0,0.0,0.0,0.0,0.0
2026-07-30T15:32:07.381,1201.953,284,open,ACTUATOR_ACTIVE,TRAJECTORY_RUNNING,24.0,59,32,-16,6.78,59,0,0.0,0.0,0.0,0.0,0.0,0.0
2026-07-30T15:32:07.894,1202.469,284,open,ACTUATOR_ACTIVE,TRAJECTORY_RUNNING,24.0,59,14,-48,-2.33,59,0,0.0,0.0,0.0,0.0,0.0,0.0
2026-07-30T15:32:08.387,1202.969,284,open,ACTUATOR_ACTIVE,TRAJECTORY_RUNNING,24.0,61,3,9,2.15,61,0,0.0,0.0,0.0,0.0,0.0,0.0
2026-07-30T15:32:08.878,1203.453,284,open,ACTUATOR_ACTIVE,TRAJECTORY_COMPLETE,24.0,61,4,0,0.68,61,0,0.0,0.0,0.0,0.0,0.0,0.0
2026-07-30T15:32:09.500,1204.078,285,close,ACTUATOR_ACTIVE,TRAJECTORY_RUNNING,24.0,61,5,19,3.56,61,0,0.0,0.0,0.0,0.0,0.0,0.0
2026-07-30T15:32:09.999,1204.578,285,close,ACTUATOR_ACTIVE,TRAJECTORY_RUNNING,24.0,61,26,47,2.34,61,0,0.0,0.0,0.0,0.0,0.0,0.0
2026-07-30T15:32:10.496,1205.078,285,close,ACTUATOR_ACTIVE,TRAJECTORY_RUNNING,24.0,61,33,0,99.74,61,0,0.0,0.0,0.0,0.0,0.0,0.0
2026-07-30T15:32:10.995,1205.578,285,close,ACTUATOR_ACTIVE,TRAJECTORY_RUNNING,24.0,61,33,0,104.16,61,0,0.0,0.0,0.0,0.0,0.0,0.0
2026-07-30T15:32:11.604,1206.188,285,open,ACTUATOR_ACTIVE,TRAJECTORY_RUNNING,24.0,61,33,0,52.25,61,0,0.0,0.0,0.0,0.0,0.0,0.0
2026-07-30T15:32:12.100,1206.672,285,open,ACTUATOR_ACTIVE,TRAJECTORY_RUNNING,24.0,62,21,-46,-1.72,62,0,0.0,0.0,0.0,0.0,0.0,0.0
2026-07-30T15:32:12.606,1207.188,285,open,ACTUATOR_ACTIVE,TRAJECTORY_RUNNING,24.0,62,3,0,-0.63,62,0,0.0,0.0,0.0,0.0,0.0,0.0
2026-07-30T15:32:13.098,1207.672,285,open,ACTUATOR_ACTIVE,TRAJECTORY_COMPLETE,24.0,62,4,1,0.62,62,0,0.0,0.0,0.0,0.0,0.0,0.0
2026-07-30T15:32:13.716,1208.297,286,close,ACTUATOR_ACTIVE,TRAJECTORY_RUNNING,24.0,62,5,14,3.65,62,0,0.0,0.0,0.0,0.0,0.0,0.0
2026-07-30T15:32:14.213,1208.797,286,close,ACTUATOR_ACTIVE,TRAJECTORY_RUNNING,24.0,62,26,47,5.11,62,0,0.0,0.0,0.0,0.0,0.0,0.0
2026-07-30T15:32:14.711,1209.282,286,close,ACTUATOR_ACTIVE,TRAJECTORY_RUNNING,24.0,62,33,0,97.39,62,0,0.0,0.0,0.0,0.0,0.0,0.0
2026-07-30T15:32:15.217,1209.797,286,close,ACTUATOR_ACTIVE,TRAJECTORY_RUNNING,24.0,62,33,0,95.27,62,0,0.0,0.0,0.0,0.0,0.0,0.0
2026-07-30T15:32:15.824,1210.407,286,open,ACTUATOR_ACTIVE,TRAJECTORY_RUNNING,24.0,62,33,0,50.2,62,0,0.0,0.0,0.0,0.0,0.0,0.0
2026-07-30T15:32:16.319,1210.891,286,open,ACTUATOR_ACTIVE,TRAJECTORY_RUNNING,24.0,57,18,-47,-4.19,57,0,0.0,0.0,0.0,0.0,0.0,0.0
2026-07-30T15:32:16.832,1211.407,286,open,ACTUATOR_ACTIVE,TRAJECTORY_COMPLETE,24.0,57,5,3,1.66,57,0,0.0,0.0,0.0,0.0,0.0,0.0
2026-07-30T15:32:17.325,1211.907,286,open,ACTUATOR_ACTIVE,TRAJECTORY_COMPLETE,24.0,57,4,0,-0.56,57,0,0.0,0.0,0.0,0.0,0.0,0.0
2026-07-30T15:32:17.929,1212.5,287,close,ACTUATOR_ACTIVE,TRAJECTORY_RUNNING,24.0,57,5,18,3.72,57,0,0.0,0.0,0.0,0.0,0.0,0.0
2026-07-30T15:32:18.443,1213.016,287,close,ACTUATOR_ACTIVE,TRAJECTORY_RUNNING,24.0,57,27,48,3.39,57,0,0.0,0.0,0.0,0.0,0.0,0.0
2026-07-30T15:32:18.940,1213.516,287,close,ACTUATOR_ACTIVE,TRAJECTORY_RUNNING,24.0,57,33,0,100.69,57,0,0.0,0.0,0.0,0.0,0.0,0.0
2026-07-30T15:32:19.436,1214.016,287,close,ACTUATOR_ACTIVE,TRAJECTORY_RUNNING,24.0,57,33,0,95.0,57,0,0.0,0.0,0.0,0.0,0.0,0.0
2026-07-30T15:32:20.047,1214.625,287,open,ACTUATOR_ACTIVE,TRAJECTORY_RUNNING,24.0,57,33,0,53.96,57,0,0.0,0.0,0.0,0.0,0.0,0.0
2026-07-30T15:32:20.545,1215.125,287,open,ACTUATOR_ACTIVE,TRAJECTORY_RUNNING,24.0,57,21,-44,-2.41,57,0,0.0,0.0,0.0,0.0,0.0,0.0
2026-07-30T15:32:21.044,1215.625,287,open,ACTUATOR_ACTIVE,TRAJECTORY_RUNNING,24.0,57,3,0,-0.91,57,0,0.0,0.0,0.0,0.0,0.0,0.0
2026-07-30T15:32:21.542,1216.125,287,open,ACTUATOR_ACTIVE,TRAJECTORY_COMPLETE,24.0,57,4,0,1.13,57,0,0.0,0.0,0.0,0.0,0.0,0.0
2026-07-30T15:32:22.151,1216.735,288,close,ACTUATOR_ACTIVE,TRAJECTORY_RUNNING,24.0,57,5,15,4.91,57,0,0.0,0.0,0.0,0.0,0.0,0.0
2026-07-30T15:32:22.645,1217.219,288,close,ACTUATOR_ACTIVE,TRAJECTORY_RUNNING,24.0,57,25,50,3.06,57,0,0.0,0.0,0.0,0.0,0.0,0.0
2026-07-30T15:32:23.154,1217.735,288,close,ACTUATOR_ACTIVE,TRAJECTORY_RUNNING,24.0,57,32,0,32.57,57,0,0.0,0.0,0.0,0.0,0.0,0.0
2026-07-30T15:32:23.646,1218.219,288,close,ACTUATOR_ACTIVE,TRAJECTORY_RUNNING,24.0,57,32,0,29.46,57,0,0.0,0.0,0.0,0.0,0.0,0.0
2026-07-30T15:32:24.273,1218.844,288,open,ACTUATOR_ACTIVE,TRAJECTORY_RUNNING,24.0,57,32,-16,7.47,57,0,0.0,0.0,0.0,0.0,0.0,0.0
2026-07-30T15:32:24.781,1219.36,288,open,ACTUATOR_ACTIVE,TRAJECTORY_RUNNING,24.0,57,14,-49,-2.8,57,0,0.0,0.0,0.0,0.0,0.0,0.0
2026-07-30T15:32:25.280,1219.86,288,open,ACTUATOR_ACTIVE,TRAJECTORY_RUNNING,24.0,57,4,9,3.84,57,0,0.0,0.0,0.0,0.0,0.0,0.0
2026-07-30T15:32:25.776,1220.36,288,open,ACTUATOR_ACTIVE,TRAJECTORY_COMPLETE,24.0,57,5,0,0.3,57,0,0.0,0.0,0.0,0.0,0.0,0.0
2026-07-30T15:32:26.390,1220.969,289,close,ACTUATOR_ACTIVE,TRAJECTORY_RUNNING,24.0,57,5,16,5.36,57,0,0.0,0.0,0.0,0.0,0.0,0.0
2026-07-30T15:32:26.888,1221.469,289,close,ACTUATOR_ACTIVE,TRAJECTORY_RUNNING,24.0,57,26,46,4.23,57,0,0.0,0.0,0.0,0.0,0.0,0.0
2026-07-30T15:32:27.378,1221.953,289,close,ACTUATOR_ACTIVE,TRAJECTORY_RUNNING,24.0,57,33,0,110.12,57,0,0.0,0.0,0.0,0.0,0.0,0.0
2026-07-30T15:32:27.888,1222.469,289,close,ACTUATOR_ACTIVE,TRAJECTORY_RUNNING,24.0,57,33,0,105.04,57,0,0.0,0.0,0.0,0.0,0.0,0.0
2026-07-30T15:32:28.498,1223.078,289,open,ACTUATOR_ACTIVE,TRAJECTORY_RUNNING,24.0,54,33,0,52.59,54,0,0.0,0.0,0.0,0.0,0.0,0.0
2026-07-30T15:32:28.994,1223.578,289,open,ACTUATOR_ACTIVE,TRAJECTORY_RUNNING,24.0,54,21,-45,-1.43,54,0,0.0,0.0,0.0,0.0,0.0,0.0
2026-07-30T15:32:29.483,1224.063,289,open,ACTUATOR_ACTIVE,TRAJECTORY_RUNNING,24.0,54,3,0,-1.69,54,0,0.0,0.0,0.0,0.0,0.0,0.0
2026-07-30T15:32:29.994,1224.578,289,open,ACTUATOR_ACTIVE,TRAJECTORY_COMPLETE,24.0,54,4,0,0.31,54,0,0.0,0.0,0.0,0.0,0.0,0.0
2026-07-30T15:32:30.604,1225.188,290,close,ACTUATOR_ACTIVE,TRAJECTORY_RUNNING,24.0,54,5,18,4.35,54,0,0.0,0.0,0.0,0.0,0.0,0.0
2026-07-30T15:32:31.099,1225.672,290,close,ACTUATOR_ACTIVE,TRAJECTORY_RUNNING,24.0,54,26,47,3.63,54,0,0.0,0.0,0.0,0.0,0.0,0.0
2026-07-30T15:32:31.613,1226.188,290,close,ACTUATOR_ACTIVE,TRAJECTORY_RUNNING,24.0,54,33,0,105.0,54,0,0.0,0.0,0.0,0.0,0.0,0.0
2026-07-30T15:32:32.106,1226.688,290,close,ACTUATOR_ACTIVE,TRAJECTORY_RUNNING,24.0,59,33,0,98.05,59,0,0.0,0.0,0.0,0.0,0.0,0.0
2026-07-30T15:32:32.718,1227.297,290,open,ACTUATOR_ACTIVE,TRAJECTORY_RUNNING,24.0,59,33,-1,56.74,59,0,0.0,0.0,0.0,0.0,0.0,0.0
2026-07-30T15:32:33.216,1227.797,290,open,ACTUATOR_ACTIVE,TRAJECTORY_RUNNING,24.0,59,21,-43,-2.19,59,0,0.0,0.0,0.0,0.0,0.0,0.0
2026-07-30T15:32:33.716,1228.297,290,open,ACTUATOR_ACTIVE,TRAJECTORY_RUNNING,24.0,59,3,2,-1.91,59,0,0.0,0.0,0.0,0.0,0.0,0.0
2026-07-30T15:32:34.214,1228.797,290,open,ACTUATOR_ACTIVE,TRAJECTORY_COMPLETE,24.0,59,4,0,0.51,59,0,0.0,0.0,0.0,0.0,0.0,0.0
2026-07-30T15:32:34.824,1229.407,291,close,ACTUATOR_ACTIVE,TRAJECTORY_RUNNING,24.0,59,5,18,4.8,59,0,0.0,0.0,0.0,0.0,0.0,0.0
2026-07-30T15:32:35.321,1229.891,291,close,ACTUATOR_ACTIVE,TRAJECTORY_RUNNING,24.0,59,26,47,2.24,59,0,0.0,0.0,0.0,0.0,0.0,0.0
2026-07-30T15:32:35.835,1230.407,291,close,ACTUATOR_ACTIVE,TRAJECTORY_RUNNING,24.0,59,33,0,109.69,59,0,0.0,0.0,0.0,0.0,0.0,0.0
2026-07-30T15:32:36.332,1230.907,291,close,ACTUATOR_ACTIVE,TRAJECTORY_RUNNING,24.0,63,33,0,95.27,63,0,0.0,0.0,0.0,0.0,0.0,0.0
2026-07-30T15:32:36.939,1231.516,291,open,ACTUATOR_ACTIVE,TRAJECTORY_RUNNING,24.0,63,33,0,55.42,63,0,0.0,0.0,0.0,0.0,0.0,0.0
2026-07-30T15:32:37.455,1232.032,291,open,ACTUATOR_ACTIVE,TRAJECTORY_RUNNING,24.0,63,20,-45,-3.52,63,0,0.0,0.0,0.0,0.0,0.0,0.0
2026-07-30T15:32:37.951,1232.532,291,open,ACTUATOR_ACTIVE,TRAJECTORY_RUNNING,24.0,63,3,1,-0.95,63,0,0.0,0.0,0.0,0.0,0.0,0.0
2026-07-30T15:32:38.448,1233.032,291,open,ACTUATOR_ACTIVE,TRAJECTORY_COMPLETE,24.0,63,4,0,0.36,63,0,0.0,0.0,0.0,0.0,0.0,0.0
2026-07-30T15:32:39.059,1233.641,292,close,ACTUATOR_ACTIVE,TRAJECTORY_RUNNING,24.0,63,5,15,4.65,63,0,0.0,0.0,0.0,0.0,0.0,0.0
2026-07-30T15:32:39.559,1234.141,292,close,ACTUATOR_ACTIVE,TRAJECTORY_RUNNING,24.0,63,25,50,4.22,63,0,0.0,0.0,0.0,0.0,0.0,0.0
2026-07-30T15:32:40.055,1234.625,292,close,ACTUATOR_ACTIVE,TRAJECTORY_RUNNING,24.0,60,32,0,33.66,60,0,0.0,0.0,0.0,0.0,0.0,0.0
2026-07-30T15:32:40.566,1235.141,292,close,ACTUATOR_ACTIVE,TRAJECTORY_RUNNING,24.0,60,32,0,29.43,60,0,0.0,0.0,0.0,0.0,0.0,0.0
2026-07-30T15:32:41.180,1235.75,292,open,ACTUATOR_ACTIVE,TRAJECTORY_RUNNING,24.0,60,32,-17,7.28,60,0,0.0,0.0,0.0,0.0,0.0,0.0
2026-07-30T15:32:41.678,1236.25,292,open,ACTUATOR_ACTIVE,TRAJECTORY_RUNNING,24.0,60,14,-47,-1.56,60,0,0.0,0.0,0.0,0.0,0.0,0.0
2026-07-30T15:32:42.178,1236.75,292,open,ACTUATOR_ACTIVE,TRAJECTORY_RUNNING,24.0,60,3,6,2.28,60,0,0.0,0.0,0.0,0.0,0.0,0.0
2026-07-30T15:32:42.674,1237.25,292,open,ACTUATOR_ACTIVE,TRAJECTORY_COMPLETE,24.0,60,5,0,-0.0,60,0,0.0,0.0,0.0,0.0,0.0,0.0
2026-07-30T15:32:43.282,1237.86,293,close,ACTUATOR_ACTIVE,TRAJECTORY_RUNNING,24.0,60,5,15,3.72,60,0,0.0,0.0,0.0,0.0,0.0,0.0
2026-07-30T15:32:43.779,1238.36,293,close,ACTUATOR_ACTIVE,TRAJECTORY_RUNNING,24.0,60,26,46,4.99,60,0,0.0,0.0,0.0,0.0,0.0,0.0
2026-07-30T15:32:44.271,1238.844,293,close,ACTUATOR_ACTIVE,TRAJECTORY_RUNNING,24.0,59,33,0,103.98,59,0,0.0,0.0,0.0,0.0,0.0,0.0
2026-07-30T15:32:44.778,1239.36,293,close,ACTUATOR_ACTIVE,TRAJECTORY_RUNNING,24.0,59,33,0,95.12,59,0,0.0,0.0,0.0,0.0,0.0,0.0
2026-07-30T15:32:45.381,1239.953,293,open,ACTUATOR_ACTIVE,TRAJECTORY_RUNNING,24.0,59,33,-1,57.01,59,0,0.0,0.0,0.0,0.0,0.0,0.0
2026-07-30T15:32:45.896,1240.469,293,open,ACTUATOR_ACTIVE,TRAJECTORY_RUNNING,24.0,59,20,-45,-0.77,59,0,0.0,0.0,0.0,0.0,0.0,0.0
2026-07-30T15:32:46.386,1240.969,293,open,ACTUATOR_ACTIVE,TRAJECTORY_RUNNING,24.0,59,3,0,-0.73,59,0,0.0,0.0,0.0,0.0,0.0,0.0
2026-07-30T15:32:46.881,1241.453,293,open,ACTUATOR_ACTIVE,TRAJECTORY_COMPLETE,24.0,59,4,0,0.58,59,0,0.0,0.0,0.0,0.0,0.0,0.0
2026-07-30T15:32:47.502,1242.078,294,close,ACTUATOR_ACTIVE,TRAJECTORY_RUNNING,24.0,59,5,14,3.16,59,0,0.0,0.0,0.0,0.0,0.0,0.0
2026-07-30T15:32:48.001,1242.578,294,close,ACTUATOR_ACTIVE,TRAJECTORY_RUNNING,24.0,58,24,48,2.18,58,0,0.0,0.0,0.0,0.0,0.0,0.0
2026-07-30T15:32:48.498,1243.078,294,close,ACTUATOR_ACTIVE,TRAJECTORY_RUNNING,24.0,58,32,0,34.26,58,0,0.0,0.0,0.0,0.0,0.0,0.0
2026-07-30T15:32:48.996,1243.578,294,close,ACTUATOR_ACTIVE,TRAJECTORY_RUNNING,24.0,58,32,0,30.79,58,0,0.0,0.0,0.0,0.0,0.0,0.0
2026-07-30T15:32:49.601,1244.172,294,open,ACTUATOR_ACTIVE,TRAJECTORY_RUNNING,24.0,58,32,-15,6.55,58,0,0.0,0.0,0.0,0.0,0.0,0.0
2026-07-30T15:32:50.108,1244.688,294,open,ACTUATOR_ACTIVE,TRAJECTORY_RUNNING,24.0,58,11,-47,-3.89,58,0,0.0,0.0,0.0,0.0,0.0,0.0
2026-07-30T15:32:50.602,1245.172,294,open,ACTUATOR_ACTIVE,TRAJECTORY_COMPLETE,24.0,58,4,0,-1.03,58,0,0.0,0.0,0.0,0.0,0.0,0.0
2026-07-30T15:32:51.116,1245.688,294,open,ACTUATOR_ACTIVE,TRAJECTORY_COMPLETE,24.0,58,4,0,-0.35,58,0,0.0,0.0,0.0,0.0,0.0,0.0
2026-07-30T15:32:51.716,1246.297,295,close,ACTUATOR_ACTIVE,TRAJECTORY_RUNNING,24.0,58,5,13,3.91,58,0,0.0,0.0,0.0,0.0,0.0,0.0
2026-07-30T15:32:52.209,1246.782,295,close,ACTUATOR_ACTIVE,TRAJECTORY_RUNNING,24.0,58,24,49,2.15,58,0,0.0,0.0,0.0,0.0,0.0,0.0
2026-07-30T15:32:52.723,1247.297,295,close,ACTUATOR_ACTIVE,TRAJECTORY_RUNNING,24.0,58,32,0,34.47,58,0,0.0,0.0,0.0,0.0,0.0,0.0
2026-07-30T15:32:53.220,1247.797,295,close,ACTUATOR_ACTIVE,TRAJECTORY_RUNNING,24.0,58,32,0,30.15,58,0,0.0,0.0,0.0,0.0,0.0,0.0
2026-07-30T15:32:53.831,1248.407,295,open,ACTUATOR_ACTIVE,TRAJECTORY_RUNNING,24.0,58,32,-15,7.78,58,0,0.0,0.0,0.0,0.0,0.0,0.0
2026-07-30T15:32:54.321,1248.891,295,open,ACTUATOR_ACTIVE,TRAJECTORY_RUNNING,24.0,58,15,-48,-3.97,58,0,0.0,0.0,0.0,0.0,0.0,0.0
2026-07-30T15:32:54.835,1249.407,295,open,ACTUATOR_ACTIVE,TRAJECTORY_RUNNING,24.0,58,3,9,2.77,58,0,0.0,0.0,0.0,0.0,0.0,0.0
2026-07-30T15:32:55.333,1249.907,295,open,ACTUATOR_ACTIVE,TRAJECTORY_COMPLETE,24.0,58,4,1,-0.46,58,0,0.0,0.0,0.0,0.0,0.0,0.0
2026-07-30T15:32:55.939,1250.516,296,close,ACTUATOR_ACTIVE,TRAJECTORY_RUNNING,24.0,58,5,17,5.0,58,0,0.0,0.0,0.0,0.0,0.0,0.0
2026-07-30T15:32:56.436,1251.016,296,close,ACTUATOR_ACTIVE,TRAJECTORY_RUNNING,24.0,58,26,50,3.51,58,0,0.0,0.0,0.0,0.0,0.0,0.0
2026-07-30T15:32:56.932,1251.516,296,close,ACTUATOR_ACTIVE,TRAJECTORY_RUNNING,24.0,58,33,0,104.62,58,0,0.0,0.0,0.0,0.0,0.0,0.0
2026-07-30T15:32:57.429,1252.0,296,close,ACTUATOR_ACTIVE,TRAJECTORY_RUNNING,24.0,58,33,0,104.1,58,0,0.0,0.0,0.0,0.0,0.0,0.0
2026-07-30T15:32:58.059,1252.641,296,open,ACTUATOR_ACTIVE,TRAJECTORY_RUNNING,24.0,58,33,0,55.75,58,0,0.0,0.0,0.0,0.0,0.0,0.0
2026-07-30T15:32:58.555,1253.125,296,open,ACTUATOR_ACTIVE,TRAJECTORY_RUNNING,24.0,58,21,-45,-0.28,58,0,0.0,0.0,0.0,0.0,0.0,0.0
2026-07-30T15:32:59.068,1253.641,296,open,ACTUATOR_ACTIVE,TRAJECTORY_RUNNING,24.0,58,3,0,-0.55,58,0,0.0,0.0,0.0,0.0,0.0,0.0
2026-07-30T15:32:59.566,1254.141,296,open,ACTUATOR_ACTIVE,TRAJECTORY_COMPLETE,24.0,58,5,0,0.39,58,0,0.0,0.0,0.0,0.0,0.0,0.0
2026-07-30T15:33:00.172,1254.75,297,close,ACTUATOR_ACTIVE,TRAJECTORY_RUNNING,24.0,62,5,14,4.38,62,0,0.0,0.0,0.0,0.0,0.0,0.0
2026-07-30T15:33:00.672,1255.25,297,close,ACTUATOR_ACTIVE,TRAJECTORY_RUNNING,24.0,62,26,49,2.39,62,0,0.0,0.0,0.0,0.0,0.0,0.0
2026-07-30T15:33:01.170,1255.75,297,close,ACTUATOR_ACTIVE,TRAJECTORY_RUNNING,24.0,62,33,0,100.2,62,0,0.0,0.0,0.0,0.0,0.0,0.0
2026-07-30T15:33:01.668,1256.25,297,close,ACTUATOR_ACTIVE,TRAJECTORY_RUNNING,24.0,62,33,0,94.6,62,0,0.0,0.0,0.0,0.0,0.0,0.0
2026-07-30T15:33:02.278,1256.86,297,open,ACTUATOR_ACTIVE,TRAJECTORY_RUNNING,24.0,62,33,-1,51.66,62,0,0.0,0.0,0.0,0.0,0.0,0.0
2026-07-30T15:33:02.776,1257.36,297,open,ACTUATOR_ACTIVE,TRAJECTORY_RUNNING,24.0,62,21,-49,0.05,62,0,0.0,0.0,0.0,0.0,0.0,0.0
2026-07-30T15:33:03.276,1257.86,297,open,ACTUATOR_ACTIVE,TRAJECTORY_RUNNING,24.0,62,3,0,-1.17,62,0,0.0,0.0,0.0,0.0,0.0,0.0
2026-07-30T15:33:03.772,1258.344,297,open,ACTUATOR_ACTIVE,TRAJECTORY_COMPLETE,24.0,62,4,1,0.25,62,0,0.0,0.0,0.0,0.0,0.0,0.0
2026-07-30T15:33:04.398,1258.969,298,close,ACTUATOR_ACTIVE,TRAJECTORY_RUNNING,24.0,60,5,15,3.87,60,0,0.0,0.0,0.0,0.0,0.0,0.0
2026-07-30T15:33:04.885,1259.469,298,close,ACTUATOR_ACTIVE,TRAJECTORY_RUNNING,24.0,60,26,49,2.95,60,0,0.0,0.0,0.0,0.0,0.0,0.0
2026-07-30T15:33:05.374,1259.953,298,close,ACTUATOR_ACTIVE,TRAJECTORY_RUNNING,24.0,60,33,0,101.76,60,0,0.0,0.0,0.0,0.0,0.0,0.0
2026-07-30T15:33:05.887,1260.469,298,close,ACTUATOR_ACTIVE,TRAJECTORY_RUNNING,24.0,60,33,0,98.23,60,0,0.0,0.0,0.0,0.0,0.0,0.0
2026-07-30T15:33:06.498,1261.078,298,open,ACTUATOR_ACTIVE,TRAJECTORY_RUNNING,24.0,60,33,-2,54.64,60,0,0.0,0.0,0.0,0.0,0.0,0.0
2026-07-30T15:33:06.997,1261.578,298,open,ACTUATOR_ACTIVE,TRAJECTORY_RUNNING,24.0,60,21,-47,-2.4,60,0,0.0,0.0,0.0,0.0,0.0,0.0
2026-07-30T15:33:07.497,1262.078,298,open,ACTUATOR_ACTIVE,TRAJECTORY_RUNNING,24.0,60,3,0,-0.93,60,0,0.0,0.0,0.0,0.0,0.0,0.0
2026-07-30T15:33:07.995,1262.578,298,open,ACTUATOR_ACTIVE,TRAJECTORY_COMPLETE,24.0,63,4,0,0.48,63,0,0.0,0.0,0.0,0.0,0.0,0.0
2026-07-30T15:33:08.603,1263.172,299,close,ACTUATOR_ACTIVE,TRAJECTORY_RUNNING,24.0,63,5,18,4.81,63,0,0.0,0.0,0.0,0.0,0.0,0.0
2026-07-30T15:33:09.121,1263.703,299,close,ACTUATOR_ACTIVE,TRAJECTORY_RUNNING,24.0,63,27,46,3.47,63,0,0.0,0.0,0.0,0.0,0.0,0.0
2026-07-30T15:33:09.603,1264.172,299,close,ACTUATOR_ACTIVE,TRAJECTORY_RUNNING,24.0,63,33,0,105.13,63,0,0.0,0.0,0.0,0.0,0.0,0.0
2026-07-30T15:33:10.112,1264.688,299,close,ACTUATOR_ACTIVE,TRAJECTORY_RUNNING,24.0,63,33,0,99.89,63,0,0.0,0.0,0.0,0.0,0.0,0.0
2026-07-30T15:33:10.716,1265.297,299,open,ACTUATOR_ACTIVE,TRAJECTORY_RUNNING,24.0,63,33,-1,52.03,63,0,0.0,0.0,0.0,0.0,0.0,0.0
2026-07-30T15:33:11.209,1265.782,299,open,ACTUATOR_ACTIVE,TRAJECTORY_RUNNING,24.0,63,21,-44,-1.22,63,0,0.0,0.0,0.0,0.0,0.0,0.0
2026-07-30T15:33:11.719,1266.297,299,open,ACTUATOR_ACTIVE,TRAJECTORY_RUNNING,24.0,63,3,-1,-0.78,63,0,0.0,0.0,0.0,0.0,0.0,0.0
2026-07-30T15:33:12.215,1266.797,299,open,ACTUATOR_ACTIVE,TRAJECTORY_COMPLETE,24.0,57,4,0,0.37,57,0,0.0,0.0,0.0,0.0,0.0,0.0
2026-07-30T15:33:12.827,1267.407,300,close,ACTUATOR_ACTIVE,TRAJECTORY_RUNNING,24.0,57,5,16,5.6,57,0,0.0,0.0,0.0,0.0,0.0,0.0
2026-07-30T15:33:13.324,1267.907,300,close,ACTUATOR_ACTIVE,TRAJECTORY_RUNNING,24.0,57,26,48,5.14,57,0,0.0,0.0,0.0,0.0,0.0,0.0
2026-07-30T15:33:13.821,1268.391,300,close,ACTUATOR_ACTIVE,TRAJECTORY_RUNNING,24.0,57,33,0,103.84,57,0,0.0,0.0,0.0,0.0,0.0,0.0
2026-07-30T15:33:14.335,1268.907,300,close,ACTUATOR_ACTIVE,TRAJECTORY_RUNNING,24.0,57,33,0,93.44,57,0,0.0,0.0,0.0,0.0,0.0,0.0
2026-07-30T15:33:14.940,1269.516,300,open,ACTUATOR_ACTIVE,TRAJECTORY_RUNNING,24.0,57,33,-1,50.3,57,0,0.0,0.0,0.0,0.0,0.0,0.0
2026-07-30T15:33:15.437,1270.016,300,open,ACTUATOR_ACTIVE,TRAJECTORY_RUNNING,24.0,57,18,-47,-3.25,57,0,0.0,0.0,0.0,0.0,0.0,0.0
2026-07-30T15:33:15.935,1270.516,300,open,ACTUATOR_ACTIVE,TRAJECTORY_COMPLETE,24.0,57,4,6,1.26,57,0,0.0,0.0,0.0,0.0,0.0,0.0
2026-07-30T15:33:16.430,1271.0,300,open,ACTUATOR_ACTIVE,TRAJECTORY_COMPLETE,24.0,63,4,1,0.75,63,0,0.0,0.0,0.0,0.0,0.0,0.0
2026-07-30T15:33:17.055,1271.625,301,close,ACTUATOR_ACTIVE,TRAJECTORY_RUNNING,24.0,63,5,15,5.16,63,0,0.0,0.0,0.0,0.0,0.0,0.0
2026-07-30T15:33:17.566,1272.141,301,close,ACTUATOR_ACTIVE,TRAJECTORY_RUNNING,24.0,63,27,50,4.83,63,0,0.0,0.0,0.0,0.0,0.0,0.0
2026-07-30T15:33:18.065,1272.641,301,close,ACTUATOR_ACTIVE,TRAJECTORY_RUNNING,24.0,63,33,0,101.08,63,0,0.0,0.0,0.0,0.0,0.0,0.0
2026-07-30T15:33:18.564,1273.141,301,close,ACTUATOR_ACTIVE,TRAJECTORY_RUNNING,24.0,63,33,0,105.76,63,0,0.0,0.0,0.0,0.0,0.0,0.0
2026-07-30T15:33:19.170,1273.75,301,open,ACTUATOR_ACTIVE,TRAJECTORY_RUNNING,24.0,63,33,0,56.5,63,0,0.0,0.0,0.0,0.0,0.0,0.0
2026-07-30T15:33:19.669,1274.25,301,open,ACTUATOR_ACTIVE,TRAJECTORY_RUNNING,24.0,63,21,-47,-3.46,63,0,0.0,0.0,0.0,0.0,0.0,0.0
2026-07-30T15:33:20.165,1274.75,301,open,ACTUATOR_ACTIVE,TRAJECTORY_RUNNING,24.0,62,3,1,-1.39,62,0,0.0,0.0,0.0,0.0,0.0,0.0
2026-07-30T15:33:20.661,1275.235,301,open,ACTUATOR_ACTIVE,TRAJECTORY_COMPLETE,24.0,62,4,1,0.53,62,0,0.0,0.0,0.0,0.0,0.0,0.0
2026-07-30T15:33:21.285,1275.86,302,close,ACTUATOR_ACTIVE,TRAJECTORY_RUNNING,24.0,62,5,17,5.22,62,0,0.0,0.0,0.0,0.0,0.0,0.0
2026-07-30T15:33:21.783,1276.36,302,close,ACTUATOR_ACTIVE,TRAJECTORY_RUNNING,24.0,62,25,49,4.05,62,0,0.0,0.0,0.0,0.0,0.0,0.0
2026-07-30T15:33:22.279,1276.86,302,close,ACTUATOR_ACTIVE,TRAJECTORY_RUNNING,24.0,62,32,1,33.22,62,0,0.0,0.0,0.0,0.0,0.0,0.0
2026-07-30T15:33:22.772,1277.344,302,close,ACTUATOR_ACTIVE,TRAJECTORY_RUNNING,24.0,62,32,0,30.11,62,0,0.0,0.0,0.0,0.0,0.0,0.0
2026-07-30T15:33:23.394,1277.969,302,open,ACTUATOR_ACTIVE,TRAJECTORY_RUNNING,24.0,62,32,-15,7.25,62,0,0.0,0.0,0.0,0.0,0.0,0.0
2026-07-30T15:33:23.902,1278.485,302,open,ACTUATOR_ACTIVE,TRAJECTORY_RUNNING,24.0,62,14,-50,-3.33,62,0,0.0,0.0,0.0,0.0,0.0,0.0
2026-07-30T15:33:24.396,1278.969,302,open,ACTUATOR_ACTIVE,TRAJECTORY_RUNNING,24.0,64,3,10,2.74,64,0,0.0,0.0,0.0,0.0,0.0,0.0
2026-07-30T15:33:24.907,1279.485,302,open,ACTUATOR_ACTIVE,TRAJECTORY_COMPLETE,24.0,64,5,0,0.16,64,0,0.0,0.0,0.0,0.0,0.0,0.0
2026-07-30T15:33:25.511,1280.094,303,close,ACTUATOR_ACTIVE,TRAJECTORY_RUNNING,24.0,64,5,14,5.46,64,0,0.0,0.0,0.0,0.0,0.0,0.0
2026-07-30T15:33:26.007,1280.578,303,close,ACTUATOR_ACTIVE,TRAJECTORY_RUNNING,24.0,64,24,47,4.13,64,0,0.0,0.0,0.0,0.0,0.0,0.0
2026-07-30T15:33:26.522,1281.094,303,close,ACTUATOR_ACTIVE,TRAJECTORY_RUNNING,24.0,64,32,0,36.14,64,0,0.0,0.0,0.0,0.0,0.0,0.0
2026-07-30T15:33:27.021,1281.594,303,close,ACTUATOR_ACTIVE,TRAJECTORY_RUNNING,24.0,64,32,0,28.64,64,0,0.0,0.0,0.0,0.0,0.0,0.0
2026-07-30T15:33:27.634,1282.219,303,open,ACTUATOR_ACTIVE,TRAJECTORY_RUNNING,24.0,64,32,-15,7.73,64,0,0.0,0.0,0.0,0.0,0.0,0.0
2026-07-30T15:33:28.134,1282.703,303,open,ACTUATOR_ACTIVE,TRAJECTORY_RUNNING,24.0,61,14,-47,-2.81,61,0,0.0,0.0,0.0,0.0,0.0,0.0
2026-07-30T15:33:28.647,1283.219,303,open,ACTUATOR_ACTIVE,TRAJECTORY_RUNNING,24.0,61,4,10,3.58,61,0,0.0,0.0,0.0,0.0,0.0,0.0
2026-07-30T15:33:29.145,1283.719,303,open,ACTUATOR_ACTIVE,TRAJECTORY_COMPLETE,24.0,61,5,0,-0.04,61,0,0.0,0.0,0.0,0.0,0.0,0.0
2026-07-30T15:33:29.759,1284.328,304,close,ACTUATOR_ACTIVE,TRAJECTORY_RUNNING,24.0,61,5,18,4.87,61,0,0.0,0.0,0.0,0.0,0.0,0.0
2026-07-30T15:33:30.272,1284.844,304,close,ACTUATOR_ACTIVE,TRAJECTORY_RUNNING,24.0,61,27,48,5.25,61,0,0.0,0.0,0.0,0.0,0.0,0.0
2026-07-30T15:33:30.766,1285.344,304,close,ACTUATOR_ACTIVE,TRAJECTORY_RUNNING,24.0,61,33,0,112.03,61,0,0.0,0.0,0.0,0.0,0.0,0.0
2026-07-30T15:33:31.264,1285.844,304,close,ACTUATOR_ACTIVE,TRAJECTORY_RUNNING,24.0,61,33,0,95.82,61,0,0.0,0.0,0.0,0.0,0.0,0.0
2026-07-30T15:33:31.872,1286.453,304,open,ACTUATOR_ACTIVE,TRAJECTORY_RUNNING,24.0,61,33,-1,55.03,61,0,0.0,0.0,0.0,0.0,0.0,0.0
2026-07-30T15:33:32.372,1286.953,304,open,ACTUATOR_ACTIVE,TRAJECTORY_RUNNING,24.0,60,21,-44,-3.41,60,0,0.0,0.0,0.0,0.0,0.0,0.0
2026-07-30T15:33:32.870,1287.453,304,open,ACTUATOR_ACTIVE,TRAJECTORY_RUNNING,24.0,60,3,-1,-1.04,60,0,0.0,0.0,0.0,0.0,0.0,0.0
2026-07-30T15:33:33.364,1287.938,304,open,ACTUATOR_ACTIVE,TRAJECTORY_COMPLETE,24.0,60,4,0,-0.18,60,0,0.0,0.0,0.0,0.0,0.0,0.0
2026-07-30T15:33:33.986,1288.563,305,close,ACTUATOR_ACTIVE,TRAJECTORY_RUNNING,24.0,60,5,19,5.1,60,0,0.0,0.0,0.0,0.0,0.0,0.0
2026-07-30T15:33:34.486,1289.063,305,close,ACTUATOR_ACTIVE,TRAJECTORY_RUNNING,24.0,60,26,47,2.71,60,0,0.0,0.0,0.0,0.0,0.0,0.0
2026-07-30T15:33:34.982,1289.563,305,close,ACTUATOR_ACTIVE,TRAJECTORY_RUNNING,24.0,60,33,0,111.44,60,0,0.0,0.0,0.0,0.0,0.0,0.0
2026-07-30T15:33:35.479,1290.063,305,close,ACTUATOR_ACTIVE,TRAJECTORY_RUNNING,24.0,60,33,0,93.3,60,0,0.0,0.0,0.0,0.0,0.0,0.0
2026-07-30T15:33:36.086,1290.657,305,open,ACTUATOR_ACTIVE,TRAJECTORY_RUNNING,24.0,59,33,-1,57.54,59,0,0.0,0.0,0.0,0.0,0.0,0.0
2026-07-30T15:33:36.599,1291.172,305,open,ACTUATOR_ACTIVE,TRAJECTORY_RUNNING,24.0,59,20,-46,-2.07,59,0,0.0,0.0,0.0,0.0,0.0,0.0
2026-07-30T15:33:37.096,1291.672,305,open,ACTUATOR_ACTIVE,TRAJECTORY_RUNNING,24.0,59,3,0,-0.89,59,0,0.0,0.0,0.0,0.0,0.0,0.0
2026-07-30T15:33:37.591,1292.172,305,open,ACTUATOR_ACTIVE,TRAJECTORY_COMPLETE,24.0,59,4,0,1.21,59,0,0.0,0.0,0.0,0.0,0.0,0.0
2026-07-30T15:33:38.202,1292.782,306,close,ACTUATOR_ACTIVE,TRAJECTORY_RUNNING,24.0,59,5,16,5.11,59,0,0.0,0.0,0.0,0.0,0.0,0.0
2026-07-30T15:33:38.698,1293.282,306,close,ACTUATOR_ACTIVE,TRAJECTORY_RUNNING,24.0,59,26,49,1.02,59,0,0.0,0.0,0.0,0.0,0.0,0.0
2026-07-30T15:33:39.196,1293.766,306,close,ACTUATOR_ACTIVE,TRAJECTORY_RUNNING,24.0,59,33,0,97.11,59,0,0.0,0.0,0.0,0.0,0.0,0.0
2026-07-30T15:33:39.709,1294.282,306,close,ACTUATOR_ACTIVE,TRAJECTORY_RUNNING,24.0,59,33,0,104.76,59,0,0.0,0.0,0.0,0.0,0.0,0.0
2026-07-30T15:33:40.311,1294.891,306,open,ACTUATOR_ACTIVE,TRAJECTORY_RUNNING,24.0,54,33,0,56.27,54,0,0.0,0.0,0.0,0.0,0.0,0.0
2026-07-30T15:33:40.823,1295.407,306,open,ACTUATOR_ACTIVE,TRAJECTORY_RUNNING,24.0,54,20,-47,-2.64,54,0,0.0,0.0,0.0,0.0,0.0,0.0
2026-07-30T15:33:41.319,1295.891,306,open,ACTUATOR_ACTIVE,TRAJECTORY_RUNNING,24.0,54,3,-1,-0.81,54,0,0.0,0.0,0.0,0.0,0.0,0.0
2026-07-30T15:33:41.828,1296.407,306,open,ACTUATOR_ACTIVE,TRAJECTORY_COMPLETE,24.0,54,5,0,0.18,54,0,0.0,0.0,0.0,0.0,0.0,0.0
2026-07-30T15:33:42.435,1297.016,307,close,ACTUATOR_ACTIVE,TRAJECTORY_RUNNING,24.0,54,5,17,5.69,54,0,0.0,0.0,0.0,0.0,0.0,0.0
2026-07-30T15:33:42.930,1297.5,307,close,ACTUATOR_ACTIVE,TRAJECTORY_RUNNING,24.0,54,26,49,3.05,54,0,0.0,0.0,0.0,0.0,0.0,0.0
2026-07-30T15:33:43.443,1298.016,307,close,ACTUATOR_ACTIVE,TRAJECTORY_RUNNING,24.0,54,33,0,102.29,54,0,0.0,0.0,0.0,0.0,0.0,0.0
2026-07-30T15:33:43.940,1298.516,307,close,ACTUATOR_ACTIVE,TRAJECTORY_RUNNING,24.0,54,33,0,104.1,54,0,0.0,0.0,0.0,0.0,0.0,0.0
2026-07-30T15:33:44.553,1299.125,307,open,ACTUATOR_ACTIVE,TRAJECTORY_RUNNING,24.0,55,33,-1,54.73,55,0,0.0,0.0,0.0,0.0,0.0,0.0
2026-07-30T15:33:45.065,1299.641,307,open,ACTUATOR_ACTIVE,TRAJECTORY_RUNNING,24.0,55,20,-47,-1.53,55,0,0.0,0.0,0.0,0.0,0.0,0.0
2026-07-30T15:33:45.564,1300.141,307,open,ACTUATOR_ACTIVE,TRAJECTORY_RUNNING,24.0,55,3,0,-0.2,55,0,0.0,0.0,0.0,0.0,0.0,0.0
2026-07-30T15:33:46.062,1300.641,307,open,ACTUATOR_ACTIVE,TRAJECTORY_COMPLETE,24.0,55,4,0,0.31,55,0,0.0,0.0,0.0,0.0,0.0,0.0
2026-07-30T15:33:46.675,1301.25,308,close,ACTUATOR_ACTIVE,TRAJECTORY_RUNNING,24.0,55,5,18,4.26,55,0,0.0,0.0,0.0,0.0,0.0,0.0
2026-07-30T15:33:47.165,1301.735,308,close,ACTUATOR_ACTIVE,TRAJECTORY_RUNNING,24.0,55,26,51,3.42,55,0,0.0,0.0,0.0,0.0,0.0,0.0
2026-07-30T15:33:47.672,1302.25,308,close,ACTUATOR_ACTIVE,TRAJECTORY_RUNNING,24.0,55,33,0,94.3,55,0,0.0,0.0,0.0,0.0,0.0,0.0
2026-07-30T15:33:48.165,1302.735,308,close,ACTUATOR_ACTIVE,TRAJECTORY_RUNNING,24.0,63,33,0,101.15,63,0,0.0,0.0,0.0,0.0,0.0,0.0
2026-07-30T15:33:48.790,1303.36,308,open,ACTUATOR_ACTIVE,TRAJECTORY_RUNNING,24.0,63,33,-1,55.39,63,0,0.0,0.0,0.0,0.0,0.0,0.0
2026-07-30T15:33:49.303,1303.875,308,open,ACTUATOR_ACTIVE,TRAJECTORY_RUNNING,24.0,63,20,-47,-1.38,63,0,0.0,0.0,0.0,0.0,0.0,0.0
2026-07-30T15:33:49.795,1304.375,308,open,ACTUATOR_ACTIVE,TRAJECTORY_RUNNING,24.0,63,3,0,-0.34,63,0,0.0,0.0,0.0,0.0,0.0,0.0
2026-07-30T15:33:50.288,1304.86,308,open,ACTUATOR_ACTIVE,TRAJECTORY_COMPLETE,24.0,63,5,1,0.16,63,0,0.0,0.0,0.0,0.0,0.0,0.0
2026-07-30T15:33:50.913,1305.485,309,close,ACTUATOR_ACTIVE,TRAJECTORY_RUNNING,24.0,63,5,14,3.58,63,0,0.0,0.0,0.0,0.0,0.0,0.0
2026-07-30T15:33:51.422,1306.0,309,close,ACTUATOR_ACTIVE,TRAJECTORY_RUNNING,24.0,63,27,49,3.21,63,0,0.0,0.0,0.0,0.0,0.0,0.0
2026-07-30T15:33:51.918,1306.5,309,close,ACTUATOR_ACTIVE,TRAJECTORY_RUNNING,24.0,63,33,0,99.08,63,0,0.0,0.0,0.0,0.0,0.0,0.0
2026-07-30T15:33:52.414,1306.985,309,close,ACTUATOR_ACTIVE,TRAJECTORY_RUNNING,24.0,59,33,0,94.42,59,0,0.0,0.0,0.0,0.0,0.0,0.0
2026-07-30T15:33:53.037,1307.61,309,open,ACTUATOR_ACTIVE,TRAJECTORY_RUNNING,24.0,59,33,-1,55.08,59,0,0.0,0.0,0.0,0.0,0.0,0.0
2026-07-30T15:33:53.547,1308.125,309,open,ACTUATOR_ACTIVE,TRAJECTORY_RUNNING,24.0,59,20,-47,-0.15,59,0,0.0,0.0,0.0,0.0,0.0,0.0
2026-07-30T15:33:54.046,1308.625,309,open,ACTUATOR_ACTIVE,TRAJECTORY_RUNNING,24.0,59,3,1,-0.78,59,0,0.0,0.0,0.0,0.0,0.0,0.0
2026-07-30T15:33:54.543,1309.125,309,open,ACTUATOR_ACTIVE,TRAJECTORY_COMPLETE,24.0,59,5,0,-0.36,59,0,0.0,0.0,0.0,0.0,0.0,0.0
2026-07-30T15:33:55.154,1309.735,310,close,ACTUATOR_ACTIVE,TRAJECTORY_RUNNING,24.0,59,5,16,4.76,59,0,0.0,0.0,0.0,0.0,0.0,0.0
2026-07-30T15:33:55.653,1310.235,310,close,ACTUATOR_ACTIVE,TRAJECTORY_RUNNING,24.0,59,26,46,4.82,59,0,0.0,0.0,0.0,0.0,0.0,0.0
2026-07-30T15:33:56.151,1310.735,310,close,ACTUATOR_ACTIVE,TRAJECTORY_RUNNING,24.0,52,33,0,95.4,52,0,0.0,0.0,0.0,0.0,0.0,0.0
2026-07-30T15:33:56.648,1311.219,310,close,ACTUATOR_ACTIVE,TRAJECTORY_RUNNING,24.0,52,33,0,96.83,52,0,0.0,0.0,0.0,0.0,0.0,0.0
2026-07-30T15:33:57.268,1311.844,310,open,ACTUATOR_ACTIVE,TRAJECTORY_RUNNING,24.0,52,33,-1,57.72,52,0,0.0,0.0,0.0,0.0,0.0,0.0
2026-07-30T15:33:57.759,1312.328,310,open,ACTUATOR_ACTIVE,TRAJECTORY_RUNNING,24.0,52,21,-47,-1.64,52,0,0.0,0.0,0.0,0.0,0.0,0.0
2026-07-30T15:33:58.274,1312.844,310,open,ACTUATOR_ACTIVE,TRAJECTORY_RUNNING,24.0,52,3,0,-1.97,52,0,0.0,0.0,0.0,0.0,0.0,0.0
2026-07-30T15:33:58.773,1313.344,310,open,ACTUATOR_ACTIVE,TRAJECTORY_COMPLETE,24.0,52,4,0,-0.05,52,0,0.0,0.0,0.0,0.0,0.0,0.0
2026-07-30T15:33:59.380,1313.953,311,close,ACTUATOR_ACTIVE,TRAJECTORY_RUNNING,24.0,52,5,14,2.51,52,0,0.0,0.0,0.0,0.0,0.0,0.0
2026-07-30T15:33:59.892,1314.469,311,close,ACTUATOR_ACTIVE,TRAJECTORY_RUNNING,24.0,52,26,47,5.12,52,0,0.0,0.0,0.0,0.0,0.0,0.0
2026-07-30T15:34:00.391,1314.969,311,close,ACTUATOR_ACTIVE,TRAJECTORY_RUNNING,24.0,63,33,0,109.45,63,0,0.0,0.0,0.0,0.0,0.0,0.0
2026-07-30T15:34:00.888,1315.469,311,close,ACTUATOR_ACTIVE,TRAJECTORY_RUNNING,24.0,63,33,0,105.66,63,0,0.0,0.0,0.0,0.0,0.0,0.0
2026-07-30T15:34:01.498,1316.078,311,open,ACTUATOR_ACTIVE,TRAJECTORY_RUNNING,24.0,63,33,0,55.24,63,0,0.0,0.0,0.0,0.0,0.0,0.0
2026-07-30T15:34:01.995,1316.578,311,open,ACTUATOR_ACTIVE,TRAJECTORY_RUNNING,24.0,63,21,-46,-1.8,63,0,0.0,0.0,0.0,0.0,0.0,0.0
2026-07-30T15:34:02.488,1317.063,311,open,ACTUATOR_ACTIVE,TRAJECTORY_RUNNING,24.0,63,3,0,-1.64,63,0,0.0,0.0,0.0,0.0,0.0,0.0
2026-07-30T15:34:03.001,1317.578,311,open,ACTUATOR_ACTIVE,TRAJECTORY_COMPLETE,24.0,63,4,-1,0.38,63,0,0.0,0.0,0.0,0.0,0.0,0.0
2026-07-30T15:34:03.613,1318.188,312,close,ACTUATOR_ACTIVE,TRAJECTORY_RUNNING,24.0,63,5,14,2.51,63,0,0.0,0.0,0.0,0.0,0.0,0.0
2026-07-30T15:34:04.111,1318.688,312,close,ACTUATOR_ACTIVE,TRAJECTORY_RUNNING,24.0,62,24,48,2.5,62,0,0.0,0.0,0.0,0.0,0.0,0.0
2026-07-30T15:34:04.609,1319.188,312,close,ACTUATOR_ACTIVE,TRAJECTORY_RUNNING,24.0,62,32,-1,33.87,62,0,0.0,0.0,0.0,0.0,0.0,0.0
2026-07-30T15:34:05.107,1319.688,312,close,ACTUATOR_ACTIVE,TRAJECTORY_RUNNING,24.0,62,32,0,31.04,62,0,0.0,0.0,0.0,0.0,0.0,0.0
2026-07-30T15:34:05.719,1320.297,312,open,ACTUATOR_ACTIVE,TRAJECTORY_RUNNING,24.0,62,32,-17,7.55,62,0,0.0,0.0,0.0,0.0,0.0,0.0
2026-07-30T15:34:06.216,1320.797,312,open,ACTUATOR_ACTIVE,TRAJECTORY_RUNNING,24.0,62,15,-48,-3.07,62,0,0.0,0.0,0.0,0.0,0.0,0.0
2026-07-30T15:34:06.710,1321.282,312,open,ACTUATOR_ACTIVE,TRAJECTORY_RUNNING,24.0,62,3,8,2.51,62,0,0.0,0.0,0.0,0.0,0.0,0.0
2026-07-30T15:34:07.222,1321.797,312,open,ACTUATOR_ACTIVE,TRAJECTORY_COMPLETE,24.0,62,5,0,0.33,62,0,0.0,0.0,0.0,0.0,0.0,0.0
2026-07-30T15:34:07.825,1322.407,313,close,ACTUATOR_ACTIVE,TRAJECTORY_RUNNING,24.0,62,5,15,3.54,62,0,0.0,0.0,0.0,0.0,0.0,0.0
2026-07-30T15:34:08.319,1322.891,313,close,ACTUATOR_ACTIVE,TRAJECTORY_RUNNING,24.0,62,25,47,3.77,62,0,0.0,0.0,0.0,0.0,0.0,0.0
2026-07-30T15:34:08.827,1323.407,313,close,ACTUATOR_ACTIVE,TRAJECTORY_RUNNING,24.0,62,32,0,33.7,62,0,0.0,0.0,0.0,0.0,0.0,0.0
2026-07-30T15:34:09.323,1323.907,313,close,ACTUATOR_ACTIVE,TRAJECTORY_RUNNING,24.0,62,32,1,29.85,62,0,0.0,0.0,0.0,0.0,0.0,0.0
2026-07-30T15:34:09.930,1324.5,313,open,ACTUATOR_ACTIVE,TRAJECTORY_RUNNING,24.0,62,32,-15,6.1,62,0,0.0,0.0,0.0,0.0,0.0,0.0
2026-07-30T15:34:10.446,1325.016,313,open,ACTUATOR_ACTIVE,TRAJECTORY_RUNNING,24.0,62,14,-49,-2.71,62,0,0.0,0.0,0.0,0.0,0.0,0.0
2026-07-30T15:34:10.945,1325.516,313,open,ACTUATOR_ACTIVE,TRAJECTORY_RUNNING,24.0,62,4,10,4.82,62,0,0.0,0.0,0.0,0.0,0.0,0.0
2026-07-30T15:34:11.443,1326.016,313,open,ACTUATOR_ACTIVE,TRAJECTORY_COMPLETE,24.0,62,4,0,2.01,62,0,0.0,0.0,0.0,0.0,0.0,0.0
2026-07-30T15:34:12.055,1326.625,314,close,ACTUATOR_ACTIVE,TRAJECTORY_RUNNING,24.0,58,5,18,5.14,58,0,0.0,0.0,0.0,0.0,0.0,0.0
2026-07-30T15:34:12.569,1327.141,314,close,ACTUATOR_ACTIVE,TRAJECTORY_RUNNING,24.0,58,27,50,3.59,58,0,0.0,0.0,0.0,0.0,0.0,0.0
2026-07-30T15:34:13.071,1327.641,314,close,ACTUATOR_ACTIVE,TRAJECTORY_RUNNING,24.0,58,33,0,98.15,58,0,0.0,0.0,0.0,0.0,0.0,0.0
2026-07-30T15:34:13.571,1328.141,314,close,ACTUATOR_ACTIVE,TRAJECTORY_RUNNING,24.0,58,33,0,98.89,58,0,0.0,0.0,0.0,0.0,0.0,0.0
2026-07-30T15:34:14.182,1328.766,314,open,ACTUATOR_ACTIVE,TRAJECTORY_RUNNING,24.0,58,33,0,56.12,58,0,0.0,0.0,0.0,0.0,0.0,0.0
2026-07-30T15:34:14.680,1329.25,314,open,ACTUATOR_ACTIVE,TRAJECTORY_RUNNING,24.0,58,18,-48,-0.55,58,0,0.0,0.0,0.0,0.0,0.0,0.0
2026-07-30T15:34:15.194,1329.766,314,open,ACTUATOR_ACTIVE,TRAJECTORY_COMPLETE,24.0,58,5,1,1.86,58,0,0.0,0.0,0.0,0.0,0.0,0.0
2026-07-30T15:34:15.689,1330.266,314,open,ACTUATOR_ACTIVE,TRAJECTORY_COMPLETE,24.0,58,5,0,1.01,58,0,0.0,0.0,0.0,0.0,0.0,0.0
2026-07-30T15:34:16.298,1330.875,315,close,ACTUATOR_ACTIVE,TRAJECTORY_RUNNING,24.0,63,5,17,5.14,63,0,0.0,0.0,0.0,0.0,0.0,0.0
2026-07-30T15:34:16.796,1331.375,315,close,ACTUATOR_ACTIVE,TRAJECTORY_RUNNING,24.0,63,26,49,5.62,63,0,0.0,0.0,0.0,0.0,0.0,0.0
2026-07-30T15:34:17.293,1331.875,315,close,ACTUATOR_ACTIVE,TRAJECTORY_RUNNING,24.0,63,33,0,107.85,63,0,0.0,0.0,0.0,0.0,0.0,0.0
2026-07-30T15:34:17.782,1332.36,315,close,ACTUATOR_ACTIVE,TRAJECTORY_RUNNING,24.0,63,33,0,106.73,63,0,0.0,0.0,0.0,0.0,0.0,0.0
2026-07-30T15:34:18.407,1332.985,315,open,ACTUATOR_ACTIVE,TRAJECTORY_RUNNING,24.0,63,33,-2,53.48,63,0,0.0,0.0,0.0,0.0,0.0,0.0
2026-07-30T15:34:18.902,1333.485,315,open,ACTUATOR_ACTIVE,TRAJECTORY_RUNNING,24.0,63,21,-46,-2.52,63,0,0.0,0.0,0.0,0.0,0.0,0.0
2026-07-30T15:34:19.397,1333.969,315,open,ACTUATOR_ACTIVE,TRAJECTORY_RUNNING,24.0,63,3,0,-1.4,63,0,0.0,0.0,0.0,0.0,0.0,0.0
2026-07-30T15:34:19.910,1334.485,315,open,ACTUATOR_ACTIVE,TRAJECTORY_COMPLETE,24.0,63,4,1,0.87,63,0,0.0,0.0,0.0,0.0,0.0,0.0
2026-07-30T15:34:20.516,1335.094,316,close,ACTUATOR_ACTIVE,TRAJECTORY_RUNNING,24.0,58,5,18,6.22,58,0,0.0,0.0,0.0,0.0,0.0,0.0
2026-07-30T15:34:21.015,1335.594,316,close,ACTUATOR_ACTIVE,TRAJECTORY_RUNNING,24.0,58,26,46,3.43,58,0,0.0,0.0,0.0,0.0,0.0,0.0
2026-07-30T15:34:21.510,1336.094,316,close,ACTUATOR_ACTIVE,TRAJECTORY_RUNNING,24.0,58,33,0,104.5,58,0,0.0,0.0,0.0,0.0,0.0,0.0
2026-07-30T15:34:22.009,1336.578,316,close,ACTUATOR_ACTIVE,TRAJECTORY_RUNNING,24.0,58,33,0,100.15,58,0,0.0,0.0,0.0,0.0,0.0,0.0
2026-07-30T15:34:22.636,1337.219,316,open,ACTUATOR_ACTIVE,TRAJECTORY_RUNNING,24.0,58,33,-1,51.36,58,0,0.0,0.0,0.0,0.0,0.0,0.0
2026-07-30T15:34:23.131,1337.703,316,open,ACTUATOR_ACTIVE,TRAJECTORY_RUNNING,24.0,58,18,-47,-0.23,58,0,0.0,0.0,0.0,0.0,0.0,0.0
2026-07-30T15:34:23.646,1338.219,316,open,ACTUATOR_ACTIVE,TRAJECTORY_COMPLETE,24.0,58,5,2,1.43,58,0,0.0,0.0,0.0,0.0,0.0,0.0
2026-07-30T15:34:24.142,1338.719,316,open,ACTUATOR_ACTIVE,TRAJECTORY_COMPLETE,24.0,57,4,0,0.93,57,0,0.0,0.0,0.0,0.0,0.0,0.0
2026-07-30T15:34:24.753,1339.328,317,close,ACTUATOR_ACTIVE,TRAJECTORY_RUNNING,24.0,57,5,16,3.33,57,0,0.0,0.0,0.0,0.0,0.0,0.0
2026-07-30T15:34:25.249,1339.828,317,close,ACTUATOR_ACTIVE,TRAJECTORY_RUNNING,24.0,57,26,48,5.29,57,0,0.0,0.0,0.0,0.0,0.0,0.0
2026-07-30T15:34:25.744,1340.328,317,close,ACTUATOR_ACTIVE,TRAJECTORY_RUNNING,24.0,57,33,0,110.71,57,0,0.0,0.0,0.0,0.0,0.0,0.0
2026-07-30T15:34:26.239,1340.813,317,close,ACTUATOR_ACTIVE,TRAJECTORY_RUNNING,24.0,57,33,0,93.83,57,0,0.0,0.0,0.0,0.0,0.0,0.0
2026-07-30T15:34:26.860,1341.438,317,open,ACTUATOR_ACTIVE,TRAJECTORY_RUNNING,24.0,57,33,-1,57.0,57,0,0.0,0.0,0.0,0.0,0.0,0.0
2026-07-30T15:34:27.355,1341.938,317,open,ACTUATOR_ACTIVE,TRAJECTORY_RUNNING,24.0,57,21,-49,-1.4,57,0,0.0,0.0,0.0,0.0,0.0,0.0
2026-07-30T15:34:27.847,1342.422,317,open,ACTUATOR_ACTIVE,TRAJECTORY_RUNNING,24.0,57,3,0,-2.28,57,0,0.0,0.0,0.0,0.0,0.0,0.0
2026-07-30T15:34:28.357,1342.938,317,open,ACTUATOR_ACTIVE,TRAJECTORY_COMPLETE,24.0,57,5,0,0.26,57,0,0.0,0.0,0.0,0.0,0.0,0.0
2026-07-30T15:34:28.964,1343.547,318,close,ACTUATOR_ACTIVE,TRAJECTORY_RUNNING,24.0,57,5,15,3.8,57,0,0.0,0.0,0.0,0.0,0.0,0.0
2026-07-30T15:34:29.462,1344.032,318,close,ACTUATOR_ACTIVE,TRAJECTORY_RUNNING,24.0,57,24,48,2.57,57,0,0.0,0.0,0.0,0.0,0.0,0.0
2026-07-30T15:34:29.975,1344.547,318,close,ACTUATOR_ACTIVE,TRAJECTORY_RUNNING,24.0,57,32,0,33.56,57,0,0.0,0.0,0.0,0.0,0.0,0.0
2026-07-30T15:34:30.472,1345.047,318,close,ACTUATOR_ACTIVE,TRAJECTORY_RUNNING,24.0,57,32,0,31.14,57,0,0.0,0.0,0.0,0.0,0.0,0.0
2026-07-30T15:34:31.080,1345.657,318,open,ACTUATOR_ACTIVE,TRAJECTORY_RUNNING,24.0,57,32,-15,6.76,57,0,0.0,0.0,0.0,0.0,0.0,0.0
2026-07-30T15:34:31.574,1346.157,318,open,ACTUATOR_ACTIVE,TRAJECTORY_RUNNING,24.0,57,14,-48,-1.68,57,0,0.0,0.0,0.0,0.0,0.0,0.0
2026-07-30T15:34:32.067,1346.641,318,open,ACTUATOR_ACTIVE,TRAJECTORY_RUNNING,24.0,65,3,8,1.07,65,0,0.0,0.0,0.0,0.0,0.0,0.0
2026-07-30T15:34:32.580,1347.157,318,open,ACTUATOR_ACTIVE,TRAJECTORY_COMPLETE,24.0,65,5,0,0.09,65,0,0.0,0.0,0.0,0.0,0.0,0.0
2026-07-30T15:34:33.186,1347.766,319,close,ACTUATOR_ACTIVE,TRAJECTORY_RUNNING,24.0,65,5,15,4.51,65,0,0.0,0.0,0.0,0.0,0.0,0.0
2026-07-30T15:34:33.680,1348.25,319,close,ACTUATOR_ACTIVE,TRAJECTORY_RUNNING,24.0,65,25,49,2.87,65,0,0.0,0.0,0.0,0.0,0.0,0.0
2026-07-30T15:34:34.192,1348.766,319,close,ACTUATOR_ACTIVE,TRAJECTORY_RUNNING,24.0,65,32,0,33.64,65,0,0.0,0.0,0.0,0.0,0.0,0.0
2026-07-30T15:34:34.686,1349.266,319,close,ACTUATOR_ACTIVE,TRAJECTORY_RUNNING,24.0,65,32,0,31.83,65,0,0.0,0.0,0.0,0.0,0.0,0.0
2026-07-30T15:34:35.297,1349.875,319,open,ACTUATOR_ACTIVE,TRAJECTORY_RUNNING,24.0,65,32,-16,7.19,65,0,0.0,0.0,0.0,0.0,0.0,0.0
2026-07-30T15:34:35.794,1350.375,319,open,ACTUATOR_ACTIVE,TRAJECTORY_RUNNING,24.0,65,12,-49,-2.99,65,0,0.0,0.0,0.0,0.0,0.0,0.0
2026-07-30T15:34:36.290,1350.86,319,open,ACTUATOR_ACTIVE,TRAJECTORY_COMPLETE,24.0,60,5,0,1.38,60,0,0.0,0.0,0.0,0.0,0.0,0.0
2026-07-30T15:34:36.795,1351.375,319,open,ACTUATOR_ACTIVE,TRAJECTORY_COMPLETE,24.0,60,5,0,0.22,60,0,0.0,0.0,0.0,0.0,0.0,0.0
2026-07-30T15:34:37.408,1351.985,320,close,ACTUATOR_ACTIVE,TRAJECTORY_RUNNING,24.0,60,5,14,5.02,60,0,0.0,0.0,0.0,0.0,0.0,0.0
2026-07-30T15:34:37.902,1352.485,320,close,ACTUATOR_ACTIVE,TRAJECTORY_RUNNING,24.0,60,26,49,2.92,60,0,0.0,0.0,0.0,0.0,0.0,0.0
2026-07-30T15:34:38.395,1352.969,320,close,ACTUATOR_ACTIVE,TRAJECTORY_RUNNING,24.0,60,33,0,99.76,60,0,0.0,0.0,0.0,0.0,0.0,0.0
2026-07-30T15:34:38.898,1353.469,320,close,ACTUATOR_ACTIVE,TRAJECTORY_RUNNING,24.0,60,33,0,105.27,60,0,0.0,0.0,0.0,0.0,0.0,0.0
2026-07-30T15:34:39.524,1354.094,320,open,ACTUATOR_ACTIVE,TRAJECTORY_RUNNING,24.0,60,33,-1,54.16,60,0,0.0,0.0,0.0,0.0,0.0,0.0
2026-07-30T15:34:40.040,1354.61,320,open,ACTUATOR_ACTIVE,TRAJECTORY_RUNNING,24.0,58,20,-50,-0.66,58,0,0.0,0.0,0.0,0.0,0.0,0.0
2026-07-30T15:34:40.537,1355.11,320,open,ACTUATOR_ACTIVE,TRAJECTORY_RUNNING,24.0,58,3,0,-0.49,58,0,0.0,0.0,0.0,0.0,0.0,0.0
2026-07-30T15:34:41.035,1355.61,320,open,ACTUATOR_ACTIVE,TRAJECTORY_COMPLETE,24.0,58,4,0,0.3,58,0,0.0,0.0,0.0,0.0,0.0,0.0
2026-07-30T15:34:41.643,1356.219,321,close,ACTUATOR_ACTIVE,TRAJECTORY_RUNNING,24.0,58,5,14,4.86,58,0,0.0,0.0,0.0,0.0,0.0,0.0
2026-07-30T15:34:42.140,1356.719,321,close,ACTUATOR_ACTIVE,TRAJECTORY_RUNNING,24.0,58,26,46,3.29,58,0,0.0,0.0,0.0,0.0,0.0,0.0
2026-07-30T15:34:42.638,1357.219,321,close,ACTUATOR_ACTIVE,TRAJECTORY_RUNNING,24.0,58,33,0,101.2,58,0,0.0,0.0,0.0,0.0,0.0,0.0
2026-07-30T15:34:43.136,1357.719,321,close,ACTUATOR_ACTIVE,TRAJECTORY_RUNNING,24.0,58,33,0,100.82,58,0,0.0,0.0,0.0,0.0,0.0,0.0
2026-07-30T15:34:43.746,1358.328,321,open,ACTUATOR_ACTIVE,TRAJECTORY_RUNNING,24.0,58,33,0,57.93,58,0,0.0,0.0,0.0,0.0,0.0,0.0
2026-07-30T15:34:44.242,1358.813,321,open,ACTUATOR_ACTIVE,TRAJECTORY_RUNNING,24.0,62,21,-47,-1.02,62,0,0.0,0.0,0.0,0.0,0.0,0.0
2026-07-30T15:34:44.754,1359.328,321,open,ACTUATOR_ACTIVE,TRAJECTORY_RUNNING,24.0,62,3,0,-1.07,62,0,0.0,0.0,0.0,0.0,0.0,0.0
2026-07-30T15:34:45.249,1359.828,321,open,ACTUATOR_ACTIVE,TRAJECTORY_COMPLETE,24.0,62,4,0,0.3,62,0,0.0,0.0,0.0,0.0,0.0,0.0
2026-07-30T15:34:45.855,1360.438,322,close,ACTUATOR_ACTIVE,TRAJECTORY_RUNNING,24.0,62,5,17,4.11,62,0,0.0,0.0,0.0,0.0,0.0,0.0
2026-07-30T15:34:46.352,1360.922,322,close,ACTUATOR_ACTIVE,TRAJECTORY_RUNNING,24.0,62,26,48,3.32,62,0,0.0,0.0,0.0,0.0,0.0,0.0
2026-07-30T15:34:46.868,1361.438,322,close,ACTUATOR_ACTIVE,TRAJECTORY_RUNNING,24.0,62,33,0,99.06,62,0,0.0,0.0,0.0,0.0,0.0,0.0
2026-07-30T15:34:47.366,1361.938,322,close,ACTUATOR_ACTIVE,TRAJECTORY_RUNNING,24.0,62,33,0,104.24,62,0,0.0,0.0,0.0,0.0,0.0,0.0
2026-07-30T15:34:47.976,1362.547,322,open,ACTUATOR_ACTIVE,TRAJECTORY_RUNNING,24.0,62,33,-1,54.57,63,0,0.0,0.0,0.0,0.0,0.0,0.0
2026-07-30T15:34:48.475,1363.047,322,open,ACTUATOR_ACTIVE,TRAJECTORY_RUNNING,24.0,63,21,-44,-1.3,63,0,0.0,0.0,0.0,0.0,0.0,0.0
2026-07-30T15:34:48.971,1363.547,322,open,ACTUATOR_ACTIVE,TRAJECTORY_RUNNING,24.0,63,3,0,-1.96,63,0,0.0,0.0,0.0,0.0,0.0,0.0
2026-07-30T15:34:49.466,1364.047,322,open,ACTUATOR_ACTIVE,TRAJECTORY_COMPLETE,24.0,63,4,0,1.13,63,0,0.0,0.0,0.0,0.0,0.0,0.0
2026-07-30T15:34:50.080,1364.657,323,close,ACTUATOR_ACTIVE,TRAJECTORY_RUNNING,24.0,63,5,17,4.12,63,0,0.0,0.0,0.0,0.0,0.0,0.0
2026-07-30T15:34:50.577,1365.157,323,close,ACTUATOR_ACTIVE,TRAJECTORY_RUNNING,24.0,63,26,49,2.65,63,0,0.0,0.0,0.0,0.0,0.0,0.0
2026-07-30T15:34:51.073,1365.657,323,close,ACTUATOR_ACTIVE,TRAJECTORY_RUNNING,24.0,63,33,0,106.24,63,0,0.0,0.0,0.0,0.0,0.0,0.0
2026-07-30T15:34:51.570,1366.141,323,close,ACTUATOR_ACTIVE,TRAJECTORY_RUNNING,24.0,63,33,0,103.04,63,0,0.0,0.0,0.0,0.0,0.0,0.0
2026-07-30T15:34:52.191,1366.766,323,open,ACTUATOR_ACTIVE,TRAJECTORY_RUNNING,24.0,61,33,-1,59.92,61,0,0.0,0.0,0.0,0.0,0.0,0.0
2026-07-30T15:34:52.686,1367.266,323,open,ACTUATOR_ACTIVE,TRAJECTORY_RUNNING,24.0,61,18,-48,-0.95,61,0,0.0,0.0,0.0,0.0,0.0,0.0
2026-07-30T15:34:53.179,1367.75,323,open,ACTUATOR_ACTIVE,TRAJECTORY_COMPLETE,24.0,61,4,7,1.84,61,0,0.0,0.0,0.0,0.0,0.0,0.0
2026-07-30T15:34:53.690,1368.266,323,open,ACTUATOR_ACTIVE,TRAJECTORY_COMPLETE,24.0,61,4,0,-1.03,61,0,0.0,0.0,0.0,0.0,0.0,0.0
2026-07-30T15:34:54.300,1368.875,324,close,ACTUATOR_ACTIVE,TRAJECTORY_RUNNING,24.0,61,5,12,4.25,61,0,0.0,0.0,0.0,0.0,0.0,0.0
2026-07-30T15:34:54.794,1369.375,324,close,ACTUATOR_ACTIVE,TRAJECTORY_RUNNING,24.0,61,26,48,3.32,61,0,0.0,0.0,0.0,0.0,0.0,0.0
2026-07-30T15:34:55.293,1369.875,324,close,ACTUATOR_ACTIVE,TRAJECTORY_RUNNING,24.0,61,33,0,104.75,61,0,0.0,0.0,0.0,0.0,0.0,0.0
2026-07-30T15:34:55.792,1370.375,324,close,ACTUATOR_ACTIVE,TRAJECTORY_RUNNING,24.0,61,33,0,109.73,61,0,0.0,0.0,0.0,0.0,0.0,0.0
2026-07-30T15:34:56.403,1370.985,324,open,ACTUATOR_ACTIVE,TRAJECTORY_RUNNING,24.0,62,33,0,50.78,62,0,0.0,0.0,0.0,0.0,0.0,0.0
2026-07-30T15:34:56.900,1371.485,324,open,ACTUATOR_ACTIVE,TRAJECTORY_RUNNING,24.0,62,21,-46,-0.67,62,0,0.0,0.0,0.0,0.0,0.0,0.0
2026-07-30T15:34:57.398,1371.969,324,open,ACTUATOR_ACTIVE,TRAJECTORY_RUNNING,24.0,62,3,0,-1.2,62,0,0.0,0.0,0.0,0.0,0.0,0.0
2026-07-30T15:34:57.910,1372.485,324,open,ACTUATOR_ACTIVE,TRAJECTORY_COMPLETE,24.0,62,4,0,0.53,62,0,0.0,0.0,0.0,0.0,0.0,0.0
2026-07-30T15:34:58.517,1373.094,325,close,ACTUATOR_ACTIVE,TRAJECTORY_RUNNING,24.0,62,5,18,4.14,62,0,0.0,0.0,0.0,0.0,0.0,0.0
2026-07-30T15:34:59.016,1373.594,325,close,ACTUATOR_ACTIVE,TRAJECTORY_RUNNING,24.0,62,25,48,1.72,62,0,0.0,0.0,0.0,0.0,0.0,0.0
2026-07-30T15:34:59.511,1374.094,325,close,ACTUATOR_ACTIVE,TRAJECTORY_RUNNING,24.0,62,32,0,35.44,62,0,0.0,0.0,0.0,0.0,0.0,0.0
2026-07-30T15:35:00.008,1374.578,325,close,ACTUATOR_ACTIVE,TRAJECTORY_RUNNING,24.0,61,32,0,30.6,61,0,0.0,0.0,0.0,0.0,0.0,0.0
2026-07-30T15:35:00.629,1375.203,325,open,ACTUATOR_ACTIVE,TRAJECTORY_RUNNING,24.0,61,32,-14,8.28,61,0,0.0,0.0,0.0,0.0,0.0,0.0
2026-07-30T15:35:01.122,1375.703,325,open,ACTUATOR_ACTIVE,TRAJECTORY_RUNNING,24.0,61,15,-48,-2.66,61,0,0.0,0.0,0.0,0.0,0.0,0.0
2026-07-30T15:35:01.621,1376.203,325,open,ACTUATOR_ACTIVE,TRAJECTORY_RUNNING,24.0,61,3,5,2.72,61,0,0.0,0.0,0.0,0.0,0.0,0.0
2026-07-30T15:35:02.118,1376.688,325,open,ACTUATOR_ACTIVE,TRAJECTORY_COMPLETE,24.0,61,4,0,-0.01,61,0,0.0,0.0,0.0,0.0,0.0,0.0
2026-07-30T15:35:02.742,1377.313,326,close,ACTUATOR_ACTIVE,TRAJECTORY_RUNNING,24.0,61,5,17,4.73,61,0,0.0,0.0,0.0,0.0,0.0,0.0
2026-07-30T15:35:03.251,1377.828,326,close,ACTUATOR_ACTIVE,TRAJECTORY_RUNNING,24.0,61,26,46,4.12,61,0,0.0,0.0,0.0,0.0,0.0,0.0
2026-07-30T15:35:03.750,1378.328,326,close,ACTUATOR_ACTIVE,TRAJECTORY_RUNNING,24.0,61,32,0,35.03,61,0,0.0,0.0,0.0,0.0,0.0,0.0
2026-07-30T15:35:04.247,1378.828,326,close,ACTUATOR_ACTIVE,TRAJECTORY_RUNNING,24.0,59,32,0,30.5,59,0,0.0,0.0,0.0,0.0,0.0,0.0
2026-07-30T15:35:04.857,1379.438,326,open,ACTUATOR_ACTIVE,TRAJECTORY_RUNNING,24.0,59,32,-16,6.85,59,0,0.0,0.0,0.0,0.0,0.0,0.0
2026-07-30T15:35:05.354,1379.938,326,open,ACTUATOR_ACTIVE,TRAJECTORY_RUNNING,24.0,59,14,-46,-1.6,59,0,0.0,0.0,0.0,0.0,0.0,0.0
2026-07-30T15:35:05.854,1380.438,326,open,ACTUATOR_ACTIVE,TRAJECTORY_RUNNING,24.0,59,3,8,2.8,59,0,0.0,0.0,0.0,0.0,0.0,0.0
2026-07-30T15:35:06.352,1380.922,326,open,ACTUATOR_ACTIVE,TRAJECTORY_COMPLETE,24.0,59,5,0,0.41,59,0,0.0,0.0,0.0,0.0,0.0,0.0
2026-07-30T15:35:06.972,1381.547,327,close,ACTUATOR_ACTIVE,TRAJECTORY_RUNNING,24.0,59,5,18,5.57,59,0,0.0,0.0,0.0,0.0,0.0,0.0
2026-07-30T15:35:07.485,1382.063,327,close,ACTUATOR_ACTIVE,TRAJECTORY_RUNNING,24.0,59,27,48,3.79,59,0,0.0,0.0,0.0,0.0,0.0,0.0
2026-07-30T15:35:07.983,1382.563,327,close,ACTUATOR_ACTIVE,TRAJECTORY_RUNNING,24.0,61,33,0,96.26,61,0,0.0,0.0,0.0,0.0,0.0,0.0
2026-07-30T15:35:08.480,1383.063,327,close,ACTUATOR_ACTIVE,TRAJECTORY_RUNNING,24.0,61,33,0,91.75,61,0,0.0,0.0,0.0,0.0,0.0,0.0
2026-07-30T15:35:09.092,1383.672,327,open,ACTUATOR_ACTIVE,TRAJECTORY_RUNNING,24.0,61,33,0,54.71,61,0,0.0,0.0,0.0,0.0,0.0,0.0
2026-07-30T15:35:09.588,1384.172,327,open,ACTUATOR_ACTIVE,TRAJECTORY_RUNNING,24.0,61,21,-47,0.08,61,0,0.0,0.0,0.0,0.0,0.0,0.0
2026-07-30T15:35:10.083,1384.657,327,open,ACTUATOR_ACTIVE,TRAJECTORY_RUNNING,24.0,61,3,0,-1.29,61,0,0.0,0.0,0.0,0.0,0.0,0.0
2026-07-30T15:35:10.597,1385.172,327,open,ACTUATOR_ACTIVE,TRAJECTORY_COMPLETE,24.0,61,4,0,-0.01,61,0,0.0,0.0,0.0,0.0,0.0,0.0
2026-07-30T15:35:11.212,1385.782,328,close,ACTUATOR_ACTIVE,TRAJECTORY_RUNNING,24.0,61,5,15,5.12,61,0,0.0,0.0,0.0,0.0,0.0,0.0
2026-07-30T15:35:11.706,1386.282,328,close,ACTUATOR_ACTIVE,TRAJECTORY_RUNNING,24.0,61,26,47,4.58,61,0,0.0,0.0,0.0,0.0,0.0,0.0
2026-07-30T15:35:12.201,1386.782,328,close,ACTUATOR_ACTIVE,TRAJECTORY_RUNNING,24.0,60,33,0,102.83,60,0,0.0,0.0,0.0,0.0,0.0,0.0
2026-07-30T15:35:12.698,1387.282,328,close,ACTUATOR_ACTIVE,TRAJECTORY_RUNNING,24.0,60,33,0,98.53,60,0,0.0,0.0,0.0,0.0,0.0,0.0
2026-07-30T15:35:13.309,1387.891,328,open,ACTUATOR_ACTIVE,TRAJECTORY_RUNNING,24.0,60,33,-1,57.14,60,0,0.0,0.0,0.0,0.0,0.0,0.0
2026-07-30T15:35:13.807,1388.391,328,open,ACTUATOR_ACTIVE,TRAJECTORY_RUNNING,24.0,60,21,-45,-1.29,60,0,0.0,0.0,0.0,0.0,0.0,0.0
2026-07-30T15:35:14.298,1388.875,328,open,ACTUATOR_ACTIVE,TRAJECTORY_RUNNING,24.0,60,3,1,-1.62,60,0,0.0,0.0,0.0,0.0,0.0,0.0
2026-07-30T15:35:14.808,1389.391,328,open,ACTUATOR_ACTIVE,TRAJECTORY_COMPLETE,24.0,60,4,0,0.01,60,0,0.0,0.0,0.0,0.0,0.0,0.0
2026-07-30T15:35:15.418,1390.0,329,close,ACTUATOR_ACTIVE,TRAJECTORY_RUNNING,24.0,60,5,14,3.2,60,0,0.0,0.0,0.0,0.0,0.0,0.0
2026-07-30T15:35:15.917,1390.5,329,close,ACTUATOR_ACTIVE,TRAJECTORY_RUNNING,24.0,60,26,46,4.08,60,0,0.0,0.0,0.0,0.0,0.0,0.0
2026-07-30T15:35:16.416,1391.0,329,close,ACTUATOR_ACTIVE,TRAJECTORY_RUNNING,24.0,56,33,0,103.69,56,0,0.0,0.0,0.0,0.0,0.0,0.0
2026-07-30T15:35:16.912,1391.485,329,close,ACTUATOR_ACTIVE,TRAJECTORY_RUNNING,24.0,56,33,0,96.31,56,0,0.0,0.0,0.0,0.0,0.0,0.0
2026-07-30T15:35:17.534,1392.11,329,open,ACTUATOR_ACTIVE,TRAJECTORY_RUNNING,24.0,56,33,-1,56.95,56,0,0.0,0.0,0.0,0.0,0.0,0.0
2026-07-30T15:35:18.029,1392.61,329,open,ACTUATOR_ACTIVE,TRAJECTORY_RUNNING,24.0,56,21,-48,-0.8,56,0,0.0,0.0,0.0,0.0,0.0,0.0
2026-07-30T15:35:18.525,1393.094,329,open,ACTUATOR_ACTIVE,TRAJECTORY_RUNNING,24.0,56,3,0,-1.98,56,0,0.0,0.0,0.0,0.0,0.0,0.0
2026-07-30T15:35:19.038,1393.61,329,open,ACTUATOR_ACTIVE,TRAJECTORY_COMPLETE,24.0,56,4,0,0.16,56,0,0.0,0.0,0.0,0.0,0.0,0.0
2026-07-30T15:35:19.645,1394.219,330,close,ACTUATOR_ACTIVE,TRAJECTORY_RUNNING,24.0,56,5,16,3.91,56,0,0.0,0.0,0.0,0.0,0.0,0.0
2026-07-30T15:35:20.146,1394.719,330,close,ACTUATOR_ACTIVE,TRAJECTORY_RUNNING,24.0,59,25,49,3.32,59,0,0.0,0.0,0.0,0.0,0.0,0.0
2026-07-30T15:35:20.646,1395.219,330,close,ACTUATOR_ACTIVE,TRAJECTORY_RUNNING,24.0,59,32,0,34.79,59,0,0.0,0.0,0.0,0.0,0.0,0.0
2026-07-30T15:35:21.142,1395.719,330,close,ACTUATOR_ACTIVE,TRAJECTORY_RUNNING,24.0,59,32,0,29.9,59,0,0.0,0.0,0.0,0.0,0.0,0.0
2026-07-30T15:35:21.752,1396.328,330,open,ACTUATOR_ACTIVE,TRAJECTORY_RUNNING,24.0,59,32,-15,6.83,59,0,0.0,0.0,0.0,0.0,0.0,0.0
2026-07-30T15:35:22.248,1396.828,330,open,ACTUATOR_ACTIVE,TRAJECTORY_RUNNING,24.0,59,15,-48,-1.73,59,0,0.0,0.0,0.0,0.0,0.0,0.0
2026-07-30T15:35:22.740,1397.313,330,open,ACTUATOR_ACTIVE,TRAJECTORY_RUNNING,24.0,59,3,8,2.72,59,0,0.0,0.0,0.0,0.0,0.0,0.0
2026-07-30T15:35:23.250,1397.828,330,open,ACTUATOR_ACTIVE,TRAJECTORY_COMPLETE,24.0,59,4,0,0.21,59,0,0.0,0.0,0.0,0.0,0.0,0.0
2026-07-30T15:35:23.861,1398.438,331,close,ACTUATOR_ACTIVE,TRAJECTORY_RUNNING,24.0,59,5,14,3.78,59,0,0.0,0.0,0.0,0.0,0.0,0.0
2026-07-30T15:35:24.357,1398.938,331,close,ACTUATOR_ACTIVE,TRAJECTORY_RUNNING,24.0,59,26,48,3.26,59,0,0.0,0.0,0.0,0.0,0.0,0.0
2026-07-30T15:35:24.858,1399.438,331,close,ACTUATOR_ACTIVE,TRAJECTORY_RUNNING,24.0,59,33,0,102.65,59,0,0.0,0.0,0.0,0.0,0.0,0.0
2026-07-30T15:35:25.356,1399.938,331,close,ACTUATOR_ACTIVE,TRAJECTORY_RUNNING,24.0,59,33,0,99.56,59,0,0.0,0.0,0.0,0.0,0.0,0.0
2026-07-30T15:35:25.962,1400.547,331,open,ACTUATOR_ACTIVE,TRAJECTORY_RUNNING,24.0,59,33,-1,56.46,59,0,0.0,0.0,0.0,0.0,0.0,0.0
2026-07-30T15:35:26.458,1401.032,331,open,ACTUATOR_ACTIVE,TRAJECTORY_RUNNING,24.0,59,21,-46,-1.35,59,0,0.0,0.0,0.0,0.0,0.0,0.0
2026-07-30T15:35:26.969,1401.547,331,open,ACTUATOR_ACTIVE,TRAJECTORY_RUNNING,24.0,59,3,0,-1.27,59,0,0.0,0.0,0.0,0.0,0.0,0.0
2026-07-30T15:35:27.470,1402.047,331,open,ACTUATOR_ACTIVE,TRAJECTORY_COMPLETE,24.0,59,4,0,0.95,59,0,0.0,0.0,0.0,0.0,0.0,0.0
2026-07-30T15:35:28.089,1402.672,332,close,ACTUATOR_ACTIVE,TRAJECTORY_RUNNING,24.0,62,5,18,5.2,62,0,0.0,0.0,0.0,0.0,0.0,0.0
2026-07-30T15:35:28.572,1403.157,332,close,ACTUATOR_ACTIVE,TRAJECTORY_RUNNING,24.0,62,26,49,3.44,62,0,0.0,0.0,0.0,0.0,0.0,0.0
2026-07-30T15:35:29.067,1403.641,332,close,ACTUATOR_ACTIVE,TRAJECTORY_RUNNING,24.0,62,33,0,107.54,62,0,0.0,0.0,0.0,0.0,0.0,0.0
2026-07-30T15:35:29.583,1404.157,332,close,ACTUATOR_ACTIVE,TRAJECTORY_RUNNING,24.0,62,33,0,98.21,62,0,0.0,0.0,0.0,0.0,0.0,0.0
2026-07-30T15:35:30.193,1404.766,332,open,ACTUATOR_ACTIVE,TRAJECTORY_RUNNING,24.0,62,33,-1,55.18,62,0,0.0,0.0,0.0,0.0,0.0,0.0
2026-07-30T15:35:30.688,1405.266,332,open,ACTUATOR_ACTIVE,TRAJECTORY_RUNNING,24.0,62,21,-46,-1.83,62,0,0.0,0.0,0.0,0.0,0.0,0.0
2026-07-30T15:35:31.183,1405.766,332,open,ACTUATOR_ACTIVE,TRAJECTORY_RUNNING,24.0,62,3,0,-1.53,62,0,0.0,0.0,0.0,0.0,0.0,0.0
2026-07-30T15:35:31.676,1406.25,332,open,ACTUATOR_ACTIVE,TRAJECTORY_COMPLETE,24.0,62,4,2,0.46,62,0,0.0,0.0,0.0,0.0,0.0,0.0
2026-07-30T15:35:32.303,1406.875,333,close,ACTUATOR_ACTIVE,TRAJECTORY_RUNNING,24.0,60,5,15,5.51,60,0,0.0,0.0,0.0,0.0,0.0,0.0
2026-07-30T15:35:32.799,1407.375,333,close,ACTUATOR_ACTIVE,TRAJECTORY_RUNNING,24.0,60,26,50,4.92,60,0,0.0,0.0,0.0,0.0,0.0,0.0
2026-07-30T15:35:33.294,1407.875,333,close,ACTUATOR_ACTIVE,TRAJECTORY_RUNNING,24.0,60,33,0,104.55,60,0,0.0,0.0,0.0,0.0,0.0,0.0
2026-07-30T15:35:33.793,1408.375,333,close,ACTUATOR_ACTIVE,TRAJECTORY_RUNNING,24.0,60,33,0,95.86,60,0,0.0,0.0,0.0,0.0,0.0,0.0
2026-07-30T15:35:34.397,1408.969,333,open,ACTUATOR_ACTIVE,TRAJECTORY_RUNNING,24.0,60,33,-1,57.2,60,0,0.0,0.0,0.0,0.0,0.0,0.0
2026-07-30T15:35:34.909,1409.485,333,open,ACTUATOR_ACTIVE,TRAJECTORY_RUNNING,24.0,60,20,-46,-3.36,60,0,0.0,0.0,0.0,0.0,0.0,0.0
2026-07-30T15:35:35.405,1409.985,333,open,ACTUATOR_ACTIVE,TRAJECTORY_RUNNING,24.0,60,3,0,-1.38,60,0,0.0,0.0,0.0,0.0,0.0,0.0
2026-07-30T15:35:35.905,1410.485,333,open,ACTUATOR_ACTIVE,TRAJECTORY_COMPLETE,24.0,60,4,1,0.23,60,0,0.0,0.0,0.0,0.0,0.0,0.0
2026-07-30T15:35:36.516,1411.094,334,close,ACTUATOR_ACTIVE,TRAJECTORY_RUNNING,24.0,61,5,18,4.69,61,0,0.0,0.0,0.0,0.0,0.0,0.0
2026-07-30T15:35:37.013,1411.594,334,close,ACTUATOR_ACTIVE,TRAJECTORY_RUNNING,24.0,61,26,47,3.78,61,0,0.0,0.0,0.0,0.0,0.0,0.0
2026-07-30T15:35:37.509,1412.094,334,close,ACTUATOR_ACTIVE,TRAJECTORY_RUNNING,24.0,61,33,0,106.79,61,0,0.0,0.0,0.0,0.0,0.0,0.0
2026-07-30T15:35:38.009,1412.578,334,close,ACTUATOR_ACTIVE,TRAJECTORY_RUNNING,24.0,61,33,0,95.58,61,0,0.0,0.0,0.0,0.0,0.0,0.0
2026-07-30T15:35:38.634,1413.203,334,open,ACTUATOR_ACTIVE,TRAJECTORY_RUNNING,24.0,61,33,-1,52.9,61,0,0.0,0.0,0.0,0.0,0.0,0.0
2026-07-30T15:35:39.147,1413.719,334,open,ACTUATOR_ACTIVE,TRAJECTORY_RUNNING,24.0,61,20,-46,-1.53,61,0,0.0,0.0,0.0,0.0,0.0,0.0
2026-07-30T15:35:39.646,1414.219,334,open,ACTUATOR_ACTIVE,TRAJECTORY_RUNNING,24.0,61,3,0,-0.88,61,0,0.0,0.0,0.0,0.0,0.0,0.0
2026-07-30T15:35:40.144,1414.719,334,open,ACTUATOR_ACTIVE,TRAJECTORY_COMPLETE,24.0,61,4,2,0.14,61,0,0.0,0.0,0.0,0.0,0.0,0.0
2026-07-30T15:35:40.757,1415.328,335,close,ACTUATOR_ACTIVE,TRAJECTORY_RUNNING,24.0,61,5,14,3.75,61,0,0.0,0.0,0.0,0.0,0.0,0.0
2026-07-30T15:35:41.257,1415.828,335,close,ACTUATOR_ACTIVE,TRAJECTORY_RUNNING,24.0,61,25,47,3.33,61,0,0.0,0.0,0.0,0.0,0.0,0.0
2026-07-30T15:35:41.756,1416.328,335,close,ACTUATOR_ACTIVE,TRAJECTORY_RUNNING,24.0,61,32,0,34.54,61,0,0.0,0.0,0.0,0.0,0.0,0.0
2026-07-30T15:35:42.253,1416.828,335,close,ACTUATOR_ACTIVE,TRAJECTORY_RUNNING,24.0,61,32,0,28.42,61,0,0.0,0.0,0.0,0.0,0.0,0.0
2026-07-30T15:35:42.863,1417.438,335,open,ACTUATOR_ACTIVE,TRAJECTORY_RUNNING,24.0,61,32,-16,7.56,61,0,0.0,0.0,0.0,0.0,0.0,0.0
2026-07-30T15:35:43.358,1417.938,335,open,ACTUATOR_ACTIVE,TRAJECTORY_RUNNING,24.0,61,14,-48,-2.34,61,0,0.0,0.0,0.0,0.0,0.0,0.0
2026-07-30T15:35:43.855,1418.438,335,open,ACTUATOR_ACTIVE,TRAJECTORY_RUNNING,24.0,61,3,7,3.0,61,0,0.0,0.0,0.0,0.0,0.0,0.0
2026-07-30T15:35:44.354,1418.938,335,open,ACTUATOR_ACTIVE,TRAJECTORY_COMPLETE,24.0,62,5,0,-0.02,62,0,0.0,0.0,0.0,0.0,0.0,0.0
2026-07-30T15:35:44.961,1419.532,336,close,ACTUATOR_ACTIVE,TRAJECTORY_RUNNING,24.0,62,5,13,2.91,62,0,0.0,0.0,0.0,0.0,0.0,0.0
2026-07-30T15:35:45.457,1420.032,336,close,ACTUATOR_ACTIVE,TRAJECTORY_RUNNING,24.0,62,26,46,3.66,62,0,0.0,0.0,0.0,0.0,0.0,0.0
2026-07-30T15:35:45.952,1420.532,336,close,ACTUATOR_ACTIVE,TRAJECTORY_RUNNING,24.0,62,33,0,102.81,62,0,0.0,0.0,0.0,0.0,0.0,0.0
2026-07-30T15:35:46.450,1421.032,336,close,ACTUATOR_ACTIVE,TRAJECTORY_RUNNING,24.0,62,33,0,104.95,62,0,0.0,0.0,0.0,0.0,0.0,0.0
2026-07-30T15:35:47.049,1421.625,336,open,ACTUATOR_ACTIVE,TRAJECTORY_RUNNING,24.0,62,33,-1,57.33,62,0,0.0,0.0,0.0,0.0,0.0,0.0
2026-07-30T15:35:47.556,1422.141,336,open,ACTUATOR_ACTIVE,TRAJECTORY_RUNNING,24.0,62,21,-46,-1.06,62,0,0.0,0.0,0.0,0.0,0.0,0.0
2026-07-30T15:35:48.055,1422.625,336,open,ACTUATOR_ACTIVE,TRAJECTORY_RUNNING,24.0,60,3,-1,-1.43,60,0,0.0,0.0,0.0,0.0,0.0,0.0
2026-07-30T15:35:48.568,1423.141,336,open,ACTUATOR_ACTIVE,TRAJECTORY_COMPLETE,24.0,60,5,0,0.44,60,0,0.0,0.0,0.0,0.0,0.0,0.0
2026-07-30T15:35:49.173,1423.75,337,close,ACTUATOR_ACTIVE,TRAJECTORY_RUNNING,24.0,60,5,14,3.5,60,0,0.0,0.0,0.0,0.0,0.0,0.0
2026-07-30T15:35:49.672,1424.25,337,close,ACTUATOR_ACTIVE,TRAJECTORY_RUNNING,24.0,60,26,46,3.58,60,0,0.0,0.0,0.0,0.0,0.0,0.0
2026-07-30T15:35:50.165,1424.735,337,close,ACTUATOR_ACTIVE,TRAJECTORY_RUNNING,24.0,60,33,0,108.66,60,0,0.0,0.0,0.0,0.0,0.0,0.0
2026-07-30T15:35:50.676,1425.25,337,close,ACTUATOR_ACTIVE,TRAJECTORY_RUNNING,24.0,60,33,0,100.69,60,0,0.0,0.0,0.0,0.0,0.0,0.0
2026-07-30T15:35:51.286,1425.86,337,open,ACTUATOR_ACTIVE,TRAJECTORY_RUNNING,24.0,60,33,-1,52.41,60,0,0.0,0.0,0.0,0.0,0.0,0.0
2026-07-30T15:35:51.778,1426.36,337,open,ACTUATOR_ACTIVE,TRAJECTORY_RUNNING,24.0,60,21,-46,-2.25,60,0,0.0,0.0,0.0,0.0,0.0,0.0
2026-07-30T15:35:52.272,1426.844,337,open,ACTUATOR_ACTIVE,TRAJECTORY_RUNNING,24.0,58,3,0,-1.78,58,0,0.0,0.0,0.0,0.0,0.0,0.0
2026-07-30T15:35:52.782,1427.36,337,open,ACTUATOR_ACTIVE,TRAJECTORY_COMPLETE,24.0,58,4,0,0.27,58,0,0.0,0.0,0.0,0.0,0.0,0.0
2026-07-30T15:35:53.380,1427.953,338,close,ACTUATOR_ACTIVE,TRAJECTORY_RUNNING,24.0,58,5,15,4.42,58,0,0.0,0.0,0.0,0.0,0.0,0.0
2026-07-30T15:35:53.893,1428.469,338,close,ACTUATOR_ACTIVE,TRAJECTORY_RUNNING,24.0,58,27,47,3.03,58,0,0.0,0.0,0.0,0.0,0.0,0.0
2026-07-30T15:35:54.389,1428.969,338,close,ACTUATOR_ACTIVE,TRAJECTORY_RUNNING,24.0,58,33,0,100.48,58,0,0.0,0.0,0.0,0.0,0.0,0.0
2026-07-30T15:35:54.888,1429.469,338,close,ACTUATOR_ACTIVE,TRAJECTORY_RUNNING,24.0,58,33,0,95.93,58,0,0.0,0.0,0.0,0.0,0.0,0.0
2026-07-30T15:35:55.498,1430.078,338,open,ACTUATOR_ACTIVE,TRAJECTORY_RUNNING,24.0,58,33,-2,52.16,58,0,0.0,0.0,0.0,0.0,0.0,0.0
2026-07-30T15:35:55.997,1430.578,338,open,ACTUATOR_ACTIVE,TRAJECTORY_RUNNING,24.0,63,21,-45,-3.03,63,0,0.0,0.0,0.0,0.0,0.0,0.0
2026-07-30T15:35:56.493,1431.063,338,open,ACTUATOR_ACTIVE,TRAJECTORY_RUNNING,24.0,63,3,1,-0.81,63,0,0.0,0.0,0.0,0.0,0.0,0.0
2026-07-30T15:35:57.005,1431.578,338,open,ACTUATOR_ACTIVE,TRAJECTORY_COMPLETE,24.0,63,5,1,0.16,63,0,0.0,0.0,0.0,0.0,0.0,0.0
2026-07-30T15:35:57.614,1432.188,339,close,ACTUATOR_ACTIVE,TRAJECTORY_RUNNING,24.0,63,5,14,4.3,63,0,0.0,0.0,0.0,0.0,0.0,0.0
2026-07-30T15:35:58.114,1432.688,339,close,ACTUATOR_ACTIVE,TRAJECTORY_RUNNING,24.0,63,25,51,1.96,63,0,0.0,0.0,0.0,0.0,0.0,0.0
2026-07-30T15:35:58.613,1433.188,339,close,ACTUATOR_ACTIVE,TRAJECTORY_RUNNING,24.0,63,32,-1,31.9,63,0,0.0,0.0,0.0,0.0,0.0,0.0
2026-07-30T15:35:59.108,1433.688,339,close,ACTUATOR_ACTIVE,TRAJECTORY_RUNNING,24.0,63,32,0,31.65,63,0,0.0,0.0,0.0,0.0,0.0,0.0
2026-07-30T15:35:59.721,1434.297,339,open,ACTUATOR_ACTIVE,TRAJECTORY_RUNNING,24.0,63,32,-16,6.65,63,0,0.0,0.0,0.0,0.0,0.0,0.0
2026-07-30T15:36:00.219,1434.797,339,open,ACTUATOR_ACTIVE,TRAJECTORY_RUNNING,24.0,58,14,-49,-0.6,58,0,0.0,0.0,0.0,0.0,0.0,0.0
2026-07-30T15:36:00.717,1435.297,339,open,ACTUATOR_ACTIVE,TRAJECTORY_RUNNING,24.0,58,3,9,2.02,58,0,0.0,0.0,0.0,0.0,0.0,0.0
2026-07-30T15:36:01.218,1435.797,339,open,ACTUATOR_ACTIVE,TRAJECTORY_COMPLETE,24.0,58,5,0,0.15,58,0,0.0,0.0,0.0,0.0,0.0,0.0
2026-07-30T15:36:01.826,1436.407,340,close,ACTUATOR_ACTIVE,TRAJECTORY_RUNNING,24.0,58,5,15,3.84,58,0,0.0,0.0,0.0,0.0,0.0,0.0
2026-07-30T15:36:02.322,1436.907,340,close,ACTUATOR_ACTIVE,TRAJECTORY_RUNNING,24.0,58,26,48,3.52,58,0,0.0,0.0,0.0,0.0,0.0,0.0
2026-07-30T15:36:02.819,1437.391,340,close,ACTUATOR_ACTIVE,TRAJECTORY_RUNNING,24.0,58,33,0,100.11,58,0,0.0,0.0,0.0,0.0,0.0,0.0
2026-07-30T15:36:03.332,1437.907,340,close,ACTUATOR_ACTIVE,TRAJECTORY_RUNNING,24.0,58,33,0,95.93,58,0,0.0,0.0,0.0,0.0,0.0,0.0
2026-07-30T15:36:03.936,1438.516,340,open,ACTUATOR_ACTIVE,TRAJECTORY_RUNNING,24.0,58,33,-1,55.39,58,0,0.0,0.0,0.0,0.0,0.0,0.0
2026-07-30T15:36:04.436,1439.016,340,open,ACTUATOR_ACTIVE,TRAJECTORY_RUNNING,24.0,66,21,-48,-1.18,66,0,0.0,0.0,0.0,0.0,0.0,0.0
2026-07-30T15:36:04.937,1439.516,340,open,ACTUATOR_ACTIVE,TRAJECTORY_RUNNING,24.0,66,3,0,-1.19,66,0,0.0,0.0,0.0,0.0,0.0,0.0
2026-07-30T15:36:05.435,1440.016,340,open,ACTUATOR_ACTIVE,TRAJECTORY_COMPLETE,24.0,66,4,0,0.54,66,0,0.0,0.0,0.0,0.0,0.0,0.0
2026-07-30T15:36:06.048,1440.625,341,close,ACTUATOR_ACTIVE,TRAJECTORY_RUNNING,24.0,66,5,18,3.41,66,0,0.0,0.0,0.0,0.0,0.0,0.0
2026-07-30T15:36:06.544,1441.125,341,close,ACTUATOR_ACTIVE,TRAJECTORY_RUNNING,24.0,66,26,50,0.94,66,0,0.0,0.0,0.0,0.0,0.0,0.0
2026-07-30T15:36:07.040,1441.61,341,close,ACTUATOR_ACTIVE,TRAJECTORY_RUNNING,24.0,66,33,0,98.24,66,0,0.0,0.0,0.0,0.0,0.0,0.0
2026-07-30T15:36:07.551,1442.125,341,close,ACTUATOR_ACTIVE,TRAJECTORY_RUNNING,24.0,66,33,0,105.49,66,0,0.0,0.0,0.0,0.0,0.0,0.0
2026-07-30T15:36:08.156,1442.735,341,open,ACTUATOR_ACTIVE,TRAJECTORY_RUNNING,24.0,58,33,-1,53.53,58,0,0.0,0.0,0.0,0.0,0.0,0.0
2026-07-30T15:36:08.652,1443.235,341,open,ACTUATOR_ACTIVE,TRAJECTORY_RUNNING,24.0,58,21,-47,-0.98,58,0,0.0,0.0,0.0,0.0,0.0,0.0
2026-07-30T15:36:09.149,1443.719,341,open,ACTUATOR_ACTIVE,TRAJECTORY_RUNNING,24.0,58,3,1,-1.03,58,0,0.0,0.0,0.0,0.0,0.0,0.0
2026-07-30T15:36:09.660,1444.235,341,open,ACTUATOR_ACTIVE,TRAJECTORY_COMPLETE,24.0,58,4,0,0.41,58,0,0.0,0.0,0.0,0.0,0.0,0.0
2026-07-30T15:36:10.268,1444.844,342,close,ACTUATOR_ACTIVE,TRAJECTORY_RUNNING,24.0,58,5,15,5.6,58,0,0.0,0.0,0.0,0.0,0.0,0.0
2026-07-30T15:36:10.767,1445.344,342,close,ACTUATOR_ACTIVE,TRAJECTORY_RUNNING,24.0,58,26,47,3.07,58,0,0.0,0.0,0.0,0.0,0.0,0.0
2026-07-30T15:36:11.265,1445.844,342,close,ACTUATOR_ACTIVE,TRAJECTORY_RUNNING,24.0,58,33,0,105.59,58,0,0.0,0.0,0.0,0.0,0.0,0.0
2026-07-30T15:36:11.761,1446.344,342,close,ACTUATOR_ACTIVE,TRAJECTORY_RUNNING,24.0,58,33,0,106.69,58,0,0.0,0.0,0.0,0.0,0.0,0.0
2026-07-30T15:36:12.371,1446.953,342,open,ACTUATOR_ACTIVE,TRAJECTORY_RUNNING,24.0,61,33,-1,53.41,61,0,0.0,0.0,0.0,0.0,0.0,0.0
2026-07-30T15:36:12.869,1447.453,342,open,ACTUATOR_ACTIVE,TRAJECTORY_RUNNING,24.0,61,21,-47,-1.73,61,0,0.0,0.0,0.0,0.0,0.0,0.0
2026-07-30T15:36:13.368,1447.938,342,open,ACTUATOR_ACTIVE,TRAJECTORY_RUNNING,24.0,61,3,1,-0.99,61,0,0.0,0.0,0.0,0.0,0.0,0.0
2026-07-30T15:36:13.882,1448.453,342,open,ACTUATOR_ACTIVE,TRAJECTORY_COMPLETE,24.0,61,4,0,0.28,61,0,0.0,0.0,0.0,0.0,0.0,0.0
2026-07-30T15:36:14.490,1449.063,343,close,ACTUATOR_ACTIVE,TRAJECTORY_RUNNING,24.0,61,5,15,3.93,61,0,0.0,0.0,0.0,0.0,0.0,0.0
2026-07-30T15:36:15.002,1449.578,343,close,ACTUATOR_ACTIVE,TRAJECTORY_RUNNING,24.0,61,27,46,3.6,61,0,0.0,0.0,0.0,0.0,0.0,0.0
2026-07-30T15:36:15.497,1450.078,343,close,ACTUATOR_ACTIVE,TRAJECTORY_RUNNING,24.0,61,33,0,108.22,61,0,0.0,0.0,0.0,0.0,0.0,0.0
2026-07-30T15:36:15.993,1450.578,343,close,ACTUATOR_ACTIVE,TRAJECTORY_RUNNING,24.0,60,33,0,100.62,60,0,0.0,0.0,0.0,0.0,0.0,0.0
2026-07-30T15:36:16.607,1451.188,343,open,ACTUATOR_ACTIVE,TRAJECTORY_RUNNING,24.0,60,33,-1,52.39,60,0,0.0,0.0,0.0,0.0,0.0,0.0
2026-07-30T15:36:17.108,1451.688,343,open,ACTUATOR_ACTIVE,TRAJECTORY_RUNNING,24.0,60,21,-47,-1.67,60,0,0.0,0.0,0.0,0.0,0.0,0.0
2026-07-30T15:36:17.609,1452.188,343,open,ACTUATOR_ACTIVE,TRAJECTORY_RUNNING,24.0,60,3,0,-1.53,60,0,0.0,0.0,0.0,0.0,0.0,0.0
2026-07-30T15:36:18.105,1452.688,343,open,ACTUATOR_ACTIVE,TRAJECTORY_COMPLETE,24.0,60,4,1,0.26,60,0,0.0,0.0,0.0,0.0,0.0,0.0
2026-07-30T15:36:18.714,1453.297,344,close,ACTUATOR_ACTIVE,TRAJECTORY_RUNNING,24.0,60,5,17,5.58,60,0,0.0,0.0,0.0,0.0,0.0,0.0
2026-07-30T15:36:19.208,1453.782,344,close,ACTUATOR_ACTIVE,TRAJECTORY_RUNNING,24.0,60,26,49,3.21,60,0,0.0,0.0,0.0,0.0,0.0,0.0
2026-07-30T15:36:19.720,1454.297,344,close,ACTUATOR_ACTIVE,TRAJECTORY_RUNNING,24.0,60,33,0,106.72,60,0,0.0,0.0,0.0,0.0,0.0,0.0
2026-07-30T15:36:20.216,1454.797,344,close,ACTUATOR_ACTIVE,TRAJECTORY_RUNNING,24.0,65,33,0,98.68,65,0,0.0,0.0,0.0,0.0,0.0,0.0
2026-07-30T15:36:20.828,1455.407,344,open,ACTUATOR_ACTIVE,TRAJECTORY_RUNNING,24.0,65,33,-1,52.64,65,0,0.0,0.0,0.0,0.0,0.0,0.0
2026-07-30T15:36:21.326,1455.907,344,open,ACTUATOR_ACTIVE,TRAJECTORY_RUNNING,24.0,65,21,-45,-3.59,65,0,0.0,0.0,0.0,0.0,0.0,0.0
2026-07-30T15:36:21.819,1456.391,344,open,ACTUATOR_ACTIVE,TRAJECTORY_RUNNING,24.0,65,3,0,-1.29,65,0,0.0,0.0,0.0,0.0,0.0,0.0
2026-07-30T15:36:22.329,1456.907,344,open,ACTUATOR_ACTIVE,TRAJECTORY_COMPLETE,24.0,65,4,0,0.87,65,0,0.0,0.0,0.0,0.0,0.0,0.0
2026-07-30T15:36:22.937,1457.516,345,close,ACTUATOR_ACTIVE,TRAJECTORY_RUNNING,24.0,65,5,15,4.15,65,0,0.0,0.0,0.0,0.0,0.0,0.0
2026-07-30T15:36:23.436,1458.016,345,close,ACTUATOR_ACTIVE,TRAJECTORY_RUNNING,24.0,65,26,50,5.19,65,0,0.0,0.0,0.0,0.0,0.0,0.0
2026-07-30T15:36:23.933,1458.516,345,close,ACTUATOR_ACTIVE,TRAJECTORY_RUNNING,24.0,65,33,0,108.82,65,0,0.0,0.0,0.0,0.0,0.0,0.0
2026-07-30T15:36:24.431,1459.016,345,close,ACTUATOR_ACTIVE,TRAJECTORY_RUNNING,24.0,63,33,0,94.36,63,0,0.0,0.0,0.0,0.0,0.0,0.0
2026-07-30T15:36:25.043,1459.625,345,open,ACTUATOR_ACTIVE,TRAJECTORY_RUNNING,24.0,63,33,0,51.86,63,0,0.0,0.0,0.0,0.0,0.0,0.0
2026-07-30T15:36:25.540,1460.11,345,open,ACTUATOR_ACTIVE,TRAJECTORY_RUNNING,24.0,63,18,-45,-3.87,63,0,0.0,0.0,0.0,0.0,0.0,0.0
2026-07-30T15:36:26.046,1460.625,345,open,ACTUATOR_ACTIVE,TRAJECTORY_COMPLETE,24.0,63,5,0,1.67,63,0,0.0,0.0,0.0,0.0,0.0,0.0
2026-07-30T15:36:26.542,1461.125,345,open,ACTUATOR_ACTIVE,TRAJECTORY_COMPLETE,24.0,63,4,0,0.33,63,0,0.0,0.0,0.0,0.0,0.0,0.0
2026-07-30T15:36:27.154,1461.735,346,close,ACTUATOR_ACTIVE,TRAJECTORY_RUNNING,24.0,63,5,15,4.43,63,0,0.0,0.0,0.0,0.0,0.0,0.0
2026-07-30T15:36:27.645,1462.219,346,close,ACTUATOR_ACTIVE,TRAJECTORY_RUNNING,24.0,63,26,47,1.9,63,0,0.0,0.0,0.0,0.0,0.0,0.0
2026-07-30T15:36:28.162,1462.735,346,close,ACTUATOR_ACTIVE,TRAJECTORY_RUNNING,24.0,62,33,0,104.13,62,0,0.0,0.0,0.0,0.0,0.0,0.0
2026-07-30T15:36:28.655,1463.235,346,close,ACTUATOR_ACTIVE,TRAJECTORY_RUNNING,24.0,62,33,0,103.7,62,0,0.0,0.0,0.0,0.0,0.0,0.0
2026-07-30T15:36:29.261,1463.844,346,open,ACTUATOR_ACTIVE,TRAJECTORY_RUNNING,24.0,62,33,0,57.8,62,0,0.0,0.0,0.0,0.0,0.0,0.0
2026-07-30T15:36:29.754,1464.328,346,open,ACTUATOR_ACTIVE,TRAJECTORY_RUNNING,24.0,62,21,-47,0.38,62,0,0.0,0.0,0.0,0.0,0.0,0.0
2026-07-30T15:36:30.266,1464.844,346,open,ACTUATOR_ACTIVE,TRAJECTORY_RUNNING,24.0,62,3,0,-0.64,62,0,0.0,0.0,0.0,0.0,0.0,0.0
2026-07-30T15:36:30.764,1465.344,346,open,ACTUATOR_ACTIVE,TRAJECTORY_COMPLETE,24.0,62,4,0,0.64,62,0,0.0,0.0,0.0,0.0,0.0,0.0
2026-07-30T15:36:31.372,1465.953,347,close,ACTUATOR_ACTIVE,TRAJECTORY_RUNNING,24.0,62,5,15,4.34,62,0,0.0,0.0,0.0,0.0,0.0,0.0
2026-07-30T15:36:31.867,1466.438,347,close,ACTUATOR_ACTIVE,TRAJECTORY_RUNNING,24.0,62,26,48,2.22,62,0,0.0,0.0,0.0,0.0,0.0,0.0
2026-07-30T15:36:32.376,1466.953,347,close,ACTUATOR_ACTIVE,TRAJECTORY_RUNNING,24.0,63,33,0,102.66,63,0,0.0,0.0,0.0,0.0,0.0,0.0
2026-07-30T15:36:32.874,1467.453,347,close,ACTUATOR_ACTIVE,TRAJECTORY_RUNNING,24.0,63,33,0,101.36,63,0,0.0,0.0,0.0,0.0,0.0,0.0
2026-07-30T15:36:33.484,1468.063,347,open,ACTUATOR_ACTIVE,TRAJECTORY_RUNNING,24.0,63,33,0,57.75,63,0,0.0,0.0,0.0,0.0,0.0,0.0
2026-07-30T15:36:33.978,1468.547,347,open,ACTUATOR_ACTIVE,TRAJECTORY_RUNNING,24.0,63,21,-48,-0.4,63,0,0.0,0.0,0.0,0.0,0.0,0.0
2026-07-30T15:36:34.492,1469.063,347,open,ACTUATOR_ACTIVE,TRAJECTORY_RUNNING,24.0,63,3,0,-0.64,63,0,0.0,0.0,0.0,0.0,0.0,0.0
2026-07-30T15:36:34.990,1469.563,347,open,ACTUATOR_ACTIVE,TRAJECTORY_COMPLETE,24.0,63,4,0,0.3,63,0,0.0,0.0,0.0,0.0,0.0,0.0
2026-07-30T15:36:35.599,1470.172,348,close,ACTUATOR_ACTIVE,TRAJECTORY_RUNNING,24.0,63,5,15,3.57,63,0,0.0,0.0,0.0,0.0,0.0,0.0
2026-07-30T15:36:36.095,1470.672,348,close,ACTUATOR_ACTIVE,TRAJECTORY_RUNNING,24.0,63,26,50,2.64,63,0,0.0,0.0,0.0,0.0,0.0,0.0
2026-07-30T15:36:36.590,1471.172,348,close,ACTUATOR_ACTIVE,TRAJECTORY_RUNNING,24.0,63,33,0,101.62,63,0,0.0,0.0,0.0,0.0,0.0,0.0
2026-07-30T15:36:37.092,1471.672,348,close,ACTUATOR_ACTIVE,TRAJECTORY_RUNNING,24.0,63,33,0,99.88,63,0,0.0,0.0,0.0,0.0,0.0,0.0
2026-07-30T15:36:37.702,1472.282,348,open,ACTUATOR_ACTIVE,TRAJECTORY_RUNNING,24.0,63,33,-1,58.83,63,0,0.0,0.0,0.0,0.0,0.0,0.0
2026-07-30T15:36:38.196,1472.766,348,open,ACTUATOR_ACTIVE,TRAJECTORY_RUNNING,24.0,63,18,-48,-2.81,63,0,0.0,0.0,0.0,0.0,0.0,0.0
2026-07-30T15:36:38.709,1473.282,348,open,ACTUATOR_ACTIVE,TRAJECTORY_COMPLETE,24.0,63,5,2,2.43,63,0,0.0,0.0,0.0,0.0,0.0,0.0
2026-07-30T15:36:39.205,1473.782,348,open,ACTUATOR_ACTIVE,TRAJECTORY_COMPLETE,24.0,63,4,0,-0.52,63,0,0.0,0.0,0.0,0.0,0.0,0.0
2026-07-30T15:36:39.814,1474.391,349,close,ACTUATOR_ACTIVE,TRAJECTORY_RUNNING,24.0,63,5,15,3.3,63,0,0.0,0.0,0.0,0.0,0.0,0.0
2026-07-30T15:36:40.313,1474.891,349,close,ACTUATOR_ACTIVE,TRAJECTORY_RUNNING,24.0,63,25,49,2.12,63,0,0.0,0.0,0.0,0.0,0.0,0.0
2026-07-30T15:36:40.812,1475.391,349,close,ACTUATOR_ACTIVE,TRAJECTORY_RUNNING,24.0,63,32,0,33.79,63,0,0.0,0.0,0.0,0.0,0.0,0.0
2026-07-30T15:36:41.308,1475.891,349,close,ACTUATOR_ACTIVE,TRAJECTORY_RUNNING,24.0,63,32,0,29.45,63,0,0.0,0.0,0.0,0.0,0.0,0.0
2026-07-30T15:36:41.918,1476.5,349,open,ACTUATOR_ACTIVE,TRAJECTORY_RUNNING,24.0,63,32,-15,6.22,63,0,0.0,0.0,0.0,0.0,0.0,0.0
2026-07-30T15:36:42.417,1477.0,349,open,ACTUATOR_ACTIVE,TRAJECTORY_RUNNING,24.0,63,14,-47,-4.45,63,0,0.0,0.0,0.0,0.0,0.0,0.0
2026-07-30T15:36:42.910,1477.485,349,open,ACTUATOR_ACTIVE,TRAJECTORY_RUNNING,24.0,63,3,7,2.4,63,0,0.0,0.0,0.0,0.0,0.0,0.0
2026-07-30T15:36:43.417,1478.0,349,open,ACTUATOR_ACTIVE,TRAJECTORY_COMPLETE,24.0,63,5,1,0.67,63,0,0.0,0.0,0.0,0.0,0.0,0.0
2026-07-30T15:36:44.027,1478.61,350,close,ACTUATOR_ACTIVE,TRAJECTORY_RUNNING,24.0,63,5,17,6.11,63,0,0.0,0.0,0.0,0.0,0.0,0.0
2026-07-30T15:36:44.521,1479.094,350,close,ACTUATOR_ACTIVE,TRAJECTORY_RUNNING,24.0,63,26,48,2.29,63,0,0.0,0.0,0.0,0.0,0.0,0.0
2026-07-30T15:36:45.030,1479.61,350,close,ACTUATOR_ACTIVE,TRAJECTORY_RUNNING,24.0,63,33,0,110.61,63,0,0.0,0.0,0.0,0.0,0.0,0.0
2026-07-30T15:36:45.524,1480.094,350,close,ACTUATOR_ACTIVE,TRAJECTORY_RUNNING,24.0,63,33,0,98.81,63,0,0.0,0.0,0.0,0.0,0.0,0.0
2026-07-30T15:36:46.148,1480.719,350,open,ACTUATOR_ACTIVE,TRAJECTORY_RUNNING,24.0,63,33,-1,57.05,63,0,0.0,0.0,0.0,0.0,0.0,0.0
2026-07-30T15:36:46.644,1481.219,350,open,ACTUATOR_ACTIVE,TRAJECTORY_RUNNING,24.0,63,21,-47,-1.02,63,0,0.0,0.0,0.0,0.0,0.0,0.0
2026-07-30T15:36:47.139,1481.719,350,open,ACTUATOR_ACTIVE,TRAJECTORY_RUNNING,24.0,63,3,0,-1.38,63,0,0.0,0.0,0.0,0.0,0.0,0.0
2026-07-30T15:36:47.636,1482.219,350,open,ACTUATOR_ACTIVE,TRAJECTORY_COMPLETE,24.0,63,4,0,0.06,63,0,0.0,0.0,0.0,0.0,0.0,0.0
2026-07-30T15:36:48.241,1482.813,351,close,ACTUATOR_ACTIVE,TRAJECTORY_RUNNING,24.0,63,5,17,4.48,63,0,0.0,0.0,0.0,0.0,0.0,0.0
2026-07-30T15:36:48.754,1483.328,351,close,ACTUATOR_ACTIVE,TRAJECTORY_RUNNING,24.0,63,27,49,4.16,63,0,0.0,0.0,0.0,0.0,0.0,0.0
2026-07-30T15:36:49.252,1483.828,351,close,ACTUATOR_ACTIVE,TRAJECTORY_RUNNING,24.0,63,33,0,105.23,63,0,0.0,0.0,0.0,0.0,0.0,0.0
2026-07-30T15:36:49.753,1484.328,351,close,ACTUATOR_ACTIVE,TRAJECTORY_RUNNING,24.0,63,33,0,98.79,63,0,0.0,0.0,0.0,0.0,0.0,0.0
2026-07-30T15:36:50.362,1484.938,351,open,ACTUATOR_ACTIVE,TRAJECTORY_RUNNING,24.0,63,33,-1,54.92,63,0,0.0,0.0,0.0,0.0,0.0,0.0
2026-07-30T15:36:50.858,1485.438,351,open,ACTUATOR_ACTIVE,TRAJECTORY_RUNNING,24.0,63,21,-46,-1.14,63,0,0.0,0.0,0.0,0.0,0.0,0.0
2026-07-30T15:36:51.353,1485.938,351,open,ACTUATOR_ACTIVE,TRAJECTORY_RUNNING,24.0,63,3,-1,-1.4,63,0,0.0,0.0,0.0,0.0,0.0,0.0
2026-07-30T15:36:51.850,1486.422,351,open,ACTUATOR_ACTIVE,TRAJECTORY_COMPLETE,24.0,63,4,0,0.02,63,0,0.0,0.0,0.0,0.0,0.0,0.0
2026-07-30T15:36:52.478,1487.063,352,close,ACTUATOR_ACTIVE,TRAJECTORY_RUNNING,24.0,61,5,16,4.61,61,0,0.0,0.0,0.0,0.0,0.0,0.0
2026-07-30T15:36:52.977,1487.547,352,close,ACTUATOR_ACTIVE,TRAJECTORY_RUNNING,24.0,61,26,50,1.85,61,0,0.0,0.0,0.0,0.0,0.0,0.0
2026-07-30T15:36:53.487,1488.063,352,close,ACTUATOR_ACTIVE,TRAJECTORY_RUNNING,24.0,61,33,0,95.8,61,0,0.0,0.0,0.0,0.0,0.0,0.0
2026-07-30T15:36:53.985,1488.563,352,close,ACTUATOR_ACTIVE,TRAJECTORY_RUNNING,24.0,61,33,0,97.33,61,0,0.0,0.0,0.0,0.0,0.0,0.0
2026-07-30T15:36:54.593,1489.172,352,open,ACTUATOR_ACTIVE,TRAJECTORY_RUNNING,24.0,61,33,-1,59.09,61,0,0.0,0.0,0.0,0.0,0.0,0.0
2026-07-30T15:36:55.091,1489.672,352,open,ACTUATOR_ACTIVE,TRAJECTORY_RUNNING,24.0,61,21,-47,-2.86,61,0,0.0,0.0,0.0,0.0,0.0,0.0
2026-07-30T15:36:55.587,1490.157,352,open,ACTUATOR_ACTIVE,TRAJECTORY_RUNNING,24.0,61,3,0,-1.91,61,0,0.0,0.0,0.0,0.0,0.0,0.0
2026-07-30T15:36:56.102,1490.672,352,open,ACTUATOR_ACTIVE,TRAJECTORY_COMPLETE,24.0,60,4,0,0.84,60,0,0.0,0.0,0.0,0.0,0.0,0.0
2026-07-30T15:36:56.708,1491.282,353,close,ACTUATOR_ACTIVE,TRAJECTORY_RUNNING,24.0,60,5,16,4.22,60,0,0.0,0.0,0.0,0.0,0.0,0.0
2026-07-30T15:36:57.202,1491.782,353,close,ACTUATOR_ACTIVE,TRAJECTORY_RUNNING,24.0,60,26,48,2.7,60,0,0.0,0.0,0.0,0.0,0.0,0.0
2026-07-30T15:36:57.702,1492.282,353,close,ACTUATOR_ACTIVE,TRAJECTORY_RUNNING,24.0,60,33,0,108.96,60,0,0.0,0.0,0.0,0.0,0.0,0.0
2026-07-30T15:36:58.199,1492.782,353,close,ACTUATOR_ACTIVE,TRAJECTORY_RUNNING,24.0,60,33,0,95.06,60,0,0.0,0.0,0.0,0.0,0.0,0.0
2026-07-30T15:36:58.810,1493.391,353,open,ACTUATOR_ACTIVE,TRAJECTORY_RUNNING,24.0,60,33,-1,53.76,60,0,0.0,0.0,0.0,0.0,0.0,0.0
2026-07-30T15:36:59.310,1493.891,353,open,ACTUATOR_ACTIVE,TRAJECTORY_RUNNING,24.0,60,18,-48,-2.88,60,0,0.0,0.0,0.0,0.0,0.0,0.0
2026-07-30T15:36:59.809,1494.391,353,open,ACTUATOR_ACTIVE,TRAJECTORY_COMPLETE,24.0,60,5,3,1.79,60,0,0.0,0.0,0.0,0.0,0.0,0.0
2026-07-30T15:37:00.307,1494.891,353,open,ACTUATOR_ACTIVE,TRAJECTORY_COMPLETE,24.0,63,5,0,0.08,63,0,0.0,0.0,0.0,0.0,0.0,0.0
2026-07-30T15:37:00.920,1495.5,354,close,ACTUATOR_ACTIVE,TRAJECTORY_RUNNING,24.0,63,5,14,5.84,63,0,0.0,0.0,0.0,0.0,0.0,0.0
2026-07-30T15:37:01.417,1496.0,354,close,ACTUATOR_ACTIVE,TRAJECTORY_RUNNING,24.0,63,26,46,2.15,63,0,0.0,0.0,0.0,0.0,0.0,0.0
2026-07-30T15:37:01.915,1496.485,354,close,ACTUATOR_ACTIVE,TRAJECTORY_RUNNING,24.0,63,33,0,108.0,63,0,0.0,0.0,0.0,0.0,0.0,0.0
2026-07-30T15:37:02.428,1497.0,354,close,ACTUATOR_ACTIVE,TRAJECTORY_RUNNING,24.0,63,33,0,110.43,63,0,0.0,0.0,0.0,0.0,0.0,0.0
2026-07-30T15:37:03.038,1497.61,354,open,ACTUATOR_ACTIVE,TRAJECTORY_RUNNING,24.0,63,33,-1,56.02,63,0,0.0,0.0,0.0,0.0,0.0,0.0
2026-07-30T15:37:03.525,1498.094,354,open,ACTUATOR_ACTIVE,TRAJECTORY_RUNNING,24.0,63,21,-48,-2.11,63,0,0.0,0.0,0.0,0.0,0.0,0.0
2026-07-30T15:37:04.036,1498.61,354,open,ACTUATOR_ACTIVE,TRAJECTORY_RUNNING,24.0,66,3,0,-0.83,66,0,0.0,0.0,0.0,0.0,0.0,0.0
2026-07-30T15:37:04.525,1499.11,354,open,ACTUATOR_ACTIVE,TRAJECTORY_COMPLETE,24.0,66,4,0,0.49,66,0,0.0,0.0,0.0,0.0,0.0,0.0
2026-07-30T15:37:05.132,1499.703,355,close,ACTUATOR_ACTIVE,TRAJECTORY_RUNNING,24.0,66,5,15,5.45,66,0,0.0,0.0,0.0,0.0,0.0,0.0
2026-07-30T15:37:05.639,1500.219,355,close,ACTUATOR_ACTIVE,TRAJECTORY_RUNNING,24.0,66,27,47,2.48,66,0,0.0,0.0,0.0,0.0,0.0,0.0
2026-07-30T15:37:06.134,1500.719,355,close,ACTUATOR_ACTIVE,TRAJECTORY_RUNNING,24.0,66,33,0,107.19,66,0,0.0,0.0,0.0,0.0,0.0,0.0
2026-07-30T15:37:06.631,1501.203,355,close,ACTUATOR_ACTIVE,TRAJECTORY_RUNNING,24.0,66,33,0,96.22,66,0,0.0,0.0,0.0,0.0,0.0,0.0
2026-07-30T15:37:07.257,1501.828,355,open,ACTUATOR_ACTIVE,TRAJECTORY_RUNNING,24.0,66,33,-1,54.24,66,0,0.0,0.0,0.0,0.0,0.0,0.0
2026-07-30T15:37:07.769,1502.344,355,open,ACTUATOR_ACTIVE,TRAJECTORY_RUNNING,24.0,66,20,-45,-0.66,66,0,0.0,0.0,0.0,0.0,0.0,0.0
2026-07-30T15:37:08.267,1502.844,355,open,ACTUATOR_ACTIVE,TRAJECTORY_RUNNING,24.0,62,3,0,-0.62,62,0,0.0,0.0,0.0,0.0,0.0,0.0
2026-07-30T15:37:08.763,1503.344,355,open,ACTUATOR_ACTIVE,TRAJECTORY_COMPLETE,24.0,62,4,0,0.14,62,0,0.0,0.0,0.0,0.0,0.0,0.0
2026-07-30T15:37:09.373,1503.953,356,close,ACTUATOR_ACTIVE,TRAJECTORY_RUNNING,24.0,62,5,17,5.41,62,0,0.0,0.0,0.0,0.0,0.0,0.0
2026-07-30T15:37:09.872,1504.453,356,close,ACTUATOR_ACTIVE,TRAJECTORY_RUNNING,24.0,62,25,47,4.52,62,0,0.0,0.0,0.0,0.0,0.0,0.0
2026-07-30T15:37:10.369,1504.953,356,close,ACTUATOR_ACTIVE,TRAJECTORY_RUNNING,24.0,62,32,0,34.85,62,0,0.0,0.0,0.0,0.0,0.0,0.0
2026-07-30T15:37:10.864,1505.438,356,close,ACTUATOR_ACTIVE,TRAJECTORY_RUNNING,24.0,62,32,0,31.27,62,0,0.0,0.0,0.0,0.0,0.0,0.0
2026-07-30T15:37:11.490,1506.063,356,open,ACTUATOR_ACTIVE,TRAJECTORY_RUNNING,24.0,62,32,-15,6.64,62,0,0.0,0.0,0.0,0.0,0.0,0.0
2026-07-30T15:37:11.986,1506.563,356,open,ACTUATOR_ACTIVE,TRAJECTORY_RUNNING,24.0,63,15,-48,-3.47,63,0,0.0,0.0,0.0,0.0,0.0,0.0
2026-07-30T15:37:12.483,1507.063,356,open,ACTUATOR_ACTIVE,TRAJECTORY_RUNNING,24.0,63,3,7,2.49,63,0,0.0,0.0,0.0,0.0,0.0,0.0
2026-07-30T15:37:12.979,1507.563,356,open,ACTUATOR_ACTIVE,TRAJECTORY_COMPLETE,24.0,63,4,1,-0.26,63,0,0.0,0.0,0.0,0.0,0.0,0.0
2026-07-30T15:37:13.587,1508.172,357,close,ACTUATOR_ACTIVE,TRAJECTORY_RUNNING,24.0,63,5,14,3.24,63,0,0.0,0.0,0.0,0.0,0.0,0.0
2026-07-30T15:37:14.082,1508.657,357,close,ACTUATOR_ACTIVE,TRAJECTORY_RUNNING,24.0,63,24,49,4.04,63,0,0.0,0.0,0.0,0.0,0.0,0.0
2026-07-30T15:37:14.596,1509.172,357,close,ACTUATOR_ACTIVE,TRAJECTORY_RUNNING,24.0,63,32,0,34.93,63,0,0.0,0.0,0.0,0.0,0.0,0.0
2026-07-30T15:37:15.090,1509.672,357,close,ACTUATOR_ACTIVE,TRAJECTORY_RUNNING,24.0,63,32,1,28.2,63,0,0.0,0.0,0.0,0.0,0.0,0.0
2026-07-30T15:37:15.704,1510.282,357,open,ACTUATOR_ACTIVE,TRAJECTORY_RUNNING,24.0,63,32,-16,6.22,63,0,0.0,0.0,0.0,0.0,0.0,0.0
2026-07-30T15:37:16.203,1510.782,357,open,ACTUATOR_ACTIVE,TRAJECTORY_RUNNING,24.0,64,14,-50,-1.35,64,0,0.0,0.0,0.0,0.0,0.0,0.0
2026-07-30T15:37:16.702,1511.282,357,open,ACTUATOR_ACTIVE,TRAJECTORY_RUNNING,24.0,64,3,9,1.85,64,0,0.0,0.0,0.0,0.0,0.0,0.0
2026-07-30T15:37:17.194,1511.766,357,open,ACTUATOR_ACTIVE,TRAJECTORY_COMPLETE,24.0,64,5,-1,0.37,64,0,0.0,0.0,0.0,0.0,0.0,0.0
2026-07-30T15:37:17.813,1512.391,358,close,ACTUATOR_ACTIVE,TRAJECTORY_RUNNING,24.0,64,5,15,4.11,64,0,0.0,0.0,0.0,0.0,0.0,0.0
2026-07-30T15:37:18.324,1512.907,358,close,ACTUATOR_ACTIVE,TRAJECTORY_RUNNING,24.0,64,27,49,3.51,64,0,0.0,0.0,0.0,0.0,0.0,0.0
2026-07-30T15:37:18.820,1513.391,358,close,ACTUATOR_ACTIVE,TRAJECTORY_RUNNING,24.0,64,33,0,106.04,64,0,0.0,0.0,0.0,0.0,0.0,0.0
2026-07-30T15:37:19.331,1513.907,358,close,ACTUATOR_ACTIVE,TRAJECTORY_RUNNING,24.0,64,33,0,96.09,64,0,0.0,0.0,0.0,0.0,0.0,0.0
2026-07-30T15:37:19.943,1514.516,358,open,ACTUATOR_ACTIVE,TRAJECTORY_RUNNING,24.0,64,33,-1,54.72,64,0,0.0,0.0,0.0,0.0,0.0,0.0
2026-07-30T15:37:20.438,1515.016,358,open,ACTUATOR_ACTIVE,TRAJECTORY_RUNNING,24.0,60,21,-50,-0.37,60,0,0.0,0.0,0.0,0.0,0.0,0.0
2026-07-30T15:37:20.936,1515.516,358,open,ACTUATOR_ACTIVE,TRAJECTORY_RUNNING,24.0,60,3,0,-1.46,60,0,0.0,0.0,0.0,0.0,0.0,0.0
2026-07-30T15:37:21.434,1516.016,358,open,ACTUATOR_ACTIVE,TRAJECTORY_COMPLETE,24.0,60,4,1,1.04,60,0,0.0,0.0,0.0,0.0,0.0,0.0
2026-07-30T15:37:22.045,1516.625,359,close,ACTUATOR_ACTIVE,TRAJECTORY_RUNNING,24.0,60,5,15,3.99,60,0,0.0,0.0,0.0,0.0,0.0,0.0
2026-07-30T15:37:22.545,1517.125,359,close,ACTUATOR_ACTIVE,TRAJECTORY_RUNNING,24.0,60,26,48,2.15,60,0,0.0,0.0,0.0,0.0,0.0,0.0
2026-07-30T15:37:23.042,1517.625,359,close,ACTUATOR_ACTIVE,TRAJECTORY_RUNNING,24.0,60,33,0,101.95,60,0,0.0,0.0,0.0,0.0,0.0,0.0
2026-07-30T15:37:23.538,1518.11,359,close,ACTUATOR_ACTIVE,TRAJECTORY_RUNNING,24.0,60,33,0,98.12,60,0,0.0,0.0,0.0,0.0,0.0,0.0
2026-07-30T15:37:24.159,1518.735,359,open,ACTUATOR_ACTIVE,TRAJECTORY_RUNNING,24.0,61,33,0,59.82,61,0,0.0,0.0,0.0,0.0,0.0,0.0
2026-07-30T15:37:24.668,1519.25,359,open,ACTUATOR_ACTIVE,TRAJECTORY_RUNNING,24.0,61,20,-48,-2.83,61,0,0.0,0.0,0.0,0.0,0.0,0.0
2026-07-30T15:37:25.166,1519.75,359,open,ACTUATOR_ACTIVE,TRAJECTORY_RUNNING,24.0,61,3,0,-0.99,61,0,0.0,0.0,0.0,0.0,0.0,0.0
2026-07-30T15:37:25.657,1520.235,359,open,ACTUATOR_ACTIVE,TRAJECTORY_COMPLETE,24.0,61,4,0,0.23,61,0,0.0,0.0,0.0,0.0,0.0,0.0
2026-07-30T15:37:26.281,1520.86,360,close,ACTUATOR_ACTIVE,TRAJECTORY_RUNNING,24.0,61,5,16,5.0,61,0,0.0,0.0,0.0,0.0,0.0,0.0
2026-07-30T15:37:26.780,1521.36,360,close,ACTUATOR_ACTIVE,TRAJECTORY_RUNNING,24.0,61,26,47,6.92,61,0,0.0,0.0,0.0,0.0,0.0,0.0
2026-07-30T15:37:27.271,1521.844,360,close,ACTUATOR_ACTIVE,TRAJECTORY_RUNNING,24.0,61,33,0,93.47,61,0,0.0,0.0,0.0,0.0,0.0,0.0
2026-07-30T15:37:27.787,1522.36,360,close,ACTUATOR_ACTIVE,TRAJECTORY_RUNNING,24.0,61,33,0,104.0,61,0,0.0,0.0,0.0,0.0,0.0,0.0
2026-07-30T15:37:28.395,1522.969,360,open,ACTUATOR_ACTIVE,TRAJECTORY_RUNNING,24.0,60,33,-2,58.96,60,0,0.0,0.0,0.0,0.0,0.0,0.0
2026-07-30T15:37:28.893,1523.469,360,open,ACTUATOR_ACTIVE,TRAJECTORY_RUNNING,24.0,60,18,-46,-2.38,60,0,0.0,0.0,0.0,0.0,0.0,0.0
2026-07-30T15:37:29.386,1523.969,360,open,ACTUATOR_ACTIVE,TRAJECTORY_COMPLETE,24.0,60,4,4,2.93,60,0,0.0,0.0,0.0,0.0,0.0,0.0
2026-07-30T15:37:29.882,1524.453,360,open,ACTUATOR_ACTIVE,TRAJECTORY_COMPLETE,24.0,60,5,0,1.34,60,0,0.0,0.0,0.0,0.0,0.0,0.0
2026-07-30T15:37:30.510,1525.094,361,close,ACTUATOR_ACTIVE,TRAJECTORY_RUNNING,24.0,60,5,15,3.88,60,0,0.0,0.0,0.0,0.0,0.0,0.0
2026-07-30T15:37:31.007,1525.578,361,close,ACTUATOR_ACTIVE,TRAJECTORY_RUNNING,24.0,60,26,49,2.03,60,0,0.0,0.0,0.0,0.0,0.0,0.0
2026-07-30T15:37:31.523,1526.094,361,close,ACTUATOR_ACTIVE,TRAJECTORY_RUNNING,24.0,60,33,0,101.46,60,0,0.0,0.0,0.0,0.0,0.0,0.0
2026-07-30T15:37:32.021,1526.594,361,close,ACTUATOR_ACTIVE,TRAJECTORY_RUNNING,24.0,65,33,0,101.5,65,0,0.0,0.0,0.0,0.0,0.0,0.0
2026-07-30T15:37:32.630,1527.203,361,open,ACTUATOR_ACTIVE,TRAJECTORY_RUNNING,24.0,65,33,-1,58.01,65,0,0.0,0.0,0.0,0.0,0.0,0.0
2026-07-30T15:37:33.145,1527.719,361,open,ACTUATOR_ACTIVE,TRAJECTORY_RUNNING,24.0,65,20,-45,-1.5,65,0,0.0,0.0,0.0,0.0,0.0,0.0
2026-07-30T15:37:33.639,1528.219,361,open,ACTUATOR_ACTIVE,TRAJECTORY_RUNNING,24.0,65,3,1,-0.44,65,0,0.0,0.0,0.0,0.0,0.0,0.0
2026-07-30T15:37:34.133,1528.703,361,open,ACTUATOR_ACTIVE,TRAJECTORY_COMPLETE,24.0,65,4,1,0.27,65,0,0.0,0.0,0.0,0.0,0.0,0.0
2026-07-30T15:37:34.761,1529.344,362,close,ACTUATOR_ACTIVE,TRAJECTORY_RUNNING,24.0,65,5,16,5.35,65,0,0.0,0.0,0.0,0.0,0.0,0.0
2026-07-30T15:37:35.260,1529.844,362,close,ACTUATOR_ACTIVE,TRAJECTORY_RUNNING,24.0,65,26,47,3.03,65,0,0.0,0.0,0.0,0.0,0.0,0.0
2026-07-30T15:37:35.756,1530.328,362,close,ACTUATOR_ACTIVE,TRAJECTORY_RUNNING,24.0,65,33,0,95.46,65,0,0.0,0.0,0.0,0.0,0.0,0.0
2026-07-30T15:37:36.264,1530.844,362,close,ACTUATOR_ACTIVE,TRAJECTORY_RUNNING,24.0,60,33,0,104.97,60,0,0.0,0.0,0.0,0.0,0.0,0.0
2026-07-30T15:37:36.875,1531.453,362,open,ACTUATOR_ACTIVE,TRAJECTORY_RUNNING,24.0,60,33,-1,54.45,60,0,0.0,0.0,0.0,0.0,0.0,0.0
2026-07-30T15:37:37.376,1531.953,362,open,ACTUATOR_ACTIVE,TRAJECTORY_RUNNING,24.0,60,21,-44,-1.39,60,0,0.0,0.0,0.0,0.0,0.0,0.0
2026-07-30T15:37:37.872,1532.453,362,open,ACTUATOR_ACTIVE,TRAJECTORY_RUNNING,24.0,60,3,0,-1.78,60,0,0.0,0.0,0.0,0.0,0.0,0.0
2026-07-30T15:37:38.368,1532.938,362,open,ACTUATOR_ACTIVE,TRAJECTORY_COMPLETE,24.0,60,4,0,0.21,60,0,0.0,0.0,0.0,0.0,0.0,0.0
2026-07-30T15:37:38.996,1533.578,363,close,ACTUATOR_ACTIVE,TRAJECTORY_RUNNING,24.0,60,5,18,3.48,60,0,0.0,0.0,0.0,0.0,0.0,0.0
2026-07-30T15:37:39.494,1534.078,363,close,ACTUATOR_ACTIVE,TRAJECTORY_RUNNING,24.0,60,26,50,3.26,60,0,0.0,0.0,0.0,0.0,0.0,0.0
2026-07-30T15:37:39.992,1534.563,363,close,ACTUATOR_ACTIVE,TRAJECTORY_RUNNING,24.0,65,33,0,100.22,65,0,0.0,0.0,0.0,0.0,0.0,0.0
2026-07-30T15:37:40.502,1535.078,363,close,ACTUATOR_ACTIVE,TRAJECTORY_RUNNING,24.0,65,33,0,103.04,65,0,0.0,0.0,0.0,0.0,0.0,0.0
2026-07-30T15:37:41.111,1535.688,363,open,ACTUATOR_ACTIVE,TRAJECTORY_RUNNING,24.0,65,33,-1,53.73,65,0,0.0,0.0,0.0,0.0,0.0,0.0
2026-07-30T15:37:41.607,1536.188,363,open,ACTUATOR_ACTIVE,TRAJECTORY_RUNNING,24.0,65,18,-48,-2.38,65,0,0.0,0.0,0.0,0.0,0.0,0.0
2026-07-30T15:37:42.104,1536.688,363,open,ACTUATOR_ACTIVE,TRAJECTORY_COMPLETE,24.0,65,5,4,1.56,65,0,0.0,0.0,0.0,0.0,0.0,0.0
2026-07-30T15:37:42.603,1537.188,363,open,ACTUATOR_ACTIVE,TRAJECTORY_COMPLETE,24.0,65,5,0,0.19,65,0,0.0,0.0,0.0,0.0,0.0,0.0
2026-07-30T15:37:43.211,1537.782,364,close,ACTUATOR_ACTIVE,TRAJECTORY_RUNNING,24.0,65,5,14,3.68,65,0,0.0,0.0,0.0,0.0,0.0,0.0
2026-07-30T15:37:43.720,1538.297,364,close,ACTUATOR_ACTIVE,TRAJECTORY_RUNNING,24.0,65,26,49,2.83,65,0,0.0,0.0,0.0,0.0,0.0,0.0
2026-07-30T15:37:44.215,1538.797,364,close,ACTUATOR_ACTIVE,TRAJECTORY_RUNNING,24.0,64,33,0,104.9,64,0,0.0,0.0,0.0,0.0,0.0,0.0
2026-07-30T15:37:44.708,1539.282,364,close,ACTUATOR_ACTIVE,TRAJECTORY_RUNNING,24.0,64,33,0,94.92,64,0,0.0,0.0,0.0,0.0,0.0,0.0
2026-07-30T15:37:45.337,1539.907,364,open,ACTUATOR_ACTIVE,TRAJECTORY_RUNNING,24.0,64,33,-1,57.41,64,0,0.0,0.0,0.0,0.0,0.0,0.0
2026-07-30T15:37:45.844,1540.422,364,open,ACTUATOR_ACTIVE,TRAJECTORY_RUNNING,24.0,64,17,-48,-3.38,64,0,0.0,0.0,0.0,0.0,0.0,0.0
2026-07-30T15:37:46.341,1540.922,364,open,ACTUATOR_ACTIVE,TRAJECTORY_COMPLETE,24.0,64,5,2,1.94,64,0,0.0,0.0,0.0,0.0,0.0,0.0
2026-07-30T15:37:46.835,1541.407,364,open,ACTUATOR_ACTIVE,TRAJECTORY_COMPLETE,24.0,64,4,0,-0.27,64,0,0.0,0.0,0.0,0.0,0.0,0.0
2026-07-30T15:37:47.454,1542.032,365,close,ACTUATOR_ACTIVE,TRAJECTORY_RUNNING,24.0,64,5,16,4.21,64,0,0.0,0.0,0.0,0.0,0.0,0.0
2026-07-30T15:37:47.951,1542.532,365,close,ACTUATOR_ACTIVE,TRAJECTORY_RUNNING,24.0,64,26,48,2.0,64,0,0.0,0.0,0.0,0.0,0.0,0.0
2026-07-30T15:37:48.447,1543.032,365,close,ACTUATOR_ACTIVE,TRAJECTORY_RUNNING,24.0,57,33,0,105.05,57,0,0.0,0.0,0.0,0.0,0.0,0.0
2026-07-30T15:37:48.945,1543.516,365,close,ACTUATOR_ACTIVE,TRAJECTORY_RUNNING,24.0,57,33,0,93.44,57,0,0.0,0.0,0.0,0.0,0.0,0.0
2026-07-30T15:37:49.572,1544.157,365,open,ACTUATOR_ACTIVE,TRAJECTORY_RUNNING,24.0,57,33,-1,56.25,57,0,0.0,0.0,0.0,0.0,0.0,0.0
2026-07-30T15:37:50.069,1544.641,365,open,ACTUATOR_ACTIVE,TRAJECTORY_RUNNING,24.0,57,21,-48,-2.26,57,0,0.0,0.0,0.0,0.0,0.0,0.0
2026-07-30T15:37:50.580,1545.157,365,open,ACTUATOR_ACTIVE,TRAJECTORY_RUNNING,24.0,57,3,1,-0.62,57,0,0.0,0.0,0.0,0.0,0.0,0.0
2026-07-30T15:37:51.079,1545.657,365,open,ACTUATOR_ACTIVE,TRAJECTORY_COMPLETE,24.0,57,4,0,0.23,57,0,0.0,0.0,0.0,0.0,0.0,0.0
2026-07-30T15:37:51.693,1546.266,366,close,ACTUATOR_ACTIVE,TRAJECTORY_RUNNING,24.0,57,5,14,6.22,57,0,0.0,0.0,0.0,0.0,0.0,0.0
2026-07-30T15:37:52.187,1546.766,366,close,ACTUATOR_ACTIVE,TRAJECTORY_RUNNING,24.0,59,26,49,3.66,59,0,0.0,0.0,0.0,0.0,0.0,0.0
2026-07-30T15:37:52.689,1547.266,366,close,ACTUATOR_ACTIVE,TRAJECTORY_RUNNING,24.0,59,33,0,98.36,59,0,0.0,0.0,0.0,0.0,0.0,0.0
2026-07-30T15:37:53.185,1547.766,366,close,ACTUATOR_ACTIVE,TRAJECTORY_RUNNING,24.0,59,33,0,106.99,59,0,0.0,0.0,0.0,0.0,0.0,0.0
2026-07-30T15:37:53.797,1548.375,366,open,ACTUATOR_ACTIVE,TRAJECTORY_RUNNING,24.0,59,33,-1,56.01,59,0,0.0,0.0,0.0,0.0,0.0,0.0
2026-07-30T15:37:54.291,1548.875,366,open,ACTUATOR_ACTIVE,TRAJECTORY_RUNNING,24.0,59,21,-47,-1.93,59,0,0.0,0.0,0.0,0.0,0.0,0.0
2026-07-30T15:37:54.790,1549.36,366,open,ACTUATOR_ACTIVE,TRAJECTORY_RUNNING,24.0,59,3,0,-1.1,59,0,0.0,0.0,0.0,0.0,0.0,0.0
2026-07-30T15:37:55.301,1549.875,366,open,ACTUATOR_ACTIVE,TRAJECTORY_COMPLETE,24.0,59,4,0,0.1,59,0,0.0,0.0,0.0,0.0,0.0,0.0
2026-07-30T15:37:55.913,1550.485,367,close,ACTUATOR_ACTIVE,TRAJECTORY_RUNNING,24.0,59,5,16,4.69,59,0,0.0,0.0,0.0,0.0,0.0,0.0
2026-07-30T15:37:56.422,1551.0,367,close,ACTUATOR_ACTIVE,TRAJECTORY_RUNNING,24.0,62,27,47,1.18,62,0,0.0,0.0,0.0,0.0,0.0,0.0
2026-07-30T15:37:56.917,1551.5,367,close,ACTUATOR_ACTIVE,TRAJECTORY_RUNNING,24.0,62,33,0,102.7,62,0,0.0,0.0,0.0,0.0,0.0,0.0
2026-07-30T15:37:57.417,1552.0,367,close,ACTUATOR_ACTIVE,TRAJECTORY_RUNNING,24.0,62,33,0,101.06,62,0,0.0,0.0,0.0,0.0,0.0,0.0
2026-07-30T15:37:58.029,1552.61,367,open,ACTUATOR_ACTIVE,TRAJECTORY_RUNNING,24.0,62,33,-1,50.42,62,0,0.0,0.0,0.0,0.0,0.0,0.0
2026-07-30T15:37:58.526,1553.11,367,open,ACTUATOR_ACTIVE,TRAJECTORY_RUNNING,24.0,62,21,-45,-1.73,62,0,0.0,0.0,0.0,0.0,0.0,0.0
2026-07-30T15:37:59.019,1553.594,367,open,ACTUATOR_ACTIVE,TRAJECTORY_RUNNING,24.0,62,3,0,-1.22,62,0,0.0,0.0,0.0,0.0,0.0,0.0
2026-07-30T15:37:59.532,1554.11,367,open,ACTUATOR_ACTIVE,TRAJECTORY_COMPLETE,24.0,62,4,0,0.08,62,0,0.0,0.0,0.0,0.0,0.0,0.0
2026-07-30T15:38:00.141,1554.719,368,close,ACTUATOR_ACTIVE,TRAJECTORY_RUNNING,24.0,63,5,15,5.4,63,0,0.0,0.0,0.0,0.0,0.0,0.0
2026-07-30T15:38:00.638,1555.219,368,close,ACTUATOR_ACTIVE,TRAJECTORY_RUNNING,24.0,63,26,48,3.26,63,0,0.0,0.0,0.0,0.0,0.0,0.0
2026-07-30T15:38:01.133,1555.703,368,close,ACTUATOR_ACTIVE,TRAJECTORY_RUNNING,24.0,63,33,0,103.4,63,0,0.0,0.0,0.0,0.0,0.0,0.0
2026-07-30T15:38:01.648,1556.219,368,close,ACTUATOR_ACTIVE,TRAJECTORY_RUNNING,24.0,63,33,0,100.33,63,0,0.0,0.0,0.0,0.0,0.0,0.0
2026-07-30T15:38:02.254,1556.828,368,open,ACTUATOR_ACTIVE,TRAJECTORY_RUNNING,24.0,63,33,-2,58.79,63,0,0.0,0.0,0.0,0.0,0.0,0.0
2026-07-30T15:38:02.768,1557.344,368,open,ACTUATOR_ACTIVE,TRAJECTORY_RUNNING,24.0,63,20,-47,-0.37,63,0,0.0,0.0,0.0,0.0,0.0,0.0
2026-07-30T15:38:03.264,1557.844,368,open,ACTUATOR_ACTIVE,TRAJECTORY_RUNNING,24.0,63,3,-1,-1.27,63,0,0.0,0.0,0.0,0.0,0.0,0.0
2026-07-30T15:38:03.760,1558.344,368,open,ACTUATOR_ACTIVE,TRAJECTORY_COMPLETE,24.0,63,4,0,0.23,63,0,0.0,0.0,0.0,0.0,0.0,0.0
2026-07-30T15:38:04.371,1558.953,369,close,ACTUATOR_ACTIVE,TRAJECTORY_RUNNING,24.0,59,5,15,5.88,59,0,0.0,0.0,0.0,0.0,0.0,0.0
2026-07-30T15:38:04.870,1559.453,369,close,ACTUATOR_ACTIVE,TRAJECTORY_RUNNING,24.0,59,26,48,4.66,59,0,0.0,0.0,0.0,0.0,0.0,0.0
2026-07-30T15:38:05.369,1559.953,369,close,ACTUATOR_ACTIVE,TRAJECTORY_RUNNING,24.0,59,33,0,102.03,59,0,0.0,0.0,0.0,0.0,0.0,0.0
2026-07-30T15:38:05.873,1560.453,369,close,ACTUATOR_ACTIVE,TRAJECTORY_RUNNING,24.0,59,33,0,99.16,59,0,0.0,0.0,0.0,0.0,0.0,0.0
2026-07-30T15:38:06.484,1561.063,369,open,ACTUATOR_ACTIVE,TRAJECTORY_RUNNING,24.0,59,33,-1,53.53,59,0,0.0,0.0,0.0,0.0,0.0,0.0
2026-07-30T15:38:06.982,1561.563,369,open,ACTUATOR_ACTIVE,TRAJECTORY_RUNNING,24.0,59,21,-49,-1.56,59,0,0.0,0.0,0.0,0.0,0.0,0.0
2026-07-30T15:38:07.479,1562.063,369,open,ACTUATOR_ACTIVE,TRAJECTORY_RUNNING,24.0,59,3,0,-2.58,59,0,0.0,0.0,0.0,0.0,0.0,0.0
2026-07-30T15:38:07.976,1562.547,369,open,ACTUATOR_ACTIVE,TRAJECTORY_COMPLETE,24.0,60,4,1,0.24,60,0,0.0,0.0,0.0,0.0,0.0,0.0
2026-07-30T15:38:08.605,1563.188,370,close,ACTUATOR_ACTIVE,TRAJECTORY_RUNNING,24.0,60,5,16,3.5,60,0,0.0,0.0,0.0,0.0,0.0,0.0
2026-07-30T15:38:09.103,1563.672,370,close,ACTUATOR_ACTIVE,TRAJECTORY_RUNNING,24.0,60,25,49,2.69,60,0,0.0,0.0,0.0,0.0,0.0,0.0
2026-07-30T15:38:09.611,1564.188,370,close,ACTUATOR_ACTIVE,TRAJECTORY_RUNNING,24.0,60,32,0,34.72,60,0,0.0,0.0,0.0,0.0,0.0,0.0
2026-07-30T15:38:10.107,1564.688,370,close,ACTUATOR_ACTIVE,TRAJECTORY_RUNNING,24.0,60,32,0,29.79,60,0,0.0,0.0,0.0,0.0,0.0,0.0
2026-07-30T15:38:10.716,1565.297,370,open,ACTUATOR_ACTIVE,TRAJECTORY_RUNNING,24.0,60,32,-15,6.72,60,0,0.0,0.0,0.0,0.0,0.0,0.0
2026-07-30T15:38:11.213,1565.797,370,open,ACTUATOR_ACTIVE,TRAJECTORY_RUNNING,24.0,60,15,-47,-2.69,60,0,0.0,0.0,0.0,0.0,0.0,0.0
2026-07-30T15:38:11.711,1566.282,370,open,ACTUATOR_ACTIVE,TRAJECTORY_RUNNING,24.0,60,3,8,3.27,60,0,0.0,0.0,0.0,0.0,0.0,0.0
2026-07-30T15:38:12.224,1566.797,370,open,ACTUATOR_ACTIVE,TRAJECTORY_COMPLETE,24.0,64,4,0,0.85,64,0,0.0,0.0,0.0,0.0,0.0,0.0
2026-07-30T15:38:12.830,1567.407,371,close,ACTUATOR_ACTIVE,TRAJECTORY_RUNNING,24.0,64,5,16,5.63,64,0,0.0,0.0,0.0,0.0,0.0,0.0
2026-07-30T15:38:13.346,1567.922,371,close,ACTUATOR_ACTIVE,TRAJECTORY_RUNNING,24.0,64,27,46,3.58,64,0,0.0,0.0,0.0,0.0,0.0,0.0
2026-07-30T15:38:13.844,1568.422,371,close,ACTUATOR_ACTIVE,TRAJECTORY_RUNNING,24.0,64,33,0,101.19,64,0,0.0,0.0,0.0,0.0,0.0,0.0
2026-07-30T15:38:14.340,1568.922,371,close,ACTUATOR_ACTIVE,TRAJECTORY_RUNNING,24.0,64,33,0,99.31,64,0,0.0,0.0,0.0,0.0,0.0,0.0
2026-07-30T15:38:14.947,1569.516,371,open,ACTUATOR_ACTIVE,TRAJECTORY_RUNNING,24.0,64,33,-2,56.0,64,0,0.0,0.0,0.0,0.0,0.0,0.0
2026-07-30T15:38:15.459,1570.032,371,open,ACTUATOR_ACTIVE,TRAJECTORY_RUNNING,24.0,64,20,-45,-0.18,64,0,0.0,0.0,0.0,0.0,0.0,0.0
2026-07-30T15:38:15.956,1570.532,371,open,ACTUATOR_ACTIVE,TRAJECTORY_RUNNING,24.0,64,3,1,-0.7,64,0,0.0,0.0,0.0,0.0,0.0,0.0
2026-07-30T15:38:16.453,1571.032,371,open,ACTUATOR_ACTIVE,TRAJECTORY_COMPLETE,24.0,62,4,1,0.45,62,0,0.0,0.0,0.0,0.0,0.0,0.0
2026-07-30T15:38:17.063,1571.641,372,close,ACTUATOR_ACTIVE,TRAJECTORY_RUNNING,24.0,62,5,17,4.66,62,0,0.0,0.0,0.0,0.0,0.0,0.0
2026-07-30T15:38:17.564,1572.141,372,close,ACTUATOR_ACTIVE,TRAJECTORY_RUNNING,24.0,62,26,46,3.08,62,0,0.0,0.0,0.0,0.0,0.0,0.0
2026-07-30T15:38:18.063,1572.641,372,close,ACTUATOR_ACTIVE,TRAJECTORY_RUNNING,24.0,62,33,0,102.4,62,0,0.0,0.0,0.0,0.0,0.0,0.0
2026-07-30T15:38:18.559,1573.141,372,close,ACTUATOR_ACTIVE,TRAJECTORY_RUNNING,24.0,62,33,0,93.38,62,0,0.0,0.0,0.0,0.0,0.0,0.0
2026-07-30T15:38:19.169,1573.75,372,open,ACTUATOR_ACTIVE,TRAJECTORY_RUNNING,24.0,62,33,-1,55.95,62,0,0.0,0.0,0.0,0.0,0.0,0.0
2026-07-30T15:38:19.667,1574.25,372,open,ACTUATOR_ACTIVE,TRAJECTORY_RUNNING,24.0,62,21,-49,-2.1,62,0,0.0,0.0,0.0,0.0,0.0,0.0
2026-07-30T15:38:20.164,1574.735,372,open,ACTUATOR_ACTIVE,TRAJECTORY_RUNNING,24.0,57,3,0,-1.4,57,0,0.0,0.0,0.0,0.0,0.0,0.0
2026-07-30T15:38:20.678,1575.25,372,open,ACTUATOR_ACTIVE,TRAJECTORY_COMPLETE,24.0,57,4,0,0.21,57,0,0.0,0.0,0.0,0.0,0.0,0.0
2026-07-30T15:38:21.286,1575.86,373,close,ACTUATOR_ACTIVE,TRAJECTORY_RUNNING,24.0,57,5,15,3.16,57,0,0.0,0.0,0.0,0.0,0.0,0.0
2026-07-30T15:38:21.778,1576.36,373,close,ACTUATOR_ACTIVE,TRAJECTORY_RUNNING,24.0,57,26,47,2.69,57,0,0.0,0.0,0.0,0.0,0.0,0.0
2026-07-30T15:38:22.276,1576.86,373,close,ACTUATOR_ACTIVE,TRAJECTORY_RUNNING,24.0,57,33,0,105.67,57,0,0.0,0.0,0.0,0.0,0.0,0.0
2026-07-30T15:38:22.773,1577.344,373,close,ACTUATOR_ACTIVE,TRAJECTORY_RUNNING,24.0,57,33,0,97.24,57,0,0.0,0.0,0.0,0.0,0.0,0.0
2026-07-30T15:38:23.394,1577.969,373,open,ACTUATOR_ACTIVE,TRAJECTORY_RUNNING,24.0,57,33,-1,58.37,57,0,0.0,0.0,0.0,0.0,0.0,0.0
2026-07-30T15:38:23.900,1578.485,373,open,ACTUATOR_ACTIVE,TRAJECTORY_RUNNING,24.0,57,18,-49,-2.42,57,0,0.0,0.0,0.0,0.0,0.0,0.0
2026-07-30T15:38:24.397,1578.969,373,open,ACTUATOR_ACTIVE,TRAJECTORY_COMPLETE,24.0,61,5,2,2.7,61,0,0.0,0.0,0.0,0.0,0.0,0.0
2026-07-30T15:38:24.911,1579.485,373,open,ACTUATOR_ACTIVE,TRAJECTORY_COMPLETE,24.0,61,5,0,0.4,61,0,0.0,0.0,0.0,0.0,0.0,0.0
2026-07-30T15:38:25.525,1580.11,374,close,ACTUATOR_ACTIVE,TRAJECTORY_RUNNING,24.0,61,5,13,4.57,61,0,0.0,0.0,0.0,0.0,0.0,0.0
2026-07-30T15:38:26.003,1580.578,374,close,ACTUATOR_ACTIVE,TRAJECTORY_RUNNING,24.0,61,25,46,2.77,61,0,0.0,0.0,0.0,0.0,0.0,0.0
2026-07-30T15:38:26.510,1581.094,374,close,ACTUATOR_ACTIVE,TRAJECTORY_RUNNING,24.0,61,33,0,99.6,61,0,0.0,0.0,0.0,0.0,0.0,0.0
2026-07-30T15:38:27.009,1581.594,374,close,ACTUATOR_ACTIVE,TRAJECTORY_RUNNING,24.0,61,33,0,93.07,61,0,0.0,0.0,0.0,0.0,0.0,0.0
2026-07-30T15:38:27.616,1582.188,374,open,ACTUATOR_ACTIVE,TRAJECTORY_RUNNING,24.0,61,33,-1,58.76,61,0,0.0,0.0,0.0,0.0,0.0,0.0
2026-07-30T15:38:28.126,1582.703,374,open,ACTUATOR_ACTIVE,TRAJECTORY_RUNNING,24.0,61,20,-45,-0.57,61,0,0.0,0.0,0.0,0.0,0.0,0.0
2026-07-30T15:38:28.623,1583.203,374,open,ACTUATOR_ACTIVE,TRAJECTORY_RUNNING,24.0,61,3,0,-0.86,61,0,0.0,0.0,0.0,0.0,0.0,0.0
2026-07-30T15:38:29.122,1583.703,374,open,ACTUATOR_ACTIVE,TRAJECTORY_COMPLETE,24.0,61,4,0,0.65,61,0,0.0,0.0,0.0,0.0,0.0,0.0
2026-07-30T15:38:29.737,1584.313,375,close,ACTUATOR_ACTIVE,TRAJECTORY_RUNNING,24.0,61,5,14,4.52,61,0,0.0,0.0,0.0,0.0,0.0,0.0
2026-07-30T15:38:30.230,1584.813,375,close,ACTUATOR_ACTIVE,TRAJECTORY_RUNNING,24.0,61,25,46,2.84,61,0,0.0,0.0,0.0,0.0,0.0,0.0
2026-07-30T15:38:30.726,1585.297,375,close,ACTUATOR_ACTIVE,TRAJECTORY_RUNNING,24.0,61,32,0,31.26,61,0,0.0,0.0,0.0,0.0,0.0,0.0
2026-07-30T15:38:31.240,1585.813,375,close,ACTUATOR_ACTIVE,TRAJECTORY_RUNNING,24.0,61,32,1,31.22,61,0,0.0,0.0,0.0,0.0,0.0,0.0
2026-07-30T15:38:31.846,1586.422,375,open,ACTUATOR_ACTIVE,TRAJECTORY_RUNNING,24.0,61,32,-14,5.57,61,0,0.0,0.0,0.0,0.0,0.0,0.0
2026-07-30T15:38:32.346,1586.922,375,open,ACTUATOR_ACTIVE,TRAJECTORY_RUNNING,24.0,64,15,-48,-3.9,64,0,0.0,0.0,0.0,0.0,0.0,0.0
2026-07-30T15:38:32.841,1587.422,375,open,ACTUATOR_ACTIVE,TRAJECTORY_RUNNING,24.0,64,3,7,2.22,64,0,0.0,0.0,0.0,0.0,0.0,0.0
2026-07-30T15:38:33.337,1587.922,375,open,ACTUATOR_ACTIVE,TRAJECTORY_COMPLETE,24.0,64,5,0,-0.5,64,0,0.0,0.0,0.0,0.0,0.0,0.0
2026-07-30T15:38:33.947,1588.532,376,close,ACTUATOR_ACTIVE,TRAJECTORY_RUNNING,24.0,64,5,15,3.2,64,0,0.0,0.0,0.0,0.0,0.0,0.0
2026-07-30T15:38:34.439,1589.016,376,close,ACTUATOR_ACTIVE,TRAJECTORY_RUNNING,24.0,64,25,48,4.32,64,0,0.0,0.0,0.0,0.0,0.0,0.0
2026-07-30T15:38:34.953,1589.532,376,close,ACTUATOR_ACTIVE,TRAJECTORY_RUNNING,24.0,64,32,0,35.16,64,0,0.0,0.0,0.0,0.0,0.0,0.0
2026-07-30T15:38:35.447,1590.032,376,close,ACTUATOR_ACTIVE,TRAJECTORY_RUNNING,24.0,64,32,0,27.85,64,0,0.0,0.0,0.0,0.0,0.0,0.0
2026-07-30T15:38:36.057,1590.641,376,open,ACTUATOR_ACTIVE,TRAJECTORY_RUNNING,24.0,60,32,-18,7.52,60,0,0.0,0.0,0.0,0.0,0.0,0.0
2026-07-30T15:38:36.555,1591.125,376,open,ACTUATOR_ACTIVE,TRAJECTORY_RUNNING,24.0,60,15,-48,-4.0,60,0,0.0,0.0,0.0,0.0,0.0,0.0
2026-07-30T15:38:37.063,1591.641,376,open,ACTUATOR_ACTIVE,TRAJECTORY_RUNNING,24.0,60,4,10,3.25,60,0,0.0,0.0,0.0,0.0,0.0,0.0
2026-07-30T15:38:37.561,1592.141,376,open,ACTUATOR_ACTIVE,TRAJECTORY_COMPLETE,24.0,60,5,0,-0.29,60,0,0.0,0.0,0.0,0.0,0.0,0.0
2026-07-30T15:38:38.167,1592.75,377,close,ACTUATOR_ACTIVE,TRAJECTORY_RUNNING,24.0,60,5,14,4.82,60,0,0.0,0.0,0.0,0.0,0.0,0.0
2026-07-30T15:38:38.667,1593.25,377,close,ACTUATOR_ACTIVE,TRAJECTORY_RUNNING,24.0,60,25,49,2.4,60,0,0.0,0.0,0.0,0.0,0.0,0.0
2026-07-30T15:38:39.164,1593.735,377,close,ACTUATOR_ACTIVE,TRAJECTORY_RUNNING,24.0,60,32,0,35.7,60,0,0.0,0.0,0.0,0.0,0.0,0.0
2026-07-30T15:38:39.678,1594.25,377,close,ACTUATOR_ACTIVE,TRAJECTORY_RUNNING,24.0,60,32,0,28.52,60,0,0.0,0.0,0.0,0.0,0.0,0.0
2026-07-30T15:38:40.286,1594.86,377,open,ACTUATOR_ACTIVE,TRAJECTORY_RUNNING,24.0,62,32,-14,5.76,62,0,0.0,0.0,0.0,0.0,0.0,0.0
2026-07-30T15:38:40.797,1595.375,377,open,ACTUATOR_ACTIVE,TRAJECTORY_RUNNING,24.0,62,14,-48,-1.28,62,0,0.0,0.0,0.0,0.0,0.0,0.0
2026-07-30T15:38:41.296,1595.875,377,open,ACTUATOR_ACTIVE,TRAJECTORY_RUNNING,24.0,62,3,9,3.02,62,0,0.0,0.0,0.0,0.0,0.0,0.0
2026-07-30T15:38:41.790,1596.36,377,open,ACTUATOR_ACTIVE,TRAJECTORY_COMPLETE,24.0,62,5,0,-0.71,62,0,0.0,0.0,0.0,0.0,0.0,0.0
2026-07-30T15:38:42.411,1596.985,378,close,ACTUATOR_ACTIVE,TRAJECTORY_RUNNING,24.0,62,5,14,3.71,62,0,0.0,0.0,0.0,0.0,0.0,0.0
2026-07-30T15:38:42.923,1597.5,378,close,ACTUATOR_ACTIVE,TRAJECTORY_RUNNING,24.0,62,26,47,3.75,62,0,0.0,0.0,0.0,0.0,0.0,0.0
2026-07-30T15:38:43.422,1598.0,378,close,ACTUATOR_ACTIVE,TRAJECTORY_RUNNING,24.0,62,33,0,103.34,62,0,0.0,0.0,0.0,0.0,0.0,0.0
2026-07-30T15:38:43.919,1598.5,378,close,ACTUATOR_ACTIVE,TRAJECTORY_RUNNING,24.0,62,33,0,103.52,62,0,0.0,0.0,0.0,0.0,0.0,0.0
2026-07-30T15:38:44.527,1599.11,378,open,ACTUATOR_ACTIVE,TRAJECTORY_RUNNING,24.0,59,33,0,54.87,59,0,0.0,0.0,0.0,0.0,0.0,0.0
2026-07-30T15:38:45.023,1599.594,378,open,ACTUATOR_ACTIVE,TRAJECTORY_RUNNING,24.0,59,21,-46,-2.25,59,0,0.0,0.0,0.0,0.0,0.0,0.0
2026-07-30T15:38:45.534,1600.11,378,open,ACTUATOR_ACTIVE,TRAJECTORY_RUNNING,24.0,59,3,-1,-1.06,59,0,0.0,0.0,0.0,0.0,0.0,0.0
2026-07-30T15:38:46.025,1600.61,378,open,ACTUATOR_ACTIVE,TRAJECTORY_COMPLETE,24.0,59,4,0,0.55,59,0,0.0,0.0,0.0,0.0,0.0,0.0
2026-07-30T15:38:46.635,1601.219,379,close,ACTUATOR_ACTIVE,TRAJECTORY_RUNNING,24.0,59,5,19,4.96,59,0,0.0,0.0,0.0,0.0,0.0,0.0
2026-07-30T15:38:47.130,1601.703,379,close,ACTUATOR_ACTIVE,TRAJECTORY_RUNNING,24.0,59,27,49,4.8,59,0,0.0,0.0,0.0,0.0,0.0,0.0
2026-07-30T15:38:47.643,1602.219,379,close,ACTUATOR_ACTIVE,TRAJECTORY_RUNNING,24.0,59,33,0,95.94,59,0,0.0,0.0,0.0,0.0,0.0,0.0
2026-07-30T15:38:48.140,1602.719,379,close,ACTUATOR_ACTIVE,TRAJECTORY_RUNNING,24.0,60,33,0,97.63,60,0,0.0,0.0,0.0,0.0,0.0,0.0
2026-07-30T15:38:48.749,1603.328,379,open,ACTUATOR_ACTIVE,TRAJECTORY_RUNNING,24.0,60,33,-1,54.38,60,0,0.0,0.0,0.0,0.0,0.0,0.0
2026-07-30T15:38:49.247,1603.828,379,open,ACTUATOR_ACTIVE,TRAJECTORY_RUNNING,24.0,60,18,-48,-3.4,60,0,0.0,0.0,0.0,0.0,0.0,0.0
2026-07-30T15:38:49.739,1604.313,379,open,ACTUATOR_ACTIVE,TRAJECTORY_COMPLETE,24.0,60,4,4,2.26,60,0,0.0,0.0,0.0,0.0,0.0,0.0
2026-07-30T15:38:50.250,1604.828,379,open,ACTUATOR_ACTIVE,TRAJECTORY_COMPLETE,24.0,60,4,0,0.57,60,0,0.0,0.0,0.0,0.0,0.0,0.0
2026-07-30T15:38:50.854,1605.438,380,close,ACTUATOR_ACTIVE,TRAJECTORY_RUNNING,24.0,60,5,15,5.45,60,0,0.0,0.0,0.0,0.0,0.0,0.0
2026-07-30T15:38:51.352,1605.922,380,close,ACTUATOR_ACTIVE,TRAJECTORY_RUNNING,24.0,60,26,48,4.27,60,0,0.0,0.0,0.0,0.0,0.0,0.0
2026-07-30T15:38:51.865,1606.438,380,close,ACTUATOR_ACTIVE,TRAJECTORY_RUNNING,24.0,60,33,0,96.92,60,0,0.0,0.0,0.0,0.0,0.0,0.0
2026-07-30T15:38:52.364,1606.938,380,close,ACTUATOR_ACTIVE,TRAJECTORY_RUNNING,24.0,58,33,0,104.57,58,0,0.0,0.0,0.0,0.0,0.0,0.0
2026-07-30T15:38:52.976,1607.547,380,open,ACTUATOR_ACTIVE,TRAJECTORY_RUNNING,24.0,58,33,-2,51.91,58,0,0.0,0.0,0.0,0.0,0.0,0.0
2026-07-30T15:38:53.491,1608.063,380,open,ACTUATOR_ACTIVE,TRAJECTORY_RUNNING,24.0,58,20,-46,-2.24,58,0,0.0,0.0,0.0,0.0,0.0,0.0
2026-07-30T15:38:53.984,1608.563,380,open,ACTUATOR_ACTIVE,TRAJECTORY_RUNNING,24.0,58,3,0,-0.91,58,0,0.0,0.0,0.0,0.0,0.0,0.0
2026-07-30T15:38:54.481,1609.063,380,open,ACTUATOR_ACTIVE,TRAJECTORY_COMPLETE,24.0,58,4,0,0.35,58,0,0.0,0.0,0.0,0.0,0.0,0.0
2026-07-30T15:38:55.090,1609.672,381,close,ACTUATOR_ACTIVE,TRAJECTORY_RUNNING,24.0,58,5,16,5.18,58,0,0.0,0.0,0.0,0.0,0.0,0.0
2026-07-30T15:38:55.589,1610.172,381,close,ACTUATOR_ACTIVE,TRAJECTORY_RUNNING,24.0,58,26,47,1.32,58,0,0.0,0.0,0.0,0.0,0.0,0.0
2026-07-30T15:38:56.090,1610.672,381,close,ACTUATOR_ACTIVE,TRAJECTORY_RUNNING,24.0,63,33,0,106.37,63,0,0.0,0.0,0.0,0.0,0.0,0.0
2026-07-30T15:38:56.581,1611.157,381,close,ACTUATOR_ACTIVE,TRAJECTORY_RUNNING,24.0,63,33,0,100.72,63,0,0.0,0.0,0.0,0.0,0.0,0.0
2026-07-30T15:38:57.206,1611.782,381,open,ACTUATOR_ACTIVE,TRAJECTORY_RUNNING,24.0,63,33,0,54.79,63,0,0.0,0.0,0.0,0.0,0.0,0.0
2026-07-30T15:38:57.704,1612.282,381,open,ACTUATOR_ACTIVE,TRAJECTORY_RUNNING,24.0,63,21,-46,-1.82,63,0,0.0,0.0,0.0,0.0,0.0,0.0
2026-07-30T15:38:58.200,1612.782,381,open,ACTUATOR_ACTIVE,TRAJECTORY_RUNNING,24.0,63,3,1,-0.8,63,0,0.0,0.0,0.0,0.0,0.0,0.0
2026-07-30T15:38:58.701,1613.282,381,open,ACTUATOR_ACTIVE,TRAJECTORY_COMPLETE,24.0,63,4,0,0.62,63,0,0.0,0.0,0.0,0.0,0.0,0.0
2026-07-30T15:38:59.313,1613.891,382,close,ACTUATOR_ACTIVE,TRAJECTORY_RUNNING,24.0,63,5,18,3.68,63,0,0.0,0.0,0.0,0.0,0.0,0.0
2026-07-30T15:38:59.807,1614.391,382,close,ACTUATOR_ACTIVE,TRAJECTORY_RUNNING,24.0,63,26,50,1.78,63,0,0.0,0.0,0.0,0.0,0.0,0.0
2026-07-30T15:39:00.304,1614.875,382,close,ACTUATOR_ACTIVE,TRAJECTORY_RUNNING,24.0,62,33,0,109.6,62,0,0.0,0.0,0.0,0.0,0.0,0.0
2026-07-30T15:39:00.820,1615.391,382,close,ACTUATOR_ACTIVE,TRAJECTORY_RUNNING,24.0,62,33,0,95.91,62,0,0.0,0.0,0.0,0.0,0.0,0.0
2026-07-30T15:39:01.432,1616.016,382,open,ACTUATOR_ACTIVE,TRAJECTORY_RUNNING,24.0,62,33,-1,55.64,62,0,0.0,0.0,0.0,0.0,0.0,0.0
2026-07-30T15:39:01.926,1616.5,382,open,ACTUATOR_ACTIVE,TRAJECTORY_RUNNING,24.0,62,18,-46,-0.92,62,0,0.0,0.0,0.0,0.0,0.0,0.0
2026-07-30T15:39:02.441,1617.016,382,open,ACTUATOR_ACTIVE,TRAJECTORY_COMPLETE,24.0,62,5,2,1.14,62,0,0.0,0.0,0.0,0.0,0.0,0.0
2026-07-30T15:39:02.937,1617.516,382,open,ACTUATOR_ACTIVE,TRAJECTORY_COMPLETE,24.0,62,4,1,-0.91,62,0,0.0,0.0,0.0,0.0,0.0,0.0
2026-07-30T15:39:03.546,1618.125,383,close,ACTUATOR_ACTIVE,TRAJECTORY_RUNNING,24.0,62,5,14,3.11,62,0,0.0,0.0,0.0,0.0,0.0,0.0
2026-07-30T15:39:04.043,1618.625,383,close,ACTUATOR_ACTIVE,TRAJECTORY_RUNNING,24.0,63,26,48,2.48,63,0,0.0,0.0,0.0,0.0,0.0,0.0
2026-07-30T15:39:04.539,1619.11,383,close,ACTUATOR_ACTIVE,TRAJECTORY_RUNNING,24.0,63,33,0,107.67,63,0,0.0,0.0,0.0,0.0,0.0,0.0
2026-07-30T15:39:05.055,1619.625,383,close,ACTUATOR_ACTIVE,TRAJECTORY_RUNNING,24.0,63,33,0,103.27,63,0,0.0,0.0,0.0,0.0,0.0,0.0
2026-07-30T15:39:05.665,1620.235,383,open,ACTUATOR_ACTIVE,TRAJECTORY_RUNNING,24.0,63,33,-2,56.06,63,0,0.0,0.0,0.0,0.0,0.0,0.0
2026-07-30T15:39:06.176,1620.75,383,open,ACTUATOR_ACTIVE,TRAJECTORY_RUNNING,24.0,63,17,-50,-2.82,63,0,0.0,0.0,0.0,0.0,0.0,0.0
2026-07-30T15:39:06.672,1621.25,383,open,ACTUATOR_ACTIVE,TRAJECTORY_COMPLETE,24.0,63,5,2,1.79,63,0,0.0,0.0,0.0,0.0,0.0,0.0
2026-07-30T15:39:07.171,1621.75,383,open,ACTUATOR_ACTIVE,TRAJECTORY_COMPLETE,24.0,63,4,0,-0.75,63,0,0.0,0.0,0.0,0.0,0.0,0.0
2026-07-30T15:39:07.769,1622.344,384,close,ACTUATOR_ACTIVE,TRAJECTORY_RUNNING,24.0,63,5,14,3.52,63,0,0.0,0.0,0.0,0.0,0.0,0.0
2026-07-30T15:39:08.279,1622.86,384,close,ACTUATOR_ACTIVE,TRAJECTORY_RUNNING,24.0,62,26,48,1.93,62,0,0.0,0.0,0.0,0.0,0.0,0.0
2026-07-30T15:39:08.773,1623.344,384,close,ACTUATOR_ACTIVE,TRAJECTORY_RUNNING,24.0,62,33,0,97.88,62,0,0.0,0.0,0.0,0.0,0.0,0.0
2026-07-30T15:39:09.282,1623.86,384,close,ACTUATOR_ACTIVE,TRAJECTORY_RUNNING,24.0,62,33,0,92.15,62,0,0.0,0.0,0.0,0.0,0.0,0.0
2026-07-30T15:39:09.891,1624.469,384,open,ACTUATOR_ACTIVE,TRAJECTORY_RUNNING,24.0,62,33,-1,57.52,62,0,0.0,0.0,0.0,0.0,0.0,0.0
2026-07-30T15:39:10.389,1624.969,384,open,ACTUATOR_ACTIVE,TRAJECTORY_RUNNING,24.0,62,21,-48,-0.52,62,0,0.0,0.0,0.0,0.0,0.0,0.0
2026-07-30T15:39:10.887,1625.469,384,open,ACTUATOR_ACTIVE,TRAJECTORY_RUNNING,24.0,62,3,0,-1.1,62,0,0.0,0.0,0.0,0.0,0.0,0.0
2026-07-30T15:39:11.386,1625.969,384,open,ACTUATOR_ACTIVE,TRAJECTORY_COMPLETE,24.0,62,4,0,0.41,62,0,0.0,0.0,0.0,0.0,0.0,0.0
2026-07-30T15:39:11.995,1626.578,385,close,ACTUATOR_ACTIVE,TRAJECTORY_RUNNING,24.0,58,5,17,5.43,58,0,0.0,0.0,0.0,0.0,0.0,0.0
2026-07-30T15:39:12.495,1627.078,385,close,ACTUATOR_ACTIVE,TRAJECTORY_RUNNING,24.0,58,26,50,3.94,58,0,0.0,0.0,0.0,0.0,0.0,0.0
2026-07-30T15:39:12.993,1627.563,385,close,ACTUATOR_ACTIVE,TRAJECTORY_RUNNING,24.0,58,33,0,96.3,58,0,0.0,0.0,0.0,0.0,0.0,0.0
2026-07-30T15:39:13.505,1628.078,385,close,ACTUATOR_ACTIVE,TRAJECTORY_RUNNING,24.0,58,33,0,102.54,58,0,0.0,0.0,0.0,0.0,0.0,0.0
2026-07-30T15:39:14.118,1628.688,385,open,ACTUATOR_ACTIVE,TRAJECTORY_RUNNING,24.0,58,33,-1,55.69,58,0,0.0,0.0,0.0,0.0,0.0,0.0
2026-07-30T15:39:14.630,1629.203,385,open,ACTUATOR_ACTIVE,TRAJECTORY_RUNNING,24.0,58,20,-46,-3.25,58,0,0.0,0.0,0.0,0.0,0.0,0.0
2026-07-30T15:39:15.127,1629.703,385,open,ACTUATOR_ACTIVE,TRAJECTORY_RUNNING,24.0,58,3,0,-1.14,58,0,0.0,0.0,0.0,0.0,0.0,0.0
2026-07-30T15:39:15.625,1630.203,385,open,ACTUATOR_ACTIVE,TRAJECTORY_COMPLETE,24.0,58,4,0,0.28,58,0,0.0,0.0,0.0,0.0,0.0,0.0
2026-07-30T15:39:16.234,1630.813,386,close,ACTUATOR_ACTIVE,TRAJECTORY_RUNNING,24.0,63,5,18,4.86,63,0,0.0,0.0,0.0,0.0,0.0,0.0
2026-07-30T15:39:16.735,1631.313,386,close,ACTUATOR_ACTIVE,TRAJECTORY_RUNNING,24.0,63,25,49,3.74,63,0,0.0,0.0,0.0,0.0,0.0,0.0
2026-07-30T15:39:17.232,1631.813,386,close,ACTUATOR_ACTIVE,TRAJECTORY_RUNNING,24.0,63,32,0,32.64,63,0,0.0,0.0,0.0,0.0,0.0,0.0
2026-07-30T15:39:17.727,1632.297,386,close,ACTUATOR_ACTIVE,TRAJECTORY_RUNNING,24.0,63,32,0,28.71,63,0,0.0,0.0,0.0,0.0,0.0,0.0
2026-07-30T15:39:18.351,1632.922,386,open,ACTUATOR_ACTIVE,TRAJECTORY_RUNNING,24.0,63,32,-16,7.35,63,0,0.0,0.0,0.0,0.0,0.0,0.0
2026-07-30T15:39:18.864,1633.438,386,open,ACTUATOR_ACTIVE,TRAJECTORY_RUNNING,24.0,63,14,-46,-3.65,63,0,0.0,0.0,0.0,0.0,0.0,0.0
2026-07-30T15:39:19.363,1633.938,386,open,ACTUATOR_ACTIVE,TRAJECTORY_RUNNING,24.0,63,4,8,4.07,63,0,0.0,0.0,0.0,0.0,0.0,0.0
2026-07-30T15:39:19.858,1634.438,386,open,ACTUATOR_ACTIVE,TRAJECTORY_COMPLETE,24.0,63,4,0,-0.11,63,0,0.0,0.0,0.0,0.0,0.0,0.0
2026-07-30T15:39:20.471,1635.047,387,close,ACTUATOR_ACTIVE,TRAJECTORY_RUNNING,24.0,62,5,15,4.43,62,0,0.0,0.0,0.0,0.0,0.0,0.0
2026-07-30T15:39:20.964,1635.547,387,close,ACTUATOR_ACTIVE,TRAJECTORY_RUNNING,24.0,62,26,49,3.48,62,0,0.0,0.0,0.0,0.0,0.0,0.0
2026-07-30T15:39:21.464,1636.047,387,close,ACTUATOR_ACTIVE,TRAJECTORY_RUNNING,24.0,62,33,0,100.16,62,0,0.0,0.0,0.0,0.0,0.0,0.0
2026-07-30T15:39:21.963,1636.547,387,close,ACTUATOR_ACTIVE,TRAJECTORY_RUNNING,24.0,62,33,0,110.36,62,0,0.0,0.0,0.0,0.0,0.0,0.0
2026-07-30T15:39:22.568,1637.141,387,open,ACTUATOR_ACTIVE,TRAJECTORY_RUNNING,24.0,62,33,0,57.38,62,0,0.0,0.0,0.0,0.0,0.0,0.0
2026-07-30T15:39:23.082,1637.657,387,open,ACTUATOR_ACTIVE,TRAJECTORY_RUNNING,24.0,62,20,-48,-1.26,62,0,0.0,0.0,0.0,0.0,0.0,0.0
2026-07-30T15:39:23.581,1638.157,387,open,ACTUATOR_ACTIVE,TRAJECTORY_RUNNING,24.0,62,3,0,-0.64,62,0,0.0,0.0,0.0,0.0,0.0,0.0
2026-07-30T15:39:24.077,1638.657,387,open,ACTUATOR_ACTIVE,TRAJECTORY_COMPLETE,24.0,64,4,0,0.53,64,0,0.0,0.0,0.0,0.0,0.0,0.0
2026-07-30T15:39:24.687,1639.266,388,close,ACTUATOR_ACTIVE,TRAJECTORY_RUNNING,24.0,64,5,16,5.08,64,0,0.0,0.0,0.0,0.0,0.0,0.0
2026-07-30T15:39:25.184,1639.766,388,close,ACTUATOR_ACTIVE,TRAJECTORY_RUNNING,24.0,64,26,47,2.38,64,0,0.0,0.0,0.0,0.0,0.0,0.0
2026-07-30T15:39:25.679,1640.25,388,close,ACTUATOR_ACTIVE,TRAJECTORY_RUNNING,24.0,64,33,0,100.4,64,0,0.0,0.0,0.0,0.0,0.0,0.0
2026-07-30T15:39:26.194,1640.766,388,close,ACTUATOR_ACTIVE,TRAJECTORY_RUNNING,24.0,64,33,0,101.25,64,0,0.0,0.0,0.0,0.0,0.0,0.0
2026-07-30T15:39:26.808,1641.391,388,open,ACTUATOR_ACTIVE,TRAJECTORY_RUNNING,24.0,64,33,-1,49.75,64,0,0.0,0.0,0.0,0.0,0.0,0.0
2026-07-30T15:39:27.305,1641.875,388,open,ACTUATOR_ACTIVE,TRAJECTORY_RUNNING,24.0,64,21,-44,-1.59,64,0,0.0,0.0,0.0,0.0,0.0,0.0
2026-07-30T15:39:27.819,1642.391,388,open,ACTUATOR_ACTIVE,TRAJECTORY_RUNNING,24.0,64,3,0,-0.58,64,0,0.0,0.0,0.0,0.0,0.0,0.0
2026-07-30T15:39:28.315,1642.891,388,open,ACTUATOR_ACTIVE,TRAJECTORY_COMPLETE,24.0,62,5,0,-0.22,62,0,0.0,0.0,0.0,0.0,0.0,0.0
2026-07-30T15:39:28.926,1643.5,389,close,ACTUATOR_ACTIVE,TRAJECTORY_RUNNING,24.0,62,5,16,5.78,62,0,0.0,0.0,0.0,0.0,0.0,0.0
2026-07-30T15:39:29.423,1644.0,389,close,ACTUATOR_ACTIVE,TRAJECTORY_RUNNING,24.0,62,26,48,4.4,62,0,0.0,0.0,0.0,0.0,0.0,0.0
2026-07-30T15:39:29.921,1644.5,389,close,ACTUATOR_ACTIVE,TRAJECTORY_RUNNING,24.0,62,33,0,106.44,62,0,0.0,0.0,0.0,0.0,0.0,0.0
2026-07-30T15:39:30.416,1645.0,389,close,ACTUATOR_ACTIVE,TRAJECTORY_RUNNING,24.0,62,33,0,99.92,62,0,0.0,0.0,0.0,0.0,0.0,0.0
2026-07-30T15:39:31.028,1645.61,389,open,ACTUATOR_ACTIVE,TRAJECTORY_RUNNING,24.0,62,33,-2,55.05,62,0,0.0,0.0,0.0,0.0,0.0,0.0
2026-07-30T15:39:31.526,1646.11,389,open,ACTUATOR_ACTIVE,TRAJECTORY_RUNNING,24.0,62,21,-45,-2.36,62,0,0.0,0.0,0.0,0.0,0.0,0.0
2026-07-30T15:39:32.023,1646.594,389,open,ACTUATOR_ACTIVE,TRAJECTORY_RUNNING,24.0,62,3,-1,-0.95,62,0,0.0,0.0,0.0,0.0,0.0,0.0
2026-07-30T15:39:32.536,1647.11,389,open,ACTUATOR_ACTIVE,TRAJECTORY_COMPLETE,24.0,62,4,0,0.5,62,0,0.0,0.0,0.0,0.0,0.0,0.0
2026-07-30T15:39:33.145,1647.719,390,close,ACTUATOR_ACTIVE,TRAJECTORY_RUNNING,24.0,62,5,17,5.63,62,0,0.0,0.0,0.0,0.0,0.0,0.0
2026-07-30T15:39:33.645,1648.219,390,close,ACTUATOR_ACTIVE,TRAJECTORY_RUNNING,24.0,62,27,48,3.4,62,0,0.0,0.0,0.0,0.0,0.0,0.0
2026-07-30T15:39:34.141,1648.719,390,close,ACTUATOR_ACTIVE,TRAJECTORY_RUNNING,24.0,62,33,0,100.57,62,0,0.0,0.0,0.0,0.0,0.0,0.0
2026-07-30T15:39:34.636,1649.219,390,close,ACTUATOR_ACTIVE,TRAJECTORY_RUNNING,24.0,62,33,0,97.47,62,0,0.0,0.0,0.0,0.0,0.0,0.0
2026-07-30T15:39:35.247,1649.828,390,open,ACTUATOR_ACTIVE,TRAJECTORY_RUNNING,24.0,62,33,-1,52.29,62,0,0.0,0.0,0.0,0.0,0.0,0.0
2026-07-30T15:39:35.746,1650.328,390,open,ACTUATOR_ACTIVE,TRAJECTORY_RUNNING,24.0,62,21,-47,-1.5,62,0,0.0,0.0,0.0,0.0,0.0,0.0
2026-07-30T15:39:36.241,1650.813,390,open,ACTUATOR_ACTIVE,TRAJECTORY_RUNNING,24.0,64,3,0,-1.49,64,0,0.0,0.0,0.0,0.0,0.0,0.0
2026-07-30T15:39:36.754,1651.328,390,open,ACTUATOR_ACTIVE,TRAJECTORY_COMPLETE,24.0,64,5,1,1.53,64,0,0.0,0.0,0.0,0.0,0.0,0.0
2026-07-30T15:39:37.363,1651.938,391,close,ACTUATOR_ACTIVE,TRAJECTORY_RUNNING,24.0,64,5,18,4.27,64,0,0.0,0.0,0.0,0.0,0.0,0.0
2026-07-30T15:39:37.862,1652.438,391,close,ACTUATOR_ACTIVE,TRAJECTORY_RUNNING,24.0,64,26,48,4.84,64,0,0.0,0.0,0.0,0.0,0.0,0.0
2026-07-30T15:39:38.361,1652.938,391,close,ACTUATOR_ACTIVE,TRAJECTORY_RUNNING,24.0,64,33,0,97.82,64,0,0.0,0.0,0.0,0.0,0.0,0.0
2026-07-30T15:39:38.862,1653.438,391,close,ACTUATOR_ACTIVE,TRAJECTORY_RUNNING,24.0,64,33,0,103.6,64,0,0.0,0.0,0.0,0.0,0.0,0.0
2026-07-30T15:39:39.472,1654.047,391,open,ACTUATOR_ACTIVE,TRAJECTORY_RUNNING,24.0,64,33,-1,51.64,64,0,0.0,0.0,0.0,0.0,0.0,0.0
2026-07-30T15:39:39.969,1654.547,391,open,ACTUATOR_ACTIVE,TRAJECTORY_RUNNING,24.0,64,18,-47,-1.5,59,0,0.0,0.0,0.0,0.0,0.0,0.0
2026-07-30T15:39:40.464,1655.047,391,open,ACTUATOR_ACTIVE,TRAJECTORY_COMPLETE,24.0,59,5,6,2.21,59,0,0.0,0.0,0.0,0.0,0.0,0.0
2026-07-30T15:39:40.962,1655.532,391,open,ACTUATOR_ACTIVE,TRAJECTORY_COMPLETE,24.0,59,4,0,-0.63,59,0,0.0,0.0,0.0,0.0,0.0,0.0
2026-07-30T15:39:41.586,1656.157,392,close,ACTUATOR_ACTIVE,TRAJECTORY_RUNNING,24.0,59,5,14,4.12,59,0,0.0,0.0,0.0,0.0,0.0,0.0
2026-07-30T15:39:42.096,1656.672,392,close,ACTUATOR_ACTIVE,TRAJECTORY_RUNNING,24.0,59,27,48,4.45,59,0,0.0,0.0,0.0,0.0,0.0,0.0
2026-07-30T15:39:42.594,1657.172,392,close,ACTUATOR_ACTIVE,TRAJECTORY_RUNNING,24.0,59,33,0,98.11,59,0,0.0,0.0,0.0,0.0,0.0,0.0
2026-07-30T15:39:43.091,1657.672,392,close,ACTUATOR_ACTIVE,TRAJECTORY_RUNNING,24.0,59,33,0,95.25,59,0,0.0,0.0,0.0,0.0,0.0,0.0
2026-07-30T15:39:43.703,1658.282,392,open,ACTUATOR_ACTIVE,TRAJECTORY_RUNNING,24.0,59,33,-1,53.69,59,0,0.0,0.0,0.0,0.0,0.0,0.0
2026-07-30T15:39:44.198,1658.782,392,open,ACTUATOR_ACTIVE,TRAJECTORY_RUNNING,24.0,59,21,-48,-1.77,59,0,0.0,0.0,0.0,0.0,0.0,0.0
2026-07-30T15:39:44.695,1659.266,392,open,ACTUATOR_ACTIVE,TRAJECTORY_RUNNING,24.0,59,3,1,-1.82,59,0,0.0,0.0,0.0,0.0,0.0,0.0
2026-07-30T15:39:45.205,1659.782,392,open,ACTUATOR_ACTIVE,TRAJECTORY_COMPLETE,24.0,59,4,0,-0.05,59,0,0.0,0.0,0.0,0.0,0.0,0.0
2026-07-30T15:39:45.814,1660.391,393,close,ACTUATOR_ACTIVE,TRAJECTORY_RUNNING,24.0,59,5,15,5.77,59,0,0.0,0.0,0.0,0.0,0.0,0.0
2026-07-30T15:39:46.310,1660.891,393,close,ACTUATOR_ACTIVE,TRAJECTORY_RUNNING,24.0,59,25,47,2.72,59,0,0.0,0.0,0.0,0.0,0.0,0.0
2026-07-30T15:39:46.807,1661.391,393,close,ACTUATOR_ACTIVE,TRAJECTORY_RUNNING,24.0,59,32,0,34.98,59,0,0.0,0.0,0.0,0.0,0.0,0.0
2026-07-30T15:39:47.305,1661.875,393,close,ACTUATOR_ACTIVE,TRAJECTORY_RUNNING,24.0,59,32,0,31.75,59,0,0.0,0.0,0.0,0.0,0.0,0.0
2026-07-30T15:39:47.929,1662.5,393,open,ACTUATOR_ACTIVE,TRAJECTORY_RUNNING,24.0,59,32,-14,7.01,59,0,0.0,0.0,0.0,0.0,0.0,0.0
2026-07-30T15:39:48.446,1663.016,393,open,ACTUATOR_ACTIVE,TRAJECTORY_RUNNING,24.0,61,11,-47,-0.44,61,0,0.0,0.0,0.0,0.0,0.0,0.0
2026-07-30T15:39:48.948,1663.532,393,open,ACTUATOR_ACTIVE,TRAJECTORY_COMPLETE,24.0,61,5,0,-0.99,61,0,0.0,0.0,0.0,0.0,0.0,0.0
2026-07-30T15:39:49.429,1664.0,393,open,ACTUATOR_ACTIVE,TRAJECTORY_COMPLETE,24.0,61,4,0,-0.42,61,0,0.0,0.0,0.0,0.0,0.0,0.0
2026-07-30T15:39:50.057,1664.641,394,close,ACTUATOR_ACTIVE,TRAJECTORY_RUNNING,24.0,61,5,14,3.42,61,0,0.0,0.0,0.0,0.0,0.0,0.0
2026-07-30T15:39:50.558,1665.141,394,close,ACTUATOR_ACTIVE,TRAJECTORY_RUNNING,24.0,61,26,49,3.34,61,0,0.0,0.0,0.0,0.0,0.0,0.0
2026-07-30T15:39:51.056,1665.625,394,close,ACTUATOR_ACTIVE,TRAJECTORY_RUNNING,24.0,61,33,0,99.05,61,0,0.0,0.0,0.0,0.0,0.0,0.0
2026-07-30T15:39:51.569,1666.141,394,close,ACTUATOR_ACTIVE,TRAJECTORY_RUNNING,24.0,61,33,0,93.13,61,0,0.0,0.0,0.0,0.0,0.0,0.0
2026-07-30T15:39:52.179,1666.75,394,open,ACTUATOR_ACTIVE,TRAJECTORY_RUNNING,24.0,58,33,0,53.93,58,0,0.0,0.0,0.0,0.0,0.0,0.0
2026-07-30T15:39:52.682,1667.266,394,open,ACTUATOR_ACTIVE,TRAJECTORY_RUNNING,24.0,58,21,-46,-1.35,58,0,0.0,0.0,0.0,0.0,0.0,0.0
2026-07-30T15:39:53.163,1667.735,394,open,ACTUATOR_ACTIVE,TRAJECTORY_RUNNING,24.0,58,3,-1,-3.22,58,0,0.0,0.0,0.0,0.0,0.0,0.0
2026-07-30T15:39:53.676,1668.25,394,open,ACTUATOR_ACTIVE,TRAJECTORY_COMPLETE,24.0,58,4,0,0.32,58,0,0.0,0.0,0.0,0.0,0.0,0.0
2026-07-30T15:39:54.282,1668.86,395,close,ACTUATOR_ACTIVE,TRAJECTORY_RUNNING,24.0,58,5,15,6.07,58,0,0.0,0.0,0.0,0.0,0.0,0.0
2026-07-30T15:39:54.774,1669.344,395,close,ACTUATOR_ACTIVE,TRAJECTORY_RUNNING,24.0,58,26,50,2.31,58,0,0.0,0.0,0.0,0.0,0.0,0.0
2026-07-30T15:39:55.286,1669.86,395,close,ACTUATOR_ACTIVE,TRAJECTORY_RUNNING,24.0,58,33,0,104.05,58,0,0.0,0.0,0.0,0.0,0.0,0.0
2026-07-30T15:39:55.784,1670.36,395,close,ACTUATOR_ACTIVE,TRAJECTORY_RUNNING,24.0,58,33,0,91.98,58,0,0.0,0.0,0.0,0.0,0.0,0.0
2026-07-30T15:39:56.396,1670.969,395,open,ACTUATOR_ACTIVE,TRAJECTORY_RUNNING,24.0,63,33,-2,51.98,63,0,0.0,0.0,0.0,0.0,0.0,0.0
2026-07-30T15:39:56.897,1671.469,395,open,ACTUATOR_ACTIVE,TRAJECTORY_RUNNING,24.0,63,21,-48,-4.16,63,0,0.0,0.0,0.0,0.0,0.0,0.0
2026-07-30T15:39:57.396,1671.969,395,open,ACTUATOR_ACTIVE,TRAJECTORY_RUNNING,24.0,63,3,0,-1.32,63,0,0.0,0.0,0.0,0.0,0.0,0.0
2026-07-30T15:39:57.889,1672.469,395,open,ACTUATOR_ACTIVE,TRAJECTORY_COMPLETE,24.0,63,4,0,0.47,63,0,0.0,0.0,0.0,0.0,0.0,0.0
2026-07-30T15:39:58.499,1673.078,396,close,ACTUATOR_ACTIVE,TRAJECTORY_RUNNING,24.0,63,5,16,5.66,63,0,0.0,0.0,0.0,0.0,0.0,0.0
2026-07-30T15:39:58.995,1673.578,396,close,ACTUATOR_ACTIVE,TRAJECTORY_RUNNING,24.0,63,26,47,5.58,63,0,0.0,0.0,0.0,0.0,0.0,0.0
2026-07-30T15:39:59.494,1674.078,396,close,ACTUATOR_ACTIVE,TRAJECTORY_RUNNING,24.0,63,33,0,103.97,63,0,0.0,0.0,0.0,0.0,0.0,0.0
2026-07-30T15:39:59.993,1674.563,396,close,ACTUATOR_ACTIVE,TRAJECTORY_RUNNING,24.0,60,33,0,104.59,60,0,0.0,0.0,0.0,0.0,0.0,0.0
2026-07-30T15:40:00.619,1675.203,396,open,ACTUATOR_ACTIVE,TRAJECTORY_RUNNING,24.0,60,33,-1,56.34,60,0,0.0,0.0,0.0,0.0,0.0,0.0
2026-07-30T15:40:01.114,1675.688,396,open,ACTUATOR_ACTIVE,TRAJECTORY_RUNNING,24.0,60,21,-45,-3.19,60,0,0.0,0.0,0.0,0.0,0.0,0.0
2026-07-30T15:40:01.624,1676.203,396,open,ACTUATOR_ACTIVE,TRAJECTORY_RUNNING,24.0,60,3,1,-0.64,60,0,0.0,0.0,0.0,0.0,0.0,0.0
2026-07-30T15:40:02.117,1676.688,396,open,ACTUATOR_ACTIVE,TRAJECTORY_COMPLETE,24.0,60,4,1,-0.23,60,0,0.0,0.0,0.0,0.0,0.0,0.0
2026-07-30T15:40:02.742,1677.313,397,close,ACTUATOR_ACTIVE,TRAJECTORY_RUNNING,24.0,60,5,17,4.7,60,0,0.0,0.0,0.0,0.0,0.0,0.0
2026-07-30T15:40:03.253,1677.828,397,close,ACTUATOR_ACTIVE,TRAJECTORY_RUNNING,24.0,60,27,49,2.76,60,0,0.0,0.0,0.0,0.0,0.0,0.0
2026-07-30T15:40:03.752,1678.328,397,close,ACTUATOR_ACTIVE,TRAJECTORY_RUNNING,24.0,60,33,0,93.95,60,0,0.0,0.0,0.0,0.0,0.0,0.0
2026-07-30T15:40:04.253,1678.828,397,close,ACTUATOR_ACTIVE,TRAJECTORY_RUNNING,24.0,63,33,0,99.17,63,0,0.0,0.0,0.0,0.0,0.0,0.0
2026-07-30T15:40:04.861,1679.438,397,open,ACTUATOR_ACTIVE,TRAJECTORY_RUNNING,24.0,63,33,-1,57.66,63,0,0.0,0.0,0.0,0.0,0.0,0.0
2026-07-30T15:40:05.360,1679.938,397,open,ACTUATOR_ACTIVE,TRAJECTORY_RUNNING,24.0,63,21,-47,-2.37,63,0,0.0,0.0,0.0,0.0,0.0,0.0
2026-07-30T15:40:05.853,1680.422,397,open,ACTUATOR_ACTIVE,TRAJECTORY_RUNNING,24.0,63,3,0,-2.48,63,0,0.0,0.0,0.0,0.0,0.0,0.0
2026-07-30T15:40:06.364,1680.938,397,open,ACTUATOR_ACTIVE,TRAJECTORY_COMPLETE,24.0,63,4,0,0.1,63,0,0.0,0.0,0.0,0.0,0.0,0.0
2026-07-30T15:40:06.976,1681.547,398,close,ACTUATOR_ACTIVE,TRAJECTORY_RUNNING,24.0,63,5,15,5.61,63,0,0.0,0.0,0.0,0.0,0.0,0.0
2026-07-30T15:40:07.491,1682.063,398,close,ACTUATOR_ACTIVE,TRAJECTORY_RUNNING,24.0,63,27,46,3.34,63,0,0.0,0.0,0.0,0.0,0.0,0.0
2026-07-30T15:40:07.987,1682.563,398,close,ACTUATOR_ACTIVE,TRAJECTORY_RUNNING,24.0,60,33,0,98.29,60,0,0.0,0.0,0.0,0.0,0.0,0.0
2026-07-30T15:40:08.479,1683.063,398,close,ACTUATOR_ACTIVE,TRAJECTORY_RUNNING,24.0,60,33,0,98.79,60,0,0.0,0.0,0.0,0.0,0.0,0.0
2026-07-30T15:40:09.090,1683.672,398,open,ACTUATOR_ACTIVE,TRAJECTORY_RUNNING,24.0,60,33,-2,56.26,60,0,0.0,0.0,0.0,0.0,0.0,0.0
2026-07-30T15:40:09.588,1684.172,398,open,ACTUATOR_ACTIVE,TRAJECTORY_RUNNING,24.0,60,21,-47,-2.56,60,0,0.0,0.0,0.0,0.0,0.0,0.0
2026-07-30T15:40:10.087,1684.672,398,open,ACTUATOR_ACTIVE,TRAJECTORY_RUNNING,24.0,60,3,0,-1.16,60,0,0.0,0.0,0.0,0.0,0.0,0.0
2026-07-30T15:40:10.585,1685.157,398,open,ACTUATOR_ACTIVE,TRAJECTORY_COMPLETE,24.0,60,4,1,0.71,60,0,0.0,0.0,0.0,0.0,0.0,0.0
2026-07-30T15:40:11.209,1685.782,399,close,ACTUATOR_ACTIVE,TRAJECTORY_RUNNING,24.0,60,5,19,3.71,60,0,0.0,0.0,0.0,0.0,0.0,0.0
2026-07-30T15:40:11.709,1686.282,399,close,ACTUATOR_ACTIVE,TRAJECTORY_RUNNING,24.0,60,27,47,3.11,60,0,0.0,0.0,0.0,0.0,0.0,0.0
2026-07-30T15:40:12.204,1686.782,399,close,ACTUATOR_ACTIVE,TRAJECTORY_RUNNING,24.0,62,33,0,98.13,62,0,0.0,0.0,0.0,0.0,0.0,0.0
2026-07-30T15:40:12.701,1687.282,399,close,ACTUATOR_ACTIVE,TRAJECTORY_RUNNING,24.0,62,33,0,100.38,62,0,0.0,0.0,0.0,0.0,0.0,0.0
2026-07-30T15:40:13.312,1687.891,399,open,ACTUATOR_ACTIVE,TRAJECTORY_RUNNING,24.0,62,33,-1,53.68,62,0,0.0,0.0,0.0,0.0,0.0,0.0
2026-07-30T15:40:13.808,1688.391,399,open,ACTUATOR_ACTIVE,TRAJECTORY_RUNNING,24.0,62,18,-47,-0.98,62,0,0.0,0.0,0.0,0.0,0.0,0.0
2026-07-30T15:40:14.308,1688.891,399,open,ACTUATOR_ACTIVE,TRAJECTORY_COMPLETE,24.0,62,5,8,1.78,62,0,0.0,0.0,0.0,0.0,0.0,0.0
2026-07-30T15:40:14.806,1689.375,399,open,ACTUATOR_ACTIVE,TRAJECTORY_COMPLETE,24.0,62,5,0,0.53,62,0,0.0,0.0,0.0,0.0,0.0,0.0
2026-07-30T15:40:15.428,1690.0,400,close,ACTUATOR_ACTIVE,TRAJECTORY_RUNNING,24.0,62,5,17,3.71,62,0,0.0,0.0,0.0,0.0,0.0,0.0
2026-07-30T15:40:15.943,1690.516,400,close,ACTUATOR_ACTIVE,TRAJECTORY_RUNNING,24.0,62,27,50,3.74,62,0,0.0,0.0,0.0,0.0,0.0,0.0
2026-07-30T15:40:16.439,1691.016,400,close,ACTUATOR_ACTIVE,TRAJECTORY_RUNNING,24.0,60,33,0,98.55,60,0,0.0,0.0,0.0,0.0,0.0,0.0
2026-07-30T15:40:16.936,1691.516,400,close,ACTUATOR_ACTIVE,TRAJECTORY_RUNNING,24.0,60,33,0,104.83,60,0,0.0,0.0,0.0,0.0,0.0,0.0
2026-07-30T15:40:17.544,1692.125,400,open,ACTUATOR_ACTIVE,TRAJECTORY_RUNNING,24.0,60,33,-2,56.43,60,0,0.0,0.0,0.0,0.0,0.0,0.0
2026-07-30T15:40:18.043,1692.625,400,open,ACTUATOR_ACTIVE,TRAJECTORY_RUNNING,24.0,60,21,-45,-2.41,60,0,0.0,0.0,0.0,0.0,0.0,0.0
2026-07-30T15:40:18.541,1693.125,400,open,ACTUATOR_ACTIVE,TRAJECTORY_RUNNING,24.0,60,3,1,-2.08,60,0,0.0,0.0,0.0,0.0,0.0,0.0
2026-07-30T15:40:19.038,1693.61,400,open,ACTUATOR_ACTIVE,TRAJECTORY_COMPLETE,24.0,60,4,0,0.44,60,0,0.0,0.0,0.0,0.0,0.0,0.0
2026-07-30T15:40:19.666,1694.25,401,close,ACTUATOR_ACTIVE,TRAJECTORY_RUNNING,24.0,60,5,14,4.15,60,0,0.0,0.0,0.0,0.0,0.0,0.0
2026-07-30T15:40:20.160,1694.735,401,close,ACTUATOR_ACTIVE,TRAJECTORY_RUNNING,24.0,62,25,48,1.15,62,0,0.0,0.0,0.0,0.0,0.0,0.0
2026-07-30T15:40:20.674,1695.25,401,close,ACTUATOR_ACTIVE,TRAJECTORY_RUNNING,24.0,62,32,0,32.62,62,0,0.0,0.0,0.0,0.0,0.0,0.0
2026-07-30T15:40:21.171,1695.75,401,close,ACTUATOR_ACTIVE,TRAJECTORY_RUNNING,24.0,62,32,0,30.67,62,0,0.0,0.0,0.0,0.0,0.0,0.0
2026-07-30T15:40:21.776,1696.36,401,open,ACTUATOR_ACTIVE,TRAJECTORY_RUNNING,24.0,62,32,-14,6.6,62,0,0.0,0.0,0.0,0.0,0.0,0.0
2026-07-30T15:40:22.270,1696.844,401,open,ACTUATOR_ACTIVE,TRAJECTORY_RUNNING,24.0,62,15,-47,-1.59,62,0,0.0,0.0,0.0,0.0,0.0,0.0
2026-07-30T15:40:22.784,1697.36,401,open,ACTUATOR_ACTIVE,TRAJECTORY_RUNNING,24.0,62,3,7,2.51,62,0,0.0,0.0,0.0,0.0,0.0,0.0
2026-07-30T15:40:23.280,1697.86,401,open,ACTUATOR_ACTIVE,TRAJECTORY_COMPLETE,24.0,62,5,0,0.35,62,0,0.0,0.0,0.0,0.0,0.0,0.0
2026-07-30T15:40:23.889,1698.469,402,close,ACTUATOR_ACTIVE,TRAJECTORY_RUNNING,24.0,62,5,17,5.61,62,0,0.0,0.0,0.0,0.0,0.0,0.0
2026-07-30T15:40:24.386,1698.969,402,close,ACTUATOR_ACTIVE,TRAJECTORY_RUNNING,24.0,63,26,49,5.91,63,0,0.0,0.0,0.0,0.0,0.0,0.0
2026-07-30T15:40:24.876,1699.453,402,close,ACTUATOR_ACTIVE,TRAJECTORY_RUNNING,24.0,63,33,0,108.56,63,0,0.0,0.0,0.0,0.0,0.0,0.0
2026-07-30T15:40:25.388,1699.969,402,close,ACTUATOR_ACTIVE,TRAJECTORY_RUNNING,24.0,63,33,0,101.17,63,0,0.0,0.0,0.0,0.0,0.0,0.0
2026-07-30T15:40:25.996,1700.578,402,open,ACTUATOR_ACTIVE,TRAJECTORY_RUNNING,24.0,63,33,-1,54.41,63,0,0.0,0.0,0.0,0.0,0.0,0.0
2026-07-30T15:40:26.497,1701.078,402,open,ACTUATOR_ACTIVE,TRAJECTORY_RUNNING,24.0,63,21,-48,-0.96,63,0,0.0,0.0,0.0,0.0,0.0,0.0
2026-07-30T15:40:26.997,1701.578,402,open,ACTUATOR_ACTIVE,TRAJECTORY_RUNNING,24.0,63,3,1,-1.07,63,0,0.0,0.0,0.0,0.0,0.0,0.0
2026-07-30T15:40:27.494,1702.078,402,open,ACTUATOR_ACTIVE,TRAJECTORY_COMPLETE,24.0,63,4,0,0.67,63,0,0.0,0.0,0.0,0.0,0.0,0.0
2026-07-30T15:40:28.111,1702.688,403,close,ACTUATOR_ACTIVE,TRAJECTORY_RUNNING,24.0,66,5,18,4.27,66,0,0.0,0.0,0.0,0.0,0.0,0.0
2026-07-30T15:40:28.609,1703.188,403,close,ACTUATOR_ACTIVE,TRAJECTORY_RUNNING,24.0,66,27,47,4.98,66,0,0.0,0.0,0.0,0.0,0.0,0.0
2026-07-30T15:40:29.102,1703.672,403,close,ACTUATOR_ACTIVE,TRAJECTORY_RUNNING,24.0,66,33,0,110.04,66,0,0.0,0.0,0.0,0.0,0.0,0.0
2026-07-30T15:40:29.618,1704.188,403,close,ACTUATOR_ACTIVE,TRAJECTORY_RUNNING,24.0,66,33,0,102.47,66,0,0.0,0.0,0.0,0.0,0.0,0.0
2026-07-30T15:40:30.225,1704.797,403,open,ACTUATOR_ACTIVE,TRAJECTORY_RUNNING,24.0,66,33,-1,56.08,66,0,0.0,0.0,0.0,0.0,0.0,0.0
2026-07-30T15:40:30.737,1705.313,403,open,ACTUATOR_ACTIVE,TRAJECTORY_RUNNING,24.0,66,20,-46,-1.86,66,0,0.0,0.0,0.0,0.0,0.0,0.0
2026-07-30T15:40:31.232,1705.813,403,open,ACTUATOR_ACTIVE,TRAJECTORY_RUNNING,24.0,66,3,0,-0.7,66,0,0.0,0.0,0.0,0.0,0.0,0.0
2026-07-30T15:40:31.727,1706.297,403,open,ACTUATOR_ACTIVE,TRAJECTORY_COMPLETE,24.0,66,4,-1,-0.42,66,0,0.0,0.0,0.0,0.0,0.0,0.0
2026-07-30T15:40:32.351,1706.922,404,close,ACTUATOR_ACTIVE,TRAJECTORY_RUNNING,24.0,65,5,16,5.07,65,0,0.0,0.0,0.0,0.0,0.0,0.0
2026-07-30T15:40:32.864,1707.438,404,close,ACTUATOR_ACTIVE,TRAJECTORY_RUNNING,24.0,65,27,48,3.41,65,0,0.0,0.0,0.0,0.0,0.0,0.0
2026-07-30T15:40:33.363,1707.938,404,close,ACTUATOR_ACTIVE,TRAJECTORY_RUNNING,24.0,65,33,0,105.62,65,0,0.0,0.0,0.0,0.0,0.0,0.0
2026-07-30T15:40:33.864,1708.438,404,close,ACTUATOR_ACTIVE,TRAJECTORY_RUNNING,24.0,65,33,0,92.78,65,0,0.0,0.0,0.0,0.0,0.0,0.0
2026-07-30T15:40:34.471,1709.047,404,open,ACTUATOR_ACTIVE,TRAJECTORY_RUNNING,24.0,65,33,-1,56.02,65,0,0.0,0.0,0.0,0.0,0.0,0.0
2026-07-30T15:40:34.968,1709.547,404,open,ACTUATOR_ACTIVE,TRAJECTORY_RUNNING,24.0,65,21,-49,-1.44,65,0,0.0,0.0,0.0,0.0,0.0,0.0
2026-07-30T15:40:35.464,1710.047,404,open,ACTUATOR_ACTIVE,TRAJECTORY_RUNNING,24.0,65,3,0,-2.9,65,0,0.0,0.0,0.0,0.0,0.0,0.0
2026-07-30T15:40:35.964,1710.547,404,open,ACTUATOR_ACTIVE,TRAJECTORY_COMPLETE,24.0,65,4,0,0.23,63,0,0.0,0.0,0.0,0.0,0.0,0.0
2026-07-30T15:40:36.566,1711.141,405,close,ACTUATOR_ACTIVE,TRAJECTORY_RUNNING,24.0,63,5,14,4.38,63,0,0.0,0.0,0.0,0.0,0.0,0.0
2026-07-30T15:40:37.078,1711.657,405,close,ACTUATOR_ACTIVE,TRAJECTORY_RUNNING,24.0,63,25,50,1.09,63,0,0.0,0.0,0.0,0.0,0.0,0.0
2026-07-30T15:40:37.576,1712.157,405,close,ACTUATOR_ACTIVE,TRAJECTORY_RUNNING,24.0,63,32,0,33.07,63,0,0.0,0.0,0.0,0.0,0.0,0.0
2026-07-30T15:40:38.076,1712.657,405,close,ACTUATOR_ACTIVE,TRAJECTORY_RUNNING,24.0,63,32,0,31.21,63,0,0.0,0.0,0.0,0.0,0.0,0.0
2026-07-30T15:40:38.688,1713.266,405,open,ACTUATOR_ACTIVE,TRAJECTORY_RUNNING,24.0,63,32,-15,7.29,63,0,0.0,0.0,0.0,0.0,0.0,0.0
2026-07-30T15:40:39.189,1713.766,405,open,ACTUATOR_ACTIVE,TRAJECTORY_RUNNING,24.0,63,14,-50,-2.75,63,0,0.0,0.0,0.0,0.0,0.0,0.0
2026-07-30T15:40:39.682,1714.266,405,open,ACTUATOR_ACTIVE,TRAJECTORY_RUNNING,24.0,63,3,8,2.82,63,0,0.0,0.0,0.0,0.0,0.0,0.0
2026-07-30T15:40:40.184,1714.766,405,open,ACTUATOR_ACTIVE,TRAJECTORY_COMPLETE,24.0,61,4,0,-0.29,61,0,0.0,0.0,0.0,0.0,0.0,0.0
2026-07-30T15:40:40.790,1715.36,406,close,ACTUATOR_ACTIVE,TRAJECTORY_RUNNING,24.0,61,5,16,4.04,61,0,0.0,0.0,0.0,0.0,0.0,0.0
2026-07-30T15:40:41.302,1715.875,406,close,ACTUATOR_ACTIVE,TRAJECTORY_RUNNING,24.0,61,27,46,4.21,61,0,0.0,0.0,0.0,0.0,0.0,0.0
2026-07-30T15:40:41.802,1716.375,406,close,ACTUATOR_ACTIVE,TRAJECTORY_RUNNING,24.0,61,33,0,105.56,61,0,0.0,0.0,0.0,0.0,0.0,0.0
2026-07-30T15:40:42.300,1716.875,406,close,ACTUATOR_ACTIVE,TRAJECTORY_RUNNING,24.0,61,33,0,98.05,61,0,0.0,0.0,0.0,0.0,0.0,0.0
2026-07-30T15:40:42.913,1717.485,406,open,ACTUATOR_ACTIVE,TRAJECTORY_RUNNING,24.0,61,33,-1,49.14,61,0,0.0,0.0,0.0,0.0,0.0,0.0
2026-07-30T15:40:43.408,1717.985,406,open,ACTUATOR_ACTIVE,TRAJECTORY_RUNNING,24.0,61,21,-46,-1.23,61,0,0.0,0.0,0.0,0.0,0.0,0.0
2026-07-30T15:40:43.905,1718.485,406,open,ACTUATOR_ACTIVE,TRAJECTORY_RUNNING,24.0,61,3,0,-1.53,61,0,0.0,0.0,0.0,0.0,0.0,0.0
2026-07-30T15:40:44.404,1718.985,406,open,ACTUATOR_ACTIVE,TRAJECTORY_COMPLETE,24.0,61,4,0,0.29,61,0,0.0,0.0,0.0,0.0,0.0,0.0
2026-07-30T15:40:45.020,1719.594,407,close,ACTUATOR_ACTIVE,TRAJECTORY_RUNNING,24.0,61,5,16,5.43,61,0,0.0,0.0,0.0,0.0,0.0,0.0
2026-07-30T15:40:45.517,1720.094,407,close,ACTUATOR_ACTIVE,TRAJECTORY_RUNNING,24.0,61,26,50,3.86,61,0,0.0,0.0,0.0,0.0,0.0,0.0
2026-07-30T15:40:46.016,1720.594,407,close,ACTUATOR_ACTIVE,TRAJECTORY_RUNNING,24.0,61,33,0,107.96,61,0,0.0,0.0,0.0,0.0,0.0,0.0
2026-07-30T15:40:46.513,1721.094,407,close,ACTUATOR_ACTIVE,TRAJECTORY_RUNNING,24.0,61,33,0,99.51,61,0,0.0,0.0,0.0,0.0,0.0,0.0
2026-07-30T15:40:47.121,1721.703,407,open,ACTUATOR_ACTIVE,TRAJECTORY_RUNNING,24.0,61,33,-1,56.66,61,0,0.0,0.0,0.0,0.0,0.0,0.0
2026-07-30T15:40:47.618,1722.188,407,open,ACTUATOR_ACTIVE,TRAJECTORY_RUNNING,24.0,61,21,-47,-1.88,61,0,0.0,0.0,0.0,0.0,0.0,0.0
2026-07-30T15:40:48.131,1722.703,407,open,ACTUATOR_ACTIVE,TRAJECTORY_RUNNING,24.0,67,3,1,-0.43,67,0,0.0,0.0,0.0,0.0,0.0,0.0
2026-07-30T15:40:48.628,1723.203,407,open,ACTUATOR_ACTIVE,TRAJECTORY_COMPLETE,24.0,67,4,1,0.52,67,0,0.0,0.0,0.0,0.0,0.0,0.0
2026-07-30T15:40:49.239,1723.813,408,close,ACTUATOR_ACTIVE,TRAJECTORY_RUNNING,24.0,67,5,15,4.22,67,0,0.0,0.0,0.0,0.0,0.0,0.0
2026-07-30T15:40:49.737,1724.313,408,close,ACTUATOR_ACTIVE,TRAJECTORY_RUNNING,24.0,67,26,48,4.7,67,0,0.0,0.0,0.0,0.0,0.0,0.0
2026-07-30T15:40:50.235,1724.813,408,close,ACTUATOR_ACTIVE,TRAJECTORY_RUNNING,24.0,67,33,0,103.52,67,0,0.0,0.0,0.0,0.0,0.0,0.0
2026-07-30T15:40:50.733,1725.313,408,close,ACTUATOR_ACTIVE,TRAJECTORY_RUNNING,24.0,67,33,0,101.33,67,0,0.0,0.0,0.0,0.0,0.0,0.0
2026-07-30T15:40:51.344,1725.922,408,open,ACTUATOR_ACTIVE,TRAJECTORY_RUNNING,24.0,67,33,-1,55.55,67,0,0.0,0.0,0.0,0.0,0.0,0.0
2026-07-30T15:40:51.842,1726.422,408,open,ACTUATOR_ACTIVE,TRAJECTORY_RUNNING,24.0,67,21,-46,-1.3,67,0,0.0,0.0,0.0,0.0,0.0,0.0
2026-07-30T15:40:52.340,1726.922,408,open,ACTUATOR_ACTIVE,TRAJECTORY_RUNNING,24.0,63,3,0,-1.66,63,0,0.0,0.0,0.0,0.0,0.0,0.0
2026-07-30T15:40:52.838,1727.422,408,open,ACTUATOR_ACTIVE,TRAJECTORY_COMPLETE,24.0,63,4,0,0.54,63,0,0.0,0.0,0.0,0.0,0.0,0.0
2026-07-30T15:40:53.451,1728.032,409,close,ACTUATOR_ACTIVE,TRAJECTORY_RUNNING,24.0,63,5,17,5.2,63,0,0.0,0.0,0.0,0.0,0.0,0.0
2026-07-30T15:40:53.946,1728.516,409,close,ACTUATOR_ACTIVE,TRAJECTORY_RUNNING,24.0,63,26,46,3.75,63,0,0.0,0.0,0.0,0.0,0.0,0.0
2026-07-30T15:40:54.460,1729.032,409,close,ACTUATOR_ACTIVE,TRAJECTORY_RUNNING,24.0,63,33,0,101.69,63,0,0.0,0.0,0.0,0.0,0.0,0.0
2026-07-30T15:40:54.954,1729.532,409,close,ACTUATOR_ACTIVE,TRAJECTORY_RUNNING,24.0,63,33,0,104.69,63,0,0.0,0.0,0.0,0.0,0.0,0.0
2026-07-30T15:40:55.560,1730.141,409,open,ACTUATOR_ACTIVE,TRAJECTORY_RUNNING,24.0,63,33,-1,55.59,63,0,0.0,0.0,0.0,0.0,0.0,0.0
2026-07-30T15:40:56.057,1730.641,409,open,ACTUATOR_ACTIVE,TRAJECTORY_RUNNING,24.0,59,21,-45,-1.58,59,0,0.0,0.0,0.0,0.0,0.0,0.0
2026-07-30T15:40:56.555,1731.125,409,open,ACTUATOR_ACTIVE,TRAJECTORY_RUNNING,24.0,59,3,-1,-1.54,59,0,0.0,0.0,0.0,0.0,0.0,0.0
2026-07-30T15:40:57.070,1731.641,409,open,ACTUATOR_ACTIVE,TRAJECTORY_COMPLETE,24.0,59,4,0,0.28,59,0,0.0,0.0,0.0,0.0,0.0,0.0
2026-07-30T15:40:57.680,1732.25,410,close,ACTUATOR_ACTIVE,TRAJECTORY_RUNNING,24.0,59,5,17,5.89,59,0,0.0,0.0,0.0,0.0,0.0,0.0
2026-07-30T15:40:58.194,1732.766,410,close,ACTUATOR_ACTIVE,TRAJECTORY_RUNNING,24.0,59,27,49,2.42,59,0,0.0,0.0,0.0,0.0,0.0,0.0
2026-07-30T15:40:58.690,1733.266,410,close,ACTUATOR_ACTIVE,TRAJECTORY_RUNNING,24.0,59,33,0,103.69,59,0,0.0,0.0,0.0,0.0,0.0,0.0
2026-07-30T15:40:59.187,1733.766,410,close,ACTUATOR_ACTIVE,TRAJECTORY_RUNNING,24.0,59,33,0,100.66,59,0,0.0,0.0,0.0,0.0,0.0,0.0
2026-07-30T15:40:59.800,1734.375,410,open,ACTUATOR_ACTIVE,TRAJECTORY_RUNNING,24.0,59,33,-1,53.3,59,0,0.0,0.0,0.0,0.0,0.0,0.0
2026-07-30T15:41:00.298,1734.875,410,open,ACTUATOR_ACTIVE,TRAJECTORY_RUNNING,24.0,59,21,-44,-1.08,59,0,0.0,0.0,0.0,0.0,0.0,0.0
2026-07-30T15:41:00.795,1735.375,410,open,ACTUATOR_ACTIVE,TRAJECTORY_RUNNING,24.0,59,3,1,-1.24,59,0,0.0,0.0,0.0,0.0,0.0,0.0
2026-07-30T15:41:01.290,1735.86,410,open,ACTUATOR_ACTIVE,TRAJECTORY_COMPLETE,24.0,59,4,0,0.41,59,0,0.0,0.0,0.0,0.0,0.0,0.0
2026-07-30T15:41:01.910,1736.485,411,close,ACTUATOR_ACTIVE,TRAJECTORY_RUNNING,24.0,59,5,17,4.11,59,0,0.0,0.0,0.0,0.0,0.0,0.0
2026-07-30T15:41:02.423,1737.0,411,close,ACTUATOR_ACTIVE,TRAJECTORY_RUNNING,24.0,59,27,48,5.62,59,0,0.0,0.0,0.0,0.0,0.0,0.0
2026-07-30T15:41:02.922,1737.5,411,close,ACTUATOR_ACTIVE,TRAJECTORY_RUNNING,24.0,59,33,0,94.71,59,0,0.0,0.0,0.0,0.0,0.0,0.0
2026-07-30T15:41:03.420,1738.0,411,close,ACTUATOR_ACTIVE,TRAJECTORY_RUNNING,24.0,59,33,0,103.42,59,0,0.0,0.0,0.0,0.0,0.0,0.0
2026-07-30T15:41:04.031,1738.61,411,open,ACTUATOR_ACTIVE,TRAJECTORY_RUNNING,24.0,62,33,-2,54.19,62,0,0.0,0.0,0.0,0.0,0.0,0.0
2026-07-30T15:41:04.527,1739.11,411,open,ACTUATOR_ACTIVE,TRAJECTORY_RUNNING,24.0,62,21,-46,-1.21,62,0,0.0,0.0,0.0,0.0,0.0,0.0
2026-07-30T15:41:05.026,1739.61,411,open,ACTUATOR_ACTIVE,TRAJECTORY_RUNNING,24.0,62,3,-1,-1.49,62,0,0.0,0.0,0.0,0.0,0.0,0.0
2026-07-30T15:41:05.521,1740.094,411,open,ACTUATOR_ACTIVE,TRAJECTORY_COMPLETE,24.0,62,4,0,0.46,62,0,0.0,0.0,0.0,0.0,0.0,0.0
2026-07-30T15:41:06.143,1740.719,412,close,ACTUATOR_ACTIVE,TRAJECTORY_RUNNING,24.0,62,5,18,3.55,62,0,0.0,0.0,0.0,0.0,0.0,0.0
2026-07-30T15:41:06.638,1741.219,412,close,ACTUATOR_ACTIVE,TRAJECTORY_RUNNING,24.0,62,26,46,1.27,62,0,0.0,0.0,0.0,0.0,0.0,0.0
2026-07-30T15:41:07.132,1741.703,412,close,ACTUATOR_ACTIVE,TRAJECTORY_RUNNING,24.0,62,33,0,104.09,62,0,0.0,0.0,0.0,0.0,0.0,0.0
2026-07-30T15:41:07.648,1742.219,412,close,ACTUATOR_ACTIVE,TRAJECTORY_RUNNING,24.0,62,33,0,103.29,62,0,0.0,0.0,0.0,0.0,0.0,0.0
2026-07-30T15:41:08.257,1742.828,412,open,ACTUATOR_ACTIVE,TRAJECTORY_RUNNING,24.0,62,33,-1,55.45,62,0,0.0,0.0,0.0,0.0,0.0,0.0
2026-07-30T15:41:08.756,1743.328,412,open,ACTUATOR_ACTIVE,TRAJECTORY_RUNNING,24.0,62,21,-47,-2.4,62,0,0.0,0.0,0.0,0.0,0.0,0.0
2026-07-30T15:41:09.251,1743.828,412,open,ACTUATOR_ACTIVE,TRAJECTORY_RUNNING,24.0,62,3,0,-1.29,62,0,0.0,0.0,0.0,0.0,0.0,0.0
2026-07-30T15:41:09.749,1744.328,412,open,ACTUATOR_ACTIVE,TRAJECTORY_COMPLETE,24.0,62,4,0,-0.04,62,0,0.0,0.0,0.0,0.0,0.0,0.0
2026-07-30T15:41:10.356,1744.938,413,close,ACTUATOR_ACTIVE,TRAJECTORY_RUNNING,24.0,62,5,13,3.49,62,0,0.0,0.0,0.0,0.0,0.0,0.0
2026-07-30T15:41:10.850,1745.422,413,close,ACTUATOR_ACTIVE,TRAJECTORY_RUNNING,24.0,62,26,47,5.66,62,0,0.0,0.0,0.0,0.0,0.0,0.0
2026-07-30T15:41:11.364,1745.938,413,close,ACTUATOR_ACTIVE,TRAJECTORY_RUNNING,24.0,62,33,0,111.03,62,0,0.0,0.0,0.0,0.0,0.0,0.0
2026-07-30T15:41:11.863,1746.438,413,close,ACTUATOR_ACTIVE,TRAJECTORY_RUNNING,24.0,62,33,0,96.64,62,0,0.0,0.0,0.0,0.0,0.0,0.0
2026-07-30T15:41:12.474,1747.047,413,open,ACTUATOR_ACTIVE,TRAJECTORY_RUNNING,24.0,60,33,-1,55.53,60,0,0.0,0.0,0.0,0.0,0.0,0.0
2026-07-30T15:41:12.972,1747.547,413,open,ACTUATOR_ACTIVE,TRAJECTORY_RUNNING,24.0,60,21,-46,-1.13,60,0,0.0,0.0,0.0,0.0,0.0,0.0
2026-07-30T15:41:13.473,1748.047,413,open,ACTUATOR_ACTIVE,TRAJECTORY_RUNNING,24.0,60,3,1,-1.66,60,0,0.0,0.0,0.0,0.0,0.0,0.0
2026-07-30T15:41:13.970,1748.547,413,open,ACTUATOR_ACTIVE,TRAJECTORY_COMPLETE,24.0,60,4,-1,0.08,60,0,0.0,0.0,0.0,0.0,0.0,0.0
2026-07-30T15:41:14.580,1749.157,414,close,ACTUATOR_ACTIVE,TRAJECTORY_RUNNING,24.0,60,5,16,5.21,60,0,0.0,0.0,0.0,0.0,0.0,0.0
2026-07-30T15:41:15.078,1749.657,414,close,ACTUATOR_ACTIVE,TRAJECTORY_RUNNING,24.0,60,26,51,2.09,60,0,0.0,0.0,0.0,0.0,0.0,0.0
2026-07-30T15:41:15.576,1750.157,414,close,ACTUATOR_ACTIVE,TRAJECTORY_RUNNING,24.0,60,33,0,94.43,60,0,0.0,0.0,0.0,0.0,0.0,0.0
2026-07-30T15:41:16.074,1750.657,414,close,ACTUATOR_ACTIVE,TRAJECTORY_RUNNING,24.0,62,33,0,101.64,62,0,0.0,0.0,0.0,0.0,0.0,0.0
2026-07-30T15:41:16.687,1751.266,414,open,ACTUATOR_ACTIVE,TRAJECTORY_RUNNING,24.0,62,33,-1,52.31,62,0,0.0,0.0,0.0,0.0,0.0,0.0
2026-07-30T15:41:17.186,1751.766,414,open,ACTUATOR_ACTIVE,TRAJECTORY_RUNNING,24.0,62,21,-47,-1.02,62,0,0.0,0.0,0.0,0.0,0.0,0.0
2026-07-30T15:41:17.685,1752.266,414,open,ACTUATOR_ACTIVE,TRAJECTORY_RUNNING,24.0,62,3,0,-0.69,62,0,0.0,0.0,0.0,0.0,0.0,0.0
2026-07-30T15:41:18.181,1752.766,414,open,ACTUATOR_ACTIVE,TRAJECTORY_COMPLETE,24.0,62,4,1,0.63,62,0,0.0,0.0,0.0,0.0,0.0,0.0
2026-07-30T15:41:18.791,1753.375,415,close,ACTUATOR_ACTIVE,TRAJECTORY_RUNNING,24.0,62,5,15,5.14,62,0,0.0,0.0,0.0,0.0,0.0,0.0
2026-07-30T15:41:19.290,1753.86,415,close,ACTUATOR_ACTIVE,TRAJECTORY_RUNNING,24.0,62,26,50,3.12,62,0,0.0,0.0,0.0,0.0,0.0,0.0
2026-07-30T15:41:19.802,1754.375,415,close,ACTUATOR_ACTIVE,TRAJECTORY_RUNNING,24.0,62,33,0,99.83,62,0,0.0,0.0,0.0,0.0,0.0,0.0
2026-07-30T15:41:20.299,1754.875,415,close,ACTUATOR_ACTIVE,TRAJECTORY_RUNNING,24.0,61,33,0,101.38,61,0,0.0,0.0,0.0,0.0,0.0,0.0
2026-07-30T15:41:20.907,1755.485,415,open,ACTUATOR_ACTIVE,TRAJECTORY_RUNNING,24.0,61,33,-2,53.42,61,0,0.0,0.0,0.0,0.0,0.0,0.0
2026-07-30T15:41:21.405,1755.985,415,open,ACTUATOR_ACTIVE,TRAJECTORY_RUNNING,24.0,61,21,-47,-0.94,61,0,0.0,0.0,0.0,0.0,0.0,0.0
2026-07-30T15:41:21.903,1756.485,415,open,ACTUATOR_ACTIVE,TRAJECTORY_RUNNING,24.0,61,3,0,-1.55,61,0,0.0,0.0,0.0,0.0,0.0,0.0
2026-07-30T15:41:22.401,1756.985,415,open,ACTUATOR_ACTIVE,TRAJECTORY_COMPLETE,24.0,61,4,1,-0.6,61,0,0.0,0.0,0.0,0.0,0.0,0.0
2026-07-30T15:41:23.009,1757.578,416,close,ACTUATOR_ACTIVE,TRAJECTORY_RUNNING,24.0,61,5,14,4.1,61,0,0.0,0.0,0.0,0.0,0.0,0.0
2026-07-30T15:41:23.525,1758.11,416,close,ACTUATOR_ACTIVE,TRAJECTORY_RUNNING,24.0,61,27,48,3.21,61,0,0.0,0.0,0.0,0.0,0.0,0.0
2026-07-30T15:41:24.005,1758.578,416,close,ACTUATOR_ACTIVE,TRAJECTORY_STOPPED,24.0,63,33,0,100.09,63,0,0.0,0.0,0.0,0.0,0.0,0.0
2026-07-30T15:41:24.519,1759.094,416,close,ACTUATOR_ACTIVE,TRAJECTORY_RUNNING,24.0,63,33,0,100.63,63,0,0.0,0.0,0.0,0.0,0.0,0.0
2026-07-30T15:41:25.124,1759.703,416,open,ACTUATOR_ACTIVE,TRAJECTORY_RUNNING,24.0,63,33,-1,53.7,63,0,0.0,0.0,0.0,0.0,0.0,0.0
2026-07-30T15:41:25.623,1760.203,416,open,ACTUATOR_ACTIVE,TRAJECTORY_RUNNING,24.0,63,21,-45,-2.22,63,0,0.0,0.0,0.0,0.0,0.0,0.0
2026-07-30T15:41:26.124,1760.703,416,open,ACTUATOR_ACTIVE,TRAJECTORY_RUNNING,24.0,63,3,0,-1.44,63,0,0.0,0.0,0.0,0.0,0.0,0.0
2026-07-30T15:41:26.623,1761.203,416,open,ACTUATOR_ACTIVE,TRAJECTORY_COMPLETE,24.0,63,4,0,0.23,63,0,0.0,0.0,0.0,0.0,0.0,0.0
2026-07-30T15:41:27.232,1761.813,417,close,ACTUATOR_ACTIVE,TRAJECTORY_RUNNING,24.0,63,5,17,4.72,63,0,0.0,0.0,0.0,0.0,0.0,0.0
2026-07-30T15:41:27.727,1762.297,417,close,ACTUATOR_ACTIVE,TRAJECTORY_RUNNING,24.0,63,26,48,1.38,63,0,0.0,0.0,0.0,0.0,0.0,0.0
2026-07-30T15:41:28.240,1762.813,417,close,ACTUATOR_ACTIVE,TRAJECTORY_RUNNING,24.0,58,33,0,96.36,58,0,0.0,0.0,0.0,0.0,0.0,0.0
2026-07-30T15:41:28.736,1763.313,417,close,ACTUATOR_ACTIVE,TRAJECTORY_RUNNING,24.0,58,33,0,105.89,58,0,0.0,0.0,0.0,0.0,0.0,0.0
2026-07-30T15:41:29.345,1763.922,417,open,ACTUATOR_ACTIVE,TRAJECTORY_RUNNING,24.0,58,33,-1,53.84,58,0,0.0,0.0,0.0,0.0,0.0,0.0
2026-07-30T15:41:29.842,1764.422,417,open,ACTUATOR_ACTIVE,TRAJECTORY_RUNNING,24.0,58,21,-47,-1.7,58,0,0.0,0.0,0.0,0.0,0.0,0.0
2026-07-30T15:41:30.340,1764.922,417,open,ACTUATOR_ACTIVE,TRAJECTORY_RUNNING,24.0,58,3,-1,-1.31,58,0,0.0,0.0,0.0,0.0,0.0,0.0
2026-07-30T15:41:30.836,1765.407,417,open,ACTUATOR_ACTIVE,TRAJECTORY_COMPLETE,24.0,58,4,-1,0.2,58,0,0.0,0.0,0.0,0.0,0.0,0.0
2026-07-30T15:41:31.460,1766.032,418,close,ACTUATOR_ACTIVE,TRAJECTORY_RUNNING,24.0,58,5,16,4.99,58,0,0.0,0.0,0.0,0.0,0.0,0.0
2026-07-30T15:41:31.973,1766.547,418,close,ACTUATOR_ACTIVE,TRAJECTORY_RUNNING,24.0,58,27,47,2.79,60,0,0.0,0.0,0.0,0.0,0.0,0.0
2026-07-30T15:41:32.472,1767.047,418,close,ACTUATOR_ACTIVE,TRAJECTORY_RUNNING,24.0,60,33,0,97.65,60,0,0.0,0.0,0.0,0.0,0.0,0.0
2026-07-30T15:41:32.970,1767.547,418,close,ACTUATOR_ACTIVE,TRAJECTORY_RUNNING,24.0,60,33,0,104.12,60,0,0.0,0.0,0.0,0.0,0.0,0.0
2026-07-30T15:41:33.581,1768.157,418,open,ACTUATOR_ACTIVE,TRAJECTORY_RUNNING,24.0,60,33,-1,54.4,60,0,0.0,0.0,0.0,0.0,0.0,0.0
2026-07-30T15:41:34.081,1768.657,418,open,ACTUATOR_ACTIVE,TRAJECTORY_RUNNING,24.0,60,21,-48,0.25,60,0,0.0,0.0,0.0,0.0,0.0,0.0
2026-07-30T15:41:34.576,1769.157,418,open,ACTUATOR_ACTIVE,TRAJECTORY_RUNNING,24.0,60,3,0,-1.45,60,0,0.0,0.0,0.0,0.0,0.0,0.0
2026-07-30T15:41:35.072,1769.657,418,open,ACTUATOR_ACTIVE,TRAJECTORY_COMPLETE,24.0,60,4,0,0.16,60,0,0.0,0.0,0.0,0.0,0.0,0.0
2026-07-30T15:41:35.680,1770.25,419,close,ACTUATOR_ACTIVE,TRAJECTORY_RUNNING,24.0,60,5,14,3.3,60,0,0.0,0.0,0.0,0.0,0.0,0.0
2026-07-30T15:41:36.195,1770.766,419,close,ACTUATOR_ACTIVE,TRAJECTORY_RUNNING,24.0,68,27,46,2.72,68,0,0.0,0.0,0.0,0.0,0.0,0.0
2026-07-30T15:41:36.693,1771.266,419,close,ACTUATOR_ACTIVE,TRAJECTORY_RUNNING,24.0,68,33,0,99.15,68,0,0.0,0.0,0.0,0.0,0.0,0.0
2026-07-30T15:41:37.193,1771.766,419,close,ACTUATOR_ACTIVE,TRAJECTORY_RUNNING,24.0,68,33,0,105.28,68,0,0.0,0.0,0.0,0.0,0.0,0.0
2026-07-30T15:41:37.803,1772.375,419,open,ACTUATOR_ACTIVE,TRAJECTORY_RUNNING,24.0,68,33,-1,55.95,68,0,0.0,0.0,0.0,0.0,0.0,0.0
2026-07-30T15:41:38.319,1772.891,419,open,ACTUATOR_ACTIVE,TRAJECTORY_RUNNING,24.0,68,20,-47,-2.65,68,0,0.0,0.0,0.0,0.0,0.0,0.0
2026-07-30T15:41:38.816,1773.391,419,open,ACTUATOR_ACTIVE,TRAJECTORY_RUNNING,24.0,68,3,1,-1.1,68,0,0.0,0.0,0.0,0.0,0.0,0.0
2026-07-30T15:41:39.309,1773.891,419,open,ACTUATOR_ACTIVE,TRAJECTORY_COMPLETE,24.0,68,4,0,0.2,68,0,0.0,0.0,0.0,0.0,0.0,0.0
2026-07-30T15:41:39.918,1774.5,420,close,ACTUATOR_ACTIVE,TRAJECTORY_RUNNING,24.0,68,5,15,4.02,68,0,0.0,0.0,0.0,0.0,0.0,0.0
2026-07-30T15:41:40.415,1774.985,420,close,ACTUATOR_ACTIVE,TRAJECTORY_RUNNING,24.0,63,25,48,2.28,63,0,0.0,0.0,0.0,0.0,0.0,0.0
2026-07-30T15:41:40.928,1775.5,420,close,ACTUATOR_ACTIVE,TRAJECTORY_RUNNING,24.0,63,32,0,30.21,63,0,0.0,0.0,0.0,0.0,0.0,0.0
2026-07-30T15:41:41.425,1776.0,420,close,ACTUATOR_ACTIVE,TRAJECTORY_RUNNING,24.0,63,32,0,31.64,63,0,0.0,0.0,0.0,0.0,0.0,0.0
2026-07-30T15:41:42.038,1776.61,420,open,ACTUATOR_ACTIVE,TRAJECTORY_RUNNING,24.0,63,32,-14,6.27,63,0,0.0,0.0,0.0,0.0,0.0,0.0
2026-07-30T15:41:42.551,1777.125,420,open,ACTUATOR_ACTIVE,TRAJECTORY_RUNNING,24.0,63,14,-47,-1.84,63,0,0.0,0.0,0.0,0.0,0.0,0.0
2026-07-30T15:41:43.050,1777.625,420,open,ACTUATOR_ACTIVE,TRAJECTORY_RUNNING,24.0,63,3,10,2.6,63,0,0.0,0.0,0.0,0.0,0.0,0.0
2026-07-30T15:41:43.548,1778.125,420,open,ACTUATOR_ACTIVE,TRAJECTORY_COMPLETE,24.0,63,4,1,0.2,63,0,0.0,0.0,0.0,0.0,0.0,0.0
2026-07-30T15:41:44.157,1778.735,421,close,ACTUATOR_ACTIVE,TRAJECTORY_RUNNING,24.0,65,5,17,4.76,65,0,0.0,0.0,0.0,0.0,0.0,0.0
2026-07-30T15:41:44.653,1779.235,421,close,ACTUATOR_ACTIVE,TRAJECTORY_RUNNING,24.0,65,26,47,5.65,65,0,0.0,0.0,0.0,0.0,0.0,0.0
2026-07-30T15:41:45.148,1779.719,421,close,ACTUATOR_ACTIVE,TRAJECTORY_RUNNING,24.0,65,33,0,101.78,65,0,0.0,0.0,0.0,0.0,0.0,0.0
2026-07-30T15:41:45.662,1780.235,421,close,ACTUATOR_ACTIVE,TRAJECTORY_RUNNING,24.0,65,33,0,96.33,65,0,0.0,0.0,0.0,0.0,0.0,0.0
2026-07-30T15:41:46.271,1780.844,421,open,ACTUATOR_ACTIVE,TRAJECTORY_RUNNING,24.0,65,33,-1,56.83,65,0,0.0,0.0,0.0,0.0,0.0,0.0
2026-07-30T15:41:46.769,1781.344,421,open,ACTUATOR_ACTIVE,TRAJECTORY_RUNNING,24.0,65,21,-48,-1.62,65,0,0.0,0.0,0.0,0.0,0.0,0.0
2026-07-30T15:41:47.267,1781.844,421,open,ACTUATOR_ACTIVE,TRAJECTORY_RUNNING,24.0,65,3,0,-1.48,65,0,0.0,0.0,0.0,0.0,0.0,0.0
2026-07-30T15:41:47.766,1782.344,421,open,ACTUATOR_ACTIVE,TRAJECTORY_COMPLETE,24.0,65,5,0,-1.85,65,0,0.0,0.0,0.0,0.0,0.0,0.0
2026-07-30T15:41:48.378,1782.953,422,close,ACTUATOR_ACTIVE,TRAJECTORY_RUNNING,24.0,63,5,15,4.17,63,0,0.0,0.0,0.0,0.0,0.0,0.0
2026-07-30T15:41:48.873,1783.453,422,close,ACTUATOR_ACTIVE,TRAJECTORY_RUNNING,24.0,63,26,46,1.0,63,0,0.0,0.0,0.0,0.0,0.0,0.0
2026-07-30T15:41:49.370,1783.953,422,close,ACTUATOR_ACTIVE,TRAJECTORY_RUNNING,24.0,63,33,0,96.06,63,0,0.0,0.0,0.0,0.0,0.0,0.0
2026-07-30T15:41:49.869,1784.453,422,close,ACTUATOR_ACTIVE,TRAJECTORY_RUNNING,24.0,63,33,0,103.08,63,0,0.0,0.0,0.0,0.0,0.0,0.0
2026-07-30T15:41:50.480,1785.063,422,open,ACTUATOR_ACTIVE,TRAJECTORY_RUNNING,24.0,63,33,-1,55.39,63,0,0.0,0.0,0.0,0.0,0.0,0.0
2026-07-30T15:41:50.979,1785.563,422,open,ACTUATOR_ACTIVE,TRAJECTORY_RUNNING,24.0,63,21,-48,-3.7,63,0,0.0,0.0,0.0,0.0,0.0,0.0
2026-07-30T15:41:51.477,1786.047,422,open,ACTUATOR_ACTIVE,TRAJECTORY_RUNNING,24.0,63,3,0,-1.27,63,0,0.0,0.0,0.0,0.0,0.0,0.0
2026-07-30T15:41:51.986,1786.563,422,open,ACTUATOR_ACTIVE,TRAJECTORY_COMPLETE,24.0,61,5,0,0.25,61,0,0.0,0.0,0.0,0.0,0.0,0.0
2026-07-30T15:41:52.593,1787.172,423,close,ACTUATOR_ACTIVE,TRAJECTORY_RUNNING,24.0,61,5,15,4.26,61,0,0.0,0.0,0.0,0.0,0.0,0.0
2026-07-30T15:41:53.093,1787.672,423,close,ACTUATOR_ACTIVE,TRAJECTORY_RUNNING,24.0,61,25,49,2.52,61,0,0.0,0.0,0.0,0.0,0.0,0.0
2026-07-30T15:41:53.593,1788.172,423,close,ACTUATOR_ACTIVE,TRAJECTORY_RUNNING,24.0,61,32,0,34.16,61,0,0.0,0.0,0.0,0.0,0.0,0.0
2026-07-30T15:41:54.090,1788.672,423,close,ACTUATOR_ACTIVE,TRAJECTORY_RUNNING,24.0,61,32,1,30.84,61,0,0.0,0.0,0.0,0.0,0.0,0.0
2026-07-30T15:41:54.692,1789.266,423,open,ACTUATOR_ACTIVE,TRAJECTORY_RUNNING,24.0,61,32,-13,7.01,61,0,0.0,0.0,0.0,0.0,0.0,0.0
2026-07-30T15:41:55.203,1789.782,423,open,ACTUATOR_ACTIVE,TRAJECTORY_RUNNING,24.0,61,11,-45,-4.89,61,0,0.0,0.0,0.0,0.0,0.0,0.0
2026-07-30T15:41:55.702,1790.282,423,open,ACTUATOR_ACTIVE,TRAJECTORY_COMPLETE,24.0,61,4,-1,-0.05,61,0,0.0,0.0,0.0,0.0,0.0,0.0
2026-07-30T15:41:56.200,1790.782,423,open,ACTUATOR_ACTIVE,TRAJECTORY_COMPLETE,24.0,61,5,0,-0.61,61,0,0.0,0.0,0.0,0.0,0.0,0.0
2026-07-30T15:41:56.813,1791.391,424,close,ACTUATOR_ACTIVE,TRAJECTORY_RUNNING,24.0,61,5,16,5.69,61,0,0.0,0.0,0.0,0.0,0.0,0.0
2026-07-30T15:41:57.315,1791.891,424,close,ACTUATOR_ACTIVE,TRAJECTORY_RUNNING,24.0,61,26,50,2.84,61,0,0.0,0.0,0.0,0.0,0.0,0.0
2026-07-30T15:41:57.810,1792.391,424,close,ACTUATOR_ACTIVE,TRAJECTORY_RUNNING,24.0,61,33,0,111.6,61,0,0.0,0.0,0.0,0.0,0.0,0.0
2026-07-30T15:41:58.303,1792.875,424,close,ACTUATOR_ACTIVE,TRAJECTORY_RUNNING,24.0,61,33,0,102.7,61,0,0.0,0.0,0.0,0.0,0.0,0.0
2026-07-30T15:41:58.931,1793.5,424,open,ACTUATOR_ACTIVE,TRAJECTORY_RUNNING,24.0,61,33,0,54.06,61,0,0.0,0.0,0.0,0.0,0.0,0.0
2026-07-30T15:41:59.443,1794.016,424,open,ACTUATOR_ACTIVE,TRAJECTORY_RUNNING,24.0,61,20,-46,-1.6,61,0,0.0,0.0,0.0,0.0,0.0,0.0
2026-07-30T15:41:59.941,1794.516,424,open,ACTUATOR_ACTIVE,TRAJECTORY_RUNNING,24.0,61,3,0,-0.88,61,0,0.0,0.0,0.0,0.0,0.0,0.0
2026-07-30T15:42:00.434,1795.016,424,open,ACTUATOR_ACTIVE,TRAJECTORY_COMPLETE,24.0,58,4,0,0.29,58,0,0.0,0.0,0.0,0.0,0.0,0.0
2026-07-30T15:42:01.046,1795.625,425,close,ACTUATOR_ACTIVE,TRAJECTORY_RUNNING,24.0,58,5,18,5.11,58,0,0.0,0.0,0.0,0.0,0.0,0.0
2026-07-30T15:42:01.541,1796.125,425,close,ACTUATOR_ACTIVE,TRAJECTORY_RUNNING,24.0,58,26,48,3.66,58,0,0.0,0.0,0.0,0.0,0.0,0.0
2026-07-30T15:42:02.043,1796.625,425,close,ACTUATOR_ACTIVE,TRAJECTORY_RUNNING,24.0,58,33,0,97.49,58,0,0.0,0.0,0.0,0.0,0.0,0.0
2026-07-30T15:42:02.535,1797.11,425,close,ACTUATOR_ACTIVE,TRAJECTORY_RUNNING,24.0,58,33,0,105.89,58,0,0.0,0.0,0.0,0.0,0.0,0.0
2026-07-30T15:42:03.158,1797.735,425,open,ACTUATOR_ACTIVE,TRAJECTORY_RUNNING,24.0,58,33,0,57.72,58,0,0.0,0.0,0.0,0.0,0.0,0.0
2026-07-30T15:42:03.652,1798.235,425,open,ACTUATOR_ACTIVE,TRAJECTORY_RUNNING,24.0,58,18,-48,-2.08,58,0,0.0,0.0,0.0,0.0,0.0,0.0
2026-07-30T15:42:04.141,1798.719,425,open,ACTUATOR_ACTIVE,TRAJECTORY_COMPLETE,24.0,63,4,4,2.13,63,0,0.0,0.0,0.0,0.0,0.0,0.0
2026-07-30T15:42:04.656,1799.235,425,open,ACTUATOR_ACTIVE,TRAJECTORY_COMPLETE,24.0,63,5,0,-0.01,63,0,0.0,0.0,0.0,0.0,0.0,0.0
2026-07-30T15:42:05.265,1799.844,426,close,ACTUATOR_ACTIVE,TRAJECTORY_RUNNING,24.0,63,5,16,4.36,63,0,0.0,0.0,0.0,0.0,0.0,0.0
2026-07-30T15:42:05.767,1800.344,426,close,ACTUATOR_ACTIVE,TRAJECTORY_RUNNING,24.0,63,25,46,2.46,63,0,0.0,0.0,0.0,0.0,0.0,0.0
2026-07-30T15:42:06.264,1800.844,426,close,ACTUATOR_ACTIVE,TRAJECTORY_RUNNING,24.0,63,32,1,34.72,63,0,0.0,0.0,0.0,0.0,0.0,0.0
2026-07-30T15:42:06.760,1801.344,426,close,ACTUATOR_ACTIVE,TRAJECTORY_RUNNING,24.0,63,32,0,29.64,63,0,0.0,0.0,0.0,0.0,0.0,0.0
2026-07-30T15:42:07.369,1801.953,426,open,ACTUATOR_ACTIVE,TRAJECTORY_RUNNING,24.0,63,32,-15,6.75,63,0,0.0,0.0,0.0,0.0,0.0,0.0
2026-07-30T15:42:07.866,1802.438,426,open,ACTUATOR_ACTIVE,TRAJECTORY_RUNNING,24.0,63,14,-48,-1.29,63,0,0.0,0.0,0.0,0.0,0.0,0.0
2026-07-30T15:42:08.380,1802.953,426,open,ACTUATOR_ACTIVE,TRAJECTORY_RUNNING,24.0,60,4,8,3.44,60,0,0.0,0.0,0.0,0.0,0.0,0.0
2026-07-30T15:42:08.878,1803.453,426,open,ACTUATOR_ACTIVE,TRAJECTORY_COMPLETE,24.0,60,5,0,0.08,60,0,0.0,0.0,0.0,0.0,0.0,0.0
2026-07-30T15:42:09.485,1804.063,427,close,ACTUATOR_ACTIVE,TRAJECTORY_RUNNING,24.0,60,5,15,4.75,60,0,0.0,0.0,0.0,0.0,0.0,0.0
2026-07-30T15:42:09.982,1804.563,427,close,ACTUATOR_ACTIVE,TRAJECTORY_RUNNING,24.0,60,26,49,2.39,60,0,0.0,0.0,0.0,0.0,0.0,0.0
2026-07-30T15:42:10.474,1805.047,427,close,ACTUATOR_ACTIVE,TRAJECTORY_RUNNING,24.0,60,33,0,104.48,60,0,0.0,0.0,0.0,0.0,0.0,0.0
2026-07-30T15:42:10.991,1805.563,427,close,ACTUATOR_ACTIVE,TRAJECTORY_RUNNING,24.0,60,33,0,103.16,60,0,0.0,0.0,0.0,0.0,0.0,0.0
2026-07-30T15:42:11.597,1806.172,427,open,ACTUATOR_ACTIVE,TRAJECTORY_RUNNING,24.0,60,33,-1,58.86,60,0,0.0,0.0,0.0,0.0,0.0,0.0
2026-07-30T15:42:12.111,1806.688,427,open,ACTUATOR_ACTIVE,TRAJECTORY_RUNNING,24.0,59,18,-48,-4.33,59,0,0.0,0.0,0.0,0.0,0.0,0.0
2026-07-30T15:42:12.605,1807.188,427,open,ACTUATOR_ACTIVE,TRAJECTORY_COMPLETE,24.0,59,5,3,2.03,59,0,0.0,0.0,0.0,0.0,0.0,0.0
2026-07-30T15:42:13.101,1807.672,427,open,ACTUATOR_ACTIVE,TRAJECTORY_COMPLETE,24.0,59,4,0,0.23,59,0,0.0,0.0,0.0,0.0,0.0,0.0
2026-07-30T15:42:13.725,1808.297,428,close,ACTUATOR_ACTIVE,TRAJECTORY_RUNNING,24.0,59,5,17,4.84,59,0,0.0,0.0,0.0,0.0,0.0,0.0
2026-07-30T15:42:14.226,1808.797,428,close,ACTUATOR_ACTIVE,TRAJECTORY_RUNNING,24.0,59,25,49,2.83,59,0,0.0,0.0,0.0,0.0,0.0,0.0
2026-07-30T15:42:14.725,1809.297,428,close,ACTUATOR_ACTIVE,TRAJECTORY_RUNNING,24.0,59,32,0,32.08,59,0,0.0,0.0,0.0,0.0,0.0,0.0
2026-07-30T15:42:15.226,1809.797,428,close,ACTUATOR_ACTIVE,TRAJECTORY_RUNNING,24.0,59,32,0,32.38,59,0,0.0,0.0,0.0,0.0,0.0,0.0
2026-07-30T15:42:15.830,1810.407,428,open,ACTUATOR_ACTIVE,TRAJECTORY_RUNNING,24.0,59,32,-14,5.86,59,0,0.0,0.0,0.0,0.0,0.0,0.0
2026-07-30T15:42:16.326,1810.907,428,open,ACTUATOR_ACTIVE,TRAJECTORY_RUNNING,24.0,66,12,-49,-2.65,66,0,0.0,0.0,0.0,0.0,0.0,0.0
2026-07-30T15:42:16.826,1811.407,428,open,ACTUATOR_ACTIVE,TRAJECTORY_COMPLETE,24.0,66,4,0,-0.68,66,0,0.0,0.0,0.0,0.0,0.0,0.0
2026-07-30T15:42:17.319,1811.891,428,open,ACTUATOR_ACTIVE,TRAJECTORY_COMPLETE,24.0,66,5,0,-0.11,66,0,0.0,0.0,0.0,0.0,0.0,0.0
2026-07-30T15:42:17.943,1812.516,429,close,ACTUATOR_ACTIVE,TRAJECTORY_RUNNING,24.0,66,5,15,3.97,66,0,0.0,0.0,0.0,0.0,0.0,0.0
2026-07-30T15:42:18.456,1813.032,429,close,ACTUATOR_ACTIVE,TRAJECTORY_RUNNING,24.0,66,27,49,2.47,66,0,0.0,0.0,0.0,0.0,0.0,0.0
2026-07-30T15:42:18.955,1813.532,429,close,ACTUATOR_ACTIVE,TRAJECTORY_RUNNING,24.0,66,33,0,102.37,66,0,0.0,0.0,0.0,0.0,0.0,0.0
2026-07-30T15:42:19.453,1814.032,429,close,ACTUATOR_ACTIVE,TRAJECTORY_RUNNING,24.0,66,33,0,104.04,66,0,0.0,0.0,0.0,0.0,0.0,0.0
2026-07-30T15:42:20.067,1814.641,429,open,ACTUATOR_ACTIVE,TRAJECTORY_RUNNING,24.0,56,33,-1,53.69,56,0,0.0,0.0,0.0,0.0,0.0,0.0
2026-07-30T15:42:20.564,1815.141,429,open,ACTUATOR_ACTIVE,TRAJECTORY_RUNNING,24.0,56,21,-46,-0.74,56,0,0.0,0.0,0.0,0.0,0.0,0.0
2026-07-30T15:42:21.065,1815.641,429,open,ACTUATOR_ACTIVE,TRAJECTORY_RUNNING,24.0,56,3,0,-1.24,56,0,0.0,0.0,0.0,0.0,0.0,0.0
2026-07-30T15:42:21.561,1816.141,429,open,ACTUATOR_ACTIVE,TRAJECTORY_COMPLETE,24.0,56,4,0,0.1,56,0,0.0,0.0,0.0,0.0,0.0,0.0
2026-07-30T15:42:22.173,1816.75,430,close,ACTUATOR_ACTIVE,TRAJECTORY_RUNNING,24.0,56,5,14,4.32,56,0,0.0,0.0,0.0,0.0,0.0,0.0
2026-07-30T15:42:22.671,1817.25,430,close,ACTUATOR_ACTIVE,TRAJECTORY_RUNNING,24.0,56,26,48,2.69,56,0,0.0,0.0,0.0,0.0,0.0,0.0
2026-07-30T15:42:23.169,1817.75,430,close,ACTUATOR_ACTIVE,TRAJECTORY_RUNNING,24.0,56,33,0,100.42,56,0,0.0,0.0,0.0,0.0,0.0,0.0
2026-07-30T15:42:23.668,1818.25,430,close,ACTUATOR_ACTIVE,TRAJECTORY_RUNNING,24.0,56,33,0,104.47,56,0,0.0,0.0,0.0,0.0,0.0,0.0
2026-07-30T15:42:24.274,1818.844,430,open,ACTUATOR_ACTIVE,TRAJECTORY_RUNNING,24.0,57,33,-1,55.05,57,0,0.0,0.0,0.0,0.0,0.0,0.0
2026-07-30T15:42:24.791,1819.375,430,open,ACTUATOR_ACTIVE,TRAJECTORY_RUNNING,24.0,57,20,-46,-1.16,57,0,0.0,0.0,0.0,0.0,0.0,0.0
2026-07-30T15:42:25.274,1819.844,430,open,ACTUATOR_ACTIVE,TRAJECTORY_RUNNING,24.0,57,3,0,-2.33,57,0,0.0,0.0,0.0,0.0,0.0,0.0
2026-07-30T15:42:25.786,1820.36,430,open,ACTUATOR_ACTIVE,TRAJECTORY_COMPLETE,24.0,57,4,1,0.62,57,0,0.0,0.0,0.0,0.0,0.0,0.0
2026-07-30T15:42:26.394,1820.969,431,close,ACTUATOR_ACTIVE,TRAJECTORY_RUNNING,24.0,57,5,16,3.52,57,0,0.0,0.0,0.0,0.0,0.0,0.0
2026-07-30T15:42:26.892,1821.469,431,close,ACTUATOR_ACTIVE,TRAJECTORY_RUNNING,24.0,57,26,49,2.1,57,0,0.0,0.0,0.0,0.0,0.0,0.0
2026-07-30T15:42:27.391,1821.969,431,close,ACTUATOR_ACTIVE,TRAJECTORY_RUNNING,24.0,57,33,0,100.33,57,0,0.0,0.0,0.0,0.0,0.0,0.0
2026-07-30T15:42:27.890,1822.469,431,close,ACTUATOR_ACTIVE,TRAJECTORY_RUNNING,24.0,57,33,0,102.92,57,0,0.0,0.0,0.0,0.0,0.0,0.0
2026-07-30T15:42:28.499,1823.078,431,open,ACTUATOR_ACTIVE,TRAJECTORY_RUNNING,24.0,63,33,0,50.82,63,0,0.0,0.0,0.0,0.0,0.0,0.0
2026-07-30T15:42:28.998,1823.578,431,open,ACTUATOR_ACTIVE,TRAJECTORY_RUNNING,24.0,63,21,-46,-2.22,63,0,0.0,0.0,0.0,0.0,0.0,0.0
2026-07-30T15:42:29.499,1824.078,431,open,ACTUATOR_ACTIVE,TRAJECTORY_RUNNING,24.0,63,3,1,-1.41,63,0,0.0,0.0,0.0,0.0,0.0,0.0
2026-07-30T15:42:29.997,1824.578,431,open,ACTUATOR_ACTIVE,TRAJECTORY_COMPLETE,24.0,63,4,0,1.42,63,0,0.0,0.0,0.0,0.0,0.0,0.0
2026-07-30T15:42:30.609,1825.188,432,close,ACTUATOR_ACTIVE,TRAJECTORY_RUNNING,24.0,63,5,16,5.69,63,0,0.0,0.0,0.0,0.0,0.0,0.0
2026-07-30T15:42:31.109,1825.688,432,close,ACTUATOR_ACTIVE,TRAJECTORY_RUNNING,24.0,63,26,46,2.91,63,0,0.0,0.0,0.0,0.0,0.0,0.0
2026-07-30T15:42:31.606,1826.188,432,close,ACTUATOR_ACTIVE,TRAJECTORY_RUNNING,24.0,63,33,0,99.03,63,0,0.0,0.0,0.0,0.0,0.0,0.0
2026-07-30T15:42:32.102,1826.672,432,close,ACTUATOR_ACTIVE,TRAJECTORY_RUNNING,24.0,57,33,0,104.24,57,0,0.0,0.0,0.0,0.0,0.0,0.0
2026-07-30T15:42:32.728,1827.313,432,open,ACTUATOR_ACTIVE,TRAJECTORY_RUNNING,24.0,57,33,-1,54.11,57,0,0.0,0.0,0.0,0.0,0.0,0.0
2026-07-30T15:42:33.227,1827.797,432,open,ACTUATOR_ACTIVE,TRAJECTORY_RUNNING,24.0,57,18,-48,-2.05,57,0,0.0,0.0,0.0,0.0,0.0,0.0
2026-07-30T15:42:33.743,1828.313,432,open,ACTUATOR_ACTIVE,TRAJECTORY_COMPLETE,24.0,57,5,0,0.86,57,0,0.0,0.0,0.0,0.0,0.0,0.0
2026-07-30T15:42:34.232,1828.813,432,open,ACTUATOR_ACTIVE,TRAJECTORY_COMPLETE,24.0,57,4,0,0.14,57,0,0.0,0.0,0.0,0.0,0.0,0.0
2026-07-30T15:42:34.838,1829.422,433,close,ACTUATOR_ACTIVE,TRAJECTORY_RUNNING,24.0,57,5,18,5.28,57,0,0.0,0.0,0.0,0.0,0.0,0.0
2026-07-30T15:42:35.334,1829.907,433,close,ACTUATOR_ACTIVE,TRAJECTORY_RUNNING,24.0,57,26,47,4.75,57,0,0.0,0.0,0.0,0.0,0.0,0.0
2026-07-30T15:42:35.847,1830.422,433,close,ACTUATOR_ACTIVE,TRAJECTORY_RUNNING,24.0,57,33,0,104.33,57,0,0.0,0.0,0.0,0.0,0.0,0.0
2026-07-30T15:42:36.343,1830.922,433,close,ACTUATOR_ACTIVE,TRAJECTORY_RUNNING,24.0,58,33,0,95.57,58,0,0.0,0.0,0.0,0.0,0.0,0.0
2026-07-30T15:42:36.957,1831.532,433,open,ACTUATOR_ACTIVE,TRAJECTORY_RUNNING,24.0,58,33,-1,57.08,58,0,0.0,0.0,0.0,0.0,0.0,0.0
2026-07-30T15:42:37.457,1832.032,433,open,ACTUATOR_ACTIVE,TRAJECTORY_RUNNING,24.0,58,21,-42,-1.3,58,0,0.0,0.0,0.0,0.0,0.0,0.0
2026-07-30T15:42:37.955,1832.532,433,open,ACTUATOR_ACTIVE,TRAJECTORY_RUNNING,24.0,58,3,0,-1.06,58,0,0.0,0.0,0.0,0.0,0.0,0.0
2026-07-30T15:42:38.453,1833.032,433,open,ACTUATOR_ACTIVE,TRAJECTORY_COMPLETE,24.0,58,4,0,0.19,58,0,0.0,0.0,0.0,0.0,0.0,0.0
2026-07-30T15:42:39.059,1833.641,434,close,ACTUATOR_ACTIVE,TRAJECTORY_RUNNING,24.0,58,5,14,6.58,58,0,0.0,0.0,0.0,0.0,0.0,0.0
2026-07-30T15:42:39.559,1834.141,434,close,ACTUATOR_ACTIVE,TRAJECTORY_RUNNING,24.0,58,26,48,5.56,58,0,0.0,0.0,0.0,0.0,0.0,0.0
2026-07-30T15:42:40.055,1834.625,434,close,ACTUATOR_ACTIVE,TRAJECTORY_RUNNING,24.0,61,33,0,93.76,61,0,0.0,0.0,0.0,0.0,0.0,0.0
2026-07-30T15:42:40.570,1835.141,434,close,ACTUATOR_ACTIVE,TRAJECTORY_RUNNING,24.0,61,33,0,102.89,61,0,0.0,0.0,0.0,0.0,0.0,0.0
2026-07-30T15:42:41.179,1835.75,434,open,ACTUATOR_ACTIVE,TRAJECTORY_RUNNING,24.0,61,33,-2,51.15,61,0,0.0,0.0,0.0,0.0,0.0,0.0
2026-07-30T15:42:41.694,1836.266,434,open,ACTUATOR_ACTIVE,TRAJECTORY_RUNNING,24.0,61,20,-47,-3.09,61,0,0.0,0.0,0.0,0.0,0.0,0.0
2026-07-30T15:42:42.190,1836.766,434,open,ACTUATOR_ACTIVE,TRAJECTORY_RUNNING,24.0,61,3,0,-0.88,61,0,0.0,0.0,0.0,0.0,0.0,0.0
2026-07-30T15:42:42.689,1837.266,434,open,ACTUATOR_ACTIVE,TRAJECTORY_COMPLETE,24.0,61,4,0,0.31,61,0,0.0,0.0,0.0,0.0,0.0,0.0
2026-07-30T15:42:43.301,1837.875,435,close,ACTUATOR_ACTIVE,TRAJECTORY_RUNNING,24.0,61,5,17,5.25,61,0,0.0,0.0,0.0,0.0,0.0,0.0
2026-07-30T15:42:43.799,1838.375,435,close,ACTUATOR_ACTIVE,TRAJECTORY_RUNNING,24.0,61,26,49,1.79,61,0,0.0,0.0,0.0,0.0,0.0,0.0
2026-07-30T15:42:44.296,1838.875,435,close,ACTUATOR_ACTIVE,TRAJECTORY_RUNNING,24.0,60,33,0,106.58,60,0,0.0,0.0,0.0,0.0,0.0,0.0
2026-07-30T15:42:44.791,1839.375,435,close,ACTUATOR_ACTIVE,TRAJECTORY_RUNNING,24.0,60,33,0,101.06,60,0,0.0,0.0,0.0,0.0,0.0,0.0
2026-07-30T15:42:45.404,1839.985,435,open,ACTUATOR_ACTIVE,TRAJECTORY_RUNNING,24.0,60,33,-1,50.91,60,0,0.0,0.0,0.0,0.0,0.0,0.0
2026-07-30T15:42:45.900,1840.469,435,open,ACTUATOR_ACTIVE,TRAJECTORY_RUNNING,24.0,60,21,-47,-0.48,60,0,0.0,0.0,0.0,0.0,0.0,0.0
2026-07-30T15:42:46.411,1840.985,435,open,ACTUATOR_ACTIVE,TRAJECTORY_RUNNING,24.0,60,3,1,-0.47,60,0,0.0,0.0,0.0,0.0,0.0,0.0
2026-07-30T15:42:46.902,1841.485,435,open,ACTUATOR_ACTIVE,TRAJECTORY_COMPLETE,24.0,60,4,0,0.43,60,0,0.0,0.0,0.0,0.0,0.0,0.0
2026-07-30T15:42:47.511,1842.094,436,close,ACTUATOR_ACTIVE,TRAJECTORY_RUNNING,24.0,60,5,17,4.72,60,0,0.0,0.0,0.0,0.0,0.0,0.0
2026-07-30T15:42:48.008,1842.578,436,close,ACTUATOR_ACTIVE,TRAJECTORY_RUNNING,24.0,61,25,48,2.98,61,0,0.0,0.0,0.0,0.0,0.0,0.0
2026-07-30T15:42:48.523,1843.094,436,close,ACTUATOR_ACTIVE,TRAJECTORY_RUNNING,24.0,61,32,0,34.12,61,0,0.0,0.0,0.0,0.0,0.0,0.0
2026-07-30T15:42:49.020,1843.594,436,close,ACTUATOR_ACTIVE,TRAJECTORY_RUNNING,24.0,61,32,0,33.14,61,0,0.0,0.0,0.0,0.0,0.0,0.0
2026-07-30T15:42:49.630,1844.203,436,open,ACTUATOR_ACTIVE,TRAJECTORY_RUNNING,24.0,61,32,-16,6.77,61,0,0.0,0.0,0.0,0.0,0.0,0.0
2026-07-30T15:42:50.147,1844.719,436,open,ACTUATOR_ACTIVE,TRAJECTORY_RUNNING,24.0,61,14,-48,-3.36,61,0,0.0,0.0,0.0,0.0,0.0,0.0
2026-07-30T15:42:50.644,1845.219,436,open,ACTUATOR_ACTIVE,TRAJECTORY_RUNNING,24.0,61,3,9,4.4,61,0,0.0,0.0,0.0,0.0,0.0,0.0
2026-07-30T15:42:51.141,1845.719,436,open,ACTUATOR_ACTIVE,TRAJECTORY_COMPLETE,24.0,61,5,0,0.23,61,0,0.0,0.0,0.0,0.0,0.0,0.0
2026-07-30T15:42:51.750,1846.328,437,close,ACTUATOR_ACTIVE,TRAJECTORY_RUNNING,24.0,61,5,19,5.33,61,0,0.0,0.0,0.0,0.0,0.0,0.0
2026-07-30T15:42:52.245,1846.828,437,close,ACTUATOR_ACTIVE,TRAJECTORY_RUNNING,24.0,59,26,49,4.87,59,0,0.0,0.0,0.0,0.0,0.0,0.0
2026-07-30T15:42:52.747,1847.328,437,close,ACTUATOR_ACTIVE,TRAJECTORY_RUNNING,24.0,59,33,0,104.96,59,0,0.0,0.0,0.0,0.0,0.0,0.0
2026-07-30T15:42:53.238,1847.813,437,close,ACTUATOR_ACTIVE,TRAJECTORY_RUNNING,24.0,59,33,0,96.35,59,0,0.0,0.0,0.0,0.0,0.0,0.0
2026-07-30T15:42:53.866,1848.438,437,open,ACTUATOR_ACTIVE,TRAJECTORY_RUNNING,24.0,59,33,-1,49.47,59,0,0.0,0.0,0.0,0.0,0.0,0.0
2026-07-30T15:42:54.364,1848.938,437,open,ACTUATOR_ACTIVE,TRAJECTORY_RUNNING,24.0,59,21,-45,-1.39,59,0,0.0,0.0,0.0,0.0,0.0,0.0
2026-07-30T15:42:54.864,1849.438,437,open,ACTUATOR_ACTIVE,TRAJECTORY_RUNNING,24.0,59,3,0,-1.26,59,0,0.0,0.0,0.0,0.0,0.0,0.0
2026-07-30T15:42:55.363,1849.938,437,open,ACTUATOR_ACTIVE,TRAJECTORY_COMPLETE,24.0,59,4,0,1.18,59,0,0.0,0.0,0.0,0.0,0.0,0.0
2026-07-30T15:42:55.975,1850.547,438,close,ACTUATOR_ACTIVE,TRAJECTORY_RUNNING,24.0,65,5,16,4.52,65,0,0.0,0.0,0.0,0.0,0.0,0.0
2026-07-30T15:42:56.474,1851.047,438,close,ACTUATOR_ACTIVE,TRAJECTORY_RUNNING,24.0,65,26,48,4.6,65,0,0.0,0.0,0.0,0.0,0.0,0.0
2026-07-30T15:42:56.975,1851.547,438,close,ACTUATOR_ACTIVE,TRAJECTORY_RUNNING,24.0,65,33,0,106.39,65,0,0.0,0.0,0.0,0.0,0.0,0.0
2026-07-30T15:42:57.477,1852.047,438,close,ACTUATOR_ACTIVE,TRAJECTORY_RUNNING,24.0,65,33,0,96.25,65,0,0.0,0.0,0.0,0.0,0.0,0.0
2026-07-30T15:42:58.085,1852.657,438,open,ACTUATOR_ACTIVE,TRAJECTORY_RUNNING,24.0,65,33,-1,57.94,65,0,0.0,0.0,0.0,0.0,0.0,0.0
2026-07-30T15:42:58.595,1853.172,438,open,ACTUATOR_ACTIVE,TRAJECTORY_RUNNING,24.0,65,20,-47,-2.9,65,0,0.0,0.0,0.0,0.0,0.0,0.0
2026-07-30T15:42:59.096,1853.672,438,open,ACTUATOR_ACTIVE,TRAJECTORY_RUNNING,24.0,65,3,0,-1.06,65,0,0.0,0.0,0.0,0.0,0.0,0.0
2026-07-30T15:42:59.595,1854.172,438,open,ACTUATOR_ACTIVE,TRAJECTORY_COMPLETE,24.0,65,4,0,-0.01,65,0,0.0,0.0,0.0,0.0,0.0,0.0
2026-07-30T15:43:00.204,1854.782,439,close,ACTUATOR_ACTIVE,TRAJECTORY_RUNNING,24.0,61,5,17,5.67,61,0,0.0,0.0,0.0,0.0,0.0,0.0
2026-07-30T15:43:00.701,1855.282,439,close,ACTUATOR_ACTIVE,TRAJECTORY_RUNNING,24.0,61,26,46,3.03,61,0,0.0,0.0,0.0,0.0,0.0,0.0
2026-07-30T15:43:01.195,1855.766,439,close,ACTUATOR_ACTIVE,TRAJECTORY_RUNNING,24.0,61,33,0,106.63,61,0,0.0,0.0,0.0,0.0,0.0,0.0
2026-07-30T15:43:01.711,1856.282,439,close,ACTUATOR_ACTIVE,TRAJECTORY_RUNNING,24.0,61,33,0,97.02,61,0,0.0,0.0,0.0,0.0,0.0,0.0
2026-07-30T15:43:02.321,1856.891,439,open,ACTUATOR_ACTIVE,TRAJECTORY_RUNNING,24.0,61,33,-2,58.71,61,0,0.0,0.0,0.0,0.0,0.0,0.0
2026-07-30T15:43:02.833,1857.407,439,open,ACTUATOR_ACTIVE,TRAJECTORY_RUNNING,24.0,61,20,-46,-1.22,61,0,0.0,0.0,0.0,0.0,0.0,0.0
2026-07-30T15:43:03.331,1857.907,439,open,ACTUATOR_ACTIVE,TRAJECTORY_RUNNING,24.0,61,3,0,-0.86,61,0,0.0,0.0,0.0,0.0,0.0,0.0
2026-07-30T15:43:03.828,1858.407,439,open,ACTUATOR_ACTIVE,TRAJECTORY_COMPLETE,24.0,61,4,0,0.51,61,0,0.0,0.0,0.0,0.0,0.0,0.0
2026-07-30T15:43:04.440,1859.016,440,close,ACTUATOR_ACTIVE,TRAJECTORY_RUNNING,24.0,59,5,16,4.75,59,0,0.0,0.0,0.0,0.0,0.0,0.0
2026-07-30T15:43:04.936,1859.516,440,close,ACTUATOR_ACTIVE,TRAJECTORY_RUNNING,24.0,59,26,49,3.1,59,0,0.0,0.0,0.0,0.0,0.0,0.0
2026-07-30T15:43:05.433,1860.016,440,close,ACTUATOR_ACTIVE,TRAJECTORY_RUNNING,24.0,59,33,0,104.36,59,0,0.0,0.0,0.0,0.0,0.0,0.0
2026-07-30T15:43:05.931,1860.5,440,close,ACTUATOR_ACTIVE,TRAJECTORY_RUNNING,24.0,59,33,0,100.26,59,0,0.0,0.0,0.0,0.0,0.0,0.0
2026-07-30T15:43:06.557,1861.141,440,open,ACTUATOR_ACTIVE,TRAJECTORY_RUNNING,24.0,59,33,-2,56.3,59,0,0.0,0.0,0.0,0.0,0.0,0.0
2026-07-30T15:43:07.055,1861.625,440,open,ACTUATOR_ACTIVE,TRAJECTORY_RUNNING,24.0,59,21,-48,-2.63,59,0,0.0,0.0,0.0,0.0,0.0,0.0
2026-07-30T15:43:07.571,1862.141,440,open,ACTUATOR_ACTIVE,TRAJECTORY_RUNNING,24.0,59,3,0,-0.15,59,0,0.0,0.0,0.0,0.0,0.0,0.0
2026-07-30T15:43:08.069,1862.641,440,open,ACTUATOR_ACTIVE,TRAJECTORY_COMPLETE,24.0,58,4,0,0.34,58,0,0.0,0.0,0.0,0.0,0.0,0.0
2026-07-30T15:43:08.680,1863.25,441,close,ACTUATOR_ACTIVE,TRAJECTORY_RUNNING,24.0,58,5,16,5.58,58,0,0.0,0.0,0.0,0.0,0.0,0.0
2026-07-30T15:43:09.177,1863.75,441,close,ACTUATOR_ACTIVE,TRAJECTORY_RUNNING,24.0,58,27,50,3.63,58,0,0.0,0.0,0.0,0.0,0.0,0.0
2026-07-30T15:43:09.675,1864.25,441,close,ACTUATOR_ACTIVE,TRAJECTORY_RUNNING,24.0,58,33,0,108.14,58,0,0.0,0.0,0.0,0.0,0.0,0.0
2026-07-30T15:43:10.176,1864.75,441,close,ACTUATOR_ACTIVE,TRAJECTORY_RUNNING,24.0,58,33,0,93.9,58,0,0.0,0.0,0.0,0.0,0.0,0.0
2026-07-30T15:43:10.780,1865.36,441,open,ACTUATOR_ACTIVE,TRAJECTORY_RUNNING,24.0,58,33,-1,56.62,58,0,0.0,0.0,0.0,0.0,0.0,0.0
2026-07-30T15:43:11.276,1865.86,441,open,ACTUATOR_ACTIVE,TRAJECTORY_RUNNING,24.0,58,21,-45,0.1,58,0,0.0,0.0,0.0,0.0,0.0,0.0
2026-07-30T15:43:11.772,1866.344,441,open,ACTUATOR_ACTIVE,TRAJECTORY_RUNNING,24.0,58,3,-1,-2.59,58,0,0.0,0.0,0.0,0.0,0.0,0.0
2026-07-30T15:43:12.277,1866.86,441,open,ACTUATOR_ACTIVE,TRAJECTORY_COMPLETE,24.0,61,4,0,0.31,61,0,0.0,0.0,0.0,0.0,0.0,0.0
2026-07-30T15:43:12.883,1867.453,442,close,ACTUATOR_ACTIVE,TRAJECTORY_RUNNING,24.0,61,5,16,5.08,61,0,0.0,0.0,0.0,0.0,0.0,0.0
2026-07-30T15:43:13.398,1867.969,442,close,ACTUATOR_ACTIVE,TRAJECTORY_RUNNING,24.0,61,27,48,3.05,61,0,0.0,0.0,0.0,0.0,0.0,0.0
2026-07-30T15:43:13.894,1868.469,442,close,ACTUATOR_ACTIVE,TRAJECTORY_RUNNING,24.0,61,33,0,106.01,61,0,0.0,0.0,0.0,0.0,0.0,0.0
2026-07-30T15:43:14.392,1868.969,442,close,ACTUATOR_ACTIVE,TRAJECTORY_RUNNING,24.0,61,33,0,93.5,61,0,0.0,0.0,0.0,0.0,0.0,0.0
2026-07-30T15:43:15.002,1869.578,442,open,ACTUATOR_ACTIVE,TRAJECTORY_RUNNING,24.0,61,33,-2,56.99,61,0,0.0,0.0,0.0,0.0,0.0,0.0
2026-07-30T15:43:15.497,1870.078,442,open,ACTUATOR_ACTIVE,TRAJECTORY_RUNNING,24.0,61,21,-49,-1.49,61,0,0.0,0.0,0.0,0.0,0.0,0.0
2026-07-30T15:43:15.995,1870.578,442,open,ACTUATOR_ACTIVE,TRAJECTORY_RUNNING,24.0,63,3,0,-2.19,63,0,0.0,0.0,0.0,0.0,0.0,0.0
2026-07-30T15:43:16.494,1871.078,442,open,ACTUATOR_ACTIVE,TRAJECTORY_COMPLETE,24.0,63,4,0,0.17,63,0,0.0,0.0,0.0,0.0,0.0,0.0
2026-07-30T15:43:17.102,1871.672,443,close,ACTUATOR_ACTIVE,TRAJECTORY_RUNNING,24.0,63,5,15,4.61,63,0,0.0,0.0,0.0,0.0,0.0,0.0
2026-07-30T15:43:17.619,1872.203,443,close,ACTUATOR_ACTIVE,TRAJECTORY_RUNNING,24.0,63,27,48,3.84,63,0,0.0,0.0,0.0,0.0,0.0,0.0
2026-07-30T15:43:18.100,1872.672,443,close,ACTUATOR_ACTIVE,TRAJECTORY_RUNNING,24.0,63,33,0,99.63,63,0,0.0,0.0,0.0,0.0,0.0,0.0
2026-07-30T15:43:18.616,1873.188,443,close,ACTUATOR_ACTIVE,TRAJECTORY_RUNNING,24.0,63,33,0,100.87,63,0,0.0,0.0,0.0,0.0,0.0,0.0
2026-07-30T15:43:19.224,1873.797,443,open,ACTUATOR_ACTIVE,TRAJECTORY_RUNNING,24.0,63,33,0,56.0,63,0,0.0,0.0,0.0,0.0,0.0,0.0
2026-07-30T15:43:19.722,1874.297,443,open,ACTUATOR_ACTIVE,TRAJECTORY_RUNNING,24.0,63,21,-49,-3.51,63,0,0.0,0.0,0.0,0.0,0.0,0.0
2026-07-30T15:43:20.221,1874.797,443,open,ACTUATOR_ACTIVE,TRAJECTORY_RUNNING,24.0,62,3,0,-0.99,62,0,0.0,0.0,0.0,0.0,0.0,0.0
2026-07-30T15:43:20.719,1875.297,443,open,ACTUATOR_ACTIVE,TRAJECTORY_COMPLETE,24.0,62,4,1,0.43,62,0,0.0,0.0,0.0,0.0,0.0,0.0
2026-07-30T15:43:21.329,1875.907,444,close,ACTUATOR_ACTIVE,TRAJECTORY_RUNNING,24.0,62,5,17,4.95,62,0,0.0,0.0,0.0,0.0,0.0,0.0
2026-07-30T15:43:21.825,1876.407,444,close,ACTUATOR_ACTIVE,TRAJECTORY_RUNNING,24.0,62,26,46,2.74,62,0,0.0,0.0,0.0,0.0,0.0,0.0
2026-07-30T15:43:22.322,1876.907,444,close,ACTUATOR_ACTIVE,TRAJECTORY_RUNNING,24.0,62,33,0,106.73,62,0,0.0,0.0,0.0,0.0,0.0,0.0
2026-07-30T15:43:22.818,1877.391,444,close,ACTUATOR_ACTIVE,TRAJECTORY_RUNNING,24.0,62,33,0,103.29,62,0,0.0,0.0,0.0,0.0,0.0,0.0
2026-07-30T15:43:23.442,1878.016,444,open,ACTUATOR_ACTIVE,TRAJECTORY_RUNNING,24.0,62,33,-2,56.21,62,0,0.0,0.0,0.0,0.0,0.0,0.0
2026-07-30T15:43:23.956,1878.532,444,open,ACTUATOR_ACTIVE,TRAJECTORY_RUNNING,24.0,62,20,-48,-1.76,62,0,0.0,0.0,0.0,0.0,0.0,0.0
2026-07-30T15:43:24.448,1879.032,444,open,ACTUATOR_ACTIVE,TRAJECTORY_RUNNING,24.0,63,3,0,-0.09,63,0,0.0,0.0,0.0,0.0,0.0,0.0
2026-07-30T15:43:24.947,1879.532,444,open,ACTUATOR_ACTIVE,TRAJECTORY_COMPLETE,24.0,63,4,1,0.56,63,0,0.0,0.0,0.0,0.0,0.0,0.0
2026-07-30T15:43:25.557,1880.141,445,close,ACTUATOR_ACTIVE,TRAJECTORY_RUNNING,24.0,63,5,18,2.19,63,0,0.0,0.0,0.0,0.0,0.0,0.0
2026-07-30T15:43:26.054,1880.625,445,close,ACTUATOR_ACTIVE,TRAJECTORY_RUNNING,24.0,63,26,49,3.4,63,0,0.0,0.0,0.0,0.0,0.0,0.0
2026-07-30T15:43:26.570,1881.141,445,close,ACTUATOR_ACTIVE,TRAJECTORY_RUNNING,24.0,63,33,0,103.08,63,0,0.0,0.0,0.0,0.0,0.0,0.0
2026-07-30T15:43:27.068,1881.641,445,close,ACTUATOR_ACTIVE,TRAJECTORY_RUNNING,24.0,63,33,0,104.61,63,0,0.0,0.0,0.0,0.0,0.0,0.0
2026-07-30T15:43:27.677,1882.25,445,open,ACTUATOR_ACTIVE,TRAJECTORY_RUNNING,24.0,63,33,-1,50.24,63,0,0.0,0.0,0.0,0.0,0.0,0.0
2026-07-30T15:43:28.177,1882.75,445,open,ACTUATOR_ACTIVE,TRAJECTORY_RUNNING,24.0,61,21,-45,-0.92,61,0,0.0,0.0,0.0,0.0,0.0,0.0
2026-07-30T15:43:28.675,1883.25,445,open,ACTUATOR_ACTIVE,TRAJECTORY_RUNNING,24.0,61,3,0,-1.93,61,0,0.0,0.0,0.0,0.0,0.0,0.0
2026-07-30T15:43:29.174,1883.75,445,open,ACTUATOR_ACTIVE,TRAJECTORY_COMPLETE,24.0,61,4,0,0.46,61,0,0.0,0.0,0.0,0.0,0.0,0.0
2026-07-30T15:43:29.784,1884.36,446,close,ACTUATOR_ACTIVE,TRAJECTORY_RUNNING,24.0,61,5,15,4.23,61,0,0.0,0.0,0.0,0.0,0.0,0.0
2026-07-30T15:43:30.283,1884.86,446,close,ACTUATOR_ACTIVE,TRAJECTORY_RUNNING,24.0,61,26,49,2.34,61,0,0.0,0.0,0.0,0.0,0.0,0.0
2026-07-30T15:43:30.781,1885.36,446,close,ACTUATOR_ACTIVE,TRAJECTORY_RUNNING,24.0,61,33,0,103.81,61,0,0.0,0.0,0.0,0.0,0.0,0.0
2026-07-30T15:43:31.279,1885.86,446,close,ACTUATOR_ACTIVE,TRAJECTORY_RUNNING,24.0,61,33,0,100.71,61,0,0.0,0.0,0.0,0.0,0.0,0.0
2026-07-30T15:43:31.888,1886.469,446,open,ACTUATOR_ACTIVE,TRAJECTORY_RUNNING,24.0,61,33,-1,59.5,61,0,0.0,0.0,0.0,0.0,0.0,0.0
2026-07-30T15:43:32.388,1886.969,446,open,ACTUATOR_ACTIVE,TRAJECTORY_RUNNING,24.0,63,21,-47,-2.02,63,0,0.0,0.0,0.0,0.0,0.0,0.0
2026-07-30T15:43:32.885,1887.469,446,open,ACTUATOR_ACTIVE,TRAJECTORY_RUNNING,24.0,63,3,0,-2.4,63,0,0.0,0.0,0.0,0.0,0.0,0.0
2026-07-30T15:43:33.376,1887.953,446,open,ACTUATOR_ACTIVE,TRAJECTORY_COMPLETE,24.0,63,4,0,0.1,63,0,0.0,0.0,0.0,0.0,0.0,0.0
2026-07-30T15:43:33.998,1888.578,447,close,ACTUATOR_ACTIVE,TRAJECTORY_RUNNING,24.0,63,5,15,4.74,63,0,0.0,0.0,0.0,0.0,0.0,0.0
2026-07-30T15:43:34.491,1889.063,447,close,ACTUATOR_ACTIVE,TRAJECTORY_RUNNING,24.0,63,26,48,3.84,63,0,0.0,0.0,0.0,0.0,0.0,0.0
2026-07-30T15:43:35.002,1889.578,447,close,ACTUATOR_ACTIVE,TRAJECTORY_RUNNING,24.0,63,33,0,102.21,63,0,0.0,0.0,0.0,0.0,0.0,0.0
2026-07-30T15:43:35.493,1890.078,447,close,ACTUATOR_ACTIVE,TRAJECTORY_RUNNING,24.0,63,33,0,106.07,63,0,0.0,0.0,0.0,0.0,0.0,0.0
2026-07-30T15:43:36.099,1890.672,447,open,ACTUATOR_ACTIVE,TRAJECTORY_RUNNING,24.0,62,33,0,53.83,62,0,0.0,0.0,0.0,0.0,0.0,0.0
2026-07-30T15:43:36.615,1891.188,447,open,ACTUATOR_ACTIVE,TRAJECTORY_RUNNING,24.0,62,18,-48,-1.04,62,0,0.0,0.0,0.0,0.0,0.0,0.0
2026-07-30T15:43:37.110,1891.688,447,open,ACTUATOR_ACTIVE,TRAJECTORY_COMPLETE,24.0,62,5,3,2.28,62,0,0.0,0.0,0.0,0.0,0.0,0.0
2026-07-30T15:43:37.606,1892.188,447,open,ACTUATOR_ACTIVE,TRAJECTORY_COMPLETE,24.0,62,5,-1,-0.48,62,0,0.0,0.0,0.0,0.0,0.0,0.0
2026-07-30T15:43:38.215,1892.797,448,close,ACTUATOR_ACTIVE,TRAJECTORY_RUNNING,24.0,62,5,16,3.64,62,0,0.0,0.0,0.0,0.0,0.0,0.0
2026-07-30T15:43:38.713,1893.297,448,close,ACTUATOR_ACTIVE,TRAJECTORY_RUNNING,24.0,62,26,47,4.26,62,0,0.0,0.0,0.0,0.0,0.0,0.0
2026-07-30T15:43:39.213,1893.797,448,close,ACTUATOR_ACTIVE,TRAJECTORY_RUNNING,24.0,62,33,0,105.59,62,0,0.0,0.0,0.0,0.0,0.0,0.0
2026-07-30T15:43:39.707,1894.282,448,close,ACTUATOR_ACTIVE,TRAJECTORY_RUNNING,24.0,62,33,0,98.19,62,0,0.0,0.0,0.0,0.0,0.0,0.0
2026-07-30T15:43:40.329,1894.907,448,open,ACTUATOR_ACTIVE,TRAJECTORY_RUNNING,24.0,61,33,-1,58.46,61,0,0.0,0.0,0.0,0.0,0.0,0.0
2026-07-30T15:43:40.824,1895.407,448,open,ACTUATOR_ACTIVE,TRAJECTORY_RUNNING,24.0,61,21,-45,-0.53,61,0,0.0,0.0,0.0,0.0,0.0,0.0
2026-07-30T15:43:41.322,1895.891,448,open,ACTUATOR_ACTIVE,TRAJECTORY_RUNNING,24.0,61,3,0,-1.94,61,0,0.0,0.0,0.0,0.0,0.0,0.0
2026-07-30T15:43:41.836,1896.407,448,open,ACTUATOR_ACTIVE,TRAJECTORY_COMPLETE,24.0,61,4,2,0.45,61,0,0.0,0.0,0.0,0.0,0.0,0.0
2026-07-30T15:43:42.444,1897.016,449,close,ACTUATOR_ACTIVE,TRAJECTORY_RUNNING,24.0,61,5,16,4.46,61,0,0.0,0.0,0.0,0.0,0.0,0.0
2026-07-30T15:43:42.957,1897.532,449,close,ACTUATOR_ACTIVE,TRAJECTORY_RUNNING,24.0,61,27,47,5.04,61,0,0.0,0.0,0.0,0.0,0.0,0.0
2026-07-30T15:43:43.455,1898.032,449,close,ACTUATOR_ACTIVE,TRAJECTORY_RUNNING,24.0,61,33,0,106.12,61,0,0.0,0.0,0.0,0.0,0.0,0.0
2026-07-30T15:43:43.952,1898.532,449,close,ACTUATOR_ACTIVE,TRAJECTORY_RUNNING,24.0,61,33,0,101.51,61,0,0.0,0.0,0.0,0.0,0.0,0.0
2026-07-30T15:43:44.562,1899.141,449,open,ACTUATOR_ACTIVE,TRAJECTORY_RUNNING,24.0,61,33,0,51.94,61,0,0.0,0.0,0.0,0.0,0.0,0.0
2026-07-30T15:43:45.060,1899.641,449,open,ACTUATOR_ACTIVE,TRAJECTORY_RUNNING,24.0,61,21,-44,-2.01,61,0,0.0,0.0,0.0,0.0,0.0,0.0
2026-07-30T15:43:45.559,1900.141,449,open,ACTUATOR_ACTIVE,TRAJECTORY_RUNNING,24.0,61,3,-1,-0.91,61,0,0.0,0.0,0.0,0.0,0.0,0.0
2026-07-30T15:43:46.057,1900.641,449,open,ACTUATOR_ACTIVE,TRAJECTORY_COMPLETE,24.0,61,4,0,0.48,61,0,0.0,0.0,0.0,0.0,0.0,0.0
2026-07-30T15:43:46.662,1901.235,450,close,ACTUATOR_ACTIVE,TRAJECTORY_RUNNING,24.0,61,5,16,5.58,61,0,0.0,0.0,0.0,0.0,0.0,0.0
2026-07-30T15:43:47.174,1901.75,450,close,ACTUATOR_ACTIVE,TRAJECTORY_RUNNING,24.0,61,25,49,2.5,61,0,0.0,0.0,0.0,0.0,0.0,0.0
2026-07-30T15:43:47.673,1902.25,450,close,ACTUATOR_ACTIVE,TRAJECTORY_RUNNING,24.0,61,32,0,33.02,61,0,0.0,0.0,0.0,0.0,0.0,0.0
2026-07-30T15:43:48.170,1902.75,450,close,ACTUATOR_ACTIVE,TRAJECTORY_RUNNING,24.0,60,32,0,31.95,60,0,0.0,0.0,0.0,0.0,0.0,0.0
2026-07-30T15:43:48.781,1903.36,450,open,ACTUATOR_ACTIVE,TRAJECTORY_RUNNING,24.0,60,32,-15,7.73,60,0,0.0,0.0,0.0,0.0,0.0,0.0
2026-07-30T15:43:49.279,1903.86,450,open,ACTUATOR_ACTIVE,TRAJECTORY_RUNNING,24.0,60,14,-48,-1.36,60,0,0.0,0.0,0.0,0.0,0.0,0.0
2026-07-30T15:43:49.776,1904.36,450,open,ACTUATOR_ACTIVE,TRAJECTORY_RUNNING,24.0,60,3,8,3.18,60,0,0.0,0.0,0.0,0.0,0.0,0.0
2026-07-30T15:43:50.272,1904.844,450,open,ACTUATOR_ACTIVE,TRAJECTORY_COMPLETE,24.0,60,4,0,0.17,60,0,0.0,0.0,0.0,0.0,0.0,0.0
2026-07-30T15:43:50.896,1905.469,451,close,ACTUATOR_ACTIVE,TRAJECTORY_RUNNING,24.0,60,5,18,3.89,60,0,0.0,0.0,0.0,0.0,0.0,0.0
2026-07-30T15:43:51.388,1905.969,451,close,ACTUATOR_ACTIVE,TRAJECTORY_RUNNING,24.0,60,26,47,3.25,60,0,0.0,0.0,0.0,0.0,0.0,0.0
2026-07-30T15:43:51.888,1906.469,451,close,ACTUATOR_ACTIVE,TRAJECTORY_RUNNING,24.0,60,33,0,100.49,60,0,0.0,0.0,0.0,0.0,0.0,0.0
2026-07-30T15:43:52.387,1906.969,451,close,ACTUATOR_ACTIVE,TRAJECTORY_RUNNING,24.0,64,33,0,102.98,64,0,0.0,0.0,0.0,0.0,0.0,0.0
2026-07-30T15:43:52.999,1907.578,451,open,ACTUATOR_ACTIVE,TRAJECTORY_RUNNING,24.0,64,33,0,53.49,64,0,0.0,0.0,0.0,0.0,0.0,0.0
2026-07-30T15:43:53.497,1908.078,451,open,ACTUATOR_ACTIVE,TRAJECTORY_RUNNING,24.0,64,21,-45,-0.14,64,0,0.0,0.0,0.0,0.0,0.0,0.0
2026-07-30T15:43:53.996,1908.578,451,open,ACTUATOR_ACTIVE,TRAJECTORY_RUNNING,24.0,64,3,0,-1.37,64,0,0.0,0.0,0.0,0.0,0.0,0.0
2026-07-30T15:43:54.494,1909.078,451,open,ACTUATOR_ACTIVE,TRAJECTORY_COMPLETE,24.0,64,4,0,0.65,64,0,0.0,0.0,0.0,0.0,0.0,0.0
2026-07-30T15:43:55.104,1909.688,452,close,ACTUATOR_ACTIVE,TRAJECTORY_RUNNING,24.0,64,5,15,5.12,64,0,0.0,0.0,0.0,0.0,0.0,0.0
2026-07-30T15:43:55.600,1910.172,452,close,ACTUATOR_ACTIVE,TRAJECTORY_RUNNING,24.0,64,26,46,2.01,64,0,0.0,0.0,0.0,0.0,0.0,0.0
2026-07-30T15:43:56.115,1910.688,452,close,ACTUATOR_ACTIVE,TRAJECTORY_RUNNING,24.0,60,33,0,98.55,60,0,0.0,0.0,0.0,0.0,0.0,0.0
2026-07-30T15:43:56.613,1911.188,452,close,ACTUATOR_ACTIVE,TRAJECTORY_RUNNING,24.0,60,33,0,96.27,60,0,0.0,0.0,0.0,0.0,0.0,0.0
2026-07-30T15:43:57.223,1911.797,452,open,ACTUATOR_ACTIVE,TRAJECTORY_RUNNING,24.0,60,33,0,54.67,60,0,0.0,0.0,0.0,0.0,0.0,0.0
2026-07-30T15:43:57.723,1912.297,452,open,ACTUATOR_ACTIVE,TRAJECTORY_RUNNING,24.0,60,21,-46,-0.91,60,0,0.0,0.0,0.0,0.0,0.0,0.0
2026-07-30T15:43:58.220,1912.797,452,open,ACTUATOR_ACTIVE,TRAJECTORY_RUNNING,24.0,60,3,0,-0.78,60,0,0.0,0.0,0.0,0.0,0.0,0.0
2026-07-30T15:43:58.715,1913.297,452,open,ACTUATOR_ACTIVE,TRAJECTORY_COMPLETE,24.0,60,4,0,0.44,60,0,0.0,0.0,0.0,0.0,0.0,0.0
2026-07-30T15:43:59.321,1913.891,453,close,ACTUATOR_ACTIVE,TRAJECTORY_RUNNING,24.0,60,5,14,3.78,60,0,0.0,0.0,0.0,0.0,0.0,0.0
2026-07-30T15:43:59.835,1914.407,453,close,ACTUATOR_ACTIVE,TRAJECTORY_RUNNING,24.0,60,27,46,3.45,60,0,0.0,0.0,0.0,0.0,0.0,0.0
2026-07-30T15:44:00.333,1914.907,453,close,ACTUATOR_ACTIVE,TRAJECTORY_RUNNING,24.0,60,33,0,106.56,60,0,0.0,0.0,0.0,0.0,0.0,0.0
2026-07-30T15:44:00.832,1915.407,453,close,ACTUATOR_ACTIVE,TRAJECTORY_RUNNING,24.0,60,33,0,100.17,60,0,0.0,0.0,0.0,0.0,0.0,0.0
2026-07-30T15:44:01.445,1916.016,453,open,ACTUATOR_ACTIVE,TRAJECTORY_RUNNING,24.0,60,33,-1,54.71,60,0,0.0,0.0,0.0,0.0,0.0,0.0
2026-07-30T15:44:01.944,1916.516,453,open,ACTUATOR_ACTIVE,TRAJECTORY_RUNNING,24.0,60,21,-47,-2.09,60,0,0.0,0.0,0.0,0.0,0.0,0.0
2026-07-30T15:44:02.440,1917.016,453,open,ACTUATOR_ACTIVE,TRAJECTORY_RUNNING,24.0,60,3,0,-0.96,60,0,0.0,0.0,0.0,0.0,0.0,0.0
2026-07-30T15:44:02.938,1917.516,453,open,ACTUATOR_ACTIVE,TRAJECTORY_COMPLETE,24.0,60,4,1,0.49,60,0,0.0,0.0,0.0,0.0,0.0,0.0
2026-07-30T15:44:03.549,1918.125,454,close,ACTUATOR_ACTIVE,TRAJECTORY_RUNNING,24.0,60,5,13,4.76,60,0,0.0,0.0,0.0,0.0,0.0,0.0
2026-07-30T15:44:04.049,1918.625,454,close,ACTUATOR_ACTIVE,TRAJECTORY_RUNNING,24.0,61,26,48,3.29,61,0,0.0,0.0,0.0,0.0,0.0,0.0
2026-07-30T15:44:04.547,1919.125,454,close,ACTUATOR_ACTIVE,TRAJECTORY_RUNNING,24.0,61,33,0,106.11,61,0,0.0,0.0,0.0,0.0,0.0,0.0
2026-07-30T15:44:05.044,1919.625,454,close,ACTUATOR_ACTIVE,TRAJECTORY_RUNNING,24.0,61,33,0,98.62,61,0,0.0,0.0,0.0,0.0,0.0,0.0
2026-07-30T15:44:05.655,1920.235,454,open,ACTUATOR_ACTIVE,TRAJECTORY_RUNNING,24.0,61,33,-1,53.63,61,0,0.0,0.0,0.0,0.0,0.0,0.0
2026-07-30T15:44:06.150,1920.735,454,open,ACTUATOR_ACTIVE,TRAJECTORY_RUNNING,24.0,61,18,-48,-4.18,61,0,0.0,0.0,0.0,0.0,0.0,0.0
2026-07-30T15:44:06.649,1921.219,454,open,ACTUATOR_ACTIVE,TRAJECTORY_COMPLETE,24.0,61,4,5,1.76,61,0,0.0,0.0,0.0,0.0,0.0,0.0
2026-07-30T15:44:07.162,1921.735,454,open,ACTUATOR_ACTIVE,TRAJECTORY_COMPLETE,24.0,61,4,1,1.69,61,0,0.0,0.0,0.0,0.0,0.0,0.0
2026-07-30T15:44:07.768,1922.344,455,close,ACTUATOR_ACTIVE,TRAJECTORY_RUNNING,24.0,61,5,15,5.31,61,0,0.0,0.0,0.0,0.0,0.0,0.0
2026-07-30T15:44:08.268,1922.844,455,close,ACTUATOR_ACTIVE,TRAJECTORY_RUNNING,24.0,62,26,48,2.92,62,0,0.0,0.0,0.0,0.0,0.0,0.0
2026-07-30T15:44:08.765,1923.344,455,close,ACTUATOR_ACTIVE,TRAJECTORY_RUNNING,24.0,62,33,0,100.13,62,0,0.0,0.0,0.0,0.0,0.0,0.0
2026-07-30T15:44:09.260,1923.844,455,close,ACTUATOR_ACTIVE,TRAJECTORY_RUNNING,24.0,62,33,0,100.2,62,0,0.0,0.0,0.0,0.0,0.0,0.0
2026-07-30T15:44:09.874,1924.453,455,open,ACTUATOR_ACTIVE,TRAJECTORY_RUNNING,24.0,62,33,-2,52.39,62,0,0.0,0.0,0.0,0.0,0.0,0.0
2026-07-30T15:44:10.373,1924.953,455,open,ACTUATOR_ACTIVE,TRAJECTORY_RUNNING,24.0,62,21,-49,-3.46,62,0,0.0,0.0,0.0,0.0,0.0,0.0
2026-07-30T15:44:10.871,1925.453,455,open,ACTUATOR_ACTIVE,TRAJECTORY_RUNNING,24.0,62,3,0,-1.16,62,0,0.0,0.0,0.0,0.0,0.0,0.0
2026-07-30T15:44:11.366,1925.938,455,open,ACTUATOR_ACTIVE,TRAJECTORY_COMPLETE,24.0,62,4,0,-0.71,62,0,0.0,0.0,0.0,0.0,0.0,0.0
2026-07-30T15:44:11.989,1926.563,456,close,ACTUATOR_ACTIVE,TRAJECTORY_RUNNING,24.0,61,5,19,5.88,61,0,0.0,0.0,0.0,0.0,0.0,0.0
2026-07-30T15:44:12.487,1927.063,456,close,ACTUATOR_ACTIVE,TRAJECTORY_RUNNING,24.0,61,26,47,2.75,61,0,0.0,0.0,0.0,0.0,0.0,0.0
2026-07-30T15:44:12.986,1927.563,456,close,ACTUATOR_ACTIVE,TRAJECTORY_RUNNING,24.0,61,33,0,96.42,61,0,0.0,0.0,0.0,0.0,0.0,0.0
2026-07-30T15:44:13.482,1928.063,456,close,ACTUATOR_ACTIVE,TRAJECTORY_RUNNING,24.0,61,33,0,103.46,61,0,0.0,0.0,0.0,0.0,0.0,0.0
2026-07-30T15:44:14.095,1928.672,456,open,ACTUATOR_ACTIVE,TRAJECTORY_RUNNING,24.0,61,33,-1,51.87,61,0,0.0,0.0,0.0,0.0,0.0,0.0
2026-07-30T15:44:14.596,1929.172,456,open,ACTUATOR_ACTIVE,TRAJECTORY_RUNNING,24.0,61,20,-48,-3.58,61,0,0.0,0.0,0.0,0.0,0.0,0.0
2026-07-30T15:44:15.095,1929.672,456,open,ACTUATOR_ACTIVE,TRAJECTORY_RUNNING,24.0,61,3,0,-0.74,61,0,0.0,0.0,0.0,0.0,0.0,0.0
2026-07-30T15:44:15.594,1930.172,456,open,ACTUATOR_ACTIVE,TRAJECTORY_COMPLETE,24.0,61,5,0,0.52,61,0,0.0,0.0,0.0,0.0,0.0,0.0
2026-07-30T15:44:16.205,1930.782,457,close,ACTUATOR_ACTIVE,TRAJECTORY_RUNNING,24.0,58,5,18,5.16,58,0,0.0,0.0,0.0,0.0,0.0,0.0
2026-07-30T15:44:16.701,1931.282,457,close,ACTUATOR_ACTIVE,TRAJECTORY_RUNNING,24.0,58,26,47,3.51,58,0,0.0,0.0,0.0,0.0,0.0,0.0
2026-07-30T15:44:17.201,1931.782,457,close,ACTUATOR_ACTIVE,TRAJECTORY_RUNNING,24.0,58,33,0,98.81,58,0,0.0,0.0,0.0,0.0,0.0,0.0
2026-07-30T15:44:17.701,1932.282,457,close,ACTUATOR_ACTIVE,TRAJECTORY_RUNNING,24.0,58,33,0,97.21,58,0,0.0,0.0,0.0,0.0,0.0,0.0
2026-07-30T15:44:18.309,1932.891,457,open,ACTUATOR_ACTIVE,TRAJECTORY_RUNNING,24.0,58,33,-1,55.54,58,0,0.0,0.0,0.0,0.0,0.0,0.0
2026-07-30T15:44:18.806,1933.391,457,open,ACTUATOR_ACTIVE,TRAJECTORY_RUNNING,24.0,58,21,-47,0.43,58,0,0.0,0.0,0.0,0.0,0.0,0.0
2026-07-30T15:44:19.303,1933.875,457,open,ACTUATOR_ACTIVE,TRAJECTORY_RUNNING,24.0,58,3,0,-2.17,58,0,0.0,0.0,0.0,0.0,0.0,0.0
2026-07-30T15:44:19.817,1934.391,457,open,ACTUATOR_ACTIVE,TRAJECTORY_COMPLETE,24.0,58,4,0,0.43,58,0,0.0,0.0,0.0,0.0,0.0,0.0
2026-07-30T15:44:20.425,1935.0,458,close,ACTUATOR_ACTIVE,TRAJECTORY_RUNNING,24.0,63,5,16,4.48,63,0,0.0,0.0,0.0,0.0,0.0,0.0
2026-07-30T15:44:20.926,1935.5,458,close,ACTUATOR_ACTIVE,TRAJECTORY_RUNNING,24.0,63,26,50,3.69,63,0,0.0,0.0,0.0,0.0,0.0,0.0
2026-07-30T15:44:21.418,1936.0,458,close,ACTUATOR_ACTIVE,TRAJECTORY_RUNNING,24.0,63,33,0,93.88,63,0,0.0,0.0,0.0,0.0,0.0,0.0
2026-07-30T15:44:21.914,1936.485,458,close,ACTUATOR_ACTIVE,TRAJECTORY_RUNNING,24.0,63,33,0,99.74,63,0,0.0,0.0,0.0,0.0,0.0,0.0
2026-07-30T15:44:22.539,1937.11,458,open,ACTUATOR_ACTIVE,TRAJECTORY_RUNNING,24.0,63,33,-1,55.84,63,0,0.0,0.0,0.0,0.0,0.0,0.0
2026-07-30T15:44:23.056,1937.625,458,open,ACTUATOR_ACTIVE,TRAJECTORY_RUNNING,24.0,63,20,-48,-3.06,63,0,0.0,0.0,0.0,0.0,0.0,0.0
2026-07-30T15:44:23.553,1938.125,458,open,ACTUATOR_ACTIVE,TRAJECTORY_RUNNING,24.0,63,3,-1,-0.55,63,0,0.0,0.0,0.0,0.0,0.0,0.0
2026-07-30T15:44:24.051,1938.625,458,open,ACTUATOR_ACTIVE,TRAJECTORY_COMPLETE,24.0,65,5,0,0.12,65,0,0.0,0.0,0.0,0.0,0.0,0.0
2026-07-30T15:44:24.658,1939.235,459,close,ACTUATOR_ACTIVE,TRAJECTORY_RUNNING,24.0,65,5,15,4.61,65,0,0.0,0.0,0.0,0.0,0.0,0.0
2026-07-30T15:44:25.157,1939.735,459,close,ACTUATOR_ACTIVE,TRAJECTORY_RUNNING,24.0,65,26,47,3.25,65,0,0.0,0.0,0.0,0.0,0.0,0.0
2026-07-30T15:44:25.655,1940.235,459,close,ACTUATOR_ACTIVE,TRAJECTORY_RUNNING,24.0,65,33,0,99.68,65,0,0.0,0.0,0.0,0.0,0.0,0.0
2026-07-30T15:44:26.151,1940.735,459,close,ACTUATOR_ACTIVE,TRAJECTORY_RUNNING,24.0,65,33,0,103.05,65,0,0.0,0.0,0.0,0.0,0.0,0.0
2026-07-30T15:44:26.762,1941.344,459,open,ACTUATOR_ACTIVE,TRAJECTORY_RUNNING,24.0,65,33,-1,53.86,65,0,0.0,0.0,0.0,0.0,0.0,0.0
2026-07-30T15:44:27.262,1941.844,459,open,ACTUATOR_ACTIVE,TRAJECTORY_RUNNING,24.0,65,21,-45,-0.86,65,0,0.0,0.0,0.0,0.0,0.0,0.0
2026-07-30T15:44:27.763,1942.344,459,open,ACTUATOR_ACTIVE,TRAJECTORY_RUNNING,24.0,65,3,0,-1.04,65,0,0.0,0.0,0.0,0.0,0.0,0.0
2026-07-30T15:44:28.261,1942.844,459,open,ACTUATOR_ACTIVE,TRAJECTORY_COMPLETE,24.0,61,4,0,0.29,61,0,0.0,0.0,0.0,0.0,0.0,0.0
2026-07-30T15:44:28.872,1943.453,460,close,ACTUATOR_ACTIVE,TRAJECTORY_RUNNING,24.0,61,5,16,3.68,61,0,0.0,0.0,0.0,0.0,0.0,0.0
2026-07-30T15:44:29.365,1943.938,460,close,ACTUATOR_ACTIVE,TRAJECTORY_RUNNING,24.0,61,26,48,5.45,61,0,0.0,0.0,0.0,0.0,0.0,0.0
2026-07-30T15:44:29.878,1944.453,460,close,ACTUATOR_ACTIVE,TRAJECTORY_RUNNING,24.0,61,33,0,109.33,61,0,0.0,0.0,0.0,0.0,0.0,0.0
2026-07-30T15:44:30.367,1944.938,460,close,ACTUATOR_ACTIVE,TRAJECTORY_RUNNING,24.0,61,33,0,101.31,61,0,0.0,0.0,0.0,0.0,0.0,0.0
2026-07-30T15:44:30.993,1945.563,460,open,ACTUATOR_ACTIVE,TRAJECTORY_RUNNING,24.0,61,33,-1,52.37,61,0,0.0,0.0,0.0,0.0,0.0,0.0
2026-07-30T15:44:31.506,1946.078,460,open,ACTUATOR_ACTIVE,TRAJECTORY_RUNNING,24.0,61,20,-46,-2.25,61,0,0.0,0.0,0.0,0.0,0.0,0.0
2026-07-30T15:44:32.002,1946.578,460,open,ACTUATOR_ACTIVE,TRAJECTORY_RUNNING,24.0,63,3,2,-0.45,63,0,0.0,0.0,0.0,0.0,0.0,0.0
2026-07-30T15:44:32.496,1947.078,460,open,ACTUATOR_ACTIVE,TRAJECTORY_COMPLETE,24.0,63,4,1,1.72,63,0,0.0,0.0,0.0,0.0,0.0,0.0
2026-07-30T15:44:33.108,1947.688,461,close,ACTUATOR_ACTIVE,TRAJECTORY_RUNNING,24.0,63,5,17,6.15,63,0,0.0,0.0,0.0,0.0,0.0,0.0
2026-07-30T15:44:33.606,1948.188,461,close,ACTUATOR_ACTIVE,TRAJECTORY_RUNNING,24.0,63,26,47,2.38,63,0,0.0,0.0,0.0,0.0,0.0,0.0
2026-07-30T15:44:34.095,1948.672,461,close,ACTUATOR_ACTIVE,TRAJECTORY_RUNNING,24.0,63,33,0,106.27,63,0,0.0,0.0,0.0,0.0,0.0,0.0
2026-07-30T15:44:34.605,1949.188,461,close,ACTUATOR_ACTIVE,TRAJECTORY_RUNNING,24.0,63,33,0,101.93,63,0,0.0,0.0,0.0,0.0,0.0,0.0
2026-07-30T15:44:35.217,1949.797,461,open,ACTUATOR_ACTIVE,TRAJECTORY_RUNNING,24.0,63,33,-1,54.34,63,0,0.0,0.0,0.0,0.0,0.0,0.0
2026-07-30T15:44:35.713,1950.297,461,open,ACTUATOR_ACTIVE,TRAJECTORY_RUNNING,24.0,63,21,-46,-2.39,63,0,0.0,0.0,0.0,0.0,0.0,0.0
2026-07-30T15:44:36.210,1950.782,461,open,ACTUATOR_ACTIVE,TRAJECTORY_RUNNING,24.0,65,3,0,-1.25,65,0,0.0,0.0,0.0,0.0,0.0,0.0
2026-07-30T15:44:36.724,1951.297,461,open,ACTUATOR_ACTIVE,TRAJECTORY_COMPLETE,24.0,65,4,0,0.19,65,0,0.0,0.0,0.0,0.0,0.0,0.0
2026-07-30T15:44:37.333,1951.907,462,close,ACTUATOR_ACTIVE,TRAJECTORY_RUNNING,24.0,65,5,16,4.45,65,0,0.0,0.0,0.0,0.0,0.0,0.0
2026-07-30T15:44:37.825,1952.407,462,close,ACTUATOR_ACTIVE,TRAJECTORY_RUNNING,24.0,65,25,46,3.11,65,0,0.0,0.0,0.0,0.0,0.0,0.0
2026-07-30T15:44:38.320,1952.891,462,close,ACTUATOR_ACTIVE,TRAJECTORY_RUNNING,24.0,65,32,0,32.73,65,0,0.0,0.0,0.0,0.0,0.0,0.0
2026-07-30T15:44:38.828,1953.407,462,close,ACTUATOR_ACTIVE,TRAJECTORY_RUNNING,24.0,65,32,0,26.66,65,0,0.0,0.0,0.0,0.0,0.0,0.0
2026-07-30T15:44:39.434,1954.016,462,open,ACTUATOR_ACTIVE,TRAJECTORY_RUNNING,24.0,65,32,-15,7.15,65,0,0.0,0.0,0.0,0.0,0.0,0.0
2026-07-30T15:44:39.935,1954.516,462,open,ACTUATOR_ACTIVE,TRAJECTORY_RUNNING,24.0,65,12,-48,-1.87,65,0,0.0,0.0,0.0,0.0,0.0,0.0
2026-07-30T15:44:40.430,1955.0,462,open,ACTUATOR_ACTIVE,TRAJECTORY_COMPLETE,24.0,64,4,0,-0.1,64,0,0.0,0.0,0.0,0.0,0.0,0.0
2026-07-30T15:44:40.943,1955.516,462,open,ACTUATOR_ACTIVE,TRAJECTORY_COMPLETE,24.0,64,5,0,0.75,64,0,0.0,0.0,0.0,0.0,0.0,0.0
2026-07-30T15:44:41.552,1956.125,463,close,ACTUATOR_ACTIVE,TRAJECTORY_RUNNING,24.0,64,5,16,4.98,64,0,0.0,0.0,0.0,0.0,0.0,0.0
2026-07-30T15:44:42.062,1956.641,463,close,ACTUATOR_ACTIVE,TRAJECTORY_RUNNING,24.0,64,27,49,4.38,64,0,0.0,0.0,0.0,0.0,0.0,0.0
2026-07-30T15:44:42.564,1957.141,463,close,ACTUATOR_ACTIVE,TRAJECTORY_RUNNING,24.0,64,33,0,106.76,64,0,0.0,0.0,0.0,0.0,0.0,0.0
2026-07-30T15:44:43.064,1957.641,463,close,ACTUATOR_ACTIVE,TRAJECTORY_RUNNING,24.0,64,33,0,98.8,64,0,0.0,0.0,0.0,0.0,0.0,0.0
2026-07-30T15:44:43.675,1958.25,463,open,ACTUATOR_ACTIVE,TRAJECTORY_RUNNING,24.0,64,33,-2,53.89,64,0,0.0,0.0,0.0,0.0,0.0,0.0
2026-07-30T15:44:44.174,1958.75,463,open,ACTUATOR_ACTIVE,TRAJECTORY_RUNNING,24.0,61,21,-46,-2.02,61,0,0.0,0.0,0.0,0.0,0.0,0.0
2026-07-30T15:44:44.673,1959.25,463,open,ACTUATOR_ACTIVE,TRAJECTORY_RUNNING,24.0,61,3,0,-1.57,61,0,0.0,0.0,0.0,0.0,0.0,0.0
2026-07-30T15:44:45.171,1959.75,463,open,ACTUATOR_ACTIVE,TRAJECTORY_COMPLETE,24.0,61,4,-1,0.03,61,0,0.0,0.0,0.0,0.0,0.0,0.0
2026-07-30T15:44:45.781,1960.36,464,close,ACTUATOR_ACTIVE,TRAJECTORY_RUNNING,24.0,61,5,17,6.07,61,0,0.0,0.0,0.0,0.0,0.0,0.0
2026-07-30T15:44:46.279,1960.86,464,close,ACTUATOR_ACTIVE,TRAJECTORY_RUNNING,24.0,61,26,48,2.47,61,0,0.0,0.0,0.0,0.0,0.0,0.0
2026-07-30T15:44:46.778,1961.36,464,close,ACTUATOR_ACTIVE,TRAJECTORY_RUNNING,24.0,61,33,0,111.36,61,0,0.0,0.0,0.0,0.0,0.0,0.0
2026-07-30T15:44:47.273,1961.844,464,close,ACTUATOR_ACTIVE,TRAJECTORY_RUNNING,24.0,61,33,0,100.73,61,0,0.0,0.0,0.0,0.0,0.0,0.0
2026-07-30T15:44:47.899,1962.469,464,open,ACTUATOR_ACTIVE,TRAJECTORY_RUNNING,24.0,61,33,-1,55.18,61,0,0.0,0.0,0.0,0.0,0.0,0.0
2026-07-30T15:44:48.411,1962.985,464,open,ACTUATOR_ACTIVE,TRAJECTORY_RUNNING,24.0,59,20,-46,-2.8,59,0,0.0,0.0,0.0,0.0,0.0,0.0
2026-07-30T15:44:48.907,1963.485,464,open,ACTUATOR_ACTIVE,TRAJECTORY_RUNNING,24.0,59,3,1,-0.69,59,0,0.0,0.0,0.0,0.0,0.0,0.0
2026-07-30T15:44:49.407,1963.985,464,open,ACTUATOR_ACTIVE,TRAJECTORY_COMPLETE,24.0,59,4,0,0.73,59,0,0.0,0.0,0.0,0.0,0.0,0.0
2026-07-30T15:44:50.018,1964.594,465,close,ACTUATOR_ACTIVE,TRAJECTORY_RUNNING,24.0,59,5,14,5.45,59,0,0.0,0.0,0.0,0.0,0.0,0.0
2026-07-30T15:44:50.517,1965.094,465,close,ACTUATOR_ACTIVE,TRAJECTORY_RUNNING,24.0,59,26,47,4.97,59,0,0.0,0.0,0.0,0.0,0.0,0.0
2026-07-30T15:44:51.015,1965.594,465,close,ACTUATOR_ACTIVE,TRAJECTORY_RUNNING,24.0,59,33,0,99.96,59,0,0.0,0.0,0.0,0.0,0.0,0.0
2026-07-30T15:44:51.509,1966.094,465,close,ACTUATOR_ACTIVE,TRAJECTORY_RUNNING,24.0,59,33,0,103.55,59,0,0.0,0.0,0.0,0.0,0.0,0.0
2026-07-30T15:44:52.118,1966.688,465,open,ACTUATOR_ACTIVE,TRAJECTORY_RUNNING,24.0,60,33,-1,52.81,60,0,0.0,0.0,0.0,0.0,0.0,0.0
2026-07-30T15:44:52.630,1967.203,465,open,ACTUATOR_ACTIVE,TRAJECTORY_RUNNING,24.0,60,20,-45,-0.8,60,0,0.0,0.0,0.0,0.0,0.0,0.0
2026-07-30T15:44:53.127,1967.703,465,open,ACTUATOR_ACTIVE,TRAJECTORY_RUNNING,24.0,60,3,1,-0.87,60,0,0.0,0.0,0.0,0.0,0.0,0.0
2026-07-30T15:44:53.626,1968.203,465,open,ACTUATOR_ACTIVE,TRAJECTORY_COMPLETE,24.0,60,4,0,0.71,60,0,0.0,0.0,0.0,0.0,0.0,0.0
2026-07-30T15:44:54.237,1968.813,466,close,ACTUATOR_ACTIVE,TRAJECTORY_RUNNING,24.0,60,5,17,5.07,60,0,0.0,0.0,0.0,0.0,0.0,0.0
2026-07-30T15:44:54.735,1969.313,466,close,ACTUATOR_ACTIVE,TRAJECTORY_RUNNING,24.0,60,27,49,3.28,60,0,0.0,0.0,0.0,0.0,0.0,0.0
2026-07-30T15:44:55.232,1969.813,466,close,ACTUATOR_ACTIVE,TRAJECTORY_RUNNING,24.0,60,33,0,95.18,60,0,0.0,0.0,0.0,0.0,0.0,0.0
2026-07-30T15:44:55.731,1970.313,466,close,ACTUATOR_ACTIVE,TRAJECTORY_RUNNING,24.0,60,33,0,105.93,60,0,0.0,0.0,0.0,0.0,0.0,0.0
2026-07-30T15:44:56.336,1970.907,466,open,ACTUATOR_ACTIVE,TRAJECTORY_RUNNING,24.0,62,33,0,54.96,62,0,0.0,0.0,0.0,0.0,0.0,0.0
2026-07-30T15:44:56.850,1971.422,466,open,ACTUATOR_ACTIVE,TRAJECTORY_RUNNING,24.0,62,18,-48,-3.33,62,0,0.0,0.0,0.0,0.0,0.0,0.0
2026-07-30T15:44:57.349,1971.922,466,open,ACTUATOR_ACTIVE,TRAJECTORY_COMPLETE,24.0,62,5,7,1.98,62,0,0.0,0.0,0.0,0.0,0.0,0.0
2026-07-30T15:44:57.847,1972.422,466,open,ACTUATOR_ACTIVE,TRAJECTORY_COMPLETE,24.0,62,4,1,0.46,62,0,0.0,0.0,0.0,0.0,0.0,0.0
2026-07-30T15:44:58.453,1973.032,467,close,ACTUATOR_ACTIVE,TRAJECTORY_RUNNING,24.0,62,5,19,3.75,62,0,0.0,0.0,0.0,0.0,0.0,0.0
2026-07-30T15:44:58.953,1973.532,467,close,ACTUATOR_ACTIVE,TRAJECTORY_RUNNING,24.0,62,26,50,3.0,62,0,0.0,0.0,0.0,0.0,0.0,0.0
2026-07-30T15:44:59.453,1974.032,467,close,ACTUATOR_ACTIVE,TRAJECTORY_RUNNING,24.0,62,32,0,32.4,62,0,0.0,0.0,0.0,0.0,0.0,0.0
2026-07-30T15:44:59.952,1974.532,467,close,ACTUATOR_ACTIVE,TRAJECTORY_RUNNING,24.0,62,32,0,29.87,62,0,0.0,0.0,0.0,0.0,0.0,0.0
2026-07-30T15:45:00.559,1975.141,467,open,ACTUATOR_ACTIVE,TRAJECTORY_RUNNING,24.0,64,32,-15,5.92,64,0,0.0,0.0,0.0,0.0,0.0,0.0
2026-07-30T15:45:01.055,1975.625,467,open,ACTUATOR_ACTIVE,TRAJECTORY_RUNNING,24.0,64,12,-47,-1.23,64,0,0.0,0.0,0.0,0.0,0.0,0.0
2026-07-30T15:45:01.566,1976.141,467,open,ACTUATOR_ACTIVE,TRAJECTORY_COMPLETE,24.0,64,4,0,-0.81,64,0,0.0,0.0,0.0,0.0,0.0,0.0
2026-07-30T15:45:02.064,1976.641,467,open,ACTUATOR_ACTIVE,TRAJECTORY_COMPLETE,24.0,64,4,0,-0.46,64,0,0.0,0.0,0.0,0.0,0.0,0.0
2026-07-30T15:45:02.673,1977.25,468,close,ACTUATOR_ACTIVE,TRAJECTORY_RUNNING,24.0,64,5,14,3.38,64,0,0.0,0.0,0.0,0.0,0.0,0.0
2026-07-30T15:45:03.169,1977.75,468,close,ACTUATOR_ACTIVE,TRAJECTORY_RUNNING,24.0,64,26,47,4.95,64,0,0.0,0.0,0.0,0.0,0.0,0.0
2026-07-30T15:45:03.666,1978.25,468,close,ACTUATOR_ACTIVE,TRAJECTORY_RUNNING,24.0,64,33,0,103.94,64,0,0.0,0.0,0.0,0.0,0.0,0.0
2026-07-30T15:45:04.165,1978.735,468,close,ACTUATOR_ACTIVE,TRAJECTORY_RUNNING,24.0,63,33,0,96.39,63,0,0.0,0.0,0.0,0.0,0.0,0.0
2026-07-30T15:45:04.788,1979.36,468,open,ACTUATOR_ACTIVE,TRAJECTORY_RUNNING,24.0,63,33,-2,57.37,63,0,0.0,0.0,0.0,0.0,0.0,0.0
2026-07-30T15:45:05.303,1979.875,468,open,ACTUATOR_ACTIVE,TRAJECTORY_RUNNING,24.0,63,20,-46,-0.34,63,0,0.0,0.0,0.0,0.0,0.0,0.0
2026-07-30T15:45:05.801,1980.375,468,open,ACTUATOR_ACTIVE,TRAJECTORY_RUNNING,24.0,63,3,0,-0.39,63,0,0.0,0.0,0.0,0.0,0.0,0.0
2026-07-30T15:45:06.300,1980.875,468,open,ACTUATOR_ACTIVE,TRAJECTORY_COMPLETE,24.0,63,4,0,0.29,63,0,0.0,0.0,0.0,0.0,0.0,0.0
2026-07-30T15:45:06.906,1981.485,469,close,ACTUATOR_ACTIVE,TRAJECTORY_RUNNING,24.0,63,5,18,5.44,63,0,0.0,0.0,0.0,0.0,0.0,0.0
2026-07-30T15:45:07.400,1981.985,469,close,ACTUATOR_ACTIVE,TRAJECTORY_RUNNING,24.0,63,26,49,3.01,63,0,0.0,0.0,0.0,0.0,0.0,0.0
2026-07-30T15:45:07.897,1982.469,469,close,ACTUATOR_ACTIVE,TRAJECTORY_RUNNING,24.0,63,33,0,109.02,63,0,0.0,0.0,0.0,0.0,0.0,0.0
2026-07-30T15:45:08.412,1982.985,469,close,ACTUATOR_ACTIVE,TRAJECTORY_RUNNING,24.0,67,33,0,101.04,67,0,0.0,0.0,0.0,0.0,0.0,0.0
2026-07-30T15:45:09.026,1983.61,469,open,ACTUATOR_ACTIVE,TRAJECTORY_RUNNING,24.0,67,33,-1,54.48,67,0,0.0,0.0,0.0,0.0,0.0,0.0
2026-07-30T15:45:09.522,1984.094,469,open,ACTUATOR_ACTIVE,TRAJECTORY_RUNNING,24.0,67,21,-45,-3.06,67,0,0.0,0.0,0.0,0.0,0.0,0.0
2026-07-30T15:45:10.037,1984.61,469,open,ACTUATOR_ACTIVE,TRAJECTORY_RUNNING,24.0,67,3,0,-0.6,67,0,0.0,0.0,0.0,0.0,0.0,0.0
2026-07-30T15:45:10.533,1985.11,469,open,ACTUATOR_ACTIVE,TRAJECTORY_COMPLETE,24.0,67,5,0,0.29,67,0,0.0,0.0,0.0,0.0,0.0,0.0
2026-07-30T15:45:11.145,1985.719,470,close,ACTUATOR_ACTIVE,TRAJECTORY_RUNNING,24.0,67,5,16,4.87,67,0,0.0,0.0,0.0,0.0,0.0,0.0
2026-07-30T15:45:11.642,1986.219,470,close,ACTUATOR_ACTIVE,TRAJECTORY_RUNNING,24.0,67,26,49,4.55,67,0,0.0,0.0,0.0,0.0,0.0,0.0
2026-07-30T15:45:12.139,1986.719,470,close,ACTUATOR_ACTIVE,TRAJECTORY_RUNNING,24.0,63,33,0,108.26,63,0,0.0,0.0,0.0,0.0,0.0,0.0
2026-07-30T15:45:12.639,1987.219,470,close,ACTUATOR_ACTIVE,TRAJECTORY_RUNNING,24.0,63,33,0,97.16,63,0,0.0,0.0,0.0,0.0,0.0,0.0
2026-07-30T15:45:13.249,1987.828,470,open,ACTUATOR_ACTIVE,TRAJECTORY_RUNNING,24.0,63,33,0,56.92,63,0,0.0,0.0,0.0,0.0,0.0,0.0
2026-07-30T15:45:13.747,1988.328,470,open,ACTUATOR_ACTIVE,TRAJECTORY_RUNNING,24.0,63,21,-48,-1.89,63,0,0.0,0.0,0.0,0.0,0.0,0.0
2026-07-30T15:45:14.246,1988.828,470,open,ACTUATOR_ACTIVE,TRAJECTORY_RUNNING,24.0,63,3,0,-1.7,63,0,0.0,0.0,0.0,0.0,0.0,0.0
2026-07-30T15:45:14.743,1989.313,470,open,ACTUATOR_ACTIVE,TRAJECTORY_COMPLETE,24.0,63,4,0,0.28,63,0,0.0,0.0,0.0,0.0,0.0,0.0
2026-07-30T15:45:15.368,1989.938,471,close,ACTUATOR_ACTIVE,TRAJECTORY_RUNNING,24.0,63,5,15,3.85,63,0,0.0,0.0,0.0,0.0,0.0,0.0
2026-07-30T15:45:15.878,1990.453,471,close,ACTUATOR_ACTIVE,TRAJECTORY_RUNNING,24.0,63,27,49,5.3,63,0,0.0,0.0,0.0,0.0,0.0,0.0
2026-07-30T15:45:16.377,1990.953,471,close,ACTUATOR_ACTIVE,TRAJECTORY_RUNNING,24.0,63,33,0,103.69,63,0,0.0,0.0,0.0,0.0,0.0,0.0
2026-07-30T15:45:16.876,1991.453,471,close,ACTUATOR_ACTIVE,TRAJECTORY_RUNNING,24.0,63,33,0,96.24,63,0,0.0,0.0,0.0,0.0,0.0,0.0
2026-07-30T15:45:17.483,1992.063,471,open,ACTUATOR_ACTIVE,TRAJECTORY_RUNNING,24.0,63,33,-1,58.2,63,0,0.0,0.0,0.0,0.0,0.0,0.0
2026-07-30T15:45:17.979,1992.563,471,open,ACTUATOR_ACTIVE,TRAJECTORY_RUNNING,24.0,63,18,-48,-2.46,63,0,0.0,0.0,0.0,0.0,0.0,0.0
2026-07-30T15:45:18.476,1993.047,471,open,ACTUATOR_ACTIVE,TRAJECTORY_COMPLETE,24.0,63,4,6,1.97,63,0,0.0,0.0,0.0,0.0,0.0,0.0
2026-07-30T15:45:18.987,1993.563,471,open,ACTUATOR_ACTIVE,TRAJECTORY_COMPLETE,24.0,63,5,0,0.29,63,0,0.0,0.0,0.0,0.0,0.0,0.0
2026-07-30T15:45:19.601,1994.172,472,close,ACTUATOR_ACTIVE,TRAJECTORY_RUNNING,24.0,63,5,15,3.67,63,0,0.0,0.0,0.0,0.0,0.0,0.0
2026-07-30T15:45:20.111,1994.688,472,close,ACTUATOR_ACTIVE,TRAJECTORY_RUNNING,24.0,63,25,51,4.04,63,0,0.0,0.0,0.0,0.0,0.0,0.0
2026-07-30T15:45:20.609,1995.188,472,close,ACTUATOR_ACTIVE,TRAJECTORY_RUNNING,24.0,63,32,0,34.87,63,0,0.0,0.0,0.0,0.0,0.0,0.0
2026-07-30T15:45:21.104,1995.688,472,close,ACTUATOR_ACTIVE,TRAJECTORY_RUNNING,24.0,63,32,0,28.6,63,0,0.0,0.0,0.0,0.0,0.0,0.0
2026-07-30T15:45:21.706,1996.282,472,open,ACTUATOR_ACTIVE,TRAJECTORY_RUNNING,24.0,63,32,-14,6.33,63,0,0.0,0.0,0.0,0.0,0.0,0.0
2026-07-30T15:45:22.221,1996.797,472,open,ACTUATOR_ACTIVE,TRAJECTORY_RUNNING,24.0,63,14,-49,-2.77,63,0,0.0,0.0,0.0,0.0,0.0,0.0
2026-07-30T15:45:22.719,1997.297,472,open,ACTUATOR_ACTIVE,TRAJECTORY_RUNNING,24.0,63,3,8,3.13,63,0,0.0,0.0,0.0,0.0,0.0,0.0
2026-07-30T15:45:23.216,1997.797,472,open,ACTUATOR_ACTIVE,TRAJECTORY_COMPLETE,24.0,63,4,0,0.41,63,0,0.0,0.0,0.0,0.0,0.0,0.0
2026-07-30T15:45:23.827,1998.407,473,close,ACTUATOR_ACTIVE,TRAJECTORY_RUNNING,24.0,63,5,17,6.44,63,0,0.0,0.0,0.0,0.0,0.0,0.0
2026-07-30T15:45:24.324,1998.907,473,close,ACTUATOR_ACTIVE,TRAJECTORY_RUNNING,24.0,64,26,47,4.25,64,0,0.0,0.0,0.0,0.0,0.0,0.0
2026-07-30T15:45:24.819,1999.391,473,close,ACTUATOR_ACTIVE,TRAJECTORY_RUNNING,24.0,64,33,0,101.72,64,0,0.0,0.0,0.0,0.0,0.0,0.0
2026-07-30T15:45:25.333,1999.907,473,close,ACTUATOR_ACTIVE,TRAJECTORY_RUNNING,24.0,64,33,0,100.23,64,0,0.0,0.0,0.0,0.0,0.0,0.0
2026-07-30T15:45:25.940,2000.516,473,open,ACTUATOR_ACTIVE,TRAJECTORY_RUNNING,24.0,64,33,0,58.08,64,0,0.0,0.0,0.0,0.0,0.0,0.0
2026-07-30T15:45:26.437,2001.016,473,open,ACTUATOR_ACTIVE,TRAJECTORY_RUNNING,24.0,64,21,-46,-2.23,64,0,0.0,0.0,0.0,0.0,0.0,0.0
2026-07-30T15:45:26.936,2001.516,473,open,ACTUATOR_ACTIVE,TRAJECTORY_RUNNING,24.0,64,3,0,-1.81,64,0,0.0,0.0,0.0,0.0,0.0,0.0
2026-07-30T15:45:27.435,2002.016,473,open,ACTUATOR_ACTIVE,TRAJECTORY_COMPLETE,24.0,64,4,0,0.69,64,0,0.0,0.0,0.0,0.0,0.0,0.0
2026-07-30T15:45:28.046,2002.625,474,close,ACTUATOR_ACTIVE,TRAJECTORY_RUNNING,24.0,58,5,16,4.62,58,0,0.0,0.0,0.0,0.0,0.0,0.0
2026-07-30T15:45:28.546,2003.125,474,close,ACTUATOR_ACTIVE,TRAJECTORY_RUNNING,24.0,58,26,49,2.93,58,0,0.0,0.0,0.0,0.0,0.0,0.0
2026-07-30T15:45:29.045,2003.625,474,close,ACTUATOR_ACTIVE,TRAJECTORY_RUNNING,24.0,58,33,0,105.27,58,0,0.0,0.0,0.0,0.0,0.0,0.0
2026-07-30T15:45:29.545,2004.125,474,close,ACTUATOR_ACTIVE,TRAJECTORY_RUNNING,24.0,58,33,0,95.86,58,0,0.0,0.0,0.0,0.0,0.0,0.0
2026-07-30T15:45:30.158,2004.735,474,open,ACTUATOR_ACTIVE,TRAJECTORY_RUNNING,24.0,58,33,-1,54.03,58,0,0.0,0.0,0.0,0.0,0.0,0.0
2026-07-30T15:45:30.653,2005.235,474,open,ACTUATOR_ACTIVE,TRAJECTORY_RUNNING,24.0,58,21,-47,-1.29,58,0,0.0,0.0,0.0,0.0,0.0,0.0
2026-07-30T15:45:31.149,2005.719,474,open,ACTUATOR_ACTIVE,TRAJECTORY_RUNNING,24.0,58,3,0,-1.99,58,0,0.0,0.0,0.0,0.0,0.0,0.0
2026-07-30T15:45:31.660,2006.235,474,open,ACTUATOR_ACTIVE,TRAJECTORY_COMPLETE,24.0,58,4,0,0.79,58,0,0.0,0.0,0.0,0.0,0.0,0.0
2026-07-30T15:45:32.270,2006.844,475,close,ACTUATOR_ACTIVE,TRAJECTORY_RUNNING,24.0,61,5,17,6.12,61,0,0.0,0.0,0.0,0.0,0.0,0.0
2026-07-30T15:45:32.765,2007.344,475,close,ACTUATOR_ACTIVE,TRAJECTORY_RUNNING,24.0,61,26,46,4.05,61,0,0.0,0.0,0.0,0.0,0.0,0.0
2026-07-30T15:45:33.264,2007.844,475,close,ACTUATOR_ACTIVE,TRAJECTORY_RUNNING,24.0,61,33,0,100.29,61,0,0.0,0.0,0.0,0.0,0.0,0.0
2026-07-30T15:45:33.763,2008.344,475,close,ACTUATOR_ACTIVE,TRAJECTORY_RUNNING,24.0,61,33,0,101.59,61,0,0.0,0.0,0.0,0.0,0.0,0.0
2026-07-30T15:45:34.376,2008.953,475,open,ACTUATOR_ACTIVE,TRAJECTORY_RUNNING,24.0,61,33,-1,54.97,61,0,0.0,0.0,0.0,0.0,0.0,0.0
2026-07-30T15:45:34.873,2009.453,475,open,ACTUATOR_ACTIVE,TRAJECTORY_RUNNING,24.0,61,21,-45,-1.11,61,0,0.0,0.0,0.0,0.0,0.0,0.0
2026-07-30T15:45:35.370,2009.953,475,open,ACTUATOR_ACTIVE,TRAJECTORY_RUNNING,24.0,61,3,0,-0.8,61,0,0.0,0.0,0.0,0.0,0.0,0.0
2026-07-30T15:45:35.870,2010.453,475,open,ACTUATOR_ACTIVE,TRAJECTORY_COMPLETE,24.0,61,4,0,0.33,61,0,0.0,0.0,0.0,0.0,0.0,0.0
2026-07-30T15:45:36.482,2011.063,476,close,ACTUATOR_ACTIVE,TRAJECTORY_RUNNING,24.0,68,5,15,4.76,68,0,0.0,0.0,0.0,0.0,0.0,0.0
2026-07-30T15:45:36.981,2011.563,476,close,ACTUATOR_ACTIVE,TRAJECTORY_RUNNING,24.0,68,26,48,3.65,68,0,0.0,0.0,0.0,0.0,0.0,0.0
2026-07-30T15:45:37.481,2012.063,476,close,ACTUATOR_ACTIVE,TRAJECTORY_RUNNING,24.0,68,33,0,99.11,68,0,0.0,0.0,0.0,0.0,0.0,0.0
2026-07-30T15:45:37.980,2012.563,476,close,ACTUATOR_ACTIVE,TRAJECTORY_RUNNING,24.0,68,33,0,96.79,68,0,0.0,0.0,0.0,0.0,0.0,0.0
2026-07-30T15:45:38.589,2013.172,476,open,ACTUATOR_ACTIVE,TRAJECTORY_RUNNING,24.0,68,33,-1,57.45,68,0,0.0,0.0,0.0,0.0,0.0,0.0
2026-07-30T15:45:39.086,2013.657,476,open,ACTUATOR_ACTIVE,TRAJECTORY_RUNNING,24.0,68,18,-46,-1.94,68,0,0.0,0.0,0.0,0.0,0.0,0.0
2026-07-30T15:45:39.599,2014.172,476,open,ACTUATOR_ACTIVE,TRAJECTORY_COMPLETE,24.0,68,5,1,1.8,68,0,0.0,0.0,0.0,0.0,0.0,0.0
2026-07-30T15:45:40.096,2014.672,476,open,ACTUATOR_ACTIVE,TRAJECTORY_COMPLETE,24.0,63,4,-1,0.09,63,0,0.0,0.0,0.0,0.0,0.0,0.0
2026-07-30T15:45:40.703,2015.282,477,close,ACTUATOR_ACTIVE,TRAJECTORY_RUNNING,24.0,63,5,19,4.89,63,0,0.0,0.0,0.0,0.0,0.0,0.0
2026-07-30T15:45:41.201,2015.782,477,close,ACTUATOR_ACTIVE,TRAJECTORY_RUNNING,24.0,63,26,46,4.27,63,0,0.0,0.0,0.0,0.0,0.0,0.0
2026-07-30T15:45:41.698,2016.282,477,close,ACTUATOR_ACTIVE,TRAJECTORY_RUNNING,24.0,63,33,0,103.74,63,0,0.0,0.0,0.0,0.0,0.0,0.0
2026-07-30T15:45:42.195,2016.766,477,close,ACTUATOR_ACTIVE,TRAJECTORY_RUNNING,24.0,63,33,0,96.49,63,0,0.0,0.0,0.0,0.0,0.0,0.0
2026-07-30T15:45:42.819,2017.391,477,open,ACTUATOR_ACTIVE,TRAJECTORY_RUNNING,24.0,63,33,-1,55.12,63,0,0.0,0.0,0.0,0.0,0.0,0.0
2026-07-30T15:45:43.316,2017.891,477,open,ACTUATOR_ACTIVE,TRAJECTORY_RUNNING,24.0,63,18,-45,-1.17,63,0,0.0,0.0,0.0,0.0,0.0,0.0
2026-07-30T15:45:43.815,2018.391,477,open,ACTUATOR_ACTIVE,TRAJECTORY_COMPLETE,24.0,63,4,5,2.63,63,0,0.0,0.0,0.0,0.0,0.0,0.0
2026-07-30T15:45:44.317,2018.891,477,open,ACTUATOR_ACTIVE,TRAJECTORY_COMPLETE,24.0,60,5,0,-0.19,60,0,0.0,0.0,0.0,0.0,0.0,0.0
2026-07-30T15:45:44.927,2019.5,478,close,ACTUATOR_ACTIVE,TRAJECTORY_RUNNING,24.0,60,5,17,4.95,60,0,0.0,0.0,0.0,0.0,0.0,0.0
2026-07-30T15:45:45.441,2020.016,478,close,ACTUATOR_ACTIVE,TRAJECTORY_RUNNING,24.0,60,27,46,5.12,60,0,0.0,0.0,0.0,0.0,0.0,0.0
2026-07-30T15:45:45.938,2020.516,478,close,ACTUATOR_ACTIVE,TRAJECTORY_RUNNING,24.0,60,33,0,101.6,60,0,0.0,0.0,0.0,0.0,0.0,0.0
2026-07-30T15:45:46.434,2021.016,478,close,ACTUATOR_ACTIVE,TRAJECTORY_RUNNING,24.0,60,33,0,102.91,60,0,0.0,0.0,0.0,0.0,0.0,0.0
2026-07-30T15:45:47.044,2021.625,478,open,ACTUATOR_ACTIVE,TRAJECTORY_RUNNING,24.0,60,33,-1,56.2,60,0,0.0,0.0,0.0,0.0,0.0,0.0
2026-07-30T15:45:47.541,2022.125,478,open,ACTUATOR_ACTIVE,TRAJECTORY_RUNNING,24.0,60,18,-48,-3.67,60,0,0.0,0.0,0.0,0.0,0.0,0.0
2026-07-30T15:45:48.038,2022.61,478,open,ACTUATOR_ACTIVE,TRAJECTORY_COMPLETE,24.0,59,5,6,2.49,59,0,0.0,0.0,0.0,0.0,0.0,0.0
2026-07-30T15:45:48.551,2023.125,478,open,ACTUATOR_ACTIVE,TRAJECTORY_COMPLETE,24.0,59,5,0,0.29,59,0,0.0,0.0,0.0,0.0,0.0,0.0
2026-07-30T15:45:49.161,2023.735,479,close,ACTUATOR_ACTIVE,TRAJECTORY_RUNNING,24.0,59,5,13,3.47,59,0,0.0,0.0,0.0,0.0,0.0,0.0
2026-07-30T15:45:49.656,2024.235,479,close,ACTUATOR_ACTIVE,TRAJECTORY_RUNNING,24.0,59,26,51,2.88,59,0,0.0,0.0,0.0,0.0,0.0,0.0
2026-07-30T15:45:50.152,2024.735,479,close,ACTUATOR_ACTIVE,TRAJECTORY_RUNNING,24.0,59,33,0,104.56,59,0,0.0,0.0,0.0,0.0,0.0,0.0
2026-07-30T15:45:50.649,2025.219,479,close,ACTUATOR_ACTIVE,TRAJECTORY_RUNNING,24.0,59,33,0,103.94,59,0,0.0,0.0,0.0,0.0,0.0,0.0
2026-07-30T15:45:51.268,2025.844,479,open,ACTUATOR_ACTIVE,TRAJECTORY_RUNNING,24.0,59,33,-1,61.22,59,0,0.0,0.0,0.0,0.0,0.0,0.0
2026-07-30T15:45:51.766,2026.344,479,open,ACTUATOR_ACTIVE,TRAJECTORY_RUNNING,24.0,59,19,-47,-1.49,59,0,0.0,0.0,0.0,0.0,0.0,0.0
2026-07-30T15:45:52.263,2026.844,479,open,ACTUATOR_ACTIVE,TRAJECTORY_COMPLETE,24.0,59,4,5,1.99,59,0,0.0,0.0,0.0,0.0,0.0,0.0
2026-07-30T15:45:52.763,2027.344,479,open,ACTUATOR_ACTIVE,TRAJECTORY_COMPLETE,24.0,59,5,0,-0.48,59,0,0.0,0.0,0.0,0.0,0.0,0.0
2026-07-30T15:45:53.373,2027.953,480,close,ACTUATOR_ACTIVE,TRAJECTORY_RUNNING,24.0,59,5,17,5.63,59,0,0.0,0.0,0.0,0.0,0.0,0.0
2026-07-30T15:45:53.873,2028.453,480,close,ACTUATOR_ACTIVE,TRAJECTORY_RUNNING,24.0,59,26,47,3.27,59,0,0.0,0.0,0.0,0.0,0.0,0.0
2026-07-30T15:45:54.372,2028.953,480,close,ACTUATOR_ACTIVE,TRAJECTORY_RUNNING,24.0,59,33,0,106.91,59,0,0.0,0.0,0.0,0.0,0.0,0.0
2026-07-30T15:45:54.870,2029.453,480,close,ACTUATOR_ACTIVE,TRAJECTORY_STOPPED,24.0,59,33,0,99.12,59,0,0.0,0.0,0.0,0.0,0.0,0.0
2026-07-30T15:45:55.480,2030.063,480,open,ACTUATOR_ACTIVE,TRAJECTORY_RUNNING,24.0,59,33,-1,54.66,59,0,0.0,0.0,0.0,0.0,0.0,0.0
2026-07-30T15:45:55.978,2030.563,480,open,ACTUATOR_ACTIVE,TRAJECTORY_RUNNING,24.0,59,21,-48,-1.16,59,0,0.0,0.0,0.0,0.0,0.0,0.0
2026-07-30T15:45:56.474,2031.047,480,open,ACTUATOR_ACTIVE,TRAJECTORY_RUNNING,24.0,59,3,0,-1.14,59,0,0.0,0.0,0.0,0.0,0.0,0.0
2026-07-30T15:45:56.988,2031.563,480,open,ACTUATOR_ACTIVE,TRAJECTORY_COMPLETE,24.0,59,4,0,0.06,59,0,0.0,0.0,0.0,0.0,0.0,0.0
2026-07-30T15:45:57.600,2032.172,481,close,ACTUATOR_ACTIVE,TRAJECTORY_RUNNING,24.0,59,5,17,5.1,59,0,0.0,0.0,0.0,0.0,0.0,0.0
2026-07-30T15:45:58.098,2032.672,481,close,ACTUATOR_ACTIVE,TRAJECTORY_RUNNING,24.0,59,26,48,5.46,59,0,0.0,0.0,0.0,0.0,0.0,0.0
2026-07-30T15:45:58.594,2033.172,481,close,ACTUATOR_ACTIVE,TRAJECTORY_RUNNING,24.0,59,33,0,110.31,59,0,0.0,0.0,0.0,0.0,0.0,0.0
2026-07-30T15:45:59.093,2033.672,481,close,ACTUATOR_ACTIVE,TRAJECTORY_RUNNING,24.0,59,33,0,92.51,59,0,0.0,0.0,0.0,0.0,0.0,0.0
2026-07-30T15:45:59.702,2034.282,481,open,ACTUATOR_ACTIVE,TRAJECTORY_RUNNING,24.0,59,33,0,57.8,59,0,0.0,0.0,0.0,0.0,0.0,0.0
2026-07-30T15:46:00.193,2034.766,481,open,ACTUATOR_ACTIVE,TRAJECTORY_RUNNING,24.0,62,21,-45,-0.51,62,0,0.0,0.0,0.0,0.0,0.0,0.0
2026-07-30T15:46:00.705,2035.282,481,open,ACTUATOR_ACTIVE,TRAJECTORY_RUNNING,24.0,62,3,0,-0.76,62,0,0.0,0.0,0.0,0.0,0.0,0.0
2026-07-30T15:46:01.199,2035.782,481,open,ACTUATOR_ACTIVE,TRAJECTORY_COMPLETE,24.0,62,4,0,-0.24,62,0,0.0,0.0,0.0,0.0,0.0,0.0
2026-07-30T15:46:01.801,2036.375,482,close,ACTUATOR_ACTIVE,TRAJECTORY_RUNNING,24.0,62,5,14,3.42,62,0,0.0,0.0,0.0,0.0,0.0,0.0
2026-07-30T15:46:02.313,2036.891,482,close,ACTUATOR_ACTIVE,TRAJECTORY_RUNNING,24.0,62,26,47,6.14,62,0,0.0,0.0,0.0,0.0,0.0,0.0
2026-07-30T15:46:02.812,2037.391,482,close,ACTUATOR_ACTIVE,TRAJECTORY_RUNNING,24.0,62,33,0,107.43,62,0,0.0,0.0,0.0,0.0,0.0,0.0
2026-07-30T15:46:03.307,2037.891,482,close,ACTUATOR_ACTIVE,TRAJECTORY_RUNNING,24.0,62,33,0,93.6,62,0,0.0,0.0,0.0,0.0,0.0,0.0
2026-07-30T15:46:03.920,2038.5,482,open,ACTUATOR_ACTIVE,TRAJECTORY_RUNNING,24.0,62,33,-1,56.6,62,0,0.0,0.0,0.0,0.0,0.0,0.0
2026-07-30T15:46:04.416,2039.0,482,open,ACTUATOR_ACTIVE,TRAJECTORY_RUNNING,24.0,61,21,-49,-1.67,61,0,0.0,0.0,0.0,0.0,0.0,0.0
2026-07-30T15:46:04.912,2039.485,482,open,ACTUATOR_ACTIVE,TRAJECTORY_RUNNING,24.0,61,3,0,-1.38,61,0,0.0,0.0,0.0,0.0,0.0,0.0
2026-07-30T15:46:05.422,2040.0,482,open,ACTUATOR_ACTIVE,TRAJECTORY_COMPLETE,24.0,61,4,0,1.76,61,0,0.0,0.0,0.0,0.0,0.0,0.0
2026-07-30T15:46:06.032,2040.61,483,close,ACTUATOR_ACTIVE,TRAJECTORY_RUNNING,24.0,61,5,15,5.04,61,0,0.0,0.0,0.0,0.0,0.0,0.0
2026-07-30T15:46:06.530,2041.11,483,close,ACTUATOR_ACTIVE,TRAJECTORY_RUNNING,24.0,61,26,48,2.86,61,0,0.0,0.0,0.0,0.0,0.0,0.0
2026-07-30T15:46:07.025,2041.61,483,close,ACTUATOR_ACTIVE,TRAJECTORY_RUNNING,24.0,61,33,0,110.44,61,0,0.0,0.0,0.0,0.0,0.0,0.0
2026-07-30T15:46:07.522,2042.094,483,close,ACTUATOR_ACTIVE,TRAJECTORY_RUNNING,24.0,61,33,0,102.25,61,0,0.0,0.0,0.0,0.0,0.0,0.0
2026-07-30T15:46:08.151,2042.735,483,open,ACTUATOR_ACTIVE,TRAJECTORY_RUNNING,24.0,65,33,-1,51.76,65,0,0.0,0.0,0.0,0.0,0.0,0.0
2026-07-30T15:46:08.649,2043.219,483,open,ACTUATOR_ACTIVE,TRAJECTORY_RUNNING,24.0,65,21,-46,-0.32,65,0,0.0,0.0,0.0,0.0,0.0,0.0
2026-07-30T15:46:09.163,2043.735,483,open,ACTUATOR_ACTIVE,TRAJECTORY_RUNNING,24.0,65,3,0,-0.35,65,0,0.0,0.0,0.0,0.0,0.0,0.0
2026-07-30T15:46:09.660,2044.235,483,open,ACTUATOR_ACTIVE,TRAJECTORY_COMPLETE,24.0,65,5,1,1.27,65,0,0.0,0.0,0.0,0.0,0.0,0.0
2026-07-30T15:46:10.271,2044.844,484,close,ACTUATOR_ACTIVE,TRAJECTORY_RUNNING,24.0,65,5,18,3.88,65,0,0.0,0.0,0.0,0.0,0.0,0.0
2026-07-30T15:46:10.770,2045.344,484,close,ACTUATOR_ACTIVE,TRAJECTORY_RUNNING,24.0,65,26,50,0.99,65,0,0.0,0.0,0.0,0.0,0.0,0.0
2026-07-30T15:46:11.269,2045.844,484,close,ACTUATOR_ACTIVE,TRAJECTORY_RUNNING,24.0,65,33,0,106.0,65,0,0.0,0.0,0.0,0.0,0.0,0.0
2026-07-30T15:46:11.769,2046.344,484,close,ACTUATOR_ACTIVE,TRAJECTORY_RUNNING,24.0,65,33,0,107.83,65,0,0.0,0.0,0.0,0.0,0.0,0.0
2026-07-30T15:46:12.378,2046.953,484,open,ACTUATOR_ACTIVE,TRAJECTORY_RUNNING,24.0,62,33,-1,56.42,62,0,0.0,0.0,0.0,0.0,0.0,0.0
2026-07-30T15:46:12.871,2047.453,484,open,ACTUATOR_ACTIVE,TRAJECTORY_RUNNING,24.0,62,21,-47,-0.57,62,0,0.0,0.0,0.0,0.0,0.0,0.0
2026-07-30T15:46:13.371,2047.953,484,open,ACTUATOR_ACTIVE,TRAJECTORY_RUNNING,24.0,62,3,0,-1.55,62,0,0.0,0.0,0.0,0.0,0.0,0.0
2026-07-30T15:46:13.866,2048.438,484,open,ACTUATOR_ACTIVE,TRAJECTORY_COMPLETE,24.0,62,4,0,0.4,62,0,0.0,0.0,0.0,0.0,0.0,0.0
2026-07-30T15:46:14.485,2049.063,485,close,ACTUATOR_ACTIVE,TRAJECTORY_RUNNING,24.0,62,5,16,4.07,62,0,0.0,0.0,0.0,0.0,0.0,0.0
2026-07-30T15:46:14.981,2049.563,485,close,ACTUATOR_ACTIVE,TRAJECTORY_RUNNING,24.0,62,26,49,2.24,62,0,0.0,0.0,0.0,0.0,0.0,0.0
2026-07-30T15:46:15.479,2050.063,485,close,ACTUATOR_ACTIVE,TRAJECTORY_RUNNING,24.0,62,33,0,105.15,62,0,0.0,0.0,0.0,0.0,0.0,0.0
2026-07-30T15:46:15.976,2050.547,485,close,ACTUATOR_ACTIVE,TRAJECTORY_RUNNING,24.0,60,33,0,90.45,60,0,0.0,0.0,0.0,0.0,0.0,0.0
2026-07-30T15:46:16.604,2051.188,485,open,ACTUATOR_ACTIVE,TRAJECTORY_RUNNING,24.0,60,33,-1,51.67,60,0,0.0,0.0,0.0,0.0,0.0,0.0
2026-07-30T15:46:17.107,2051.688,485,open,ACTUATOR_ACTIVE,TRAJECTORY_RUNNING,24.0,60,21,-46,-2.98,60,0,0.0,0.0,0.0,0.0,0.0,0.0
2026-07-30T15:46:17.608,2052.188,485,open,ACTUATOR_ACTIVE,TRAJECTORY_RUNNING,24.0,60,3,0,-0.97,60,0,0.0,0.0,0.0,0.0,0.0,0.0
2026-07-30T15:46:18.106,2052.688,485,open,ACTUATOR_ACTIVE,TRAJECTORY_COMPLETE,24.0,60,4,0,0.33,60,0,0.0,0.0,0.0,0.0,0.0,0.0
2026-07-30T15:46:18.715,2053.297,486,close,ACTUATOR_ACTIVE,TRAJECTORY_RUNNING,24.0,60,5,13,4.74,60,0,0.0,0.0,0.0,0.0,0.0,0.0
2026-07-30T15:46:19.214,2053.797,486,close,ACTUATOR_ACTIVE,TRAJECTORY_RUNNING,24.0,60,26,49,2.76,60,0,0.0,0.0,0.0,0.0,0.0,0.0
2026-07-30T15:46:19.711,2054.282,486,close,ACTUATOR_ACTIVE,TRAJECTORY_RUNNING,24.0,60,33,0,103.64,60,0,0.0,0.0,0.0,0.0,0.0,0.0
2026-07-30T15:46:20.224,2054.797,486,close,ACTUATOR_ACTIVE,TRAJECTORY_RUNNING,24.0,61,33,0,100.67,61,0,0.0,0.0,0.0,0.0,0.0,0.0
2026-07-30T15:46:20.833,2055.407,486,open,ACTUATOR_ACTIVE,TRAJECTORY_RUNNING,24.0,61,33,-1,52.66,61,0,0.0,0.0,0.0,0.0,0.0,0.0
2026-07-30T15:46:21.348,2055.922,486,open,ACTUATOR_ACTIVE,TRAJECTORY_RUNNING,24.0,61,20,-48,-2.93,61,0,0.0,0.0,0.0,0.0,0.0,0.0
2026-07-30T15:46:21.842,2056.422,486,open,ACTUATOR_ACTIVE,TRAJECTORY_RUNNING,24.0,61,3,1,-1.12,61,0,0.0,0.0,0.0,0.0,0.0,0.0
2026-07-30T15:46:22.340,2056.922,486,open,ACTUATOR_ACTIVE,TRAJECTORY_COMPLETE,24.0,61,4,1,0.24,61,0,0.0,0.0,0.0,0.0,0.0,0.0
2026-07-30T15:46:22.946,2057.516,487,close,ACTUATOR_ACTIVE,TRAJECTORY_RUNNING,24.0,61,5,17,5.03,61,0,0.0,0.0,0.0,0.0,0.0,0.0
2026-07-30T15:46:23.462,2058.032,487,close,ACTUATOR_ACTIVE,TRAJECTORY_RUNNING,24.0,61,27,50,2.84,61,0,0.0,0.0,0.0,0.0,0.0,0.0
2026-07-30T15:46:23.958,2058.532,487,close,ACTUATOR_ACTIVE,TRAJECTORY_RUNNING,24.0,61,33,0,110.6,61,0,0.0,0.0,0.0,0.0,0.0,0.0
2026-07-30T15:46:24.456,2059.032,487,close,ACTUATOR_ACTIVE,TRAJECTORY_RUNNING,24.0,61,33,0,94.14,61,0,0.0,0.0,0.0,0.0,0.0,0.0
2026-07-30T15:46:25.067,2059.641,487,open,ACTUATOR_ACTIVE,TRAJECTORY_RUNNING,24.0,61,33,-2,54.76,61,0,0.0,0.0,0.0,0.0,0.0,0.0
2026-07-30T15:46:25.565,2060.141,487,open,ACTUATOR_ACTIVE,TRAJECTORY_RUNNING,24.0,61,21,-45,-1.15,61,0,0.0,0.0,0.0,0.0,0.0,0.0
2026-07-30T15:46:26.062,2060.641,487,open,ACTUATOR_ACTIVE,TRAJECTORY_RUNNING,24.0,61,3,0,-0.89,61,0,0.0,0.0,0.0,0.0,0.0,0.0
2026-07-30T15:46:26.559,2061.141,487,open,ACTUATOR_ACTIVE,TRAJECTORY_COMPLETE,24.0,61,4,1,0.84,61,0,0.0,0.0,0.0,0.0,0.0,0.0
2026-07-30T15:46:27.168,2061.75,488,close,ACTUATOR_ACTIVE,TRAJECTORY_RUNNING,24.0,61,5,15,4.3,61,0,0.0,0.0,0.0,0.0,0.0,0.0
2026-07-30T15:46:27.667,2062.25,488,close,ACTUATOR_ACTIVE,TRAJECTORY_RUNNING,24.0,61,26,50,3.23,61,0,0.0,0.0,0.0,0.0,0.0,0.0
2026-07-30T15:46:28.165,2062.735,488,close,ACTUATOR_ACTIVE,TRAJECTORY_RUNNING,24.0,61,33,0,98.37,61,0,0.0,0.0,0.0,0.0,0.0,0.0
2026-07-30T15:46:28.679,2063.25,488,close,ACTUATOR_ACTIVE,TRAJECTORY_RUNNING,24.0,61,33,0,100.33,61,0,0.0,0.0,0.0,0.0,0.0,0.0
2026-07-30T15:46:29.287,2063.86,488,open,ACTUATOR_ACTIVE,TRAJECTORY_RUNNING,24.0,61,33,-1,60.21,61,0,0.0,0.0,0.0,0.0,0.0,0.0
2026-07-30T15:46:29.797,2064.375,488,open,ACTUATOR_ACTIVE,TRAJECTORY_RUNNING,24.0,61,21,-46,-1.24,61,0,0.0,0.0,0.0,0.0,0.0,0.0
2026-07-30T15:46:30.294,2064.875,488,open,ACTUATOR_ACTIVE,TRAJECTORY_RUNNING,24.0,61,3,1,-1.2,61,0,0.0,0.0,0.0,0.0,0.0,0.0
2026-07-30T15:46:30.790,2065.36,488,open,ACTUATOR_ACTIVE,TRAJECTORY_COMPLETE,24.0,61,4,0,0.5,61,0,0.0,0.0,0.0,0.0,0.0,0.0
2026-07-30T15:46:31.413,2065.985,489,close,ACTUATOR_ACTIVE,TRAJECTORY_RUNNING,24.0,61,5,14,5.22,61,0,0.0,0.0,0.0,0.0,0.0,0.0
2026-07-30T15:46:31.920,2066.5,489,close,ACTUATOR_ACTIVE,TRAJECTORY_RUNNING,24.0,61,27,48,2.59,61,0,0.0,0.0,0.0,0.0,0.0,0.0
2026-07-30T15:46:32.417,2067.0,489,close,ACTUATOR_ACTIVE,TRAJECTORY_RUNNING,24.0,64,33,0,108.79,64,0,0.0,0.0,0.0,0.0,0.0,0.0
2026-07-30T15:46:32.914,2067.485,489,close,ACTUATOR_ACTIVE,TRAJECTORY_RUNNING,24.0,64,33,0,99.97,64,0,0.0,0.0,0.0,0.0,0.0,0.0
2026-07-30T15:46:33.539,2068.11,489,open,ACTUATOR_ACTIVE,TRAJECTORY_RUNNING,24.0,64,33,0,55.72,64,0,0.0,0.0,0.0,0.0,0.0,0.0
2026-07-30T15:46:34.051,2068.625,489,open,ACTUATOR_ACTIVE,TRAJECTORY_RUNNING,24.0,64,17,-48,-2.39,64,0,0.0,0.0,0.0,0.0,0.0,0.0
2026-07-30T15:46:34.549,2069.125,489,open,ACTUATOR_ACTIVE,TRAJECTORY_COMPLETE,24.0,64,5,1,1.82,64,0,0.0,0.0,0.0,0.0,0.0,0.0
2026-07-30T15:46:35.049,2069.625,489,open,ACTUATOR_ACTIVE,TRAJECTORY_COMPLETE,24.0,64,5,0,-0.52,64,0,0.0,0.0,0.0,0.0,0.0,0.0
2026-07-30T15:46:35.657,2070.235,490,close,ACTUATOR_ACTIVE,TRAJECTORY_RUNNING,24.0,64,5,16,3.49,64,0,0.0,0.0,0.0,0.0,0.0,0.0
2026-07-30T15:46:36.153,2070.735,490,close,ACTUATOR_ACTIVE,TRAJECTORY_RUNNING,24.0,64,25,48,2.11,64,0,0.0,0.0,0.0,0.0,0.0,0.0
2026-07-30T15:46:36.650,2071.235,490,close,ACTUATOR_ACTIVE,TRAJECTORY_RUNNING,24.0,64,32,0,34.41,64,0,0.0,0.0,0.0,0.0,0.0,0.0
2026-07-30T15:46:37.145,2071.719,490,close,ACTUATOR_ACTIVE,TRAJECTORY_RUNNING,24.0,64,32,-1,28.35,64,0,0.0,0.0,0.0,0.0,0.0,0.0
2026-07-30T15:46:37.770,2072.344,490,open,ACTUATOR_ACTIVE,TRAJECTORY_RUNNING,24.0,64,32,-15,7.14,64,0,0.0,0.0,0.0,0.0,0.0,0.0
2026-07-30T15:46:38.269,2072.844,490,open,ACTUATOR_ACTIVE,TRAJECTORY_RUNNING,24.0,64,14,-45,-2.74,64,0,0.0,0.0,0.0,0.0,0.0,0.0
2026-07-30T15:46:38.766,2073.344,490,open,ACTUATOR_ACTIVE,TRAJECTORY_RUNNING,24.0,64,4,6,3.08,64,0,0.0,0.0,0.0,0.0,0.0,0.0
2026-07-30T15:46:39.258,2073.828,490,open,ACTUATOR_ACTIVE,TRAJECTORY_COMPLETE,24.0,64,4,0,-0.68,64,0,0.0,0.0,0.0,0.0,0.0,0.0
2026-07-30T15:46:39.884,2074.453,491,close,ACTUATOR_ACTIVE,TRAJECTORY_RUNNING,24.0,64,5,13,5.37,64,0,0.0,0.0,0.0,0.0,0.0,0.0
2026-07-30T15:46:40.396,2074.969,491,close,ACTUATOR_ACTIVE,TRAJECTORY_RUNNING,24.0,65,27,46,5.22,65,0,0.0,0.0,0.0,0.0,0.0,0.0
2026-07-30T15:46:40.891,2075.469,491,close,ACTUATOR_ACTIVE,TRAJECTORY_RUNNING,24.0,65,33,0,106.96,65,0,0.0,0.0,0.0,0.0,0.0,0.0
2026-07-30T15:46:41.390,2075.969,491,close,ACTUATOR_ACTIVE,TRAJECTORY_RUNNING,24.0,65,33,0,94.47,65,0,0.0,0.0,0.0,0.0,0.0,0.0
2026-07-30T15:46:41.995,2076.578,491,open,ACTUATOR_ACTIVE,TRAJECTORY_RUNNING,24.0,65,33,-2,56.28,65,0,0.0,0.0,0.0,0.0,0.0,0.0
2026-07-30T15:46:42.497,2077.078,491,open,ACTUATOR_ACTIVE,TRAJECTORY_RUNNING,24.0,65,18,-46,-4.29,65,0,0.0,0.0,0.0,0.0,0.0,0.0
2026-07-30T15:46:42.995,2077.578,491,open,ACTUATOR_ACTIVE,TRAJECTORY_COMPLETE,24.0,65,5,4,1.9,65,0,0.0,0.0,0.0,0.0,0.0,0.0
2026-07-30T15:46:43.492,2078.063,491,open,ACTUATOR_ACTIVE,TRAJECTORY_COMPLETE,24.0,65,4,0,-0.02,65,0,0.0,0.0,0.0,0.0,0.0,0.0
2026-07-30T15:46:44.118,2078.688,492,close,ACTUATOR_ACTIVE,TRAJECTORY_RUNNING,24.0,65,5,16,4.3,65,0,0.0,0.0,0.0,0.0,0.0,0.0
2026-07-30T15:46:44.626,2079.203,492,close,ACTUATOR_ACTIVE,TRAJECTORY_RUNNING,24.0,65,27,46,3.68,65,0,0.0,0.0,0.0,0.0,0.0,0.0
2026-07-30T15:46:45.126,2079.703,492,close,ACTUATOR_ACTIVE,TRAJECTORY_RUNNING,24.0,65,33,0,95.89,65,0,0.0,0.0,0.0,0.0,0.0,0.0
2026-07-30T15:46:45.620,2080.203,492,close,ACTUATOR_ACTIVE,TRAJECTORY_RUNNING,24.0,65,33,0,100.87,65,0,0.0,0.0,0.0,0.0,0.0,0.0
2026-07-30T15:46:46.233,2080.813,492,open,ACTUATOR_ACTIVE,TRAJECTORY_RUNNING,24.0,65,33,-1,53.79,65,0,0.0,0.0,0.0,0.0,0.0,0.0
2026-07-30T15:46:46.733,2081.313,492,open,ACTUATOR_ACTIVE,TRAJECTORY_RUNNING,24.0,65,21,-45,-0.84,65,0,0.0,0.0,0.0,0.0,0.0,0.0
2026-07-30T15:46:47.231,2081.813,492,open,ACTUATOR_ACTIVE,TRAJECTORY_RUNNING,24.0,65,3,0,-0.98,65,0,0.0,0.0,0.0,0.0,0.0,0.0
2026-07-30T15:46:47.724,2082.297,492,open,ACTUATOR_ACTIVE,TRAJECTORY_COMPLETE,24.0,65,4,0,0.29,65,0,0.0,0.0,0.0,0.0,0.0,0.0
2026-07-30T15:46:48.351,2082.922,493,close,ACTUATOR_ACTIVE,TRAJECTORY_RUNNING,24.0,64,5,19,4.63,64,0,0.0,0.0,0.0,0.0,0.0,0.0
2026-07-30T15:46:48.847,2083.422,493,close,ACTUATOR_ACTIVE,TRAJECTORY_RUNNING,24.0,64,26,47,2.9,64,0,0.0,0.0,0.0,0.0,0.0,0.0
2026-07-30T15:46:49.343,2083.922,493,close,ACTUATOR_ACTIVE,TRAJECTORY_RUNNING,24.0,64,33,0,94.69,64,0,0.0,0.0,0.0,0.0,0.0,0.0
2026-07-30T15:46:49.841,2084.422,493,close,ACTUATOR_ACTIVE,TRAJECTORY_RUNNING,24.0,64,33,1,101.71,64,0,0.0,0.0,0.0,0.0,0.0,0.0
2026-07-30T15:46:50.450,2085.032,493,open,ACTUATOR_ACTIVE,TRAJECTORY_RUNNING,24.0,64,33,-2,56.05,64,0,0.0,0.0,0.0,0.0,0.0,0.0
2026-07-30T15:46:50.947,2085.532,493,open,ACTUATOR_ACTIVE,TRAJECTORY_RUNNING,24.0,64,21,-47,-2.25,64,0,0.0,0.0,0.0,0.0,0.0,0.0
2026-07-30T15:46:51.439,2086.016,493,open,ACTUATOR_ACTIVE,TRAJECTORY_RUNNING,24.0,64,3,0,-2.17,64,0,0.0,0.0,0.0,0.0,0.0,0.0
2026-07-30T15:46:51.952,2086.532,493,open,ACTUATOR_ACTIVE,TRAJECTORY_COMPLETE,24.0,64,4,0,0.23,64,0,0.0,0.0,0.0,0.0,0.0,0.0
2026-07-30T15:46:52.563,2087.141,494,close,ACTUATOR_ACTIVE,TRAJECTORY_RUNNING,24.0,59,5,18,5.26,59,0,0.0,0.0,0.0,0.0,0.0,0.0
2026-07-30T15:46:53.062,2087.641,494,close,ACTUATOR_ACTIVE,TRAJECTORY_RUNNING,24.0,59,26,49,2.58,59,0,0.0,0.0,0.0,0.0,0.0,0.0
2026-07-30T15:46:53.559,2088.141,494,close,ACTUATOR_ACTIVE,TRAJECTORY_RUNNING,24.0,59,33,0,103.91,59,0,0.0,0.0,0.0,0.0,0.0,0.0
2026-07-30T15:46:54.055,2088.625,494,close,ACTUATOR_ACTIVE,TRAJECTORY_RUNNING,24.0,59,33,0,95.09,59,0,0.0,0.0,0.0,0.0,0.0,0.0
2026-07-30T15:46:54.683,2089.266,494,open,ACTUATOR_ACTIVE,TRAJECTORY_RUNNING,24.0,59,33,-1,54.55,59,0,0.0,0.0,0.0,0.0,0.0,0.0
2026-07-30T15:46:55.181,2089.75,494,open,ACTUATOR_ACTIVE,TRAJECTORY_RUNNING,24.0,59,21,-45,-1.99,59,0,0.0,0.0,0.0,0.0,0.0,0.0
2026-07-30T15:46:55.696,2090.266,494,open,ACTUATOR_ACTIVE,TRAJECTORY_RUNNING,24.0,59,3,0,-0.7,59,0,0.0,0.0,0.0,0.0,0.0,0.0
2026-07-30T15:46:56.194,2090.766,494,open,ACTUATOR_ACTIVE,TRAJECTORY_COMPLETE,24.0,63,4,0,0.12,63,0,0.0,0.0,0.0,0.0,0.0,0.0
2026-07-30T15:46:56.804,2091.375,495,close,ACTUATOR_ACTIVE,TRAJECTORY_RUNNING,24.0,63,5,16,5.35,63,0,0.0,0.0,0.0,0.0,0.0,0.0
2026-07-30T15:46:57.319,2091.891,495,close,ACTUATOR_ACTIVE,TRAJECTORY_RUNNING,24.0,63,27,49,2.85,63,0,0.0,0.0,0.0,0.0,0.0,0.0
2026-07-30T15:46:57.813,2092.391,495,close,ACTUATOR_ACTIVE,TRAJECTORY_RUNNING,24.0,63,33,0,102.18,63,0,0.0,0.0,0.0,0.0,0.0,0.0
2026-07-30T15:46:58.312,2092.891,495,close,ACTUATOR_ACTIVE,TRAJECTORY_RUNNING,24.0,63,33,0,101.35,63,0,0.0,0.0,0.0,0.0,0.0,0.0
2026-07-30T15:46:58.925,2093.5,495,open,ACTUATOR_ACTIVE,TRAJECTORY_RUNNING,24.0,63,33,-1,51.52,63,0,0.0,0.0,0.0,0.0,0.0,0.0
2026-07-30T15:46:59.421,2094.0,495,open,ACTUATOR_ACTIVE,TRAJECTORY_RUNNING,24.0,63,21,-43,-1.44,63,0,0.0,0.0,0.0,0.0,0.0,0.0
2026-07-30T15:46:59.918,2094.5,495,open,ACTUATOR_ACTIVE,TRAJECTORY_RUNNING,24.0,63,3,0,-1.6,63,0,0.0,0.0,0.0,0.0,0.0,0.0
2026-07-30T15:47:00.416,2095.0,495,open,ACTUATOR_ACTIVE,TRAJECTORY_COMPLETE,24.0,63,4,0,-0.11,63,0,0.0,0.0,0.0,0.0,0.0,0.0
2026-07-30T15:47:01.021,2095.594,496,close,ACTUATOR_ACTIVE,TRAJECTORY_RUNNING,24.0,63,5,18,4.31,63,0,0.0,0.0,0.0,0.0,0.0,0.0
2026-07-30T15:47:01.536,2096.11,496,close,ACTUATOR_ACTIVE,TRAJECTORY_RUNNING,24.0,63,27,48,4.12,63,0,0.0,0.0,0.0,0.0,0.0,0.0
2026-07-30T15:47:02.031,2096.61,496,close,ACTUATOR_ACTIVE,TRAJECTORY_RUNNING,24.0,63,33,0,107.1,63,0,0.0,0.0,0.0,0.0,0.0,0.0
2026-07-30T15:47:02.528,2097.11,496,close,ACTUATOR_ACTIVE,TRAJECTORY_RUNNING,24.0,63,33,0,103.47,63,0,0.0,0.0,0.0,0.0,0.0,0.0
2026-07-30T15:47:03.138,2097.719,496,open,ACTUATOR_ACTIVE,TRAJECTORY_RUNNING,24.0,63,33,-1,54.57,63,0,0.0,0.0,0.0,0.0,0.0,0.0
2026-07-30T15:47:03.637,2098.219,496,open,ACTUATOR_ACTIVE,TRAJECTORY_RUNNING,24.0,63,21,-47,-1.66,63,0,0.0,0.0,0.0,0.0,0.0,0.0
2026-07-30T15:47:04.135,2098.719,496,open,ACTUATOR_ACTIVE,TRAJECTORY_RUNNING,24.0,62,3,0,-1.31,62,0,0.0,0.0,0.0,0.0,0.0,0.0
2026-07-30T15:47:04.636,2099.219,496,open,ACTUATOR_ACTIVE,TRAJECTORY_COMPLETE,24.0,62,4,0,0.23,62,0,0.0,0.0,0.0,0.0,0.0,0.0
2026-07-30T15:47:05.248,2099.828,497,close,ACTUATOR_ACTIVE,TRAJECTORY_RUNNING,24.0,62,5,15,5.95,62,0,0.0,0.0,0.0,0.0,0.0,0.0
2026-07-30T15:47:05.744,2100.328,497,close,ACTUATOR_ACTIVE,TRAJECTORY_RUNNING,24.0,62,26,46,5.38,62,0,0.0,0.0,0.0,0.0,0.0,0.0
2026-07-30T15:47:06.243,2100.813,497,close,ACTUATOR_ACTIVE,TRAJECTORY_RUNNING,24.0,62,33,0,97.27,62,0,0.0,0.0,0.0,0.0,0.0,0.0
2026-07-30T15:47:06.757,2101.328,497,close,ACTUATOR_ACTIVE,TRAJECTORY_RUNNING,24.0,62,33,0,99.15,62,0,0.0,0.0,0.0,0.0,0.0,0.0
2026-07-30T15:47:07.358,2101.938,497,open,ACTUATOR_ACTIVE,TRAJECTORY_RUNNING,24.0,62,33,-1,59.62,62,0,0.0,0.0,0.0,0.0,0.0,0.0
2026-07-30T15:47:07.858,2102.438,497,open,ACTUATOR_ACTIVE,TRAJECTORY_RUNNING,24.0,62,21,-45,-3.15,62,0,0.0,0.0,0.0,0.0,0.0,0.0
2026-07-30T15:47:08.353,2102.938,497,open,ACTUATOR_ACTIVE,TRAJECTORY_RUNNING,24.0,66,3,0,-1.91,66,0,0.0,0.0,0.0,0.0,0.0,0.0
2026-07-30T15:47:08.850,2103.422,497,open,ACTUATOR_ACTIVE,TRAJECTORY_COMPLETE,24.0,66,4,0,0.95,66,0,0.0,0.0,0.0,0.0,0.0,0.0
2026-07-30T15:47:09.474,2104.047,498,close,ACTUATOR_ACTIVE,TRAJECTORY_RUNNING,24.0,66,5,16,5.72,66,0,0.0,0.0,0.0,0.0,0.0,0.0
2026-07-30T15:47:09.971,2104.547,498,close,ACTUATOR_ACTIVE,TRAJECTORY_RUNNING,24.0,66,26,48,3.05,66,0,0.0,0.0,0.0,0.0,0.0,0.0
2026-07-30T15:47:10.470,2105.047,498,close,ACTUATOR_ACTIVE,TRAJECTORY_RUNNING,24.0,66,33,0,104.3,66,0,0.0,0.0,0.0,0.0,0.0,0.0
2026-07-30T15:47:10.967,2105.547,498,close,ACTUATOR_ACTIVE,TRAJECTORY_RUNNING,24.0,66,33,0,97.02,66,0,0.0,0.0,0.0,0.0,0.0,0.0
2026-07-30T15:47:11.578,2106.157,498,open,ACTUATOR_ACTIVE,TRAJECTORY_RUNNING,24.0,66,33,0,54.67,66,0,0.0,0.0,0.0,0.0,0.0,0.0
2026-07-30T15:47:12.075,2106.657,498,open,ACTUATOR_ACTIVE,TRAJECTORY_RUNNING,24.0,64,21,-48,-2.09,64,0,0.0,0.0,0.0,0.0,0.0,0.0
2026-07-30T15:47:12.570,2107.141,498,open,ACTUATOR_ACTIVE,TRAJECTORY_RUNNING,24.0,64,3,0,-0.99,64,0,0.0,0.0,0.0,0.0,0.0,0.0
2026-07-30T15:47:13.079,2107.657,498,open,ACTUATOR_ACTIVE,TRAJECTORY_COMPLETE,24.0,64,4,0,0.14,64,0,0.0,0.0,0.0,0.0,0.0,0.0
2026-07-30T15:47:13.691,2108.266,499,close,ACTUATOR_ACTIVE,TRAJECTORY_RUNNING,24.0,64,5,18,5.85,64,0,0.0,0.0,0.0,0.0,0.0,0.0
2026-07-30T15:47:14.187,2108.766,499,close,ACTUATOR_ACTIVE,TRAJECTORY_RUNNING,24.0,64,26,47,2.42,64,0,0.0,0.0,0.0,0.0,0.0,0.0
2026-07-30T15:47:14.681,2109.25,499,close,ACTUATOR_ACTIVE,TRAJECTORY_RUNNING,24.0,64,33,0,104.97,64,0,0.0,0.0,0.0,0.0,0.0,0.0
2026-07-30T15:47:15.191,2109.766,499,close,ACTUATOR_ACTIVE,TRAJECTORY_RUNNING,24.0,64,33,0,103.62,64,0,0.0,0.0,0.0,0.0,0.0,0.0
2026-07-30T15:47:15.797,2110.375,499,open,ACTUATOR_ACTIVE,TRAJECTORY_RUNNING,24.0,64,33,-1,54.46,64,0,0.0,0.0,0.0,0.0,0.0,0.0
2026-07-30T15:47:16.291,2110.875,499,open,ACTUATOR_ACTIVE,TRAJECTORY_RUNNING,24.0,61,21,-46,-3.81,61,0,0.0,0.0,0.0,0.0,0.0,0.0
2026-07-30T15:47:16.788,2111.36,499,open,ACTUATOR_ACTIVE,TRAJECTORY_RUNNING,24.0,61,3,0,-2.32,61,0,0.0,0.0,0.0,0.0,0.0,0.0
2026-07-30T15:47:17.295,2111.875,499,open,ACTUATOR_ACTIVE,TRAJECTORY_COMPLETE,24.0,61,4,0,-0.08,61,0,0.0,0.0,0.0,0.0,0.0,0.0
